ISO-10303-21;
HEADER;
/* Generated by software containing ST-Developer
 * from STEP Tools, Inc. (www.steptools.com) 
 */

FILE_DESCRIPTION(
/* description */ ('Open CASCADE Model'),
/* implementation_level */ '2;1');

FILE_NAME(
/* name */ 'AirTS_KQ_II.step',
/* time_stamp */ '2026-09-12T16:47:56+02:00',
/* author */ (''),
/* organization */ (''),
/* preprocessor_version */ 'ST-DEVELOPER v20.2',
/* originating_system */ 'Autodesk Translation Framework v15.15.0.0',
/* authorisation */ '');

FILE_SCHEMA (('AUTOMOTIVE_DESIGN { 1 0 10303 214 3 1 1 }'));
ENDSEC;

DATA;
#10=MECHANICAL_DESIGN_GEOMETRIC_PRESENTATION_REPRESENTATION('',(#93,#94,
#95,#96,#97,#98,#99,#100,#101,#102,#103,#104,#105,#106,#107,#108,#109,#110,
#111,#112,#113,#114,#115,#116,#117,#118,#119,#120,#121,#122,#123,#124),
#5172);
#11=ITEM_DEFINED_TRANSFORMATION($,$,#3129,#3187);
#12=ITEM_DEFINED_TRANSFORMATION($,$,#3176,#3188);
#13=ITEM_DEFINED_TRANSFORMATION($,$,#3190,#3259);
#14=ITEM_DEFINED_TRANSFORMATION($,$,#3211,#3260);
#15=ITEM_DEFINED_TRANSFORMATION($,$,#3222,#3261);
#16=ITEM_DEFINED_TRANSFORMATION($,$,#3232,#3262);
#17=ITEM_DEFINED_TRANSFORMATION($,$,#3245,#3263);
#18=ITEM_DEFINED_TRANSFORMATION($,$,#3252,#3264);
#19=ITEM_DEFINED_TRANSFORMATION($,$,#3266,#3372);
#20=ITEM_DEFINED_TRANSFORMATION($,$,#3374,#3432);
#21=ITEM_DEFINED_TRANSFORMATION($,$,#3421,#3433);
#22=ITEM_DEFINED_TRANSFORMATION($,$,#3128,#3434);
#23=ITEM_DEFINED_TRANSFORMATION($,$,#3189,#3435);
#24=ITEM_DEFINED_TRANSFORMATION($,$,#3265,#3436);
#25=ITEM_DEFINED_TRANSFORMATION($,$,#3373,#3437);
#26=(
REPRESENTATION_RELATIONSHIP($,$,#5226,#5225)
REPRESENTATION_RELATIONSHIP_WITH_TRANSFORMATION(#11)
SHAPE_REPRESENTATION_RELATIONSHIP()
);
#27=(
REPRESENTATION_RELATIONSHIP($,$,#5227,#5225)
REPRESENTATION_RELATIONSHIP_WITH_TRANSFORMATION(#12)
SHAPE_REPRESENTATION_RELATIONSHIP()
);
#28=(
REPRESENTATION_RELATIONSHIP($,$,#5229,#5228)
REPRESENTATION_RELATIONSHIP_WITH_TRANSFORMATION(#13)
SHAPE_REPRESENTATION_RELATIONSHIP()
);
#29=(
REPRESENTATION_RELATIONSHIP($,$,#5230,#5228)
REPRESENTATION_RELATIONSHIP_WITH_TRANSFORMATION(#14)
SHAPE_REPRESENTATION_RELATIONSHIP()
);
#30=(
REPRESENTATION_RELATIONSHIP($,$,#5231,#5228)
REPRESENTATION_RELATIONSHIP_WITH_TRANSFORMATION(#15)
SHAPE_REPRESENTATION_RELATIONSHIP()
);
#31=(
REPRESENTATION_RELATIONSHIP($,$,#5232,#5228)
REPRESENTATION_RELATIONSHIP_WITH_TRANSFORMATION(#16)
SHAPE_REPRESENTATION_RELATIONSHIP()
);
#32=(
REPRESENTATION_RELATIONSHIP($,$,#5233,#5228)
REPRESENTATION_RELATIONSHIP_WITH_TRANSFORMATION(#17)
SHAPE_REPRESENTATION_RELATIONSHIP()
);
#33=(
REPRESENTATION_RELATIONSHIP($,$,#5234,#5228)
REPRESENTATION_RELATIONSHIP_WITH_TRANSFORMATION(#18)
SHAPE_REPRESENTATION_RELATIONSHIP()
);
#34=(
REPRESENTATION_RELATIONSHIP($,$,#5236,#5235)
REPRESENTATION_RELATIONSHIP_WITH_TRANSFORMATION(#19)
SHAPE_REPRESENTATION_RELATIONSHIP()
);
#35=(
REPRESENTATION_RELATIONSHIP($,$,#5238,#5237)
REPRESENTATION_RELATIONSHIP_WITH_TRANSFORMATION(#20)
SHAPE_REPRESENTATION_RELATIONSHIP()
);
#36=(
REPRESENTATION_RELATIONSHIP($,$,#5239,#5237)
REPRESENTATION_RELATIONSHIP_WITH_TRANSFORMATION(#21)
SHAPE_REPRESENTATION_RELATIONSHIP()
);
#37=(
REPRESENTATION_RELATIONSHIP($,$,#5225,#5224)
REPRESENTATION_RELATIONSHIP_WITH_TRANSFORMATION(#22)
SHAPE_REPRESENTATION_RELATIONSHIP()
);
#38=(
REPRESENTATION_RELATIONSHIP($,$,#5228,#5224)
REPRESENTATION_RELATIONSHIP_WITH_TRANSFORMATION(#23)
SHAPE_REPRESENTATION_RELATIONSHIP()
);
#39=(
REPRESENTATION_RELATIONSHIP($,$,#5235,#5224)
REPRESENTATION_RELATIONSHIP_WITH_TRANSFORMATION(#24)
SHAPE_REPRESENTATION_RELATIONSHIP()
);
#40=(
REPRESENTATION_RELATIONSHIP($,$,#5237,#5224)
REPRESENTATION_RELATIONSHIP_WITH_TRANSFORMATION(#25)
SHAPE_REPRESENTATION_RELATIONSHIP()
);
#41=CONTEXT_DEPENDENT_SHAPE_REPRESENTATION(#26,#5197);
#42=CONTEXT_DEPENDENT_SHAPE_REPRESENTATION(#27,#5198);
#43=CONTEXT_DEPENDENT_SHAPE_REPRESENTATION(#28,#5206);
#44=CONTEXT_DEPENDENT_SHAPE_REPRESENTATION(#29,#5207);
#45=CONTEXT_DEPENDENT_SHAPE_REPRESENTATION(#30,#5208);
#46=CONTEXT_DEPENDENT_SHAPE_REPRESENTATION(#31,#5209);
#47=CONTEXT_DEPENDENT_SHAPE_REPRESENTATION(#32,#5210);
#48=CONTEXT_DEPENDENT_SHAPE_REPRESENTATION(#33,#5211);
#49=CONTEXT_DEPENDENT_SHAPE_REPRESENTATION(#34,#5214);
#50=CONTEXT_DEPENDENT_SHAPE_REPRESENTATION(#35,#5218);
#51=CONTEXT_DEPENDENT_SHAPE_REPRESENTATION(#36,#5219);
#52=CONTEXT_DEPENDENT_SHAPE_REPRESENTATION(#37,#5220);
#53=CONTEXT_DEPENDENT_SHAPE_REPRESENTATION(#38,#5221);
#54=CONTEXT_DEPENDENT_SHAPE_REPRESENTATION(#39,#5222);
#55=CONTEXT_DEPENDENT_SHAPE_REPRESENTATION(#40,#5223);
#56=NEXT_ASSEMBLY_USAGE_OCCURRENCE('Bottom_flange_860_open_800_12xD8:1',
'Bottom_flange_860_open_800_12xD8:1',
'Bottom_flange_860_open_800_12xD8:1',#5242,#5243,
'Bottom_flange_860_open_800_12xD8:1');
#57=NEXT_ASSEMBLY_USAGE_OCCURRENCE('Bottom_neck_800_clear:1',
'Bottom_neck_800_clear:1','Bottom_neck_800_clear:1',#5242,#5244,
'Bottom_neck_800_clear:1');
#58=NEXT_ASSEMBLY_USAGE_OCCURRENCE('Housing_bottom_panel:1',
'Housing_bottom_panel:1','Housing_bottom_panel:1',#5245,#5246,
'Housing_bottom_panel:1');
#59=NEXT_ASSEMBLY_USAGE_OCCURRENCE('Housing_top_rim:1',
'Housing_top_rim:1','Housing_top_rim:1',#5245,#5247,'Housing_top_rim:1');
#60=NEXT_ASSEMBLY_USAGE_OCCURRENCE('Front_panel_D90_opening:1',
'Front_panel_D90_opening:1','Front_panel_D90_opening:1',#5245,#5248,
'Front_panel_D90_opening:1');
#61=NEXT_ASSEMBLY_USAGE_OCCURRENCE('Right_panel_two_D104_openings:1',
'Right_panel_two_D104_openings:1','Right_panel_two_D104_openings:1',#5245,
#5249,'Right_panel_two_D104_openings:1');
#62=NEXT_ASSEMBLY_USAGE_OCCURRENCE('Left_panel_cabinet_side:1',
'Left_panel_cabinet_side:1','Left_panel_cabinet_side:1',#5245,#5250,
'Left_panel_cabinet_side:1');
#63=NEXT_ASSEMBLY_USAGE_OCCURRENCE('Rear_panel_simplified:1',
'Rear_panel_simplified:1','Rear_panel_simplified:1',#5245,#5251,
'Rear_panel_simplified:1');
#64=NEXT_ASSEMBLY_USAGE_OCCURRENCE('Flush_round_fittings_schematic:1',
'Flush_round_fittings_schematic:1','Flush_round_fittings_schematic:1',#5252,
#5253,'Flush_round_fittings_schematic:1');
#65=NEXT_ASSEMBLY_USAGE_OCCURRENCE(
'Bottom_flange_860_open_800_12xD8(Mirror):1',
'Bottom_flange_860_open_800_12xD8(Mirror):1',
'Bottom_flange_860_open_800_12xD8(Mirror):1',#5254,#5255,
'Bottom_flange_860_open_800_12xD8(Mirror):1');
#66=NEXT_ASSEMBLY_USAGE_OCCURRENCE('Bottom_neck_800_clear(Mirror):1',
'Bottom_neck_800_clear(Mirror):1','Bottom_neck_800_clear(Mirror):1',#5254,
#5256,'Bottom_neck_800_clear(Mirror):1');
#67=NEXT_ASSEMBLY_USAGE_OCCURRENCE('01_Lower_connection:1',
'01_Lower_connection:1','01_Lower_connection:1',#5241,#5242,
'01_Lower_connection:1');
#68=NEXT_ASSEMBLY_USAGE_OCCURRENCE('02_Housing:1','02_Housing:1',
'02_Housing:1',#5241,#5245,'02_Housing:1');
#69=NEXT_ASSEMBLY_USAGE_OCCURRENCE('06_Fittings:1','06_Fittings:1',
'06_Fittings:1',#5241,#5252,'06_Fittings:1');
#70=NEXT_ASSEMBLY_USAGE_OCCURRENCE('01_Lower_connection(Mirror):1',
'01_Lower_connection(Mirror):1','01_Lower_connection(Mirror):1',#5241,#5254,
'01_Lower_connection(Mirror):1');
#71=SHAPE_REPRESENTATION_RELATIONSHIP('SRR','None',#5226,#82);
#72=SHAPE_REPRESENTATION_RELATIONSHIP('SRR','None',#5227,#83);
#73=SHAPE_REPRESENTATION_RELATIONSHIP('SRR','None',#5229,#84);
#74=SHAPE_REPRESENTATION_RELATIONSHIP('SRR','None',#5230,#85);
#75=SHAPE_REPRESENTATION_RELATIONSHIP('SRR','None',#5231,#86);
#76=SHAPE_REPRESENTATION_RELATIONSHIP('SRR','None',#5232,#87);
#77=SHAPE_REPRESENTATION_RELATIONSHIP('SRR','None',#5233,#88);
#78=SHAPE_REPRESENTATION_RELATIONSHIP('SRR','None',#5234,#89);
#79=SHAPE_REPRESENTATION_RELATIONSHIP('SRR','None',#5236,#90);
#80=SHAPE_REPRESENTATION_RELATIONSHIP('SRR','None',#5238,#91);
#81=SHAPE_REPRESENTATION_RELATIONSHIP('SRR','None',#5239,#92);
#82=ADVANCED_BREP_SHAPE_REPRESENTATION('',(#125),#5158);
#83=ADVANCED_BREP_SHAPE_REPRESENTATION('',(#126),#5159);
#84=ADVANCED_BREP_SHAPE_REPRESENTATION('',(#127,#128),#5161);
#85=ADVANCED_BREP_SHAPE_REPRESENTATION('',(#129),#5162);
#86=ADVANCED_BREP_SHAPE_REPRESENTATION('',(#130),#5163);
#87=ADVANCED_BREP_SHAPE_REPRESENTATION('',(#131),#5164);
#88=ADVANCED_BREP_SHAPE_REPRESENTATION('',(#132),#5165);
#89=ADVANCED_BREP_SHAPE_REPRESENTATION('',(#133),#5166);
#90=ADVANCED_BREP_SHAPE_REPRESENTATION('',(#134,#135,#136,#137,#138,#139,
#140,#141,#142,#143,#144,#145,#146,#147,#148,#149,#150,#151,#152,#153,#154),
#5168);
#91=ADVANCED_BREP_SHAPE_REPRESENTATION('',(#155),#5170);
#92=ADVANCED_BREP_SHAPE_REPRESENTATION('',(#156),#5171);
#93=STYLED_ITEM('',(#5309),#125);
#94=STYLED_ITEM('',(#5309),#126);
#95=STYLED_ITEM('',(#5310),#127);
#96=STYLED_ITEM('',(#5310),#128);
#97=STYLED_ITEM('',(#5310),#129);
#98=STYLED_ITEM('',(#5310),#130);
#99=STYLED_ITEM('',(#5310),#131);
#100=STYLED_ITEM('',(#5310),#132);
#101=STYLED_ITEM('',(#5310),#133);
#102=STYLED_ITEM('',(#5311),#134);
#103=STYLED_ITEM('',(#5311),#135);
#104=STYLED_ITEM('',(#5311),#136);
#105=STYLED_ITEM('',(#5311),#137);
#106=STYLED_ITEM('',(#5311),#138);
#107=STYLED_ITEM('',(#5311),#139);
#108=STYLED_ITEM('',(#5311),#140);
#109=STYLED_ITEM('',(#5311),#141);
#110=STYLED_ITEM('',(#5311),#142);
#111=STYLED_ITEM('',(#5311),#143);
#112=STYLED_ITEM('',(#5311),#144);
#113=STYLED_ITEM('',(#5311),#145);
#114=STYLED_ITEM('',(#5311),#146);
#115=STYLED_ITEM('',(#5311),#147);
#116=STYLED_ITEM('',(#5311),#148);
#117=STYLED_ITEM('',(#5311),#149);
#118=STYLED_ITEM('',(#5311),#150);
#119=STYLED_ITEM('',(#5311),#151);
#120=STYLED_ITEM('',(#5311),#152);
#121=STYLED_ITEM('',(#5311),#153);
#122=STYLED_ITEM('',(#5311),#154);
#123=STYLED_ITEM('',(#5309),#155);
#124=STYLED_ITEM('',(#5309),#156);
#125=MANIFOLD_SOLID_BREP('Body1',#2973);
#126=MANIFOLD_SOLID_BREP('Body1',#2974);
#127=MANIFOLD_SOLID_BREP('Body1',#2975);
#128=MANIFOLD_SOLID_BREP('Body2',#2976);
#129=MANIFOLD_SOLID_BREP('Body1',#2977);
#130=MANIFOLD_SOLID_BREP('Body1',#2978);
#131=MANIFOLD_SOLID_BREP('Body1',#2979);
#132=MANIFOLD_SOLID_BREP('Body1',#2980);
#133=MANIFOLD_SOLID_BREP('Body1',#2981);
#134=MANIFOLD_SOLID_BREP('Body1',#2982);
#135=MANIFOLD_SOLID_BREP('Body2',#2983);
#136=MANIFOLD_SOLID_BREP('Body3',#2984);
#137=MANIFOLD_SOLID_BREP('Body4',#2985);
#138=MANIFOLD_SOLID_BREP('Body5',#2986);
#139=MANIFOLD_SOLID_BREP('Body6',#2987);
#140=MANIFOLD_SOLID_BREP('Body7',#2988);
#141=MANIFOLD_SOLID_BREP('Body8',#2989);
#142=MANIFOLD_SOLID_BREP('Body9',#2990);
#143=MANIFOLD_SOLID_BREP('Body10',#2991);
#144=MANIFOLD_SOLID_BREP('Body11',#2992);
#145=MANIFOLD_SOLID_BREP('Body12',#2993);
#146=MANIFOLD_SOLID_BREP('Body13',#2994);
#147=MANIFOLD_SOLID_BREP('Body14',#2995);
#148=MANIFOLD_SOLID_BREP('Body15',#2996);
#149=MANIFOLD_SOLID_BREP('Body16',#2997);
#150=MANIFOLD_SOLID_BREP('Body17',#2998);
#151=MANIFOLD_SOLID_BREP('Body18',#2999);
#152=MANIFOLD_SOLID_BREP('Body19',#3000);
#153=MANIFOLD_SOLID_BREP('Body20',#3001);
#154=MANIFOLD_SOLID_BREP('Body21',#3002);
#155=MANIFOLD_SOLID_BREP('Body1',#3003);
#156=MANIFOLD_SOLID_BREP('Body1',#3004);
#157=CYLINDRICAL_SURFACE('',#3160,4.);
#158=CYLINDRICAL_SURFACE('',#3161,4.);
#159=CYLINDRICAL_SURFACE('',#3162,4.);
#160=CYLINDRICAL_SURFACE('',#3163,4.);
#161=CYLINDRICAL_SURFACE('',#3164,4.);
#162=CYLINDRICAL_SURFACE('',#3165,4.);
#163=CYLINDRICAL_SURFACE('',#3166,4.);
#164=CYLINDRICAL_SURFACE('',#3167,4.);
#165=CYLINDRICAL_SURFACE('',#3168,4.);
#166=CYLINDRICAL_SURFACE('',#3173,4.);
#167=CYLINDRICAL_SURFACE('',#3174,4.);
#168=CYLINDRICAL_SURFACE('',#3175,4.);
#169=CYLINDRICAL_SURFACE('',#3231,45.);
#170=CYLINDRICAL_SURFACE('',#3240,52.);
#171=CYLINDRICAL_SURFACE('',#3242,52.);
#172=CYLINDRICAL_SURFACE('',#3267,8.);
#173=CYLINDRICAL_SURFACE('',#3272,8.);
#174=CYLINDRICAL_SURFACE('',#3277,8.);
#175=CYLINDRICAL_SURFACE('',#3282,8.);
#176=CYLINDRICAL_SURFACE('',#3287,8.);
#177=CYLINDRICAL_SURFACE('',#3292,8.);
#178=CYLINDRICAL_SURFACE('',#3297,8.);
#179=CYLINDRICAL_SURFACE('',#3302,8.);
#180=CYLINDRICAL_SURFACE('',#3307,8.);
#181=CYLINDRICAL_SURFACE('',#3312,3.2);
#182=CYLINDRICAL_SURFACE('',#3317,3.2);
#183=CYLINDRICAL_SURFACE('',#3322,3.2);
#184=CYLINDRICAL_SURFACE('',#3327,3.2);
#185=CYLINDRICAL_SURFACE('',#3332,3.2);
#186=CYLINDRICAL_SURFACE('',#3337,3.2);
#187=CYLINDRICAL_SURFACE('',#3342,3.2);
#188=CYLINDRICAL_SURFACE('',#3347,3.2);
#189=CYLINDRICAL_SURFACE('',#3352,3.2);
#190=CYLINDRICAL_SURFACE('',#3357,3.2);
#191=CYLINDRICAL_SURFACE('',#3362,3.2);
#192=CYLINDRICAL_SURFACE('',#3367,3.2);
#193=CYLINDRICAL_SURFACE('',#3405,4.);
#194=CYLINDRICAL_SURFACE('',#3406,4.);
#195=CYLINDRICAL_SURFACE('',#3407,4.);
#196=CYLINDRICAL_SURFACE('',#3408,4.);
#197=CYLINDRICAL_SURFACE('',#3409,4.);
#198=CYLINDRICAL_SURFACE('',#3410,4.);
#199=CYLINDRICAL_SURFACE('',#3411,4.);
#200=CYLINDRICAL_SURFACE('',#3412,4.);
#201=CYLINDRICAL_SURFACE('',#3413,4.);
#202=CYLINDRICAL_SURFACE('',#3418,4.);
#203=CYLINDRICAL_SURFACE('',#3419,4.);
#204=CYLINDRICAL_SURFACE('',#3420,4.);
#205=FACE_BOUND('',#556,.T.);
#206=FACE_BOUND('',#557,.T.);
#207=FACE_BOUND('',#558,.T.);
#208=FACE_BOUND('',#559,.T.);
#209=FACE_BOUND('',#560,.T.);
#210=FACE_BOUND('',#561,.T.);
#211=FACE_BOUND('',#562,.T.);
#212=FACE_BOUND('',#563,.T.);
#213=FACE_BOUND('',#564,.T.);
#214=FACE_BOUND('',#565,.T.);
#215=FACE_BOUND('',#566,.T.);
#216=FACE_BOUND('',#567,.T.);
#217=FACE_BOUND('',#568,.T.);
#218=FACE_BOUND('',#571,.T.);
#219=FACE_BOUND('',#572,.T.);
#220=FACE_BOUND('',#573,.T.);
#221=FACE_BOUND('',#574,.T.);
#222=FACE_BOUND('',#575,.T.);
#223=FACE_BOUND('',#576,.T.);
#224=FACE_BOUND('',#577,.T.);
#225=FACE_BOUND('',#578,.T.);
#226=FACE_BOUND('',#579,.T.);
#227=FACE_BOUND('',#580,.T.);
#228=FACE_BOUND('',#581,.T.);
#229=FACE_BOUND('',#582,.T.);
#230=FACE_BOUND('',#583,.T.);
#231=FACE_BOUND('',#604,.T.);
#232=FACE_BOUND('',#607,.T.);
#233=FACE_BOUND('',#616,.T.);
#234=FACE_BOUND('',#619,.T.);
#235=FACE_BOUND('',#628,.T.);
#236=FACE_BOUND('',#631,.T.);
#237=FACE_BOUND('',#640,.T.);
#238=FACE_BOUND('',#643,.T.);
#239=FACE_BOUND('',#651,.T.);
#240=FACE_BOUND('',#654,.T.);
#241=FACE_BOUND('',#659,.T.);
#242=FACE_BOUND('',#660,.T.);
#243=FACE_BOUND('',#668,.T.);
#244=FACE_BOUND('',#669,.T.);
#245=FACE_BOUND('',#748,.T.);
#246=FACE_BOUND('',#749,.T.);
#247=FACE_BOUND('',#750,.T.);
#248=FACE_BOUND('',#751,.T.);
#249=FACE_BOUND('',#752,.T.);
#250=FACE_BOUND('',#753,.T.);
#251=FACE_BOUND('',#754,.T.);
#252=FACE_BOUND('',#755,.T.);
#253=FACE_BOUND('',#756,.T.);
#254=FACE_BOUND('',#757,.T.);
#255=FACE_BOUND('',#758,.T.);
#256=FACE_BOUND('',#759,.T.);
#257=FACE_BOUND('',#760,.T.);
#258=FACE_BOUND('',#763,.T.);
#259=FACE_BOUND('',#764,.T.);
#260=FACE_BOUND('',#765,.T.);
#261=FACE_BOUND('',#766,.T.);
#262=FACE_BOUND('',#767,.T.);
#263=FACE_BOUND('',#768,.T.);
#264=FACE_BOUND('',#769,.T.);
#265=FACE_BOUND('',#770,.T.);
#266=FACE_BOUND('',#771,.T.);
#267=FACE_BOUND('',#772,.T.);
#268=FACE_BOUND('',#773,.T.);
#269=FACE_BOUND('',#774,.T.);
#270=FACE_BOUND('',#775,.T.);
#271=FACE_BOUND('',#796,.T.);
#272=FACE_BOUND('',#799,.T.);
#273=CIRCLE('',#3133,4.);
#274=CIRCLE('',#3134,4.);
#275=CIRCLE('',#3135,4.);
#276=CIRCLE('',#3136,4.);
#277=CIRCLE('',#3137,4.);
#278=CIRCLE('',#3138,4.);
#279=CIRCLE('',#3139,4.);
#280=CIRCLE('',#3140,4.);
#281=CIRCLE('',#3141,4.);
#282=CIRCLE('',#3142,4.);
#283=CIRCLE('',#3143,4.);
#284=CIRCLE('',#3144,4.);
#285=CIRCLE('',#3147,4.);
#286=CIRCLE('',#3148,4.);
#287=CIRCLE('',#3149,4.);
#288=CIRCLE('',#3150,4.);
#289=CIRCLE('',#3151,4.);
#290=CIRCLE('',#3152,4.);
#291=CIRCLE('',#3153,4.);
#292=CIRCLE('',#3154,4.);
#293=CIRCLE('',#3155,4.);
#294=CIRCLE('',#3156,4.);
#295=CIRCLE('',#3157,4.);
#296=CIRCLE('',#3158,4.);
#297=CIRCLE('',#3225,45.);
#298=CIRCLE('',#3228,45.);
#299=CIRCLE('',#3234,52.);
#300=CIRCLE('',#3235,52.);
#301=CIRCLE('',#3241,52.);
#302=CIRCLE('',#3243,52.);
#303=CIRCLE('',#3268,8.);
#304=CIRCLE('',#3269,8.);
#305=CIRCLE('',#3273,8.);
#306=CIRCLE('',#3274,8.);
#307=CIRCLE('',#3278,8.);
#308=CIRCLE('',#3279,8.);
#309=CIRCLE('',#3283,8.);
#310=CIRCLE('',#3284,8.);
#311=CIRCLE('',#3288,8.);
#312=CIRCLE('',#3289,8.);
#313=CIRCLE('',#3293,8.);
#314=CIRCLE('',#3294,8.);
#315=CIRCLE('',#3298,8.);
#316=CIRCLE('',#3299,8.);
#317=CIRCLE('',#3303,8.);
#318=CIRCLE('',#3304,8.);
#319=CIRCLE('',#3308,8.);
#320=CIRCLE('',#3309,8.);
#321=CIRCLE('',#3313,3.2);
#322=CIRCLE('',#3314,3.2);
#323=CIRCLE('',#3318,3.2);
#324=CIRCLE('',#3319,3.2);
#325=CIRCLE('',#3323,3.2);
#326=CIRCLE('',#3324,3.2);
#327=CIRCLE('',#3328,3.2);
#328=CIRCLE('',#3329,3.2);
#329=CIRCLE('',#3333,3.2);
#330=CIRCLE('',#3334,3.2);
#331=CIRCLE('',#3338,3.2);
#332=CIRCLE('',#3339,3.2);
#333=CIRCLE('',#3343,3.2);
#334=CIRCLE('',#3344,3.2);
#335=CIRCLE('',#3348,3.2);
#336=CIRCLE('',#3349,3.2);
#337=CIRCLE('',#3353,3.2);
#338=CIRCLE('',#3354,3.2);
#339=CIRCLE('',#3358,3.2);
#340=CIRCLE('',#3359,3.2);
#341=CIRCLE('',#3363,3.2);
#342=CIRCLE('',#3364,3.2);
#343=CIRCLE('',#3368,3.2);
#344=CIRCLE('',#3369,3.2);
#345=CIRCLE('',#3378,4.);
#346=CIRCLE('',#3379,4.);
#347=CIRCLE('',#3380,4.);
#348=CIRCLE('',#3381,4.);
#349=CIRCLE('',#3382,4.);
#350=CIRCLE('',#3383,4.);
#351=CIRCLE('',#3384,4.);
#352=CIRCLE('',#3385,4.);
#353=CIRCLE('',#3386,4.);
#354=CIRCLE('',#3387,4.);
#355=CIRCLE('',#3388,4.);
#356=CIRCLE('',#3389,4.);
#357=CIRCLE('',#3392,4.);
#358=CIRCLE('',#3393,4.);
#359=CIRCLE('',#3394,4.);
#360=CIRCLE('',#3395,4.);
#361=CIRCLE('',#3396,4.);
#362=CIRCLE('',#3397,4.);
#363=CIRCLE('',#3398,4.);
#364=CIRCLE('',#3399,4.);
#365=CIRCLE('',#3400,4.);
#366=CIRCLE('',#3401,4.);
#367=CIRCLE('',#3402,4.);
#368=CIRCLE('',#3403,4.);
#369=FACE_OUTER_BOUND('',#553,.T.);
#370=FACE_OUTER_BOUND('',#554,.T.);
#371=FACE_OUTER_BOUND('',#555,.T.);
#372=FACE_OUTER_BOUND('',#569,.T.);
#373=FACE_OUTER_BOUND('',#570,.T.);
#374=FACE_OUTER_BOUND('',#584,.T.);
#375=FACE_OUTER_BOUND('',#585,.T.);
#376=FACE_OUTER_BOUND('',#586,.T.);
#377=FACE_OUTER_BOUND('',#587,.T.);
#378=FACE_OUTER_BOUND('',#588,.T.);
#379=FACE_OUTER_BOUND('',#589,.T.);
#380=FACE_OUTER_BOUND('',#590,.T.);
#381=FACE_OUTER_BOUND('',#591,.T.);
#382=FACE_OUTER_BOUND('',#592,.T.);
#383=FACE_OUTER_BOUND('',#593,.T.);
#384=FACE_OUTER_BOUND('',#594,.T.);
#385=FACE_OUTER_BOUND('',#595,.T.);
#386=FACE_OUTER_BOUND('',#596,.T.);
#387=FACE_OUTER_BOUND('',#597,.T.);
#388=FACE_OUTER_BOUND('',#598,.T.);
#389=FACE_OUTER_BOUND('',#599,.T.);
#390=FACE_OUTER_BOUND('',#600,.T.);
#391=FACE_OUTER_BOUND('',#601,.T.);
#392=FACE_OUTER_BOUND('',#602,.T.);
#393=FACE_OUTER_BOUND('',#603,.T.);
#394=FACE_OUTER_BOUND('',#605,.T.);
#395=FACE_OUTER_BOUND('',#606,.T.);
#396=FACE_OUTER_BOUND('',#608,.T.);
#397=FACE_OUTER_BOUND('',#609,.T.);
#398=FACE_OUTER_BOUND('',#610,.T.);
#399=FACE_OUTER_BOUND('',#611,.T.);
#400=FACE_OUTER_BOUND('',#612,.T.);
#401=FACE_OUTER_BOUND('',#613,.T.);
#402=FACE_OUTER_BOUND('',#614,.T.);
#403=FACE_OUTER_BOUND('',#615,.T.);
#404=FACE_OUTER_BOUND('',#617,.T.);
#405=FACE_OUTER_BOUND('',#618,.T.);
#406=FACE_OUTER_BOUND('',#620,.T.);
#407=FACE_OUTER_BOUND('',#621,.T.);
#408=FACE_OUTER_BOUND('',#622,.T.);
#409=FACE_OUTER_BOUND('',#623,.T.);
#410=FACE_OUTER_BOUND('',#624,.T.);
#411=FACE_OUTER_BOUND('',#625,.T.);
#412=FACE_OUTER_BOUND('',#626,.T.);
#413=FACE_OUTER_BOUND('',#627,.T.);
#414=FACE_OUTER_BOUND('',#629,.T.);
#415=FACE_OUTER_BOUND('',#630,.T.);
#416=FACE_OUTER_BOUND('',#632,.T.);
#417=FACE_OUTER_BOUND('',#633,.T.);
#418=FACE_OUTER_BOUND('',#634,.T.);
#419=FACE_OUTER_BOUND('',#635,.T.);
#420=FACE_OUTER_BOUND('',#636,.T.);
#421=FACE_OUTER_BOUND('',#637,.T.);
#422=FACE_OUTER_BOUND('',#638,.T.);
#423=FACE_OUTER_BOUND('',#639,.T.);
#424=FACE_OUTER_BOUND('',#641,.T.);
#425=FACE_OUTER_BOUND('',#642,.T.);
#426=FACE_OUTER_BOUND('',#644,.T.);
#427=FACE_OUTER_BOUND('',#645,.T.);
#428=FACE_OUTER_BOUND('',#646,.T.);
#429=FACE_OUTER_BOUND('',#647,.T.);
#430=FACE_OUTER_BOUND('',#648,.T.);
#431=FACE_OUTER_BOUND('',#649,.T.);
#432=FACE_OUTER_BOUND('',#650,.T.);
#433=FACE_OUTER_BOUND('',#652,.T.);
#434=FACE_OUTER_BOUND('',#653,.T.);
#435=FACE_OUTER_BOUND('',#655,.T.);
#436=FACE_OUTER_BOUND('',#656,.T.);
#437=FACE_OUTER_BOUND('',#657,.T.);
#438=FACE_OUTER_BOUND('',#658,.T.);
#439=FACE_OUTER_BOUND('',#661,.T.);
#440=FACE_OUTER_BOUND('',#662,.T.);
#441=FACE_OUTER_BOUND('',#663,.T.);
#442=FACE_OUTER_BOUND('',#664,.T.);
#443=FACE_OUTER_BOUND('',#665,.T.);
#444=FACE_OUTER_BOUND('',#666,.T.);
#445=FACE_OUTER_BOUND('',#667,.T.);
#446=FACE_OUTER_BOUND('',#670,.T.);
#447=FACE_OUTER_BOUND('',#671,.T.);
#448=FACE_OUTER_BOUND('',#672,.T.);
#449=FACE_OUTER_BOUND('',#673,.T.);
#450=FACE_OUTER_BOUND('',#674,.T.);
#451=FACE_OUTER_BOUND('',#675,.T.);
#452=FACE_OUTER_BOUND('',#676,.T.);
#453=FACE_OUTER_BOUND('',#677,.T.);
#454=FACE_OUTER_BOUND('',#678,.T.);
#455=FACE_OUTER_BOUND('',#679,.T.);
#456=FACE_OUTER_BOUND('',#680,.T.);
#457=FACE_OUTER_BOUND('',#681,.T.);
#458=FACE_OUTER_BOUND('',#682,.T.);
#459=FACE_OUTER_BOUND('',#683,.T.);
#460=FACE_OUTER_BOUND('',#684,.T.);
#461=FACE_OUTER_BOUND('',#685,.T.);
#462=FACE_OUTER_BOUND('',#686,.T.);
#463=FACE_OUTER_BOUND('',#687,.T.);
#464=FACE_OUTER_BOUND('',#688,.T.);
#465=FACE_OUTER_BOUND('',#689,.T.);
#466=FACE_OUTER_BOUND('',#690,.T.);
#467=FACE_OUTER_BOUND('',#691,.T.);
#468=FACE_OUTER_BOUND('',#692,.T.);
#469=FACE_OUTER_BOUND('',#693,.T.);
#470=FACE_OUTER_BOUND('',#694,.T.);
#471=FACE_OUTER_BOUND('',#695,.T.);
#472=FACE_OUTER_BOUND('',#696,.T.);
#473=FACE_OUTER_BOUND('',#697,.T.);
#474=FACE_OUTER_BOUND('',#698,.T.);
#475=FACE_OUTER_BOUND('',#699,.T.);
#476=FACE_OUTER_BOUND('',#700,.T.);
#477=FACE_OUTER_BOUND('',#701,.T.);
#478=FACE_OUTER_BOUND('',#702,.T.);
#479=FACE_OUTER_BOUND('',#703,.T.);
#480=FACE_OUTER_BOUND('',#704,.T.);
#481=FACE_OUTER_BOUND('',#705,.T.);
#482=FACE_OUTER_BOUND('',#706,.T.);
#483=FACE_OUTER_BOUND('',#707,.T.);
#484=FACE_OUTER_BOUND('',#708,.T.);
#485=FACE_OUTER_BOUND('',#709,.T.);
#486=FACE_OUTER_BOUND('',#710,.T.);
#487=FACE_OUTER_BOUND('',#711,.T.);
#488=FACE_OUTER_BOUND('',#712,.T.);
#489=FACE_OUTER_BOUND('',#713,.T.);
#490=FACE_OUTER_BOUND('',#714,.T.);
#491=FACE_OUTER_BOUND('',#715,.T.);
#492=FACE_OUTER_BOUND('',#716,.T.);
#493=FACE_OUTER_BOUND('',#717,.T.);
#494=FACE_OUTER_BOUND('',#718,.T.);
#495=FACE_OUTER_BOUND('',#719,.T.);
#496=FACE_OUTER_BOUND('',#720,.T.);
#497=FACE_OUTER_BOUND('',#721,.T.);
#498=FACE_OUTER_BOUND('',#722,.T.);
#499=FACE_OUTER_BOUND('',#723,.T.);
#500=FACE_OUTER_BOUND('',#724,.T.);
#501=FACE_OUTER_BOUND('',#725,.T.);
#502=FACE_OUTER_BOUND('',#726,.T.);
#503=FACE_OUTER_BOUND('',#727,.T.);
#504=FACE_OUTER_BOUND('',#728,.T.);
#505=FACE_OUTER_BOUND('',#729,.T.);
#506=FACE_OUTER_BOUND('',#730,.T.);
#507=FACE_OUTER_BOUND('',#731,.T.);
#508=FACE_OUTER_BOUND('',#732,.T.);
#509=FACE_OUTER_BOUND('',#733,.T.);
#510=FACE_OUTER_BOUND('',#734,.T.);
#511=FACE_OUTER_BOUND('',#735,.T.);
#512=FACE_OUTER_BOUND('',#736,.T.);
#513=FACE_OUTER_BOUND('',#737,.T.);
#514=FACE_OUTER_BOUND('',#738,.T.);
#515=FACE_OUTER_BOUND('',#739,.T.);
#516=FACE_OUTER_BOUND('',#740,.T.);
#517=FACE_OUTER_BOUND('',#741,.T.);
#518=FACE_OUTER_BOUND('',#742,.T.);
#519=FACE_OUTER_BOUND('',#743,.T.);
#520=FACE_OUTER_BOUND('',#744,.T.);
#521=FACE_OUTER_BOUND('',#745,.T.);
#522=FACE_OUTER_BOUND('',#746,.T.);
#523=FACE_OUTER_BOUND('',#747,.T.);
#524=FACE_OUTER_BOUND('',#761,.T.);
#525=FACE_OUTER_BOUND('',#762,.T.);
#526=FACE_OUTER_BOUND('',#776,.T.);
#527=FACE_OUTER_BOUND('',#777,.T.);
#528=FACE_OUTER_BOUND('',#778,.T.);
#529=FACE_OUTER_BOUND('',#779,.T.);
#530=FACE_OUTER_BOUND('',#780,.T.);
#531=FACE_OUTER_BOUND('',#781,.T.);
#532=FACE_OUTER_BOUND('',#782,.T.);
#533=FACE_OUTER_BOUND('',#783,.T.);
#534=FACE_OUTER_BOUND('',#784,.T.);
#535=FACE_OUTER_BOUND('',#785,.T.);
#536=FACE_OUTER_BOUND('',#786,.T.);
#537=FACE_OUTER_BOUND('',#787,.T.);
#538=FACE_OUTER_BOUND('',#788,.T.);
#539=FACE_OUTER_BOUND('',#789,.T.);
#540=FACE_OUTER_BOUND('',#790,.T.);
#541=FACE_OUTER_BOUND('',#791,.T.);
#542=FACE_OUTER_BOUND('',#792,.T.);
#543=FACE_OUTER_BOUND('',#793,.T.);
#544=FACE_OUTER_BOUND('',#794,.T.);
#545=FACE_OUTER_BOUND('',#795,.T.);
#546=FACE_OUTER_BOUND('',#797,.T.);
#547=FACE_OUTER_BOUND('',#798,.T.);
#548=FACE_OUTER_BOUND('',#800,.T.);
#549=FACE_OUTER_BOUND('',#801,.T.);
#550=FACE_OUTER_BOUND('',#802,.T.);
#551=FACE_OUTER_BOUND('',#803,.T.);
#552=FACE_OUTER_BOUND('',#804,.T.);
#553=EDGE_LOOP('',(#1933,#1934,#1935,#1936));
#554=EDGE_LOOP('',(#1937,#1938,#1939,#1940));
#555=EDGE_LOOP('',(#1941,#1942,#1943,#1944));
#556=EDGE_LOOP('',(#1945));
#557=EDGE_LOOP('',(#1946));
#558=EDGE_LOOP('',(#1947));
#559=EDGE_LOOP('',(#1948));
#560=EDGE_LOOP('',(#1949));
#561=EDGE_LOOP('',(#1950));
#562=EDGE_LOOP('',(#1951));
#563=EDGE_LOOP('',(#1952));
#564=EDGE_LOOP('',(#1953));
#565=EDGE_LOOP('',(#1954,#1955,#1956,#1957));
#566=EDGE_LOOP('',(#1958));
#567=EDGE_LOOP('',(#1959));
#568=EDGE_LOOP('',(#1960));
#569=EDGE_LOOP('',(#1961,#1962,#1963,#1964));
#570=EDGE_LOOP('',(#1965,#1966,#1967,#1968));
#571=EDGE_LOOP('',(#1969));
#572=EDGE_LOOP('',(#1970));
#573=EDGE_LOOP('',(#1971));
#574=EDGE_LOOP('',(#1972));
#575=EDGE_LOOP('',(#1973));
#576=EDGE_LOOP('',(#1974));
#577=EDGE_LOOP('',(#1975));
#578=EDGE_LOOP('',(#1976));
#579=EDGE_LOOP('',(#1977));
#580=EDGE_LOOP('',(#1978,#1979,#1980,#1981));
#581=EDGE_LOOP('',(#1982));
#582=EDGE_LOOP('',(#1983));
#583=EDGE_LOOP('',(#1984));
#584=EDGE_LOOP('',(#1985,#1986,#1987,#1988));
#585=EDGE_LOOP('',(#1989,#1990,#1991,#1992));
#586=EDGE_LOOP('',(#1993,#1994,#1995,#1996));
#587=EDGE_LOOP('',(#1997,#1998,#1999,#2000));
#588=EDGE_LOOP('',(#2001,#2002,#2003,#2004));
#589=EDGE_LOOP('',(#2005,#2006,#2007,#2008));
#590=EDGE_LOOP('',(#2009,#2010,#2011,#2012));
#591=EDGE_LOOP('',(#2013,#2014,#2015,#2016));
#592=EDGE_LOOP('',(#2017,#2018,#2019,#2020));
#593=EDGE_LOOP('',(#2021,#2022,#2023,#2024));
#594=EDGE_LOOP('',(#2025,#2026,#2027,#2028));
#595=EDGE_LOOP('',(#2029,#2030,#2031,#2032));
#596=EDGE_LOOP('',(#2033,#2034,#2035,#2036));
#597=EDGE_LOOP('',(#2037,#2038,#2039,#2040));
#598=EDGE_LOOP('',(#2041,#2042,#2043,#2044));
#599=EDGE_LOOP('',(#2045,#2046,#2047,#2048));
#600=EDGE_LOOP('',(#2049,#2050,#2051,#2052));
#601=EDGE_LOOP('',(#2053,#2054,#2055,#2056));
#602=EDGE_LOOP('',(#2057,#2058,#2059,#2060));
#603=EDGE_LOOP('',(#2061,#2062,#2063,#2064));
#604=EDGE_LOOP('',(#2065,#2066,#2067,#2068));
#605=EDGE_LOOP('',(#2069,#2070,#2071,#2072));
#606=EDGE_LOOP('',(#2073,#2074,#2075,#2076));
#607=EDGE_LOOP('',(#2077,#2078,#2079,#2080));
#608=EDGE_LOOP('',(#2081,#2082,#2083,#2084));
#609=EDGE_LOOP('',(#2085,#2086,#2087,#2088));
#610=EDGE_LOOP('',(#2089,#2090,#2091,#2092));
#611=EDGE_LOOP('',(#2093,#2094,#2095,#2096));
#612=EDGE_LOOP('',(#2097,#2098,#2099,#2100));
#613=EDGE_LOOP('',(#2101,#2102,#2103,#2104));
#614=EDGE_LOOP('',(#2105,#2106,#2107,#2108));
#615=EDGE_LOOP('',(#2109,#2110,#2111,#2112));
#616=EDGE_LOOP('',(#2113,#2114,#2115,#2116));
#617=EDGE_LOOP('',(#2117,#2118,#2119,#2120));
#618=EDGE_LOOP('',(#2121,#2122,#2123,#2124));
#619=EDGE_LOOP('',(#2125,#2126,#2127,#2128));
#620=EDGE_LOOP('',(#2129,#2130,#2131,#2132));
#621=EDGE_LOOP('',(#2133,#2134,#2135,#2136));
#622=EDGE_LOOP('',(#2137,#2138,#2139,#2140));
#623=EDGE_LOOP('',(#2141,#2142,#2143,#2144));
#624=EDGE_LOOP('',(#2145,#2146,#2147,#2148));
#625=EDGE_LOOP('',(#2149,#2150,#2151,#2152));
#626=EDGE_LOOP('',(#2153,#2154,#2155,#2156));
#627=EDGE_LOOP('',(#2157,#2158,#2159,#2160));
#628=EDGE_LOOP('',(#2161,#2162,#2163,#2164));
#629=EDGE_LOOP('',(#2165,#2166,#2167,#2168));
#630=EDGE_LOOP('',(#2169,#2170,#2171,#2172));
#631=EDGE_LOOP('',(#2173,#2174,#2175,#2176));
#632=EDGE_LOOP('',(#2177,#2178,#2179,#2180));
#633=EDGE_LOOP('',(#2181,#2182,#2183,#2184));
#634=EDGE_LOOP('',(#2185,#2186,#2187,#2188));
#635=EDGE_LOOP('',(#2189,#2190,#2191,#2192));
#636=EDGE_LOOP('',(#2193,#2194,#2195,#2196));
#637=EDGE_LOOP('',(#2197,#2198,#2199,#2200));
#638=EDGE_LOOP('',(#2201,#2202,#2203,#2204));
#639=EDGE_LOOP('',(#2205,#2206,#2207,#2208));
#640=EDGE_LOOP('',(#2209,#2210,#2211,#2212));
#641=EDGE_LOOP('',(#2213,#2214,#2215,#2216));
#642=EDGE_LOOP('',(#2217,#2218,#2219,#2220));
#643=EDGE_LOOP('',(#2221,#2222,#2223,#2224));
#644=EDGE_LOOP('',(#2225,#2226,#2227,#2228));
#645=EDGE_LOOP('',(#2229,#2230,#2231,#2232));
#646=EDGE_LOOP('',(#2233,#2234,#2235,#2236));
#647=EDGE_LOOP('',(#2237,#2238,#2239,#2240));
#648=EDGE_LOOP('',(#2241,#2242,#2243,#2244));
#649=EDGE_LOOP('',(#2245,#2246,#2247,#2248));
#650=EDGE_LOOP('',(#2249,#2250,#2251,#2252));
#651=EDGE_LOOP('',(#2253));
#652=EDGE_LOOP('',(#2254,#2255,#2256,#2257));
#653=EDGE_LOOP('',(#2258,#2259,#2260,#2261));
#654=EDGE_LOOP('',(#2262));
#655=EDGE_LOOP('',(#2263,#2264,#2265,#2266));
#656=EDGE_LOOP('',(#2267,#2268,#2269,#2270));
#657=EDGE_LOOP('',(#2271,#2272,#2273,#2274));
#658=EDGE_LOOP('',(#2275,#2276,#2277,#2278));
#659=EDGE_LOOP('',(#2279));
#660=EDGE_LOOP('',(#2280));
#661=EDGE_LOOP('',(#2281,#2282,#2283,#2284));
#662=EDGE_LOOP('',(#2285,#2286,#2287,#2288));
#663=EDGE_LOOP('',(#2289,#2290,#2291,#2292));
#664=EDGE_LOOP('',(#2293,#2294,#2295,#2296));
#665=EDGE_LOOP('',(#2297,#2298,#2299,#2300));
#666=EDGE_LOOP('',(#2301,#2302,#2303,#2304));
#667=EDGE_LOOP('',(#2305,#2306,#2307,#2308));
#668=EDGE_LOOP('',(#2309));
#669=EDGE_LOOP('',(#2310));
#670=EDGE_LOOP('',(#2311,#2312,#2313,#2314));
#671=EDGE_LOOP('',(#2315,#2316,#2317,#2318));
#672=EDGE_LOOP('',(#2319,#2320,#2321,#2322));
#673=EDGE_LOOP('',(#2323,#2324,#2325,#2326));
#674=EDGE_LOOP('',(#2327,#2328,#2329,#2330));
#675=EDGE_LOOP('',(#2331,#2332,#2333,#2334));
#676=EDGE_LOOP('',(#2335,#2336,#2337,#2338));
#677=EDGE_LOOP('',(#2339,#2340,#2341,#2342));
#678=EDGE_LOOP('',(#2343,#2344,#2345,#2346));
#679=EDGE_LOOP('',(#2347,#2348,#2349,#2350));
#680=EDGE_LOOP('',(#2351,#2352,#2353,#2354));
#681=EDGE_LOOP('',(#2355,#2356,#2357,#2358));
#682=EDGE_LOOP('',(#2359,#2360,#2361,#2362));
#683=EDGE_LOOP('',(#2363));
#684=EDGE_LOOP('',(#2364));
#685=EDGE_LOOP('',(#2365,#2366,#2367,#2368));
#686=EDGE_LOOP('',(#2369));
#687=EDGE_LOOP('',(#2370));
#688=EDGE_LOOP('',(#2371,#2372,#2373,#2374));
#689=EDGE_LOOP('',(#2375));
#690=EDGE_LOOP('',(#2376));
#691=EDGE_LOOP('',(#2377,#2378,#2379,#2380));
#692=EDGE_LOOP('',(#2381));
#693=EDGE_LOOP('',(#2382));
#694=EDGE_LOOP('',(#2383,#2384,#2385,#2386));
#695=EDGE_LOOP('',(#2387));
#696=EDGE_LOOP('',(#2388));
#697=EDGE_LOOP('',(#2389,#2390,#2391,#2392));
#698=EDGE_LOOP('',(#2393));
#699=EDGE_LOOP('',(#2394));
#700=EDGE_LOOP('',(#2395,#2396,#2397,#2398));
#701=EDGE_LOOP('',(#2399));
#702=EDGE_LOOP('',(#2400));
#703=EDGE_LOOP('',(#2401,#2402,#2403,#2404));
#704=EDGE_LOOP('',(#2405));
#705=EDGE_LOOP('',(#2406));
#706=EDGE_LOOP('',(#2407,#2408,#2409,#2410));
#707=EDGE_LOOP('',(#2411));
#708=EDGE_LOOP('',(#2412));
#709=EDGE_LOOP('',(#2413,#2414,#2415,#2416));
#710=EDGE_LOOP('',(#2417));
#711=EDGE_LOOP('',(#2418));
#712=EDGE_LOOP('',(#2419,#2420,#2421,#2422));
#713=EDGE_LOOP('',(#2423));
#714=EDGE_LOOP('',(#2424));
#715=EDGE_LOOP('',(#2425,#2426,#2427,#2428));
#716=EDGE_LOOP('',(#2429));
#717=EDGE_LOOP('',(#2430));
#718=EDGE_LOOP('',(#2431,#2432,#2433,#2434));
#719=EDGE_LOOP('',(#2435));
#720=EDGE_LOOP('',(#2436));
#721=EDGE_LOOP('',(#2437,#2438,#2439,#2440));
#722=EDGE_LOOP('',(#2441));
#723=EDGE_LOOP('',(#2442));
#724=EDGE_LOOP('',(#2443,#2444,#2445,#2446));
#725=EDGE_LOOP('',(#2447));
#726=EDGE_LOOP('',(#2448));
#727=EDGE_LOOP('',(#2449,#2450,#2451,#2452));
#728=EDGE_LOOP('',(#2453));
#729=EDGE_LOOP('',(#2454));
#730=EDGE_LOOP('',(#2455,#2456,#2457,#2458));
#731=EDGE_LOOP('',(#2459));
#732=EDGE_LOOP('',(#2460));
#733=EDGE_LOOP('',(#2461,#2462,#2463,#2464));
#734=EDGE_LOOP('',(#2465));
#735=EDGE_LOOP('',(#2466));
#736=EDGE_LOOP('',(#2467,#2468,#2469,#2470));
#737=EDGE_LOOP('',(#2471));
#738=EDGE_LOOP('',(#2472));
#739=EDGE_LOOP('',(#2473,#2474,#2475,#2476));
#740=EDGE_LOOP('',(#2477));
#741=EDGE_LOOP('',(#2478));
#742=EDGE_LOOP('',(#2479,#2480,#2481,#2482));
#743=EDGE_LOOP('',(#2483));
#744=EDGE_LOOP('',(#2484));
#745=EDGE_LOOP('',(#2485,#2486,#2487,#2488));
#746=EDGE_LOOP('',(#2489,#2490,#2491,#2492));
#747=EDGE_LOOP('',(#2493,#2494,#2495,#2496));
#748=EDGE_LOOP('',(#2497));
#749=EDGE_LOOP('',(#2498));
#750=EDGE_LOOP('',(#2499));
#751=EDGE_LOOP('',(#2500));
#752=EDGE_LOOP('',(#2501));
#753=EDGE_LOOP('',(#2502));
#754=EDGE_LOOP('',(#2503));
#755=EDGE_LOOP('',(#2504));
#756=EDGE_LOOP('',(#2505));
#757=EDGE_LOOP('',(#2506,#2507,#2508,#2509));
#758=EDGE_LOOP('',(#2510));
#759=EDGE_LOOP('',(#2511));
#760=EDGE_LOOP('',(#2512));
#761=EDGE_LOOP('',(#2513,#2514,#2515,#2516));
#762=EDGE_LOOP('',(#2517,#2518,#2519,#2520));
#763=EDGE_LOOP('',(#2521));
#764=EDGE_LOOP('',(#2522));
#765=EDGE_LOOP('',(#2523));
#766=EDGE_LOOP('',(#2524));
#767=EDGE_LOOP('',(#2525));
#768=EDGE_LOOP('',(#2526));
#769=EDGE_LOOP('',(#2527));
#770=EDGE_LOOP('',(#2528));
#771=EDGE_LOOP('',(#2529));
#772=EDGE_LOOP('',(#2530,#2531,#2532,#2533));
#773=EDGE_LOOP('',(#2534));
#774=EDGE_LOOP('',(#2535));
#775=EDGE_LOOP('',(#2536));
#776=EDGE_LOOP('',(#2537,#2538,#2539,#2540));
#777=EDGE_LOOP('',(#2541,#2542,#2543,#2544));
#778=EDGE_LOOP('',(#2545,#2546,#2547,#2548));
#779=EDGE_LOOP('',(#2549,#2550,#2551,#2552));
#780=EDGE_LOOP('',(#2553,#2554,#2555,#2556));
#781=EDGE_LOOP('',(#2557,#2558,#2559,#2560));
#782=EDGE_LOOP('',(#2561,#2562,#2563,#2564));
#783=EDGE_LOOP('',(#2565,#2566,#2567,#2568));
#784=EDGE_LOOP('',(#2569,#2570,#2571,#2572));
#785=EDGE_LOOP('',(#2573,#2574,#2575,#2576));
#786=EDGE_LOOP('',(#2577,#2578,#2579,#2580));
#787=EDGE_LOOP('',(#2581,#2582,#2583,#2584));
#788=EDGE_LOOP('',(#2585,#2586,#2587,#2588));
#789=EDGE_LOOP('',(#2589,#2590,#2591,#2592));
#790=EDGE_LOOP('',(#2593,#2594,#2595,#2596));
#791=EDGE_LOOP('',(#2597,#2598,#2599,#2600));
#792=EDGE_LOOP('',(#2601,#2602,#2603,#2604));
#793=EDGE_LOOP('',(#2605,#2606,#2607,#2608));
#794=EDGE_LOOP('',(#2609,#2610,#2611,#2612));
#795=EDGE_LOOP('',(#2613,#2614,#2615,#2616));
#796=EDGE_LOOP('',(#2617,#2618,#2619,#2620));
#797=EDGE_LOOP('',(#2621,#2622,#2623,#2624));
#798=EDGE_LOOP('',(#2625,#2626,#2627,#2628));
#799=EDGE_LOOP('',(#2629,#2630,#2631,#2632));
#800=EDGE_LOOP('',(#2633,#2634,#2635,#2636));
#801=EDGE_LOOP('',(#2637,#2638,#2639,#2640));
#802=EDGE_LOOP('',(#2641,#2642,#2643,#2644));
#803=EDGE_LOOP('',(#2645,#2646,#2647,#2648));
#804=EDGE_LOOP('',(#2649,#2650,#2651,#2652));
#805=LINE('',#4330,#1069);
#806=LINE('',#4332,#1070);
#807=LINE('',#4334,#1071);
#808=LINE('',#4335,#1072);
#809=LINE('',#4338,#1073);
#810=LINE('',#4340,#1074);
#811=LINE('',#4341,#1075);
#812=LINE('',#4344,#1076);
#813=LINE('',#4345,#1077);
#814=LINE('',#4366,#1078);
#815=LINE('',#4368,#1079);
#816=LINE('',#4370,#1080);
#817=LINE('',#4371,#1081);
#818=LINE('',#4380,#1082);
#819=LINE('',#4381,#1083);
#820=LINE('',#4383,#1084);
#821=LINE('',#4404,#1085);
#822=LINE('',#4406,#1086);
#823=LINE('',#4408,#1087);
#824=LINE('',#4409,#1088);
#825=LINE('',#4418,#1089);
#826=LINE('',#4420,#1090);
#827=LINE('',#4422,#1091);
#828=LINE('',#4424,#1092);
#829=LINE('',#4426,#1093);
#830=LINE('',#4428,#1094);
#831=LINE('',#4430,#1095);
#832=LINE('',#4432,#1096);
#833=LINE('',#4434,#1097);
#834=LINE('',#4436,#1098);
#835=LINE('',#4437,#1099);
#836=LINE('',#4439,#1100);
#837=LINE('',#4441,#1101);
#838=LINE('',#4444,#1102);
#839=LINE('',#4446,#1103);
#840=LINE('',#4448,#1104);
#841=LINE('',#4453,#1105);
#842=LINE('',#4455,#1106);
#843=LINE('',#4457,#1107);
#844=LINE('',#4458,#1108);
#845=LINE('',#4461,#1109);
#846=LINE('',#4463,#1110);
#847=LINE('',#4464,#1111);
#848=LINE('',#4467,#1112);
#849=LINE('',#4468,#1113);
#850=LINE('',#4471,#1114);
#851=LINE('',#4473,#1115);
#852=LINE('',#4475,#1116);
#853=LINE('',#4476,#1117);
#854=LINE('',#4479,#1118);
#855=LINE('',#4480,#1119);
#856=LINE('',#4482,#1120);
#857=LINE('',#4485,#1121);
#858=LINE('',#4487,#1122);
#859=LINE('',#4489,#1123);
#860=LINE('',#4490,#1124);
#861=LINE('',#4493,#1125);
#862=LINE('',#4494,#1126);
#863=LINE('',#4496,#1127);
#864=LINE('',#4498,#1128);
#865=LINE('',#4507,#1129);
#866=LINE('',#4509,#1130);
#867=LINE('',#4511,#1131);
#868=LINE('',#4512,#1132);
#869=LINE('',#4515,#1133);
#870=LINE('',#4517,#1134);
#871=LINE('',#4518,#1135);
#872=LINE('',#4521,#1136);
#873=LINE('',#4522,#1137);
#874=LINE('',#4525,#1138);
#875=LINE('',#4527,#1139);
#876=LINE('',#4529,#1140);
#877=LINE('',#4530,#1141);
#878=LINE('',#4533,#1142);
#879=LINE('',#4534,#1143);
#880=LINE('',#4536,#1144);
#881=LINE('',#4539,#1145);
#882=LINE('',#4541,#1146);
#883=LINE('',#4543,#1147);
#884=LINE('',#4544,#1148);
#885=LINE('',#4547,#1149);
#886=LINE('',#4548,#1150);
#887=LINE('',#4550,#1151);
#888=LINE('',#4552,#1152);
#889=LINE('',#4557,#1153);
#890=LINE('',#4559,#1154);
#891=LINE('',#4561,#1155);
#892=LINE('',#4562,#1156);
#893=LINE('',#4565,#1157);
#894=LINE('',#4567,#1158);
#895=LINE('',#4568,#1159);
#896=LINE('',#4571,#1160);
#897=LINE('',#4572,#1161);
#898=LINE('',#4575,#1162);
#899=LINE('',#4577,#1163);
#900=LINE('',#4579,#1164);
#901=LINE('',#4580,#1165);
#902=LINE('',#4583,#1166);
#903=LINE('',#4584,#1167);
#904=LINE('',#4586,#1168);
#905=LINE('',#4589,#1169);
#906=LINE('',#4591,#1170);
#907=LINE('',#4593,#1171);
#908=LINE('',#4594,#1172);
#909=LINE('',#4597,#1173);
#910=LINE('',#4598,#1174);
#911=LINE('',#4600,#1175);
#912=LINE('',#4602,#1176);
#913=LINE('',#4608,#1177);
#914=LINE('',#4610,#1178);
#915=LINE('',#4612,#1179);
#916=LINE('',#4613,#1180);
#917=LINE('',#4616,#1181);
#918=LINE('',#4618,#1182);
#919=LINE('',#4619,#1183);
#920=LINE('',#4622,#1184);
#921=LINE('',#4623,#1185);
#922=LINE('',#4626,#1186);
#923=LINE('',#4628,#1187);
#924=LINE('',#4630,#1188);
#925=LINE('',#4631,#1189);
#926=LINE('',#4634,#1190);
#927=LINE('',#4635,#1191);
#928=LINE('',#4637,#1192);
#929=LINE('',#4640,#1193);
#930=LINE('',#4642,#1194);
#931=LINE('',#4644,#1195);
#932=LINE('',#4645,#1196);
#933=LINE('',#4648,#1197);
#934=LINE('',#4649,#1198);
#935=LINE('',#4651,#1199);
#936=LINE('',#4653,#1200);
#937=LINE('',#4659,#1201);
#938=LINE('',#4661,#1202);
#939=LINE('',#4663,#1203);
#940=LINE('',#4664,#1204);
#941=LINE('',#4667,#1205);
#942=LINE('',#4669,#1206);
#943=LINE('',#4670,#1207);
#944=LINE('',#4675,#1208);
#945=LINE('',#4676,#1209);
#946=LINE('',#4679,#1210);
#947=LINE('',#4680,#1211);
#948=LINE('',#4684,#1212);
#949=LINE('',#4687,#1213);
#950=LINE('',#4692,#1214);
#951=LINE('',#4694,#1215);
#952=LINE('',#4696,#1216);
#953=LINE('',#4697,#1217);
#954=LINE('',#4704,#1218);
#955=LINE('',#4706,#1219);
#956=LINE('',#4707,#1220);
#957=LINE('',#4710,#1221);
#958=LINE('',#4711,#1222);
#959=LINE('',#4714,#1223);
#960=LINE('',#4715,#1224);
#961=LINE('',#4717,#1225);
#962=LINE('',#4720,#1226);
#963=LINE('',#4724,#1227);
#964=LINE('',#4731,#1228);
#965=LINE('',#4733,#1229);
#966=LINE('',#4735,#1230);
#967=LINE('',#4736,#1231);
#968=LINE('',#4740,#1232);
#969=LINE('',#4742,#1233);
#970=LINE('',#4744,#1234);
#971=LINE('',#4745,#1235);
#972=LINE('',#4747,#1236);
#973=LINE('',#4748,#1237);
#974=LINE('',#4750,#1238);
#975=LINE('',#4751,#1239);
#976=LINE('',#4758,#1240);
#977=LINE('',#4760,#1241);
#978=LINE('',#4762,#1242);
#979=LINE('',#4763,#1243);
#980=LINE('',#4767,#1244);
#981=LINE('',#4769,#1245);
#982=LINE('',#4771,#1246);
#983=LINE('',#4772,#1247);
#984=LINE('',#4774,#1248);
#985=LINE('',#4775,#1249);
#986=LINE('',#4777,#1250);
#987=LINE('',#4778,#1251);
#988=LINE('',#4793,#1252);
#989=LINE('',#4801,#1253);
#990=LINE('',#4809,#1254);
#991=LINE('',#4817,#1255);
#992=LINE('',#4825,#1256);
#993=LINE('',#4833,#1257);
#994=LINE('',#4841,#1258);
#995=LINE('',#4849,#1259);
#996=LINE('',#4857,#1260);
#997=LINE('',#4865,#1261);
#998=LINE('',#4873,#1262);
#999=LINE('',#4881,#1263);
#1000=LINE('',#4889,#1264);
#1001=LINE('',#4897,#1265);
#1002=LINE('',#4905,#1266);
#1003=LINE('',#4913,#1267);
#1004=LINE('',#4921,#1268);
#1005=LINE('',#4929,#1269);
#1006=LINE('',#4937,#1270);
#1007=LINE('',#4945,#1271);
#1008=LINE('',#4953,#1272);
#1009=LINE('',#4963,#1273);
#1010=LINE('',#4965,#1274);
#1011=LINE('',#4967,#1275);
#1012=LINE('',#4968,#1276);
#1013=LINE('',#4971,#1277);
#1014=LINE('',#4973,#1278);
#1015=LINE('',#4974,#1279);
#1016=LINE('',#4977,#1280);
#1017=LINE('',#4978,#1281);
#1018=LINE('',#4999,#1282);
#1019=LINE('',#5001,#1283);
#1020=LINE('',#5003,#1284);
#1021=LINE('',#5004,#1285);
#1022=LINE('',#5013,#1286);
#1023=LINE('',#5014,#1287);
#1024=LINE('',#5016,#1288);
#1025=LINE('',#5037,#1289);
#1026=LINE('',#5039,#1290);
#1027=LINE('',#5041,#1291);
#1028=LINE('',#5042,#1292);
#1029=LINE('',#5051,#1293);
#1030=LINE('',#5053,#1294);
#1031=LINE('',#5055,#1295);
#1032=LINE('',#5057,#1296);
#1033=LINE('',#5059,#1297);
#1034=LINE('',#5061,#1298);
#1035=LINE('',#5063,#1299);
#1036=LINE('',#5065,#1300);
#1037=LINE('',#5067,#1301);
#1038=LINE('',#5069,#1302);
#1039=LINE('',#5070,#1303);
#1040=LINE('',#5072,#1304);
#1041=LINE('',#5074,#1305);
#1042=LINE('',#5077,#1306);
#1043=LINE('',#5079,#1307);
#1044=LINE('',#5081,#1308);
#1045=LINE('',#5086,#1309);
#1046=LINE('',#5088,#1310);
#1047=LINE('',#5090,#1311);
#1048=LINE('',#5091,#1312);
#1049=LINE('',#5094,#1313);
#1050=LINE('',#5096,#1314);
#1051=LINE('',#5097,#1315);
#1052=LINE('',#5100,#1316);
#1053=LINE('',#5101,#1317);
#1054=LINE('',#5104,#1318);
#1055=LINE('',#5106,#1319);
#1056=LINE('',#5108,#1320);
#1057=LINE('',#5109,#1321);
#1058=LINE('',#5112,#1322);
#1059=LINE('',#5113,#1323);
#1060=LINE('',#5115,#1324);
#1061=LINE('',#5118,#1325);
#1062=LINE('',#5120,#1326);
#1063=LINE('',#5122,#1327);
#1064=LINE('',#5123,#1328);
#1065=LINE('',#5126,#1329);
#1066=LINE('',#5127,#1330);
#1067=LINE('',#5129,#1331);
#1068=LINE('',#5131,#1332);
#1069=VECTOR('',#3446,1.);
#1070=VECTOR('',#3447,1.);
#1071=VECTOR('',#3448,1.);
#1072=VECTOR('',#3449,1.);
#1073=VECTOR('',#3452,1.);
#1074=VECTOR('',#3453,1.);
#1075=VECTOR('',#3454,1.);
#1076=VECTOR('',#3457,1.);
#1077=VECTOR('',#3458,1.);
#1078=VECTOR('',#3477,1.);
#1079=VECTOR('',#3478,1.);
#1080=VECTOR('',#3479,1.);
#1081=VECTOR('',#3480,1.);
#1082=VECTOR('',#3489,1.);
#1083=VECTOR('',#3490,1.);
#1084=VECTOR('',#3493,1.);
#1085=VECTOR('',#3512,1.);
#1086=VECTOR('',#3513,1.);
#1087=VECTOR('',#3514,1.);
#1088=VECTOR('',#3515,1.);
#1089=VECTOR('',#3526,4.);
#1090=VECTOR('',#3529,4.);
#1091=VECTOR('',#3532,4.);
#1092=VECTOR('',#3535,4.);
#1093=VECTOR('',#3538,4.);
#1094=VECTOR('',#3541,4.);
#1095=VECTOR('',#3544,4.);
#1096=VECTOR('',#3547,4.);
#1097=VECTOR('',#3550,4.);
#1098=VECTOR('',#3553,1.);
#1099=VECTOR('',#3554,1.);
#1100=VECTOR('',#3557,1.);
#1101=VECTOR('',#3560,1.);
#1102=VECTOR('',#3565,4.);
#1103=VECTOR('',#3568,4.);
#1104=VECTOR('',#3571,4.);
#1105=VECTOR('',#3576,1.);
#1106=VECTOR('',#3577,1.);
#1107=VECTOR('',#3578,1.);
#1108=VECTOR('',#3579,1.);
#1109=VECTOR('',#3582,1.);
#1110=VECTOR('',#3583,1.);
#1111=VECTOR('',#3584,1.);
#1112=VECTOR('',#3587,1.);
#1113=VECTOR('',#3588,1.);
#1114=VECTOR('',#3589,1.);
#1115=VECTOR('',#3590,1.);
#1116=VECTOR('',#3591,1.);
#1117=VECTOR('',#3592,1.);
#1118=VECTOR('',#3595,1.);
#1119=VECTOR('',#3596,1.);
#1120=VECTOR('',#3599,1.);
#1121=VECTOR('',#3600,1.);
#1122=VECTOR('',#3601,1.);
#1123=VECTOR('',#3602,1.);
#1124=VECTOR('',#3603,1.);
#1125=VECTOR('',#3608,1.);
#1126=VECTOR('',#3609,1.);
#1127=VECTOR('',#3612,1.);
#1128=VECTOR('',#3615,1.);
#1129=VECTOR('',#3628,1.);
#1130=VECTOR('',#3629,1.);
#1131=VECTOR('',#3630,1.);
#1132=VECTOR('',#3631,1.);
#1133=VECTOR('',#3634,1.);
#1134=VECTOR('',#3635,1.);
#1135=VECTOR('',#3636,1.);
#1136=VECTOR('',#3639,1.);
#1137=VECTOR('',#3640,1.);
#1138=VECTOR('',#3641,1.);
#1139=VECTOR('',#3642,1.);
#1140=VECTOR('',#3643,1.);
#1141=VECTOR('',#3644,1.);
#1142=VECTOR('',#3647,1.);
#1143=VECTOR('',#3648,1.);
#1144=VECTOR('',#3651,1.);
#1145=VECTOR('',#3652,1.);
#1146=VECTOR('',#3653,1.);
#1147=VECTOR('',#3654,1.);
#1148=VECTOR('',#3655,1.);
#1149=VECTOR('',#3660,1.);
#1150=VECTOR('',#3661,1.);
#1151=VECTOR('',#3664,1.);
#1152=VECTOR('',#3667,1.);
#1153=VECTOR('',#3672,1.);
#1154=VECTOR('',#3673,1.);
#1155=VECTOR('',#3674,1.);
#1156=VECTOR('',#3675,1.);
#1157=VECTOR('',#3678,1.);
#1158=VECTOR('',#3679,1.);
#1159=VECTOR('',#3680,1.);
#1160=VECTOR('',#3683,1.);
#1161=VECTOR('',#3684,1.);
#1162=VECTOR('',#3685,1.);
#1163=VECTOR('',#3686,1.);
#1164=VECTOR('',#3687,1.);
#1165=VECTOR('',#3688,1.);
#1166=VECTOR('',#3691,1.);
#1167=VECTOR('',#3692,1.);
#1168=VECTOR('',#3695,1.);
#1169=VECTOR('',#3696,1.);
#1170=VECTOR('',#3697,1.);
#1171=VECTOR('',#3698,1.);
#1172=VECTOR('',#3699,1.);
#1173=VECTOR('',#3704,1.);
#1174=VECTOR('',#3705,1.);
#1175=VECTOR('',#3708,1.);
#1176=VECTOR('',#3711,1.);
#1177=VECTOR('',#3718,1.);
#1178=VECTOR('',#3719,1.);
#1179=VECTOR('',#3720,1.);
#1180=VECTOR('',#3721,1.);
#1181=VECTOR('',#3724,1.);
#1182=VECTOR('',#3725,1.);
#1183=VECTOR('',#3726,1.);
#1184=VECTOR('',#3729,1.);
#1185=VECTOR('',#3730,1.);
#1186=VECTOR('',#3731,1.);
#1187=VECTOR('',#3732,1.);
#1188=VECTOR('',#3733,1.);
#1189=VECTOR('',#3734,1.);
#1190=VECTOR('',#3737,1.);
#1191=VECTOR('',#3738,1.);
#1192=VECTOR('',#3741,1.);
#1193=VECTOR('',#3742,1.);
#1194=VECTOR('',#3743,1.);
#1195=VECTOR('',#3744,1.);
#1196=VECTOR('',#3745,1.);
#1197=VECTOR('',#3750,1.);
#1198=VECTOR('',#3751,1.);
#1199=VECTOR('',#3754,1.);
#1200=VECTOR('',#3757,1.);
#1201=VECTOR('',#3764,1.);
#1202=VECTOR('',#3765,1.);
#1203=VECTOR('',#3766,1.);
#1204=VECTOR('',#3767,1.);
#1205=VECTOR('',#3770,1.);
#1206=VECTOR('',#3771,1.);
#1207=VECTOR('',#3772,1.);
#1208=VECTOR('',#3777,1.);
#1209=VECTOR('',#3778,1.);
#1210=VECTOR('',#3781,1.);
#1211=VECTOR('',#3782,1.);
#1212=VECTOR('',#3787,1.);
#1213=VECTOR('',#3792,45.);
#1214=VECTOR('',#3797,1.);
#1215=VECTOR('',#3798,1.);
#1216=VECTOR('',#3799,1.);
#1217=VECTOR('',#3800,1.);
#1218=VECTOR('',#3807,1.);
#1219=VECTOR('',#3808,1.);
#1220=VECTOR('',#3809,1.);
#1221=VECTOR('',#3812,1.);
#1222=VECTOR('',#3813,1.);
#1223=VECTOR('',#3816,1.);
#1224=VECTOR('',#3817,1.);
#1225=VECTOR('',#3820,1.);
#1226=VECTOR('',#3823,52.);
#1227=VECTOR('',#3828,52.);
#1228=VECTOR('',#3837,1.);
#1229=VECTOR('',#3838,1.);
#1230=VECTOR('',#3839,1.);
#1231=VECTOR('',#3840,1.);
#1232=VECTOR('',#3843,1.);
#1233=VECTOR('',#3844,1.);
#1234=VECTOR('',#3845,1.);
#1235=VECTOR('',#3846,1.);
#1236=VECTOR('',#3849,1.);
#1237=VECTOR('',#3850,1.);
#1238=VECTOR('',#3853,1.);
#1239=VECTOR('',#3854,1.);
#1240=VECTOR('',#3863,1.);
#1241=VECTOR('',#3864,1.);
#1242=VECTOR('',#3865,1.);
#1243=VECTOR('',#3866,1.);
#1244=VECTOR('',#3869,1.);
#1245=VECTOR('',#3870,1.);
#1246=VECTOR('',#3871,1.);
#1247=VECTOR('',#3872,1.);
#1248=VECTOR('',#3875,1.);
#1249=VECTOR('',#3876,1.);
#1250=VECTOR('',#3879,1.);
#1251=VECTOR('',#3880,1.);
#1252=VECTOR('',#3905,8.);
#1253=VECTOR('',#3916,8.);
#1254=VECTOR('',#3927,8.);
#1255=VECTOR('',#3938,8.);
#1256=VECTOR('',#3949,8.);
#1257=VECTOR('',#3960,8.);
#1258=VECTOR('',#3971,8.);
#1259=VECTOR('',#3982,8.);
#1260=VECTOR('',#3993,8.);
#1261=VECTOR('',#4004,3.2);
#1262=VECTOR('',#4015,3.2);
#1263=VECTOR('',#4026,3.2);
#1264=VECTOR('',#4037,3.2);
#1265=VECTOR('',#4048,3.2);
#1266=VECTOR('',#4059,3.2);
#1267=VECTOR('',#4070,3.2);
#1268=VECTOR('',#4081,3.2);
#1269=VECTOR('',#4092,3.2);
#1270=VECTOR('',#4103,3.2);
#1271=VECTOR('',#4114,3.2);
#1272=VECTOR('',#4125,3.2);
#1273=VECTOR('',#4140,1.);
#1274=VECTOR('',#4141,1.);
#1275=VECTOR('',#4142,1.);
#1276=VECTOR('',#4143,1.);
#1277=VECTOR('',#4146,1.);
#1278=VECTOR('',#4147,1.);
#1279=VECTOR('',#4148,1.);
#1280=VECTOR('',#4151,1.);
#1281=VECTOR('',#4152,1.);
#1282=VECTOR('',#4171,1.);
#1283=VECTOR('',#4172,1.);
#1284=VECTOR('',#4173,1.);
#1285=VECTOR('',#4174,1.);
#1286=VECTOR('',#4183,1.);
#1287=VECTOR('',#4184,1.);
#1288=VECTOR('',#4187,1.);
#1289=VECTOR('',#4206,1.);
#1290=VECTOR('',#4207,1.);
#1291=VECTOR('',#4208,1.);
#1292=VECTOR('',#4209,1.);
#1293=VECTOR('',#4220,4.);
#1294=VECTOR('',#4223,4.);
#1295=VECTOR('',#4226,4.);
#1296=VECTOR('',#4229,4.);
#1297=VECTOR('',#4232,4.);
#1298=VECTOR('',#4235,4.);
#1299=VECTOR('',#4238,4.);
#1300=VECTOR('',#4241,4.);
#1301=VECTOR('',#4244,4.);
#1302=VECTOR('',#4247,1.);
#1303=VECTOR('',#4248,1.);
#1304=VECTOR('',#4251,1.);
#1305=VECTOR('',#4254,1.);
#1306=VECTOR('',#4259,4.);
#1307=VECTOR('',#4262,4.);
#1308=VECTOR('',#4265,4.);
#1309=VECTOR('',#4270,1.);
#1310=VECTOR('',#4271,1.);
#1311=VECTOR('',#4272,1.);
#1312=VECTOR('',#4273,1.);
#1313=VECTOR('',#4276,1.);
#1314=VECTOR('',#4277,1.);
#1315=VECTOR('',#4278,1.);
#1316=VECTOR('',#4281,1.);
#1317=VECTOR('',#4282,1.);
#1318=VECTOR('',#4283,1.);
#1319=VECTOR('',#4284,1.);
#1320=VECTOR('',#4285,1.);
#1321=VECTOR('',#4286,1.);
#1322=VECTOR('',#4289,1.);
#1323=VECTOR('',#4290,1.);
#1324=VECTOR('',#4293,1.);
#1325=VECTOR('',#4294,1.);
#1326=VECTOR('',#4295,1.);
#1327=VECTOR('',#4296,1.);
#1328=VECTOR('',#4297,1.);
#1329=VECTOR('',#4302,1.);
#1330=VECTOR('',#4303,1.);
#1331=VECTOR('',#4306,1.);
#1332=VECTOR('',#4309,1.);
#1333=VERTEX_POINT('',#4328);
#1334=VERTEX_POINT('',#4329);
#1335=VERTEX_POINT('',#4331);
#1336=VERTEX_POINT('',#4333);
#1337=VERTEX_POINT('',#4337);
#1338=VERTEX_POINT('',#4339);
#1339=VERTEX_POINT('',#4343);
#1340=VERTEX_POINT('',#4346);
#1341=VERTEX_POINT('',#4348);
#1342=VERTEX_POINT('',#4350);
#1343=VERTEX_POINT('',#4352);
#1344=VERTEX_POINT('',#4354);
#1345=VERTEX_POINT('',#4356);
#1346=VERTEX_POINT('',#4358);
#1347=VERTEX_POINT('',#4360);
#1348=VERTEX_POINT('',#4362);
#1349=VERTEX_POINT('',#4364);
#1350=VERTEX_POINT('',#4365);
#1351=VERTEX_POINT('',#4367);
#1352=VERTEX_POINT('',#4369);
#1353=VERTEX_POINT('',#4372);
#1354=VERTEX_POINT('',#4374);
#1355=VERTEX_POINT('',#4376);
#1356=VERTEX_POINT('',#4379);
#1357=VERTEX_POINT('',#4384);
#1358=VERTEX_POINT('',#4386);
#1359=VERTEX_POINT('',#4388);
#1360=VERTEX_POINT('',#4390);
#1361=VERTEX_POINT('',#4392);
#1362=VERTEX_POINT('',#4394);
#1363=VERTEX_POINT('',#4396);
#1364=VERTEX_POINT('',#4398);
#1365=VERTEX_POINT('',#4400);
#1366=VERTEX_POINT('',#4402);
#1367=VERTEX_POINT('',#4403);
#1368=VERTEX_POINT('',#4405);
#1369=VERTEX_POINT('',#4407);
#1370=VERTEX_POINT('',#4410);
#1371=VERTEX_POINT('',#4412);
#1372=VERTEX_POINT('',#4414);
#1373=VERTEX_POINT('',#4451);
#1374=VERTEX_POINT('',#4452);
#1375=VERTEX_POINT('',#4454);
#1376=VERTEX_POINT('',#4456);
#1377=VERTEX_POINT('',#4460);
#1378=VERTEX_POINT('',#4462);
#1379=VERTEX_POINT('',#4466);
#1380=VERTEX_POINT('',#4469);
#1381=VERTEX_POINT('',#4470);
#1382=VERTEX_POINT('',#4472);
#1383=VERTEX_POINT('',#4474);
#1384=VERTEX_POINT('',#4478);
#1385=VERTEX_POINT('',#4483);
#1386=VERTEX_POINT('',#4484);
#1387=VERTEX_POINT('',#4486);
#1388=VERTEX_POINT('',#4488);
#1389=VERTEX_POINT('',#4505);
#1390=VERTEX_POINT('',#4506);
#1391=VERTEX_POINT('',#4508);
#1392=VERTEX_POINT('',#4510);
#1393=VERTEX_POINT('',#4514);
#1394=VERTEX_POINT('',#4516);
#1395=VERTEX_POINT('',#4520);
#1396=VERTEX_POINT('',#4523);
#1397=VERTEX_POINT('',#4524);
#1398=VERTEX_POINT('',#4526);
#1399=VERTEX_POINT('',#4528);
#1400=VERTEX_POINT('',#4532);
#1401=VERTEX_POINT('',#4537);
#1402=VERTEX_POINT('',#4538);
#1403=VERTEX_POINT('',#4540);
#1404=VERTEX_POINT('',#4542);
#1405=VERTEX_POINT('',#4555);
#1406=VERTEX_POINT('',#4556);
#1407=VERTEX_POINT('',#4558);
#1408=VERTEX_POINT('',#4560);
#1409=VERTEX_POINT('',#4564);
#1410=VERTEX_POINT('',#4566);
#1411=VERTEX_POINT('',#4570);
#1412=VERTEX_POINT('',#4573);
#1413=VERTEX_POINT('',#4574);
#1414=VERTEX_POINT('',#4576);
#1415=VERTEX_POINT('',#4578);
#1416=VERTEX_POINT('',#4582);
#1417=VERTEX_POINT('',#4587);
#1418=VERTEX_POINT('',#4588);
#1419=VERTEX_POINT('',#4590);
#1420=VERTEX_POINT('',#4592);
#1421=VERTEX_POINT('',#4606);
#1422=VERTEX_POINT('',#4607);
#1423=VERTEX_POINT('',#4609);
#1424=VERTEX_POINT('',#4611);
#1425=VERTEX_POINT('',#4615);
#1426=VERTEX_POINT('',#4617);
#1427=VERTEX_POINT('',#4621);
#1428=VERTEX_POINT('',#4624);
#1429=VERTEX_POINT('',#4625);
#1430=VERTEX_POINT('',#4627);
#1431=VERTEX_POINT('',#4629);
#1432=VERTEX_POINT('',#4633);
#1433=VERTEX_POINT('',#4638);
#1434=VERTEX_POINT('',#4639);
#1435=VERTEX_POINT('',#4641);
#1436=VERTEX_POINT('',#4643);
#1437=VERTEX_POINT('',#4657);
#1438=VERTEX_POINT('',#4658);
#1439=VERTEX_POINT('',#4660);
#1440=VERTEX_POINT('',#4662);
#1441=VERTEX_POINT('',#4666);
#1442=VERTEX_POINT('',#4668);
#1443=VERTEX_POINT('',#4671);
#1444=VERTEX_POINT('',#4674);
#1445=VERTEX_POINT('',#4678);
#1446=VERTEX_POINT('',#4681);
#1447=VERTEX_POINT('',#4690);
#1448=VERTEX_POINT('',#4691);
#1449=VERTEX_POINT('',#4693);
#1450=VERTEX_POINT('',#4695);
#1451=VERTEX_POINT('',#4698);
#1452=VERTEX_POINT('',#4700);
#1453=VERTEX_POINT('',#4703);
#1454=VERTEX_POINT('',#4705);
#1455=VERTEX_POINT('',#4709);
#1456=VERTEX_POINT('',#4713);
#1457=VERTEX_POINT('',#4719);
#1458=VERTEX_POINT('',#4723);
#1459=VERTEX_POINT('',#4729);
#1460=VERTEX_POINT('',#4730);
#1461=VERTEX_POINT('',#4732);
#1462=VERTEX_POINT('',#4734);
#1463=VERTEX_POINT('',#4738);
#1464=VERTEX_POINT('',#4739);
#1465=VERTEX_POINT('',#4741);
#1466=VERTEX_POINT('',#4743);
#1467=VERTEX_POINT('',#4756);
#1468=VERTEX_POINT('',#4757);
#1469=VERTEX_POINT('',#4759);
#1470=VERTEX_POINT('',#4761);
#1471=VERTEX_POINT('',#4765);
#1472=VERTEX_POINT('',#4766);
#1473=VERTEX_POINT('',#4768);
#1474=VERTEX_POINT('',#4770);
#1475=VERTEX_POINT('',#4790);
#1476=VERTEX_POINT('',#4792);
#1477=VERTEX_POINT('',#4798);
#1478=VERTEX_POINT('',#4800);
#1479=VERTEX_POINT('',#4806);
#1480=VERTEX_POINT('',#4808);
#1481=VERTEX_POINT('',#4814);
#1482=VERTEX_POINT('',#4816);
#1483=VERTEX_POINT('',#4822);
#1484=VERTEX_POINT('',#4824);
#1485=VERTEX_POINT('',#4830);
#1486=VERTEX_POINT('',#4832);
#1487=VERTEX_POINT('',#4838);
#1488=VERTEX_POINT('',#4840);
#1489=VERTEX_POINT('',#4846);
#1490=VERTEX_POINT('',#4848);
#1491=VERTEX_POINT('',#4854);
#1492=VERTEX_POINT('',#4856);
#1493=VERTEX_POINT('',#4862);
#1494=VERTEX_POINT('',#4864);
#1495=VERTEX_POINT('',#4870);
#1496=VERTEX_POINT('',#4872);
#1497=VERTEX_POINT('',#4878);
#1498=VERTEX_POINT('',#4880);
#1499=VERTEX_POINT('',#4886);
#1500=VERTEX_POINT('',#4888);
#1501=VERTEX_POINT('',#4894);
#1502=VERTEX_POINT('',#4896);
#1503=VERTEX_POINT('',#4902);
#1504=VERTEX_POINT('',#4904);
#1505=VERTEX_POINT('',#4910);
#1506=VERTEX_POINT('',#4912);
#1507=VERTEX_POINT('',#4918);
#1508=VERTEX_POINT('',#4920);
#1509=VERTEX_POINT('',#4926);
#1510=VERTEX_POINT('',#4928);
#1511=VERTEX_POINT('',#4934);
#1512=VERTEX_POINT('',#4936);
#1513=VERTEX_POINT('',#4942);
#1514=VERTEX_POINT('',#4944);
#1515=VERTEX_POINT('',#4950);
#1516=VERTEX_POINT('',#4952);
#1517=VERTEX_POINT('',#4961);
#1518=VERTEX_POINT('',#4962);
#1519=VERTEX_POINT('',#4964);
#1520=VERTEX_POINT('',#4966);
#1521=VERTEX_POINT('',#4970);
#1522=VERTEX_POINT('',#4972);
#1523=VERTEX_POINT('',#4976);
#1524=VERTEX_POINT('',#4979);
#1525=VERTEX_POINT('',#4981);
#1526=VERTEX_POINT('',#4983);
#1527=VERTEX_POINT('',#4985);
#1528=VERTEX_POINT('',#4987);
#1529=VERTEX_POINT('',#4989);
#1530=VERTEX_POINT('',#4991);
#1531=VERTEX_POINT('',#4993);
#1532=VERTEX_POINT('',#4995);
#1533=VERTEX_POINT('',#4997);
#1534=VERTEX_POINT('',#4998);
#1535=VERTEX_POINT('',#5000);
#1536=VERTEX_POINT('',#5002);
#1537=VERTEX_POINT('',#5005);
#1538=VERTEX_POINT('',#5007);
#1539=VERTEX_POINT('',#5009);
#1540=VERTEX_POINT('',#5012);
#1541=VERTEX_POINT('',#5017);
#1542=VERTEX_POINT('',#5019);
#1543=VERTEX_POINT('',#5021);
#1544=VERTEX_POINT('',#5023);
#1545=VERTEX_POINT('',#5025);
#1546=VERTEX_POINT('',#5027);
#1547=VERTEX_POINT('',#5029);
#1548=VERTEX_POINT('',#5031);
#1549=VERTEX_POINT('',#5033);
#1550=VERTEX_POINT('',#5035);
#1551=VERTEX_POINT('',#5036);
#1552=VERTEX_POINT('',#5038);
#1553=VERTEX_POINT('',#5040);
#1554=VERTEX_POINT('',#5043);
#1555=VERTEX_POINT('',#5045);
#1556=VERTEX_POINT('',#5047);
#1557=VERTEX_POINT('',#5084);
#1558=VERTEX_POINT('',#5085);
#1559=VERTEX_POINT('',#5087);
#1560=VERTEX_POINT('',#5089);
#1561=VERTEX_POINT('',#5093);
#1562=VERTEX_POINT('',#5095);
#1563=VERTEX_POINT('',#5099);
#1564=VERTEX_POINT('',#5102);
#1565=VERTEX_POINT('',#5103);
#1566=VERTEX_POINT('',#5105);
#1567=VERTEX_POINT('',#5107);
#1568=VERTEX_POINT('',#5111);
#1569=VERTEX_POINT('',#5116);
#1570=VERTEX_POINT('',#5117);
#1571=VERTEX_POINT('',#5119);
#1572=VERTEX_POINT('',#5121);
#1573=EDGE_CURVE('',#1333,#1334,#805,.T.);
#1574=EDGE_CURVE('',#1334,#1335,#806,.T.);
#1575=EDGE_CURVE('',#1336,#1335,#807,.T.);
#1576=EDGE_CURVE('',#1333,#1336,#808,.T.);
#1577=EDGE_CURVE('',#1333,#1337,#809,.T.);
#1578=EDGE_CURVE('',#1337,#1338,#810,.T.);
#1579=EDGE_CURVE('',#1334,#1338,#811,.T.);
#1580=EDGE_CURVE('',#1338,#1339,#812,.T.);
#1581=EDGE_CURVE('',#1335,#1339,#813,.T.);
#1582=EDGE_CURVE('',#1340,#1340,#273,.T.);
#1583=EDGE_CURVE('',#1341,#1341,#274,.T.);
#1584=EDGE_CURVE('',#1342,#1342,#275,.T.);
#1585=EDGE_CURVE('',#1343,#1343,#276,.T.);
#1586=EDGE_CURVE('',#1344,#1344,#277,.T.);
#1587=EDGE_CURVE('',#1345,#1345,#278,.T.);
#1588=EDGE_CURVE('',#1346,#1346,#279,.T.);
#1589=EDGE_CURVE('',#1347,#1347,#280,.T.);
#1590=EDGE_CURVE('',#1348,#1348,#281,.T.);
#1591=EDGE_CURVE('',#1349,#1350,#814,.T.);
#1592=EDGE_CURVE('',#1350,#1351,#815,.T.);
#1593=EDGE_CURVE('',#1352,#1351,#816,.T.);
#1594=EDGE_CURVE('',#1349,#1352,#817,.T.);
#1595=EDGE_CURVE('',#1353,#1353,#282,.T.);
#1596=EDGE_CURVE('',#1354,#1354,#283,.T.);
#1597=EDGE_CURVE('',#1355,#1355,#284,.T.);
#1598=EDGE_CURVE('',#1336,#1356,#818,.T.);
#1599=EDGE_CURVE('',#1356,#1339,#819,.T.);
#1600=EDGE_CURVE('',#1337,#1356,#820,.T.);
#1601=EDGE_CURVE('',#1357,#1357,#285,.T.);
#1602=EDGE_CURVE('',#1358,#1358,#286,.T.);
#1603=EDGE_CURVE('',#1359,#1359,#287,.T.);
#1604=EDGE_CURVE('',#1360,#1360,#288,.T.);
#1605=EDGE_CURVE('',#1361,#1361,#289,.T.);
#1606=EDGE_CURVE('',#1362,#1362,#290,.T.);
#1607=EDGE_CURVE('',#1363,#1363,#291,.T.);
#1608=EDGE_CURVE('',#1364,#1364,#292,.T.);
#1609=EDGE_CURVE('',#1365,#1365,#293,.T.);
#1610=EDGE_CURVE('',#1366,#1367,#821,.T.);
#1611=EDGE_CURVE('',#1366,#1368,#822,.T.);
#1612=EDGE_CURVE('',#1368,#1369,#823,.T.);
#1613=EDGE_CURVE('',#1367,#1369,#824,.T.);
#1614=EDGE_CURVE('',#1370,#1370,#294,.T.);
#1615=EDGE_CURVE('',#1371,#1371,#295,.T.);
#1616=EDGE_CURVE('',#1372,#1372,#296,.T.);
#1617=EDGE_CURVE('',#1357,#1340,#825,.T.);
#1618=EDGE_CURVE('',#1358,#1341,#826,.T.);
#1619=EDGE_CURVE('',#1359,#1342,#827,.T.);
#1620=EDGE_CURVE('',#1360,#1343,#828,.T.);
#1621=EDGE_CURVE('',#1361,#1344,#829,.T.);
#1622=EDGE_CURVE('',#1362,#1345,#830,.T.);
#1623=EDGE_CURVE('',#1363,#1346,#831,.T.);
#1624=EDGE_CURVE('',#1364,#1347,#832,.T.);
#1625=EDGE_CURVE('',#1365,#1348,#833,.T.);
#1626=EDGE_CURVE('',#1366,#1349,#834,.T.);
#1627=EDGE_CURVE('',#1367,#1350,#835,.T.);
#1628=EDGE_CURVE('',#1368,#1352,#836,.T.);
#1629=EDGE_CURVE('',#1369,#1351,#837,.T.);
#1630=EDGE_CURVE('',#1370,#1353,#838,.T.);
#1631=EDGE_CURVE('',#1371,#1354,#839,.T.);
#1632=EDGE_CURVE('',#1372,#1355,#840,.T.);
#1633=EDGE_CURVE('',#1373,#1374,#841,.T.);
#1634=EDGE_CURVE('',#1374,#1375,#842,.T.);
#1635=EDGE_CURVE('',#1376,#1375,#843,.T.);
#1636=EDGE_CURVE('',#1373,#1376,#844,.T.);
#1637=EDGE_CURVE('',#1373,#1377,#845,.T.);
#1638=EDGE_CURVE('',#1377,#1378,#846,.T.);
#1639=EDGE_CURVE('',#1374,#1378,#847,.T.);
#1640=EDGE_CURVE('',#1378,#1379,#848,.T.);
#1641=EDGE_CURVE('',#1375,#1379,#849,.T.);
#1642=EDGE_CURVE('',#1380,#1381,#850,.T.);
#1643=EDGE_CURVE('',#1381,#1382,#851,.T.);
#1644=EDGE_CURVE('',#1383,#1382,#852,.T.);
#1645=EDGE_CURVE('',#1380,#1383,#853,.T.);
#1646=EDGE_CURVE('',#1376,#1384,#854,.T.);
#1647=EDGE_CURVE('',#1384,#1379,#855,.T.);
#1648=EDGE_CURVE('',#1377,#1384,#856,.T.);
#1649=EDGE_CURVE('',#1385,#1386,#857,.T.);
#1650=EDGE_CURVE('',#1385,#1387,#858,.T.);
#1651=EDGE_CURVE('',#1387,#1388,#859,.T.);
#1652=EDGE_CURVE('',#1386,#1388,#860,.T.);
#1653=EDGE_CURVE('',#1385,#1380,#861,.T.);
#1654=EDGE_CURVE('',#1386,#1381,#862,.T.);
#1655=EDGE_CURVE('',#1387,#1383,#863,.T.);
#1656=EDGE_CURVE('',#1388,#1382,#864,.T.);
#1657=EDGE_CURVE('',#1389,#1390,#865,.T.);
#1658=EDGE_CURVE('',#1390,#1391,#866,.T.);
#1659=EDGE_CURVE('',#1392,#1391,#867,.T.);
#1660=EDGE_CURVE('',#1389,#1392,#868,.T.);
#1661=EDGE_CURVE('',#1389,#1393,#869,.T.);
#1662=EDGE_CURVE('',#1393,#1394,#870,.T.);
#1663=EDGE_CURVE('',#1390,#1394,#871,.T.);
#1664=EDGE_CURVE('',#1394,#1395,#872,.T.);
#1665=EDGE_CURVE('',#1391,#1395,#873,.T.);
#1666=EDGE_CURVE('',#1396,#1397,#874,.T.);
#1667=EDGE_CURVE('',#1397,#1398,#875,.T.);
#1668=EDGE_CURVE('',#1399,#1398,#876,.T.);
#1669=EDGE_CURVE('',#1396,#1399,#877,.T.);
#1670=EDGE_CURVE('',#1392,#1400,#878,.T.);
#1671=EDGE_CURVE('',#1400,#1395,#879,.T.);
#1672=EDGE_CURVE('',#1393,#1400,#880,.T.);
#1673=EDGE_CURVE('',#1401,#1402,#881,.T.);
#1674=EDGE_CURVE('',#1401,#1403,#882,.T.);
#1675=EDGE_CURVE('',#1403,#1404,#883,.T.);
#1676=EDGE_CURVE('',#1402,#1404,#884,.T.);
#1677=EDGE_CURVE('',#1401,#1396,#885,.T.);
#1678=EDGE_CURVE('',#1402,#1397,#886,.T.);
#1679=EDGE_CURVE('',#1403,#1399,#887,.T.);
#1680=EDGE_CURVE('',#1404,#1398,#888,.T.);
#1681=EDGE_CURVE('',#1405,#1406,#889,.T.);
#1682=EDGE_CURVE('',#1405,#1407,#890,.T.);
#1683=EDGE_CURVE('',#1407,#1408,#891,.T.);
#1684=EDGE_CURVE('',#1406,#1408,#892,.T.);
#1685=EDGE_CURVE('',#1405,#1409,#893,.T.);
#1686=EDGE_CURVE('',#1406,#1410,#894,.T.);
#1687=EDGE_CURVE('',#1409,#1410,#895,.T.);
#1688=EDGE_CURVE('',#1408,#1411,#896,.T.);
#1689=EDGE_CURVE('',#1410,#1411,#897,.T.);
#1690=EDGE_CURVE('',#1412,#1413,#898,.T.);
#1691=EDGE_CURVE('',#1412,#1414,#899,.T.);
#1692=EDGE_CURVE('',#1414,#1415,#900,.T.);
#1693=EDGE_CURVE('',#1413,#1415,#901,.T.);
#1694=EDGE_CURVE('',#1407,#1416,#902,.T.);
#1695=EDGE_CURVE('',#1416,#1411,#903,.T.);
#1696=EDGE_CURVE('',#1409,#1416,#904,.T.);
#1697=EDGE_CURVE('',#1417,#1418,#905,.T.);
#1698=EDGE_CURVE('',#1418,#1419,#906,.T.);
#1699=EDGE_CURVE('',#1420,#1419,#907,.T.);
#1700=EDGE_CURVE('',#1417,#1420,#908,.T.);
#1701=EDGE_CURVE('',#1417,#1412,#909,.T.);
#1702=EDGE_CURVE('',#1418,#1413,#910,.T.);
#1703=EDGE_CURVE('',#1420,#1414,#911,.T.);
#1704=EDGE_CURVE('',#1419,#1415,#912,.T.);
#1705=EDGE_CURVE('',#1421,#1422,#913,.T.);
#1706=EDGE_CURVE('',#1422,#1423,#914,.T.);
#1707=EDGE_CURVE('',#1424,#1423,#915,.T.);
#1708=EDGE_CURVE('',#1421,#1424,#916,.T.);
#1709=EDGE_CURVE('',#1421,#1425,#917,.T.);
#1710=EDGE_CURVE('',#1425,#1426,#918,.T.);
#1711=EDGE_CURVE('',#1422,#1426,#919,.T.);
#1712=EDGE_CURVE('',#1426,#1427,#920,.T.);
#1713=EDGE_CURVE('',#1423,#1427,#921,.T.);
#1714=EDGE_CURVE('',#1428,#1429,#922,.T.);
#1715=EDGE_CURVE('',#1429,#1430,#923,.T.);
#1716=EDGE_CURVE('',#1431,#1430,#924,.T.);
#1717=EDGE_CURVE('',#1428,#1431,#925,.T.);
#1718=EDGE_CURVE('',#1424,#1432,#926,.T.);
#1719=EDGE_CURVE('',#1432,#1427,#927,.T.);
#1720=EDGE_CURVE('',#1425,#1432,#928,.T.);
#1721=EDGE_CURVE('',#1433,#1434,#929,.T.);
#1722=EDGE_CURVE('',#1433,#1435,#930,.T.);
#1723=EDGE_CURVE('',#1435,#1436,#931,.T.);
#1724=EDGE_CURVE('',#1434,#1436,#932,.T.);
#1725=EDGE_CURVE('',#1433,#1428,#933,.T.);
#1726=EDGE_CURVE('',#1434,#1429,#934,.T.);
#1727=EDGE_CURVE('',#1435,#1431,#935,.T.);
#1728=EDGE_CURVE('',#1436,#1430,#936,.T.);
#1729=EDGE_CURVE('',#1437,#1438,#937,.T.);
#1730=EDGE_CURVE('',#1438,#1439,#938,.T.);
#1731=EDGE_CURVE('',#1440,#1439,#939,.T.);
#1732=EDGE_CURVE('',#1437,#1440,#940,.T.);
#1733=EDGE_CURVE('',#1437,#1441,#941,.T.);
#1734=EDGE_CURVE('',#1441,#1442,#942,.T.);
#1735=EDGE_CURVE('',#1438,#1442,#943,.T.);
#1736=EDGE_CURVE('',#1443,#1443,#297,.T.);
#1737=EDGE_CURVE('',#1442,#1444,#944,.T.);
#1738=EDGE_CURVE('',#1439,#1444,#945,.T.);
#1739=EDGE_CURVE('',#1440,#1445,#946,.T.);
#1740=EDGE_CURVE('',#1445,#1444,#947,.T.);
#1741=EDGE_CURVE('',#1446,#1446,#298,.T.);
#1742=EDGE_CURVE('',#1441,#1445,#948,.T.);
#1743=EDGE_CURVE('',#1443,#1446,#949,.T.);
#1744=EDGE_CURVE('',#1447,#1448,#950,.T.);
#1745=EDGE_CURVE('',#1448,#1449,#951,.T.);
#1746=EDGE_CURVE('',#1450,#1449,#952,.T.);
#1747=EDGE_CURVE('',#1447,#1450,#953,.T.);
#1748=EDGE_CURVE('',#1451,#1451,#299,.T.);
#1749=EDGE_CURVE('',#1452,#1452,#300,.T.);
#1750=EDGE_CURVE('',#1447,#1453,#954,.T.);
#1751=EDGE_CURVE('',#1453,#1454,#955,.T.);
#1752=EDGE_CURVE('',#1448,#1454,#956,.T.);
#1753=EDGE_CURVE('',#1454,#1455,#957,.T.);
#1754=EDGE_CURVE('',#1449,#1455,#958,.T.);
#1755=EDGE_CURVE('',#1450,#1456,#959,.T.);
#1756=EDGE_CURVE('',#1453,#1456,#960,.T.);
#1757=EDGE_CURVE('',#1456,#1455,#961,.T.);
#1758=EDGE_CURVE('',#1451,#1457,#962,.T.);
#1759=EDGE_CURVE('',#1457,#1457,#301,.T.);
#1760=EDGE_CURVE('',#1452,#1458,#963,.T.);
#1761=EDGE_CURVE('',#1458,#1458,#302,.T.);
#1762=EDGE_CURVE('',#1459,#1460,#964,.T.);
#1763=EDGE_CURVE('',#1460,#1461,#965,.T.);
#1764=EDGE_CURVE('',#1462,#1461,#966,.T.);
#1765=EDGE_CURVE('',#1459,#1462,#967,.T.);
#1766=EDGE_CURVE('',#1463,#1464,#968,.T.);
#1767=EDGE_CURVE('',#1463,#1465,#969,.T.);
#1768=EDGE_CURVE('',#1465,#1466,#970,.T.);
#1769=EDGE_CURVE('',#1464,#1466,#971,.T.);
#1770=EDGE_CURVE('',#1459,#1463,#972,.T.);
#1771=EDGE_CURVE('',#1460,#1464,#973,.T.);
#1772=EDGE_CURVE('',#1462,#1465,#974,.T.);
#1773=EDGE_CURVE('',#1461,#1466,#975,.T.);
#1774=EDGE_CURVE('',#1467,#1468,#976,.T.);
#1775=EDGE_CURVE('',#1468,#1469,#977,.T.);
#1776=EDGE_CURVE('',#1470,#1469,#978,.T.);
#1777=EDGE_CURVE('',#1467,#1470,#979,.T.);
#1778=EDGE_CURVE('',#1471,#1472,#980,.T.);
#1779=EDGE_CURVE('',#1471,#1473,#981,.T.);
#1780=EDGE_CURVE('',#1473,#1474,#982,.T.);
#1781=EDGE_CURVE('',#1472,#1474,#983,.T.);
#1782=EDGE_CURVE('',#1467,#1471,#984,.T.);
#1783=EDGE_CURVE('',#1468,#1472,#985,.T.);
#1784=EDGE_CURVE('',#1470,#1473,#986,.T.);
#1785=EDGE_CURVE('',#1469,#1474,#987,.T.);
#1786=EDGE_CURVE('',#1475,#1475,#303,.T.);
#1787=EDGE_CURVE('',#1475,#1476,#988,.T.);
#1788=EDGE_CURVE('',#1476,#1476,#304,.T.);
#1789=EDGE_CURVE('',#1477,#1477,#305,.T.);
#1790=EDGE_CURVE('',#1477,#1478,#989,.T.);
#1791=EDGE_CURVE('',#1478,#1478,#306,.T.);
#1792=EDGE_CURVE('',#1479,#1479,#307,.T.);
#1793=EDGE_CURVE('',#1479,#1480,#990,.T.);
#1794=EDGE_CURVE('',#1480,#1480,#308,.T.);
#1795=EDGE_CURVE('',#1481,#1481,#309,.T.);
#1796=EDGE_CURVE('',#1481,#1482,#991,.T.);
#1797=EDGE_CURVE('',#1482,#1482,#310,.T.);
#1798=EDGE_CURVE('',#1483,#1483,#311,.T.);
#1799=EDGE_CURVE('',#1483,#1484,#992,.T.);
#1800=EDGE_CURVE('',#1484,#1484,#312,.T.);
#1801=EDGE_CURVE('',#1485,#1485,#313,.T.);
#1802=EDGE_CURVE('',#1485,#1486,#993,.T.);
#1803=EDGE_CURVE('',#1486,#1486,#314,.T.);
#1804=EDGE_CURVE('',#1487,#1487,#315,.T.);
#1805=EDGE_CURVE('',#1487,#1488,#994,.T.);
#1806=EDGE_CURVE('',#1488,#1488,#316,.T.);
#1807=EDGE_CURVE('',#1489,#1489,#317,.T.);
#1808=EDGE_CURVE('',#1489,#1490,#995,.T.);
#1809=EDGE_CURVE('',#1490,#1490,#318,.T.);
#1810=EDGE_CURVE('',#1491,#1491,#319,.T.);
#1811=EDGE_CURVE('',#1491,#1492,#996,.T.);
#1812=EDGE_CURVE('',#1492,#1492,#320,.T.);
#1813=EDGE_CURVE('',#1493,#1493,#321,.T.);
#1814=EDGE_CURVE('',#1493,#1494,#997,.T.);
#1815=EDGE_CURVE('',#1494,#1494,#322,.T.);
#1816=EDGE_CURVE('',#1495,#1495,#323,.T.);
#1817=EDGE_CURVE('',#1495,#1496,#998,.T.);
#1818=EDGE_CURVE('',#1496,#1496,#324,.T.);
#1819=EDGE_CURVE('',#1497,#1497,#325,.T.);
#1820=EDGE_CURVE('',#1497,#1498,#999,.T.);
#1821=EDGE_CURVE('',#1498,#1498,#326,.T.);
#1822=EDGE_CURVE('',#1499,#1499,#327,.T.);
#1823=EDGE_CURVE('',#1499,#1500,#1000,.T.);
#1824=EDGE_CURVE('',#1500,#1500,#328,.T.);
#1825=EDGE_CURVE('',#1501,#1501,#329,.T.);
#1826=EDGE_CURVE('',#1501,#1502,#1001,.T.);
#1827=EDGE_CURVE('',#1502,#1502,#330,.T.);
#1828=EDGE_CURVE('',#1503,#1503,#331,.T.);
#1829=EDGE_CURVE('',#1503,#1504,#1002,.T.);
#1830=EDGE_CURVE('',#1504,#1504,#332,.T.);
#1831=EDGE_CURVE('',#1505,#1505,#333,.T.);
#1832=EDGE_CURVE('',#1505,#1506,#1003,.T.);
#1833=EDGE_CURVE('',#1506,#1506,#334,.T.);
#1834=EDGE_CURVE('',#1507,#1507,#335,.T.);
#1835=EDGE_CURVE('',#1507,#1508,#1004,.T.);
#1836=EDGE_CURVE('',#1508,#1508,#336,.T.);
#1837=EDGE_CURVE('',#1509,#1509,#337,.T.);
#1838=EDGE_CURVE('',#1509,#1510,#1005,.T.);
#1839=EDGE_CURVE('',#1510,#1510,#338,.T.);
#1840=EDGE_CURVE('',#1511,#1511,#339,.T.);
#1841=EDGE_CURVE('',#1511,#1512,#1006,.T.);
#1842=EDGE_CURVE('',#1512,#1512,#340,.T.);
#1843=EDGE_CURVE('',#1513,#1513,#341,.T.);
#1844=EDGE_CURVE('',#1513,#1514,#1007,.T.);
#1845=EDGE_CURVE('',#1514,#1514,#342,.T.);
#1846=EDGE_CURVE('',#1515,#1515,#343,.T.);
#1847=EDGE_CURVE('',#1515,#1516,#1008,.T.);
#1848=EDGE_CURVE('',#1516,#1516,#344,.T.);
#1849=EDGE_CURVE('',#1517,#1518,#1009,.T.);
#1850=EDGE_CURVE('',#1517,#1519,#1010,.T.);
#1851=EDGE_CURVE('',#1519,#1520,#1011,.T.);
#1852=EDGE_CURVE('',#1518,#1520,#1012,.T.);
#1853=EDGE_CURVE('',#1517,#1521,#1013,.T.);
#1854=EDGE_CURVE('',#1518,#1522,#1014,.T.);
#1855=EDGE_CURVE('',#1521,#1522,#1015,.T.);
#1856=EDGE_CURVE('',#1520,#1523,#1016,.T.);
#1857=EDGE_CURVE('',#1522,#1523,#1017,.T.);
#1858=EDGE_CURVE('',#1524,#1524,#345,.T.);
#1859=EDGE_CURVE('',#1525,#1525,#346,.T.);
#1860=EDGE_CURVE('',#1526,#1526,#347,.T.);
#1861=EDGE_CURVE('',#1527,#1527,#348,.T.);
#1862=EDGE_CURVE('',#1528,#1528,#349,.T.);
#1863=EDGE_CURVE('',#1529,#1529,#350,.T.);
#1864=EDGE_CURVE('',#1530,#1530,#351,.T.);
#1865=EDGE_CURVE('',#1531,#1531,#352,.T.);
#1866=EDGE_CURVE('',#1532,#1532,#353,.T.);
#1867=EDGE_CURVE('',#1533,#1534,#1018,.T.);
#1868=EDGE_CURVE('',#1533,#1535,#1019,.T.);
#1869=EDGE_CURVE('',#1535,#1536,#1020,.T.);
#1870=EDGE_CURVE('',#1534,#1536,#1021,.T.);
#1871=EDGE_CURVE('',#1537,#1537,#354,.T.);
#1872=EDGE_CURVE('',#1538,#1538,#355,.T.);
#1873=EDGE_CURVE('',#1539,#1539,#356,.T.);
#1874=EDGE_CURVE('',#1519,#1540,#1022,.T.);
#1875=EDGE_CURVE('',#1540,#1523,#1023,.T.);
#1876=EDGE_CURVE('',#1521,#1540,#1024,.T.);
#1877=EDGE_CURVE('',#1541,#1541,#357,.T.);
#1878=EDGE_CURVE('',#1542,#1542,#358,.T.);
#1879=EDGE_CURVE('',#1543,#1543,#359,.T.);
#1880=EDGE_CURVE('',#1544,#1544,#360,.T.);
#1881=EDGE_CURVE('',#1545,#1545,#361,.T.);
#1882=EDGE_CURVE('',#1546,#1546,#362,.T.);
#1883=EDGE_CURVE('',#1547,#1547,#363,.T.);
#1884=EDGE_CURVE('',#1548,#1548,#364,.T.);
#1885=EDGE_CURVE('',#1549,#1549,#365,.T.);
#1886=EDGE_CURVE('',#1550,#1551,#1025,.T.);
#1887=EDGE_CURVE('',#1551,#1552,#1026,.T.);
#1888=EDGE_CURVE('',#1553,#1552,#1027,.T.);
#1889=EDGE_CURVE('',#1550,#1553,#1028,.T.);
#1890=EDGE_CURVE('',#1554,#1554,#366,.T.);
#1891=EDGE_CURVE('',#1555,#1555,#367,.T.);
#1892=EDGE_CURVE('',#1556,#1556,#368,.T.);
#1893=EDGE_CURVE('',#1524,#1541,#1029,.T.);
#1894=EDGE_CURVE('',#1525,#1542,#1030,.T.);
#1895=EDGE_CURVE('',#1526,#1543,#1031,.T.);
#1896=EDGE_CURVE('',#1527,#1544,#1032,.T.);
#1897=EDGE_CURVE('',#1528,#1545,#1033,.T.);
#1898=EDGE_CURVE('',#1529,#1546,#1034,.T.);
#1899=EDGE_CURVE('',#1530,#1547,#1035,.T.);
#1900=EDGE_CURVE('',#1531,#1548,#1036,.T.);
#1901=EDGE_CURVE('',#1532,#1549,#1037,.T.);
#1902=EDGE_CURVE('',#1550,#1533,#1038,.T.);
#1903=EDGE_CURVE('',#1551,#1534,#1039,.T.);
#1904=EDGE_CURVE('',#1553,#1535,#1040,.T.);
#1905=EDGE_CURVE('',#1552,#1536,#1041,.T.);
#1906=EDGE_CURVE('',#1537,#1554,#1042,.T.);
#1907=EDGE_CURVE('',#1538,#1555,#1043,.T.);
#1908=EDGE_CURVE('',#1539,#1556,#1044,.T.);
#1909=EDGE_CURVE('',#1557,#1558,#1045,.T.);
#1910=EDGE_CURVE('',#1557,#1559,#1046,.T.);
#1911=EDGE_CURVE('',#1559,#1560,#1047,.T.);
#1912=EDGE_CURVE('',#1558,#1560,#1048,.T.);
#1913=EDGE_CURVE('',#1557,#1561,#1049,.T.);
#1914=EDGE_CURVE('',#1558,#1562,#1050,.T.);
#1915=EDGE_CURVE('',#1561,#1562,#1051,.T.);
#1916=EDGE_CURVE('',#1560,#1563,#1052,.T.);
#1917=EDGE_CURVE('',#1562,#1563,#1053,.T.);
#1918=EDGE_CURVE('',#1564,#1565,#1054,.T.);
#1919=EDGE_CURVE('',#1564,#1566,#1055,.T.);
#1920=EDGE_CURVE('',#1566,#1567,#1056,.T.);
#1921=EDGE_CURVE('',#1565,#1567,#1057,.T.);
#1922=EDGE_CURVE('',#1559,#1568,#1058,.T.);
#1923=EDGE_CURVE('',#1568,#1563,#1059,.T.);
#1924=EDGE_CURVE('',#1561,#1568,#1060,.T.);
#1925=EDGE_CURVE('',#1569,#1570,#1061,.T.);
#1926=EDGE_CURVE('',#1570,#1571,#1062,.T.);
#1927=EDGE_CURVE('',#1572,#1571,#1063,.T.);
#1928=EDGE_CURVE('',#1569,#1572,#1064,.T.);
#1929=EDGE_CURVE('',#1569,#1564,#1065,.T.);
#1930=EDGE_CURVE('',#1570,#1565,#1066,.T.);
#1931=EDGE_CURVE('',#1572,#1566,#1067,.T.);
#1932=EDGE_CURVE('',#1571,#1567,#1068,.T.);
#1933=ORIENTED_EDGE('',*,*,#1573,.T.);
#1934=ORIENTED_EDGE('',*,*,#1574,.T.);
#1935=ORIENTED_EDGE('',*,*,#1575,.F.);
#1936=ORIENTED_EDGE('',*,*,#1576,.F.);
#1937=ORIENTED_EDGE('',*,*,#1577,.T.);
#1938=ORIENTED_EDGE('',*,*,#1578,.T.);
#1939=ORIENTED_EDGE('',*,*,#1579,.F.);
#1940=ORIENTED_EDGE('',*,*,#1573,.F.);
#1941=ORIENTED_EDGE('',*,*,#1574,.F.);
#1942=ORIENTED_EDGE('',*,*,#1579,.T.);
#1943=ORIENTED_EDGE('',*,*,#1580,.T.);
#1944=ORIENTED_EDGE('',*,*,#1581,.F.);
#1945=ORIENTED_EDGE('',*,*,#1582,.F.);
#1946=ORIENTED_EDGE('',*,*,#1583,.F.);
#1947=ORIENTED_EDGE('',*,*,#1584,.F.);
#1948=ORIENTED_EDGE('',*,*,#1585,.F.);
#1949=ORIENTED_EDGE('',*,*,#1586,.F.);
#1950=ORIENTED_EDGE('',*,*,#1587,.F.);
#1951=ORIENTED_EDGE('',*,*,#1588,.F.);
#1952=ORIENTED_EDGE('',*,*,#1589,.F.);
#1953=ORIENTED_EDGE('',*,*,#1590,.F.);
#1954=ORIENTED_EDGE('',*,*,#1591,.T.);
#1955=ORIENTED_EDGE('',*,*,#1592,.T.);
#1956=ORIENTED_EDGE('',*,*,#1593,.F.);
#1957=ORIENTED_EDGE('',*,*,#1594,.F.);
#1958=ORIENTED_EDGE('',*,*,#1595,.F.);
#1959=ORIENTED_EDGE('',*,*,#1596,.F.);
#1960=ORIENTED_EDGE('',*,*,#1597,.F.);
#1961=ORIENTED_EDGE('',*,*,#1598,.F.);
#1962=ORIENTED_EDGE('',*,*,#1575,.T.);
#1963=ORIENTED_EDGE('',*,*,#1581,.T.);
#1964=ORIENTED_EDGE('',*,*,#1599,.F.);
#1965=ORIENTED_EDGE('',*,*,#1576,.T.);
#1966=ORIENTED_EDGE('',*,*,#1598,.T.);
#1967=ORIENTED_EDGE('',*,*,#1600,.F.);
#1968=ORIENTED_EDGE('',*,*,#1577,.F.);
#1969=ORIENTED_EDGE('',*,*,#1601,.T.);
#1970=ORIENTED_EDGE('',*,*,#1602,.T.);
#1971=ORIENTED_EDGE('',*,*,#1603,.T.);
#1972=ORIENTED_EDGE('',*,*,#1604,.T.);
#1973=ORIENTED_EDGE('',*,*,#1605,.T.);
#1974=ORIENTED_EDGE('',*,*,#1606,.T.);
#1975=ORIENTED_EDGE('',*,*,#1607,.T.);
#1976=ORIENTED_EDGE('',*,*,#1608,.T.);
#1977=ORIENTED_EDGE('',*,*,#1609,.T.);
#1978=ORIENTED_EDGE('',*,*,#1610,.F.);
#1979=ORIENTED_EDGE('',*,*,#1611,.T.);
#1980=ORIENTED_EDGE('',*,*,#1612,.T.);
#1981=ORIENTED_EDGE('',*,*,#1613,.F.);
#1982=ORIENTED_EDGE('',*,*,#1614,.T.);
#1983=ORIENTED_EDGE('',*,*,#1615,.T.);
#1984=ORIENTED_EDGE('',*,*,#1616,.T.);
#1985=ORIENTED_EDGE('',*,*,#1578,.F.);
#1986=ORIENTED_EDGE('',*,*,#1600,.T.);
#1987=ORIENTED_EDGE('',*,*,#1599,.T.);
#1988=ORIENTED_EDGE('',*,*,#1580,.F.);
#1989=ORIENTED_EDGE('',*,*,#1601,.F.);
#1990=ORIENTED_EDGE('',*,*,#1617,.T.);
#1991=ORIENTED_EDGE('',*,*,#1582,.T.);
#1992=ORIENTED_EDGE('',*,*,#1617,.F.);
#1993=ORIENTED_EDGE('',*,*,#1602,.F.);
#1994=ORIENTED_EDGE('',*,*,#1618,.T.);
#1995=ORIENTED_EDGE('',*,*,#1583,.T.);
#1996=ORIENTED_EDGE('',*,*,#1618,.F.);
#1997=ORIENTED_EDGE('',*,*,#1603,.F.);
#1998=ORIENTED_EDGE('',*,*,#1619,.T.);
#1999=ORIENTED_EDGE('',*,*,#1584,.T.);
#2000=ORIENTED_EDGE('',*,*,#1619,.F.);
#2001=ORIENTED_EDGE('',*,*,#1604,.F.);
#2002=ORIENTED_EDGE('',*,*,#1620,.T.);
#2003=ORIENTED_EDGE('',*,*,#1585,.T.);
#2004=ORIENTED_EDGE('',*,*,#1620,.F.);
#2005=ORIENTED_EDGE('',*,*,#1605,.F.);
#2006=ORIENTED_EDGE('',*,*,#1621,.T.);
#2007=ORIENTED_EDGE('',*,*,#1586,.T.);
#2008=ORIENTED_EDGE('',*,*,#1621,.F.);
#2009=ORIENTED_EDGE('',*,*,#1606,.F.);
#2010=ORIENTED_EDGE('',*,*,#1622,.T.);
#2011=ORIENTED_EDGE('',*,*,#1587,.T.);
#2012=ORIENTED_EDGE('',*,*,#1622,.F.);
#2013=ORIENTED_EDGE('',*,*,#1607,.F.);
#2014=ORIENTED_EDGE('',*,*,#1623,.T.);
#2015=ORIENTED_EDGE('',*,*,#1588,.T.);
#2016=ORIENTED_EDGE('',*,*,#1623,.F.);
#2017=ORIENTED_EDGE('',*,*,#1608,.F.);
#2018=ORIENTED_EDGE('',*,*,#1624,.T.);
#2019=ORIENTED_EDGE('',*,*,#1589,.T.);
#2020=ORIENTED_EDGE('',*,*,#1624,.F.);
#2021=ORIENTED_EDGE('',*,*,#1609,.F.);
#2022=ORIENTED_EDGE('',*,*,#1625,.T.);
#2023=ORIENTED_EDGE('',*,*,#1590,.T.);
#2024=ORIENTED_EDGE('',*,*,#1625,.F.);
#2025=ORIENTED_EDGE('',*,*,#1626,.F.);
#2026=ORIENTED_EDGE('',*,*,#1610,.T.);
#2027=ORIENTED_EDGE('',*,*,#1627,.T.);
#2028=ORIENTED_EDGE('',*,*,#1591,.F.);
#2029=ORIENTED_EDGE('',*,*,#1626,.T.);
#2030=ORIENTED_EDGE('',*,*,#1594,.T.);
#2031=ORIENTED_EDGE('',*,*,#1628,.F.);
#2032=ORIENTED_EDGE('',*,*,#1611,.F.);
#2033=ORIENTED_EDGE('',*,*,#1627,.F.);
#2034=ORIENTED_EDGE('',*,*,#1613,.T.);
#2035=ORIENTED_EDGE('',*,*,#1629,.T.);
#2036=ORIENTED_EDGE('',*,*,#1592,.F.);
#2037=ORIENTED_EDGE('',*,*,#1628,.T.);
#2038=ORIENTED_EDGE('',*,*,#1593,.T.);
#2039=ORIENTED_EDGE('',*,*,#1629,.F.);
#2040=ORIENTED_EDGE('',*,*,#1612,.F.);
#2041=ORIENTED_EDGE('',*,*,#1614,.F.);
#2042=ORIENTED_EDGE('',*,*,#1630,.T.);
#2043=ORIENTED_EDGE('',*,*,#1595,.T.);
#2044=ORIENTED_EDGE('',*,*,#1630,.F.);
#2045=ORIENTED_EDGE('',*,*,#1615,.F.);
#2046=ORIENTED_EDGE('',*,*,#1631,.T.);
#2047=ORIENTED_EDGE('',*,*,#1596,.T.);
#2048=ORIENTED_EDGE('',*,*,#1631,.F.);
#2049=ORIENTED_EDGE('',*,*,#1616,.F.);
#2050=ORIENTED_EDGE('',*,*,#1632,.T.);
#2051=ORIENTED_EDGE('',*,*,#1597,.T.);
#2052=ORIENTED_EDGE('',*,*,#1632,.F.);
#2053=ORIENTED_EDGE('',*,*,#1633,.T.);
#2054=ORIENTED_EDGE('',*,*,#1634,.T.);
#2055=ORIENTED_EDGE('',*,*,#1635,.F.);
#2056=ORIENTED_EDGE('',*,*,#1636,.F.);
#2057=ORIENTED_EDGE('',*,*,#1637,.T.);
#2058=ORIENTED_EDGE('',*,*,#1638,.T.);
#2059=ORIENTED_EDGE('',*,*,#1639,.F.);
#2060=ORIENTED_EDGE('',*,*,#1633,.F.);
#2061=ORIENTED_EDGE('',*,*,#1634,.F.);
#2062=ORIENTED_EDGE('',*,*,#1639,.T.);
#2063=ORIENTED_EDGE('',*,*,#1640,.T.);
#2064=ORIENTED_EDGE('',*,*,#1641,.F.);
#2065=ORIENTED_EDGE('',*,*,#1642,.T.);
#2066=ORIENTED_EDGE('',*,*,#1643,.T.);
#2067=ORIENTED_EDGE('',*,*,#1644,.F.);
#2068=ORIENTED_EDGE('',*,*,#1645,.F.);
#2069=ORIENTED_EDGE('',*,*,#1646,.F.);
#2070=ORIENTED_EDGE('',*,*,#1635,.T.);
#2071=ORIENTED_EDGE('',*,*,#1641,.T.);
#2072=ORIENTED_EDGE('',*,*,#1647,.F.);
#2073=ORIENTED_EDGE('',*,*,#1636,.T.);
#2074=ORIENTED_EDGE('',*,*,#1646,.T.);
#2075=ORIENTED_EDGE('',*,*,#1648,.F.);
#2076=ORIENTED_EDGE('',*,*,#1637,.F.);
#2077=ORIENTED_EDGE('',*,*,#1649,.F.);
#2078=ORIENTED_EDGE('',*,*,#1650,.T.);
#2079=ORIENTED_EDGE('',*,*,#1651,.T.);
#2080=ORIENTED_EDGE('',*,*,#1652,.F.);
#2081=ORIENTED_EDGE('',*,*,#1638,.F.);
#2082=ORIENTED_EDGE('',*,*,#1648,.T.);
#2083=ORIENTED_EDGE('',*,*,#1647,.T.);
#2084=ORIENTED_EDGE('',*,*,#1640,.F.);
#2085=ORIENTED_EDGE('',*,*,#1653,.F.);
#2086=ORIENTED_EDGE('',*,*,#1649,.T.);
#2087=ORIENTED_EDGE('',*,*,#1654,.T.);
#2088=ORIENTED_EDGE('',*,*,#1642,.F.);
#2089=ORIENTED_EDGE('',*,*,#1653,.T.);
#2090=ORIENTED_EDGE('',*,*,#1645,.T.);
#2091=ORIENTED_EDGE('',*,*,#1655,.F.);
#2092=ORIENTED_EDGE('',*,*,#1650,.F.);
#2093=ORIENTED_EDGE('',*,*,#1655,.T.);
#2094=ORIENTED_EDGE('',*,*,#1644,.T.);
#2095=ORIENTED_EDGE('',*,*,#1656,.F.);
#2096=ORIENTED_EDGE('',*,*,#1651,.F.);
#2097=ORIENTED_EDGE('',*,*,#1654,.F.);
#2098=ORIENTED_EDGE('',*,*,#1652,.T.);
#2099=ORIENTED_EDGE('',*,*,#1656,.T.);
#2100=ORIENTED_EDGE('',*,*,#1643,.F.);
#2101=ORIENTED_EDGE('',*,*,#1657,.T.);
#2102=ORIENTED_EDGE('',*,*,#1658,.T.);
#2103=ORIENTED_EDGE('',*,*,#1659,.F.);
#2104=ORIENTED_EDGE('',*,*,#1660,.F.);
#2105=ORIENTED_EDGE('',*,*,#1661,.T.);
#2106=ORIENTED_EDGE('',*,*,#1662,.T.);
#2107=ORIENTED_EDGE('',*,*,#1663,.F.);
#2108=ORIENTED_EDGE('',*,*,#1657,.F.);
#2109=ORIENTED_EDGE('',*,*,#1658,.F.);
#2110=ORIENTED_EDGE('',*,*,#1663,.T.);
#2111=ORIENTED_EDGE('',*,*,#1664,.T.);
#2112=ORIENTED_EDGE('',*,*,#1665,.F.);
#2113=ORIENTED_EDGE('',*,*,#1666,.T.);
#2114=ORIENTED_EDGE('',*,*,#1667,.T.);
#2115=ORIENTED_EDGE('',*,*,#1668,.F.);
#2116=ORIENTED_EDGE('',*,*,#1669,.F.);
#2117=ORIENTED_EDGE('',*,*,#1670,.F.);
#2118=ORIENTED_EDGE('',*,*,#1659,.T.);
#2119=ORIENTED_EDGE('',*,*,#1665,.T.);
#2120=ORIENTED_EDGE('',*,*,#1671,.F.);
#2121=ORIENTED_EDGE('',*,*,#1660,.T.);
#2122=ORIENTED_EDGE('',*,*,#1670,.T.);
#2123=ORIENTED_EDGE('',*,*,#1672,.F.);
#2124=ORIENTED_EDGE('',*,*,#1661,.F.);
#2125=ORIENTED_EDGE('',*,*,#1673,.F.);
#2126=ORIENTED_EDGE('',*,*,#1674,.T.);
#2127=ORIENTED_EDGE('',*,*,#1675,.T.);
#2128=ORIENTED_EDGE('',*,*,#1676,.F.);
#2129=ORIENTED_EDGE('',*,*,#1662,.F.);
#2130=ORIENTED_EDGE('',*,*,#1672,.T.);
#2131=ORIENTED_EDGE('',*,*,#1671,.T.);
#2132=ORIENTED_EDGE('',*,*,#1664,.F.);
#2133=ORIENTED_EDGE('',*,*,#1677,.F.);
#2134=ORIENTED_EDGE('',*,*,#1673,.T.);
#2135=ORIENTED_EDGE('',*,*,#1678,.T.);
#2136=ORIENTED_EDGE('',*,*,#1666,.F.);
#2137=ORIENTED_EDGE('',*,*,#1677,.T.);
#2138=ORIENTED_EDGE('',*,*,#1669,.T.);
#2139=ORIENTED_EDGE('',*,*,#1679,.F.);
#2140=ORIENTED_EDGE('',*,*,#1674,.F.);
#2141=ORIENTED_EDGE('',*,*,#1679,.T.);
#2142=ORIENTED_EDGE('',*,*,#1668,.T.);
#2143=ORIENTED_EDGE('',*,*,#1680,.F.);
#2144=ORIENTED_EDGE('',*,*,#1675,.F.);
#2145=ORIENTED_EDGE('',*,*,#1678,.F.);
#2146=ORIENTED_EDGE('',*,*,#1676,.T.);
#2147=ORIENTED_EDGE('',*,*,#1680,.T.);
#2148=ORIENTED_EDGE('',*,*,#1667,.F.);
#2149=ORIENTED_EDGE('',*,*,#1681,.F.);
#2150=ORIENTED_EDGE('',*,*,#1682,.T.);
#2151=ORIENTED_EDGE('',*,*,#1683,.T.);
#2152=ORIENTED_EDGE('',*,*,#1684,.F.);
#2153=ORIENTED_EDGE('',*,*,#1685,.F.);
#2154=ORIENTED_EDGE('',*,*,#1681,.T.);
#2155=ORIENTED_EDGE('',*,*,#1686,.T.);
#2156=ORIENTED_EDGE('',*,*,#1687,.F.);
#2157=ORIENTED_EDGE('',*,*,#1684,.T.);
#2158=ORIENTED_EDGE('',*,*,#1688,.T.);
#2159=ORIENTED_EDGE('',*,*,#1689,.F.);
#2160=ORIENTED_EDGE('',*,*,#1686,.F.);
#2161=ORIENTED_EDGE('',*,*,#1690,.F.);
#2162=ORIENTED_EDGE('',*,*,#1691,.T.);
#2163=ORIENTED_EDGE('',*,*,#1692,.T.);
#2164=ORIENTED_EDGE('',*,*,#1693,.F.);
#2165=ORIENTED_EDGE('',*,*,#1694,.T.);
#2166=ORIENTED_EDGE('',*,*,#1695,.T.);
#2167=ORIENTED_EDGE('',*,*,#1688,.F.);
#2168=ORIENTED_EDGE('',*,*,#1683,.F.);
#2169=ORIENTED_EDGE('',*,*,#1682,.F.);
#2170=ORIENTED_EDGE('',*,*,#1685,.T.);
#2171=ORIENTED_EDGE('',*,*,#1696,.T.);
#2172=ORIENTED_EDGE('',*,*,#1694,.F.);
#2173=ORIENTED_EDGE('',*,*,#1697,.T.);
#2174=ORIENTED_EDGE('',*,*,#1698,.T.);
#2175=ORIENTED_EDGE('',*,*,#1699,.F.);
#2176=ORIENTED_EDGE('',*,*,#1700,.F.);
#2177=ORIENTED_EDGE('',*,*,#1687,.T.);
#2178=ORIENTED_EDGE('',*,*,#1689,.T.);
#2179=ORIENTED_EDGE('',*,*,#1695,.F.);
#2180=ORIENTED_EDGE('',*,*,#1696,.F.);
#2181=ORIENTED_EDGE('',*,*,#1701,.T.);
#2182=ORIENTED_EDGE('',*,*,#1690,.T.);
#2183=ORIENTED_EDGE('',*,*,#1702,.F.);
#2184=ORIENTED_EDGE('',*,*,#1697,.F.);
#2185=ORIENTED_EDGE('',*,*,#1701,.F.);
#2186=ORIENTED_EDGE('',*,*,#1700,.T.);
#2187=ORIENTED_EDGE('',*,*,#1703,.T.);
#2188=ORIENTED_EDGE('',*,*,#1691,.F.);
#2189=ORIENTED_EDGE('',*,*,#1703,.F.);
#2190=ORIENTED_EDGE('',*,*,#1699,.T.);
#2191=ORIENTED_EDGE('',*,*,#1704,.T.);
#2192=ORIENTED_EDGE('',*,*,#1692,.F.);
#2193=ORIENTED_EDGE('',*,*,#1702,.T.);
#2194=ORIENTED_EDGE('',*,*,#1693,.T.);
#2195=ORIENTED_EDGE('',*,*,#1704,.F.);
#2196=ORIENTED_EDGE('',*,*,#1698,.F.);
#2197=ORIENTED_EDGE('',*,*,#1705,.T.);
#2198=ORIENTED_EDGE('',*,*,#1706,.T.);
#2199=ORIENTED_EDGE('',*,*,#1707,.F.);
#2200=ORIENTED_EDGE('',*,*,#1708,.F.);
#2201=ORIENTED_EDGE('',*,*,#1709,.T.);
#2202=ORIENTED_EDGE('',*,*,#1710,.T.);
#2203=ORIENTED_EDGE('',*,*,#1711,.F.);
#2204=ORIENTED_EDGE('',*,*,#1705,.F.);
#2205=ORIENTED_EDGE('',*,*,#1706,.F.);
#2206=ORIENTED_EDGE('',*,*,#1711,.T.);
#2207=ORIENTED_EDGE('',*,*,#1712,.T.);
#2208=ORIENTED_EDGE('',*,*,#1713,.F.);
#2209=ORIENTED_EDGE('',*,*,#1714,.T.);
#2210=ORIENTED_EDGE('',*,*,#1715,.T.);
#2211=ORIENTED_EDGE('',*,*,#1716,.F.);
#2212=ORIENTED_EDGE('',*,*,#1717,.F.);
#2213=ORIENTED_EDGE('',*,*,#1718,.F.);
#2214=ORIENTED_EDGE('',*,*,#1707,.T.);
#2215=ORIENTED_EDGE('',*,*,#1713,.T.);
#2216=ORIENTED_EDGE('',*,*,#1719,.F.);
#2217=ORIENTED_EDGE('',*,*,#1708,.T.);
#2218=ORIENTED_EDGE('',*,*,#1718,.T.);
#2219=ORIENTED_EDGE('',*,*,#1720,.F.);
#2220=ORIENTED_EDGE('',*,*,#1709,.F.);
#2221=ORIENTED_EDGE('',*,*,#1721,.F.);
#2222=ORIENTED_EDGE('',*,*,#1722,.T.);
#2223=ORIENTED_EDGE('',*,*,#1723,.T.);
#2224=ORIENTED_EDGE('',*,*,#1724,.F.);
#2225=ORIENTED_EDGE('',*,*,#1710,.F.);
#2226=ORIENTED_EDGE('',*,*,#1720,.T.);
#2227=ORIENTED_EDGE('',*,*,#1719,.T.);
#2228=ORIENTED_EDGE('',*,*,#1712,.F.);
#2229=ORIENTED_EDGE('',*,*,#1725,.F.);
#2230=ORIENTED_EDGE('',*,*,#1721,.T.);
#2231=ORIENTED_EDGE('',*,*,#1726,.T.);
#2232=ORIENTED_EDGE('',*,*,#1714,.F.);
#2233=ORIENTED_EDGE('',*,*,#1725,.T.);
#2234=ORIENTED_EDGE('',*,*,#1717,.T.);
#2235=ORIENTED_EDGE('',*,*,#1727,.F.);
#2236=ORIENTED_EDGE('',*,*,#1722,.F.);
#2237=ORIENTED_EDGE('',*,*,#1727,.T.);
#2238=ORIENTED_EDGE('',*,*,#1716,.T.);
#2239=ORIENTED_EDGE('',*,*,#1728,.F.);
#2240=ORIENTED_EDGE('',*,*,#1723,.F.);
#2241=ORIENTED_EDGE('',*,*,#1726,.F.);
#2242=ORIENTED_EDGE('',*,*,#1724,.T.);
#2243=ORIENTED_EDGE('',*,*,#1728,.T.);
#2244=ORIENTED_EDGE('',*,*,#1715,.F.);
#2245=ORIENTED_EDGE('',*,*,#1729,.T.);
#2246=ORIENTED_EDGE('',*,*,#1730,.T.);
#2247=ORIENTED_EDGE('',*,*,#1731,.F.);
#2248=ORIENTED_EDGE('',*,*,#1732,.F.);
#2249=ORIENTED_EDGE('',*,*,#1733,.T.);
#2250=ORIENTED_EDGE('',*,*,#1734,.T.);
#2251=ORIENTED_EDGE('',*,*,#1735,.F.);
#2252=ORIENTED_EDGE('',*,*,#1729,.F.);
#2253=ORIENTED_EDGE('',*,*,#1736,.T.);
#2254=ORIENTED_EDGE('',*,*,#1730,.F.);
#2255=ORIENTED_EDGE('',*,*,#1735,.T.);
#2256=ORIENTED_EDGE('',*,*,#1737,.T.);
#2257=ORIENTED_EDGE('',*,*,#1738,.F.);
#2258=ORIENTED_EDGE('',*,*,#1739,.F.);
#2259=ORIENTED_EDGE('',*,*,#1731,.T.);
#2260=ORIENTED_EDGE('',*,*,#1738,.T.);
#2261=ORIENTED_EDGE('',*,*,#1740,.F.);
#2262=ORIENTED_EDGE('',*,*,#1741,.F.);
#2263=ORIENTED_EDGE('',*,*,#1732,.T.);
#2264=ORIENTED_EDGE('',*,*,#1739,.T.);
#2265=ORIENTED_EDGE('',*,*,#1742,.F.);
#2266=ORIENTED_EDGE('',*,*,#1733,.F.);
#2267=ORIENTED_EDGE('',*,*,#1734,.F.);
#2268=ORIENTED_EDGE('',*,*,#1742,.T.);
#2269=ORIENTED_EDGE('',*,*,#1740,.T.);
#2270=ORIENTED_EDGE('',*,*,#1737,.F.);
#2271=ORIENTED_EDGE('',*,*,#1736,.F.);
#2272=ORIENTED_EDGE('',*,*,#1743,.T.);
#2273=ORIENTED_EDGE('',*,*,#1741,.T.);
#2274=ORIENTED_EDGE('',*,*,#1743,.F.);
#2275=ORIENTED_EDGE('',*,*,#1744,.T.);
#2276=ORIENTED_EDGE('',*,*,#1745,.T.);
#2277=ORIENTED_EDGE('',*,*,#1746,.F.);
#2278=ORIENTED_EDGE('',*,*,#1747,.F.);
#2279=ORIENTED_EDGE('',*,*,#1748,.T.);
#2280=ORIENTED_EDGE('',*,*,#1749,.T.);
#2281=ORIENTED_EDGE('',*,*,#1750,.T.);
#2282=ORIENTED_EDGE('',*,*,#1751,.T.);
#2283=ORIENTED_EDGE('',*,*,#1752,.F.);
#2284=ORIENTED_EDGE('',*,*,#1744,.F.);
#2285=ORIENTED_EDGE('',*,*,#1745,.F.);
#2286=ORIENTED_EDGE('',*,*,#1752,.T.);
#2287=ORIENTED_EDGE('',*,*,#1753,.T.);
#2288=ORIENTED_EDGE('',*,*,#1754,.F.);
#2289=ORIENTED_EDGE('',*,*,#1747,.T.);
#2290=ORIENTED_EDGE('',*,*,#1755,.T.);
#2291=ORIENTED_EDGE('',*,*,#1756,.F.);
#2292=ORIENTED_EDGE('',*,*,#1750,.F.);
#2293=ORIENTED_EDGE('',*,*,#1755,.F.);
#2294=ORIENTED_EDGE('',*,*,#1746,.T.);
#2295=ORIENTED_EDGE('',*,*,#1754,.T.);
#2296=ORIENTED_EDGE('',*,*,#1757,.F.);
#2297=ORIENTED_EDGE('',*,*,#1748,.F.);
#2298=ORIENTED_EDGE('',*,*,#1758,.T.);
#2299=ORIENTED_EDGE('',*,*,#1759,.T.);
#2300=ORIENTED_EDGE('',*,*,#1758,.F.);
#2301=ORIENTED_EDGE('',*,*,#1749,.F.);
#2302=ORIENTED_EDGE('',*,*,#1760,.T.);
#2303=ORIENTED_EDGE('',*,*,#1761,.T.);
#2304=ORIENTED_EDGE('',*,*,#1760,.F.);
#2305=ORIENTED_EDGE('',*,*,#1751,.F.);
#2306=ORIENTED_EDGE('',*,*,#1756,.T.);
#2307=ORIENTED_EDGE('',*,*,#1757,.T.);
#2308=ORIENTED_EDGE('',*,*,#1753,.F.);
#2309=ORIENTED_EDGE('',*,*,#1759,.F.);
#2310=ORIENTED_EDGE('',*,*,#1761,.F.);
#2311=ORIENTED_EDGE('',*,*,#1762,.T.);
#2312=ORIENTED_EDGE('',*,*,#1763,.T.);
#2313=ORIENTED_EDGE('',*,*,#1764,.F.);
#2314=ORIENTED_EDGE('',*,*,#1765,.F.);
#2315=ORIENTED_EDGE('',*,*,#1766,.F.);
#2316=ORIENTED_EDGE('',*,*,#1767,.T.);
#2317=ORIENTED_EDGE('',*,*,#1768,.T.);
#2318=ORIENTED_EDGE('',*,*,#1769,.F.);
#2319=ORIENTED_EDGE('',*,*,#1770,.T.);
#2320=ORIENTED_EDGE('',*,*,#1766,.T.);
#2321=ORIENTED_EDGE('',*,*,#1771,.F.);
#2322=ORIENTED_EDGE('',*,*,#1762,.F.);
#2323=ORIENTED_EDGE('',*,*,#1772,.F.);
#2324=ORIENTED_EDGE('',*,*,#1764,.T.);
#2325=ORIENTED_EDGE('',*,*,#1773,.T.);
#2326=ORIENTED_EDGE('',*,*,#1768,.F.);
#2327=ORIENTED_EDGE('',*,*,#1765,.T.);
#2328=ORIENTED_EDGE('',*,*,#1772,.T.);
#2329=ORIENTED_EDGE('',*,*,#1767,.F.);
#2330=ORIENTED_EDGE('',*,*,#1770,.F.);
#2331=ORIENTED_EDGE('',*,*,#1763,.F.);
#2332=ORIENTED_EDGE('',*,*,#1771,.T.);
#2333=ORIENTED_EDGE('',*,*,#1769,.T.);
#2334=ORIENTED_EDGE('',*,*,#1773,.F.);
#2335=ORIENTED_EDGE('',*,*,#1774,.T.);
#2336=ORIENTED_EDGE('',*,*,#1775,.T.);
#2337=ORIENTED_EDGE('',*,*,#1776,.F.);
#2338=ORIENTED_EDGE('',*,*,#1777,.F.);
#2339=ORIENTED_EDGE('',*,*,#1778,.F.);
#2340=ORIENTED_EDGE('',*,*,#1779,.T.);
#2341=ORIENTED_EDGE('',*,*,#1780,.T.);
#2342=ORIENTED_EDGE('',*,*,#1781,.F.);
#2343=ORIENTED_EDGE('',*,*,#1782,.T.);
#2344=ORIENTED_EDGE('',*,*,#1778,.T.);
#2345=ORIENTED_EDGE('',*,*,#1783,.F.);
#2346=ORIENTED_EDGE('',*,*,#1774,.F.);
#2347=ORIENTED_EDGE('',*,*,#1784,.F.);
#2348=ORIENTED_EDGE('',*,*,#1776,.T.);
#2349=ORIENTED_EDGE('',*,*,#1785,.T.);
#2350=ORIENTED_EDGE('',*,*,#1780,.F.);
#2351=ORIENTED_EDGE('',*,*,#1777,.T.);
#2352=ORIENTED_EDGE('',*,*,#1784,.T.);
#2353=ORIENTED_EDGE('',*,*,#1779,.F.);
#2354=ORIENTED_EDGE('',*,*,#1782,.F.);
#2355=ORIENTED_EDGE('',*,*,#1775,.F.);
#2356=ORIENTED_EDGE('',*,*,#1783,.T.);
#2357=ORIENTED_EDGE('',*,*,#1781,.T.);
#2358=ORIENTED_EDGE('',*,*,#1785,.F.);
#2359=ORIENTED_EDGE('',*,*,#1786,.F.);
#2360=ORIENTED_EDGE('',*,*,#1787,.T.);
#2361=ORIENTED_EDGE('',*,*,#1788,.T.);
#2362=ORIENTED_EDGE('',*,*,#1787,.F.);
#2363=ORIENTED_EDGE('',*,*,#1786,.T.);
#2364=ORIENTED_EDGE('',*,*,#1788,.F.);
#2365=ORIENTED_EDGE('',*,*,#1789,.F.);
#2366=ORIENTED_EDGE('',*,*,#1790,.T.);
#2367=ORIENTED_EDGE('',*,*,#1791,.T.);
#2368=ORIENTED_EDGE('',*,*,#1790,.F.);
#2369=ORIENTED_EDGE('',*,*,#1789,.T.);
#2370=ORIENTED_EDGE('',*,*,#1791,.F.);
#2371=ORIENTED_EDGE('',*,*,#1792,.F.);
#2372=ORIENTED_EDGE('',*,*,#1793,.T.);
#2373=ORIENTED_EDGE('',*,*,#1794,.T.);
#2374=ORIENTED_EDGE('',*,*,#1793,.F.);
#2375=ORIENTED_EDGE('',*,*,#1792,.T.);
#2376=ORIENTED_EDGE('',*,*,#1794,.F.);
#2377=ORIENTED_EDGE('',*,*,#1795,.F.);
#2378=ORIENTED_EDGE('',*,*,#1796,.T.);
#2379=ORIENTED_EDGE('',*,*,#1797,.T.);
#2380=ORIENTED_EDGE('',*,*,#1796,.F.);
#2381=ORIENTED_EDGE('',*,*,#1795,.T.);
#2382=ORIENTED_EDGE('',*,*,#1797,.F.);
#2383=ORIENTED_EDGE('',*,*,#1798,.F.);
#2384=ORIENTED_EDGE('',*,*,#1799,.T.);
#2385=ORIENTED_EDGE('',*,*,#1800,.T.);
#2386=ORIENTED_EDGE('',*,*,#1799,.F.);
#2387=ORIENTED_EDGE('',*,*,#1798,.T.);
#2388=ORIENTED_EDGE('',*,*,#1800,.F.);
#2389=ORIENTED_EDGE('',*,*,#1801,.F.);
#2390=ORIENTED_EDGE('',*,*,#1802,.T.);
#2391=ORIENTED_EDGE('',*,*,#1803,.T.);
#2392=ORIENTED_EDGE('',*,*,#1802,.F.);
#2393=ORIENTED_EDGE('',*,*,#1801,.T.);
#2394=ORIENTED_EDGE('',*,*,#1803,.F.);
#2395=ORIENTED_EDGE('',*,*,#1804,.F.);
#2396=ORIENTED_EDGE('',*,*,#1805,.T.);
#2397=ORIENTED_EDGE('',*,*,#1806,.T.);
#2398=ORIENTED_EDGE('',*,*,#1805,.F.);
#2399=ORIENTED_EDGE('',*,*,#1804,.T.);
#2400=ORIENTED_EDGE('',*,*,#1806,.F.);
#2401=ORIENTED_EDGE('',*,*,#1807,.F.);
#2402=ORIENTED_EDGE('',*,*,#1808,.T.);
#2403=ORIENTED_EDGE('',*,*,#1809,.T.);
#2404=ORIENTED_EDGE('',*,*,#1808,.F.);
#2405=ORIENTED_EDGE('',*,*,#1807,.T.);
#2406=ORIENTED_EDGE('',*,*,#1809,.F.);
#2407=ORIENTED_EDGE('',*,*,#1810,.F.);
#2408=ORIENTED_EDGE('',*,*,#1811,.T.);
#2409=ORIENTED_EDGE('',*,*,#1812,.T.);
#2410=ORIENTED_EDGE('',*,*,#1811,.F.);
#2411=ORIENTED_EDGE('',*,*,#1810,.T.);
#2412=ORIENTED_EDGE('',*,*,#1812,.F.);
#2413=ORIENTED_EDGE('',*,*,#1813,.F.);
#2414=ORIENTED_EDGE('',*,*,#1814,.T.);
#2415=ORIENTED_EDGE('',*,*,#1815,.T.);
#2416=ORIENTED_EDGE('',*,*,#1814,.F.);
#2417=ORIENTED_EDGE('',*,*,#1813,.T.);
#2418=ORIENTED_EDGE('',*,*,#1815,.F.);
#2419=ORIENTED_EDGE('',*,*,#1816,.F.);
#2420=ORIENTED_EDGE('',*,*,#1817,.T.);
#2421=ORIENTED_EDGE('',*,*,#1818,.T.);
#2422=ORIENTED_EDGE('',*,*,#1817,.F.);
#2423=ORIENTED_EDGE('',*,*,#1816,.T.);
#2424=ORIENTED_EDGE('',*,*,#1818,.F.);
#2425=ORIENTED_EDGE('',*,*,#1819,.F.);
#2426=ORIENTED_EDGE('',*,*,#1820,.T.);
#2427=ORIENTED_EDGE('',*,*,#1821,.T.);
#2428=ORIENTED_EDGE('',*,*,#1820,.F.);
#2429=ORIENTED_EDGE('',*,*,#1819,.T.);
#2430=ORIENTED_EDGE('',*,*,#1821,.F.);
#2431=ORIENTED_EDGE('',*,*,#1822,.F.);
#2432=ORIENTED_EDGE('',*,*,#1823,.T.);
#2433=ORIENTED_EDGE('',*,*,#1824,.T.);
#2434=ORIENTED_EDGE('',*,*,#1823,.F.);
#2435=ORIENTED_EDGE('',*,*,#1822,.T.);
#2436=ORIENTED_EDGE('',*,*,#1824,.F.);
#2437=ORIENTED_EDGE('',*,*,#1825,.F.);
#2438=ORIENTED_EDGE('',*,*,#1826,.T.);
#2439=ORIENTED_EDGE('',*,*,#1827,.T.);
#2440=ORIENTED_EDGE('',*,*,#1826,.F.);
#2441=ORIENTED_EDGE('',*,*,#1825,.T.);
#2442=ORIENTED_EDGE('',*,*,#1827,.F.);
#2443=ORIENTED_EDGE('',*,*,#1828,.F.);
#2444=ORIENTED_EDGE('',*,*,#1829,.T.);
#2445=ORIENTED_EDGE('',*,*,#1830,.T.);
#2446=ORIENTED_EDGE('',*,*,#1829,.F.);
#2447=ORIENTED_EDGE('',*,*,#1828,.T.);
#2448=ORIENTED_EDGE('',*,*,#1830,.F.);
#2449=ORIENTED_EDGE('',*,*,#1831,.F.);
#2450=ORIENTED_EDGE('',*,*,#1832,.T.);
#2451=ORIENTED_EDGE('',*,*,#1833,.T.);
#2452=ORIENTED_EDGE('',*,*,#1832,.F.);
#2453=ORIENTED_EDGE('',*,*,#1831,.T.);
#2454=ORIENTED_EDGE('',*,*,#1833,.F.);
#2455=ORIENTED_EDGE('',*,*,#1834,.F.);
#2456=ORIENTED_EDGE('',*,*,#1835,.T.);
#2457=ORIENTED_EDGE('',*,*,#1836,.T.);
#2458=ORIENTED_EDGE('',*,*,#1835,.F.);
#2459=ORIENTED_EDGE('',*,*,#1834,.T.);
#2460=ORIENTED_EDGE('',*,*,#1836,.F.);
#2461=ORIENTED_EDGE('',*,*,#1837,.F.);
#2462=ORIENTED_EDGE('',*,*,#1838,.T.);
#2463=ORIENTED_EDGE('',*,*,#1839,.T.);
#2464=ORIENTED_EDGE('',*,*,#1838,.F.);
#2465=ORIENTED_EDGE('',*,*,#1837,.T.);
#2466=ORIENTED_EDGE('',*,*,#1839,.F.);
#2467=ORIENTED_EDGE('',*,*,#1840,.F.);
#2468=ORIENTED_EDGE('',*,*,#1841,.T.);
#2469=ORIENTED_EDGE('',*,*,#1842,.T.);
#2470=ORIENTED_EDGE('',*,*,#1841,.F.);
#2471=ORIENTED_EDGE('',*,*,#1840,.T.);
#2472=ORIENTED_EDGE('',*,*,#1842,.F.);
#2473=ORIENTED_EDGE('',*,*,#1843,.F.);
#2474=ORIENTED_EDGE('',*,*,#1844,.T.);
#2475=ORIENTED_EDGE('',*,*,#1845,.T.);
#2476=ORIENTED_EDGE('',*,*,#1844,.F.);
#2477=ORIENTED_EDGE('',*,*,#1843,.T.);
#2478=ORIENTED_EDGE('',*,*,#1845,.F.);
#2479=ORIENTED_EDGE('',*,*,#1846,.F.);
#2480=ORIENTED_EDGE('',*,*,#1847,.T.);
#2481=ORIENTED_EDGE('',*,*,#1848,.T.);
#2482=ORIENTED_EDGE('',*,*,#1847,.F.);
#2483=ORIENTED_EDGE('',*,*,#1846,.T.);
#2484=ORIENTED_EDGE('',*,*,#1848,.F.);
#2485=ORIENTED_EDGE('',*,*,#1849,.F.);
#2486=ORIENTED_EDGE('',*,*,#1850,.T.);
#2487=ORIENTED_EDGE('',*,*,#1851,.T.);
#2488=ORIENTED_EDGE('',*,*,#1852,.F.);
#2489=ORIENTED_EDGE('',*,*,#1853,.F.);
#2490=ORIENTED_EDGE('',*,*,#1849,.T.);
#2491=ORIENTED_EDGE('',*,*,#1854,.T.);
#2492=ORIENTED_EDGE('',*,*,#1855,.F.);
#2493=ORIENTED_EDGE('',*,*,#1852,.T.);
#2494=ORIENTED_EDGE('',*,*,#1856,.T.);
#2495=ORIENTED_EDGE('',*,*,#1857,.F.);
#2496=ORIENTED_EDGE('',*,*,#1854,.F.);
#2497=ORIENTED_EDGE('',*,*,#1858,.T.);
#2498=ORIENTED_EDGE('',*,*,#1859,.T.);
#2499=ORIENTED_EDGE('',*,*,#1860,.T.);
#2500=ORIENTED_EDGE('',*,*,#1861,.T.);
#2501=ORIENTED_EDGE('',*,*,#1862,.T.);
#2502=ORIENTED_EDGE('',*,*,#1863,.T.);
#2503=ORIENTED_EDGE('',*,*,#1864,.T.);
#2504=ORIENTED_EDGE('',*,*,#1865,.T.);
#2505=ORIENTED_EDGE('',*,*,#1866,.T.);
#2506=ORIENTED_EDGE('',*,*,#1867,.F.);
#2507=ORIENTED_EDGE('',*,*,#1868,.T.);
#2508=ORIENTED_EDGE('',*,*,#1869,.T.);
#2509=ORIENTED_EDGE('',*,*,#1870,.F.);
#2510=ORIENTED_EDGE('',*,*,#1871,.T.);
#2511=ORIENTED_EDGE('',*,*,#1872,.T.);
#2512=ORIENTED_EDGE('',*,*,#1873,.T.);
#2513=ORIENTED_EDGE('',*,*,#1874,.T.);
#2514=ORIENTED_EDGE('',*,*,#1875,.T.);
#2515=ORIENTED_EDGE('',*,*,#1856,.F.);
#2516=ORIENTED_EDGE('',*,*,#1851,.F.);
#2517=ORIENTED_EDGE('',*,*,#1850,.F.);
#2518=ORIENTED_EDGE('',*,*,#1853,.T.);
#2519=ORIENTED_EDGE('',*,*,#1876,.T.);
#2520=ORIENTED_EDGE('',*,*,#1874,.F.);
#2521=ORIENTED_EDGE('',*,*,#1877,.F.);
#2522=ORIENTED_EDGE('',*,*,#1878,.F.);
#2523=ORIENTED_EDGE('',*,*,#1879,.F.);
#2524=ORIENTED_EDGE('',*,*,#1880,.F.);
#2525=ORIENTED_EDGE('',*,*,#1881,.F.);
#2526=ORIENTED_EDGE('',*,*,#1882,.F.);
#2527=ORIENTED_EDGE('',*,*,#1883,.F.);
#2528=ORIENTED_EDGE('',*,*,#1884,.F.);
#2529=ORIENTED_EDGE('',*,*,#1885,.F.);
#2530=ORIENTED_EDGE('',*,*,#1886,.T.);
#2531=ORIENTED_EDGE('',*,*,#1887,.T.);
#2532=ORIENTED_EDGE('',*,*,#1888,.F.);
#2533=ORIENTED_EDGE('',*,*,#1889,.F.);
#2534=ORIENTED_EDGE('',*,*,#1890,.F.);
#2535=ORIENTED_EDGE('',*,*,#1891,.F.);
#2536=ORIENTED_EDGE('',*,*,#1892,.F.);
#2537=ORIENTED_EDGE('',*,*,#1855,.T.);
#2538=ORIENTED_EDGE('',*,*,#1857,.T.);
#2539=ORIENTED_EDGE('',*,*,#1875,.F.);
#2540=ORIENTED_EDGE('',*,*,#1876,.F.);
#2541=ORIENTED_EDGE('',*,*,#1858,.F.);
#2542=ORIENTED_EDGE('',*,*,#1893,.T.);
#2543=ORIENTED_EDGE('',*,*,#1877,.T.);
#2544=ORIENTED_EDGE('',*,*,#1893,.F.);
#2545=ORIENTED_EDGE('',*,*,#1859,.F.);
#2546=ORIENTED_EDGE('',*,*,#1894,.T.);
#2547=ORIENTED_EDGE('',*,*,#1878,.T.);
#2548=ORIENTED_EDGE('',*,*,#1894,.F.);
#2549=ORIENTED_EDGE('',*,*,#1860,.F.);
#2550=ORIENTED_EDGE('',*,*,#1895,.T.);
#2551=ORIENTED_EDGE('',*,*,#1879,.T.);
#2552=ORIENTED_EDGE('',*,*,#1895,.F.);
#2553=ORIENTED_EDGE('',*,*,#1861,.F.);
#2554=ORIENTED_EDGE('',*,*,#1896,.T.);
#2555=ORIENTED_EDGE('',*,*,#1880,.T.);
#2556=ORIENTED_EDGE('',*,*,#1896,.F.);
#2557=ORIENTED_EDGE('',*,*,#1862,.F.);
#2558=ORIENTED_EDGE('',*,*,#1897,.T.);
#2559=ORIENTED_EDGE('',*,*,#1881,.T.);
#2560=ORIENTED_EDGE('',*,*,#1897,.F.);
#2561=ORIENTED_EDGE('',*,*,#1863,.F.);
#2562=ORIENTED_EDGE('',*,*,#1898,.T.);
#2563=ORIENTED_EDGE('',*,*,#1882,.T.);
#2564=ORIENTED_EDGE('',*,*,#1898,.F.);
#2565=ORIENTED_EDGE('',*,*,#1864,.F.);
#2566=ORIENTED_EDGE('',*,*,#1899,.T.);
#2567=ORIENTED_EDGE('',*,*,#1883,.T.);
#2568=ORIENTED_EDGE('',*,*,#1899,.F.);
#2569=ORIENTED_EDGE('',*,*,#1865,.F.);
#2570=ORIENTED_EDGE('',*,*,#1900,.T.);
#2571=ORIENTED_EDGE('',*,*,#1884,.T.);
#2572=ORIENTED_EDGE('',*,*,#1900,.F.);
#2573=ORIENTED_EDGE('',*,*,#1866,.F.);
#2574=ORIENTED_EDGE('',*,*,#1901,.T.);
#2575=ORIENTED_EDGE('',*,*,#1885,.T.);
#2576=ORIENTED_EDGE('',*,*,#1901,.F.);
#2577=ORIENTED_EDGE('',*,*,#1902,.T.);
#2578=ORIENTED_EDGE('',*,*,#1867,.T.);
#2579=ORIENTED_EDGE('',*,*,#1903,.F.);
#2580=ORIENTED_EDGE('',*,*,#1886,.F.);
#2581=ORIENTED_EDGE('',*,*,#1902,.F.);
#2582=ORIENTED_EDGE('',*,*,#1889,.T.);
#2583=ORIENTED_EDGE('',*,*,#1904,.T.);
#2584=ORIENTED_EDGE('',*,*,#1868,.F.);
#2585=ORIENTED_EDGE('',*,*,#1903,.T.);
#2586=ORIENTED_EDGE('',*,*,#1870,.T.);
#2587=ORIENTED_EDGE('',*,*,#1905,.F.);
#2588=ORIENTED_EDGE('',*,*,#1887,.F.);
#2589=ORIENTED_EDGE('',*,*,#1904,.F.);
#2590=ORIENTED_EDGE('',*,*,#1888,.T.);
#2591=ORIENTED_EDGE('',*,*,#1905,.T.);
#2592=ORIENTED_EDGE('',*,*,#1869,.F.);
#2593=ORIENTED_EDGE('',*,*,#1871,.F.);
#2594=ORIENTED_EDGE('',*,*,#1906,.T.);
#2595=ORIENTED_EDGE('',*,*,#1890,.T.);
#2596=ORIENTED_EDGE('',*,*,#1906,.F.);
#2597=ORIENTED_EDGE('',*,*,#1872,.F.);
#2598=ORIENTED_EDGE('',*,*,#1907,.T.);
#2599=ORIENTED_EDGE('',*,*,#1891,.T.);
#2600=ORIENTED_EDGE('',*,*,#1907,.F.);
#2601=ORIENTED_EDGE('',*,*,#1873,.F.);
#2602=ORIENTED_EDGE('',*,*,#1908,.T.);
#2603=ORIENTED_EDGE('',*,*,#1892,.T.);
#2604=ORIENTED_EDGE('',*,*,#1908,.F.);
#2605=ORIENTED_EDGE('',*,*,#1909,.F.);
#2606=ORIENTED_EDGE('',*,*,#1910,.T.);
#2607=ORIENTED_EDGE('',*,*,#1911,.T.);
#2608=ORIENTED_EDGE('',*,*,#1912,.F.);
#2609=ORIENTED_EDGE('',*,*,#1913,.F.);
#2610=ORIENTED_EDGE('',*,*,#1909,.T.);
#2611=ORIENTED_EDGE('',*,*,#1914,.T.);
#2612=ORIENTED_EDGE('',*,*,#1915,.F.);
#2613=ORIENTED_EDGE('',*,*,#1912,.T.);
#2614=ORIENTED_EDGE('',*,*,#1916,.T.);
#2615=ORIENTED_EDGE('',*,*,#1917,.F.);
#2616=ORIENTED_EDGE('',*,*,#1914,.F.);
#2617=ORIENTED_EDGE('',*,*,#1918,.F.);
#2618=ORIENTED_EDGE('',*,*,#1919,.T.);
#2619=ORIENTED_EDGE('',*,*,#1920,.T.);
#2620=ORIENTED_EDGE('',*,*,#1921,.F.);
#2621=ORIENTED_EDGE('',*,*,#1922,.T.);
#2622=ORIENTED_EDGE('',*,*,#1923,.T.);
#2623=ORIENTED_EDGE('',*,*,#1916,.F.);
#2624=ORIENTED_EDGE('',*,*,#1911,.F.);
#2625=ORIENTED_EDGE('',*,*,#1910,.F.);
#2626=ORIENTED_EDGE('',*,*,#1913,.T.);
#2627=ORIENTED_EDGE('',*,*,#1924,.T.);
#2628=ORIENTED_EDGE('',*,*,#1922,.F.);
#2629=ORIENTED_EDGE('',*,*,#1925,.T.);
#2630=ORIENTED_EDGE('',*,*,#1926,.T.);
#2631=ORIENTED_EDGE('',*,*,#1927,.F.);
#2632=ORIENTED_EDGE('',*,*,#1928,.F.);
#2633=ORIENTED_EDGE('',*,*,#1915,.T.);
#2634=ORIENTED_EDGE('',*,*,#1917,.T.);
#2635=ORIENTED_EDGE('',*,*,#1923,.F.);
#2636=ORIENTED_EDGE('',*,*,#1924,.F.);
#2637=ORIENTED_EDGE('',*,*,#1929,.T.);
#2638=ORIENTED_EDGE('',*,*,#1918,.T.);
#2639=ORIENTED_EDGE('',*,*,#1930,.F.);
#2640=ORIENTED_EDGE('',*,*,#1925,.F.);
#2641=ORIENTED_EDGE('',*,*,#1929,.F.);
#2642=ORIENTED_EDGE('',*,*,#1928,.T.);
#2643=ORIENTED_EDGE('',*,*,#1931,.T.);
#2644=ORIENTED_EDGE('',*,*,#1919,.F.);
#2645=ORIENTED_EDGE('',*,*,#1931,.F.);
#2646=ORIENTED_EDGE('',*,*,#1927,.T.);
#2647=ORIENTED_EDGE('',*,*,#1932,.T.);
#2648=ORIENTED_EDGE('',*,*,#1920,.F.);
#2649=ORIENTED_EDGE('',*,*,#1930,.T.);
#2650=ORIENTED_EDGE('',*,*,#1921,.T.);
#2651=ORIENTED_EDGE('',*,*,#1932,.F.);
#2652=ORIENTED_EDGE('',*,*,#1926,.F.);
#2653=PLANE('',#3130);
#2654=PLANE('',#3131);
#2655=PLANE('',#3132);
#2656=PLANE('',#3145);
#2657=PLANE('',#3146);
#2658=PLANE('',#3159);
#2659=PLANE('',#3169);
#2660=PLANE('',#3170);
#2661=PLANE('',#3171);
#2662=PLANE('',#3172);
#2663=PLANE('',#3177);
#2664=PLANE('',#3178);
#2665=PLANE('',#3179);
#2666=PLANE('',#3180);
#2667=PLANE('',#3181);
#2668=PLANE('',#3182);
#2669=PLANE('',#3183);
#2670=PLANE('',#3184);
#2671=PLANE('',#3185);
#2672=PLANE('',#3186);
#2673=PLANE('',#3191);
#2674=PLANE('',#3192);
#2675=PLANE('',#3193);
#2676=PLANE('',#3194);
#2677=PLANE('',#3195);
#2678=PLANE('',#3196);
#2679=PLANE('',#3197);
#2680=PLANE('',#3198);
#2681=PLANE('',#3199);
#2682=PLANE('',#3200);
#2683=PLANE('',#3201);
#2684=PLANE('',#3202);
#2685=PLANE('',#3203);
#2686=PLANE('',#3204);
#2687=PLANE('',#3205);
#2688=PLANE('',#3206);
#2689=PLANE('',#3207);
#2690=PLANE('',#3208);
#2691=PLANE('',#3209);
#2692=PLANE('',#3210);
#2693=PLANE('',#3212);
#2694=PLANE('',#3213);
#2695=PLANE('',#3214);
#2696=PLANE('',#3215);
#2697=PLANE('',#3216);
#2698=PLANE('',#3217);
#2699=PLANE('',#3218);
#2700=PLANE('',#3219);
#2701=PLANE('',#3220);
#2702=PLANE('',#3221);
#2703=PLANE('',#3223);
#2704=PLANE('',#3224);
#2705=PLANE('',#3226);
#2706=PLANE('',#3227);
#2707=PLANE('',#3229);
#2708=PLANE('',#3230);
#2709=PLANE('',#3233);
#2710=PLANE('',#3236);
#2711=PLANE('',#3237);
#2712=PLANE('',#3238);
#2713=PLANE('',#3239);
#2714=PLANE('',#3244);
#2715=PLANE('',#3246);
#2716=PLANE('',#3247);
#2717=PLANE('',#3248);
#2718=PLANE('',#3249);
#2719=PLANE('',#3250);
#2720=PLANE('',#3251);
#2721=PLANE('',#3253);
#2722=PLANE('',#3254);
#2723=PLANE('',#3255);
#2724=PLANE('',#3256);
#2725=PLANE('',#3257);
#2726=PLANE('',#3258);
#2727=PLANE('',#3270);
#2728=PLANE('',#3271);
#2729=PLANE('',#3275);
#2730=PLANE('',#3276);
#2731=PLANE('',#3280);
#2732=PLANE('',#3281);
#2733=PLANE('',#3285);
#2734=PLANE('',#3286);
#2735=PLANE('',#3290);
#2736=PLANE('',#3291);
#2737=PLANE('',#3295);
#2738=PLANE('',#3296);
#2739=PLANE('',#3300);
#2740=PLANE('',#3301);
#2741=PLANE('',#3305);
#2742=PLANE('',#3306);
#2743=PLANE('',#3310);
#2744=PLANE('',#3311);
#2745=PLANE('',#3315);
#2746=PLANE('',#3316);
#2747=PLANE('',#3320);
#2748=PLANE('',#3321);
#2749=PLANE('',#3325);
#2750=PLANE('',#3326);
#2751=PLANE('',#3330);
#2752=PLANE('',#3331);
#2753=PLANE('',#3335);
#2754=PLANE('',#3336);
#2755=PLANE('',#3340);
#2756=PLANE('',#3341);
#2757=PLANE('',#3345);
#2758=PLANE('',#3346);
#2759=PLANE('',#3350);
#2760=PLANE('',#3351);
#2761=PLANE('',#3355);
#2762=PLANE('',#3356);
#2763=PLANE('',#3360);
#2764=PLANE('',#3361);
#2765=PLANE('',#3365);
#2766=PLANE('',#3366);
#2767=PLANE('',#3370);
#2768=PLANE('',#3371);
#2769=PLANE('',#3375);
#2770=PLANE('',#3376);
#2771=PLANE('',#3377);
#2772=PLANE('',#3390);
#2773=PLANE('',#3391);
#2774=PLANE('',#3404);
#2775=PLANE('',#3414);
#2776=PLANE('',#3415);
#2777=PLANE('',#3416);
#2778=PLANE('',#3417);
#2779=PLANE('',#3422);
#2780=PLANE('',#3423);
#2781=PLANE('',#3424);
#2782=PLANE('',#3425);
#2783=PLANE('',#3426);
#2784=PLANE('',#3427);
#2785=PLANE('',#3428);
#2786=PLANE('',#3429);
#2787=PLANE('',#3430);
#2788=PLANE('',#3431);
#2789=ADVANCED_FACE('',(#369),#2653,.F.);
#2790=ADVANCED_FACE('',(#370),#2654,.F.);
#2791=ADVANCED_FACE('',(#371,#205,#206,#207,#208,#209,#210,#211,#212,#213,
#214,#215,#216,#217),#2655,.T.);
#2792=ADVANCED_FACE('',(#372),#2656,.T.);
#2793=ADVANCED_FACE('',(#373,#218,#219,#220,#221,#222,#223,#224,#225,#226,
#227,#228,#229,#230),#2657,.F.);
#2794=ADVANCED_FACE('',(#374),#2658,.T.);
#2795=ADVANCED_FACE('',(#375),#157,.F.);
#2796=ADVANCED_FACE('',(#376),#158,.F.);
#2797=ADVANCED_FACE('',(#377),#159,.F.);
#2798=ADVANCED_FACE('',(#378),#160,.F.);
#2799=ADVANCED_FACE('',(#379),#161,.F.);
#2800=ADVANCED_FACE('',(#380),#162,.F.);
#2801=ADVANCED_FACE('',(#381),#163,.F.);
#2802=ADVANCED_FACE('',(#382),#164,.F.);
#2803=ADVANCED_FACE('',(#383),#165,.F.);
#2804=ADVANCED_FACE('',(#384),#2659,.T.);
#2805=ADVANCED_FACE('',(#385),#2660,.F.);
#2806=ADVANCED_FACE('',(#386),#2661,.T.);
#2807=ADVANCED_FACE('',(#387),#2662,.F.);
#2808=ADVANCED_FACE('',(#388),#166,.F.);
#2809=ADVANCED_FACE('',(#389),#167,.F.);
#2810=ADVANCED_FACE('',(#390),#168,.F.);
#2811=ADVANCED_FACE('',(#391),#2663,.F.);
#2812=ADVANCED_FACE('',(#392),#2664,.F.);
#2813=ADVANCED_FACE('',(#393,#231),#2665,.T.);
#2814=ADVANCED_FACE('',(#394),#2666,.T.);
#2815=ADVANCED_FACE('',(#395,#232),#2667,.F.);
#2816=ADVANCED_FACE('',(#396),#2668,.T.);
#2817=ADVANCED_FACE('',(#397),#2669,.T.);
#2818=ADVANCED_FACE('',(#398),#2670,.F.);
#2819=ADVANCED_FACE('',(#399),#2671,.F.);
#2820=ADVANCED_FACE('',(#400),#2672,.T.);
#2821=ADVANCED_FACE('',(#401),#2673,.F.);
#2822=ADVANCED_FACE('',(#402),#2674,.F.);
#2823=ADVANCED_FACE('',(#403,#233),#2675,.T.);
#2824=ADVANCED_FACE('',(#404),#2676,.T.);
#2825=ADVANCED_FACE('',(#405,#234),#2677,.F.);
#2826=ADVANCED_FACE('',(#406),#2678,.T.);
#2827=ADVANCED_FACE('',(#407),#2679,.T.);
#2828=ADVANCED_FACE('',(#408),#2680,.F.);
#2829=ADVANCED_FACE('',(#409),#2681,.F.);
#2830=ADVANCED_FACE('',(#410),#2682,.T.);
#2831=ADVANCED_FACE('',(#411),#2683,.T.);
#2832=ADVANCED_FACE('',(#412),#2684,.T.);
#2833=ADVANCED_FACE('',(#413,#235),#2685,.F.);
#2834=ADVANCED_FACE('',(#414),#2686,.F.);
#2835=ADVANCED_FACE('',(#415,#236),#2687,.T.);
#2836=ADVANCED_FACE('',(#416),#2688,.F.);
#2837=ADVANCED_FACE('',(#417),#2689,.F.);
#2838=ADVANCED_FACE('',(#418),#2690,.T.);
#2839=ADVANCED_FACE('',(#419),#2691,.T.);
#2840=ADVANCED_FACE('',(#420),#2692,.F.);
#2841=ADVANCED_FACE('',(#421),#2693,.F.);
#2842=ADVANCED_FACE('',(#422),#2694,.F.);
#2843=ADVANCED_FACE('',(#423,#237),#2695,.T.);
#2844=ADVANCED_FACE('',(#424),#2696,.T.);
#2845=ADVANCED_FACE('',(#425,#238),#2697,.F.);
#2846=ADVANCED_FACE('',(#426),#2698,.T.);
#2847=ADVANCED_FACE('',(#427),#2699,.T.);
#2848=ADVANCED_FACE('',(#428),#2700,.F.);
#2849=ADVANCED_FACE('',(#429),#2701,.F.);
#2850=ADVANCED_FACE('',(#430),#2702,.T.);
#2851=ADVANCED_FACE('',(#431),#2703,.F.);
#2852=ADVANCED_FACE('',(#432,#239),#2704,.F.);
#2853=ADVANCED_FACE('',(#433),#2705,.T.);
#2854=ADVANCED_FACE('',(#434,#240),#2706,.T.);
#2855=ADVANCED_FACE('',(#435),#2707,.F.);
#2856=ADVANCED_FACE('',(#436),#2708,.T.);
#2857=ADVANCED_FACE('',(#437),#169,.F.);
#2858=ADVANCED_FACE('',(#438,#241,#242),#2709,.F.);
#2859=ADVANCED_FACE('',(#439),#2710,.F.);
#2860=ADVANCED_FACE('',(#440),#2711,.T.);
#2861=ADVANCED_FACE('',(#441),#2712,.F.);
#2862=ADVANCED_FACE('',(#442),#2713,.T.);
#2863=ADVANCED_FACE('',(#443),#170,.F.);
#2864=ADVANCED_FACE('',(#444),#171,.F.);
#2865=ADVANCED_FACE('',(#445,#243,#244),#2714,.T.);
#2866=ADVANCED_FACE('',(#446),#2715,.F.);
#2867=ADVANCED_FACE('',(#447),#2716,.T.);
#2868=ADVANCED_FACE('',(#448),#2717,.F.);
#2869=ADVANCED_FACE('',(#449),#2718,.T.);
#2870=ADVANCED_FACE('',(#450),#2719,.F.);
#2871=ADVANCED_FACE('',(#451),#2720,.T.);
#2872=ADVANCED_FACE('',(#452),#2721,.F.);
#2873=ADVANCED_FACE('',(#453),#2722,.T.);
#2874=ADVANCED_FACE('',(#454),#2723,.F.);
#2875=ADVANCED_FACE('',(#455),#2724,.T.);
#2876=ADVANCED_FACE('',(#456),#2725,.F.);
#2877=ADVANCED_FACE('',(#457),#2726,.T.);
#2878=ADVANCED_FACE('',(#458),#172,.T.);
#2879=ADVANCED_FACE('',(#459),#2727,.T.);
#2880=ADVANCED_FACE('',(#460),#2728,.F.);
#2881=ADVANCED_FACE('',(#461),#173,.T.);
#2882=ADVANCED_FACE('',(#462),#2729,.T.);
#2883=ADVANCED_FACE('',(#463),#2730,.F.);
#2884=ADVANCED_FACE('',(#464),#174,.T.);
#2885=ADVANCED_FACE('',(#465),#2731,.T.);
#2886=ADVANCED_FACE('',(#466),#2732,.F.);
#2887=ADVANCED_FACE('',(#467),#175,.T.);
#2888=ADVANCED_FACE('',(#468),#2733,.T.);
#2889=ADVANCED_FACE('',(#469),#2734,.F.);
#2890=ADVANCED_FACE('',(#470),#176,.T.);
#2891=ADVANCED_FACE('',(#471),#2735,.T.);
#2892=ADVANCED_FACE('',(#472),#2736,.F.);
#2893=ADVANCED_FACE('',(#473),#177,.T.);
#2894=ADVANCED_FACE('',(#474),#2737,.T.);
#2895=ADVANCED_FACE('',(#475),#2738,.F.);
#2896=ADVANCED_FACE('',(#476),#178,.T.);
#2897=ADVANCED_FACE('',(#477),#2739,.T.);
#2898=ADVANCED_FACE('',(#478),#2740,.F.);
#2899=ADVANCED_FACE('',(#479),#179,.T.);
#2900=ADVANCED_FACE('',(#480),#2741,.T.);
#2901=ADVANCED_FACE('',(#481),#2742,.F.);
#2902=ADVANCED_FACE('',(#482),#180,.T.);
#2903=ADVANCED_FACE('',(#483),#2743,.T.);
#2904=ADVANCED_FACE('',(#484),#2744,.F.);
#2905=ADVANCED_FACE('',(#485),#181,.T.);
#2906=ADVANCED_FACE('',(#486),#2745,.T.);
#2907=ADVANCED_FACE('',(#487),#2746,.F.);
#2908=ADVANCED_FACE('',(#488),#182,.T.);
#2909=ADVANCED_FACE('',(#489),#2747,.T.);
#2910=ADVANCED_FACE('',(#490),#2748,.F.);
#2911=ADVANCED_FACE('',(#491),#183,.T.);
#2912=ADVANCED_FACE('',(#492),#2749,.T.);
#2913=ADVANCED_FACE('',(#493),#2750,.F.);
#2914=ADVANCED_FACE('',(#494),#184,.T.);
#2915=ADVANCED_FACE('',(#495),#2751,.T.);
#2916=ADVANCED_FACE('',(#496),#2752,.F.);
#2917=ADVANCED_FACE('',(#497),#185,.T.);
#2918=ADVANCED_FACE('',(#498),#2753,.T.);
#2919=ADVANCED_FACE('',(#499),#2754,.F.);
#2920=ADVANCED_FACE('',(#500),#186,.T.);
#2921=ADVANCED_FACE('',(#501),#2755,.T.);
#2922=ADVANCED_FACE('',(#502),#2756,.F.);
#2923=ADVANCED_FACE('',(#503),#187,.T.);
#2924=ADVANCED_FACE('',(#504),#2757,.T.);
#2925=ADVANCED_FACE('',(#505),#2758,.F.);
#2926=ADVANCED_FACE('',(#506),#188,.T.);
#2927=ADVANCED_FACE('',(#507),#2759,.T.);
#2928=ADVANCED_FACE('',(#508),#2760,.F.);
#2929=ADVANCED_FACE('',(#509),#189,.T.);
#2930=ADVANCED_FACE('',(#510),#2761,.T.);
#2931=ADVANCED_FACE('',(#511),#2762,.F.);
#2932=ADVANCED_FACE('',(#512),#190,.T.);
#2933=ADVANCED_FACE('',(#513),#2763,.T.);
#2934=ADVANCED_FACE('',(#514),#2764,.F.);
#2935=ADVANCED_FACE('',(#515),#191,.T.);
#2936=ADVANCED_FACE('',(#516),#2765,.T.);
#2937=ADVANCED_FACE('',(#517),#2766,.F.);
#2938=ADVANCED_FACE('',(#518),#192,.T.);
#2939=ADVANCED_FACE('',(#519),#2767,.T.);
#2940=ADVANCED_FACE('',(#520),#2768,.F.);
#2941=ADVANCED_FACE('',(#521),#2769,.T.);
#2942=ADVANCED_FACE('',(#522),#2770,.T.);
#2943=ADVANCED_FACE('',(#523,#245,#246,#247,#248,#249,#250,#251,#252,#253,
#254,#255,#256,#257),#2771,.F.);
#2944=ADVANCED_FACE('',(#524),#2772,.F.);
#2945=ADVANCED_FACE('',(#525,#258,#259,#260,#261,#262,#263,#264,#265,#266,
#267,#268,#269,#270),#2773,.T.);
#2946=ADVANCED_FACE('',(#526),#2774,.F.);
#2947=ADVANCED_FACE('',(#527),#193,.F.);
#2948=ADVANCED_FACE('',(#528),#194,.F.);
#2949=ADVANCED_FACE('',(#529),#195,.F.);
#2950=ADVANCED_FACE('',(#530),#196,.F.);
#2951=ADVANCED_FACE('',(#531),#197,.F.);
#2952=ADVANCED_FACE('',(#532),#198,.F.);
#2953=ADVANCED_FACE('',(#533),#199,.F.);
#2954=ADVANCED_FACE('',(#534),#200,.F.);
#2955=ADVANCED_FACE('',(#535),#201,.F.);
#2956=ADVANCED_FACE('',(#536),#2775,.F.);
#2957=ADVANCED_FACE('',(#537),#2776,.T.);
#2958=ADVANCED_FACE('',(#538),#2777,.F.);
#2959=ADVANCED_FACE('',(#539),#2778,.T.);
#2960=ADVANCED_FACE('',(#540),#202,.F.);
#2961=ADVANCED_FACE('',(#541),#203,.F.);
#2962=ADVANCED_FACE('',(#542),#204,.F.);
#2963=ADVANCED_FACE('',(#543),#2779,.T.);
#2964=ADVANCED_FACE('',(#544),#2780,.T.);
#2965=ADVANCED_FACE('',(#545,#271),#2781,.F.);
#2966=ADVANCED_FACE('',(#546),#2782,.F.);
#2967=ADVANCED_FACE('',(#547,#272),#2783,.T.);
#2968=ADVANCED_FACE('',(#548),#2784,.F.);
#2969=ADVANCED_FACE('',(#549),#2785,.F.);
#2970=ADVANCED_FACE('',(#550),#2786,.T.);
#2971=ADVANCED_FACE('',(#551),#2787,.T.);
#2972=ADVANCED_FACE('',(#552),#2788,.F.);
#2973=CLOSED_SHELL('',(#2789,#2790,#2791,#2792,#2793,#2794,#2795,#2796,
#2797,#2798,#2799,#2800,#2801,#2802,#2803,#2804,#2805,#2806,#2807,#2808,
#2809,#2810));
#2974=CLOSED_SHELL('',(#2811,#2812,#2813,#2814,#2815,#2816,#2817,#2818,
#2819,#2820));
#2975=CLOSED_SHELL('',(#2821,#2822,#2823,#2824,#2825,#2826,#2827,#2828,
#2829,#2830));
#2976=CLOSED_SHELL('',(#2831,#2832,#2833,#2834,#2835,#2836,#2837,#2838,
#2839,#2840));
#2977=CLOSED_SHELL('',(#2841,#2842,#2843,#2844,#2845,#2846,#2847,#2848,
#2849,#2850));
#2978=CLOSED_SHELL('',(#2851,#2852,#2853,#2854,#2855,#2856,#2857));
#2979=CLOSED_SHELL('',(#2858,#2859,#2860,#2861,#2862,#2863,#2864,#2865));
#2980=CLOSED_SHELL('',(#2866,#2867,#2868,#2869,#2870,#2871));
#2981=CLOSED_SHELL('',(#2872,#2873,#2874,#2875,#2876,#2877));
#2982=CLOSED_SHELL('',(#2878,#2879,#2880));
#2983=CLOSED_SHELL('',(#2881,#2882,#2883));
#2984=CLOSED_SHELL('',(#2884,#2885,#2886));
#2985=CLOSED_SHELL('',(#2887,#2888,#2889));
#2986=CLOSED_SHELL('',(#2890,#2891,#2892));
#2987=CLOSED_SHELL('',(#2893,#2894,#2895));
#2988=CLOSED_SHELL('',(#2896,#2897,#2898));
#2989=CLOSED_SHELL('',(#2899,#2900,#2901));
#2990=CLOSED_SHELL('',(#2902,#2903,#2904));
#2991=CLOSED_SHELL('',(#2905,#2906,#2907));
#2992=CLOSED_SHELL('',(#2908,#2909,#2910));
#2993=CLOSED_SHELL('',(#2911,#2912,#2913));
#2994=CLOSED_SHELL('',(#2914,#2915,#2916));
#2995=CLOSED_SHELL('',(#2917,#2918,#2919));
#2996=CLOSED_SHELL('',(#2920,#2921,#2922));
#2997=CLOSED_SHELL('',(#2923,#2924,#2925));
#2998=CLOSED_SHELL('',(#2926,#2927,#2928));
#2999=CLOSED_SHELL('',(#2929,#2930,#2931));
#3000=CLOSED_SHELL('',(#2932,#2933,#2934));
#3001=CLOSED_SHELL('',(#2935,#2936,#2937));
#3002=CLOSED_SHELL('',(#2938,#2939,#2940));
#3003=CLOSED_SHELL('',(#2941,#2942,#2943,#2944,#2945,#2946,#2947,#2948,
#2949,#2950,#2951,#2952,#2953,#2954,#2955,#2956,#2957,#2958,#2959,#2960,
#2961,#2962));
#3004=CLOSED_SHELL('',(#2963,#2964,#2965,#2966,#2967,#2968,#2969,#2970,
#2971,#2972));
#3005=DERIVED_UNIT_ELEMENT(#3027,1.);
#3006=DERIVED_UNIT_ELEMENT(#5174,-3.);
#3007=DERIVED_UNIT_ELEMENT(#3027,1.);
#3008=DERIVED_UNIT_ELEMENT(#5174,-3.);
#3009=DERIVED_UNIT_ELEMENT(#3027,1.);
#3010=DERIVED_UNIT_ELEMENT(#5174,-3.);
#3011=DERIVED_UNIT_ELEMENT(#3027,1.);
#3012=DERIVED_UNIT_ELEMENT(#5174,-3.);
#3013=DERIVED_UNIT_ELEMENT(#3027,1.);
#3014=DERIVED_UNIT_ELEMENT(#5174,-3.);
#3015=DERIVED_UNIT_ELEMENT(#3027,1.);
#3016=DERIVED_UNIT_ELEMENT(#5174,-3.);
#3017=DERIVED_UNIT_ELEMENT(#3027,1.);
#3018=DERIVED_UNIT_ELEMENT(#5174,-3.);
#3019=DERIVED_UNIT_ELEMENT(#3027,1.);
#3020=DERIVED_UNIT_ELEMENT(#5174,-3.);
#3021=DERIVED_UNIT_ELEMENT(#3027,1.);
#3022=DERIVED_UNIT_ELEMENT(#5174,-3.);
#3023=DERIVED_UNIT_ELEMENT(#3027,1.);
#3024=DERIVED_UNIT_ELEMENT(#5174,-3.);
#3025=DERIVED_UNIT_ELEMENT(#3027,1.);
#3026=DERIVED_UNIT_ELEMENT(#5174,-3.);
#3027=(
MASS_UNIT()
NAMED_UNIT(*)
SI_UNIT(.KILO.,.GRAM.)
);
#3028=DERIVED_UNIT((#3005,#3006));
#3029=DERIVED_UNIT((#3007,#3008));
#3030=DERIVED_UNIT((#3009,#3010));
#3031=DERIVED_UNIT((#3011,#3012));
#3032=DERIVED_UNIT((#3013,#3014));
#3033=DERIVED_UNIT((#3015,#3016));
#3034=DERIVED_UNIT((#3017,#3018));
#3035=DERIVED_UNIT((#3019,#3020));
#3036=DERIVED_UNIT((#3021,#3022));
#3037=DERIVED_UNIT((#3023,#3024));
#3038=DERIVED_UNIT((#3025,#3026));
#3039=MEASURE_REPRESENTATION_ITEM('density measure',
POSITIVE_RATIO_MEASURE(7850.),#3028);
#3040=MEASURE_REPRESENTATION_ITEM('density measure',
POSITIVE_RATIO_MEASURE(7850.),#3029);
#3041=MEASURE_REPRESENTATION_ITEM('density measure',
POSITIVE_RATIO_MEASURE(7850.),#3030);
#3042=MEASURE_REPRESENTATION_ITEM('density measure',
POSITIVE_RATIO_MEASURE(7850.),#3031);
#3043=MEASURE_REPRESENTATION_ITEM('density measure',
POSITIVE_RATIO_MEASURE(7850.),#3032);
#3044=MEASURE_REPRESENTATION_ITEM('density measure',
POSITIVE_RATIO_MEASURE(7850.),#3033);
#3045=MEASURE_REPRESENTATION_ITEM('density measure',
POSITIVE_RATIO_MEASURE(7850.),#3034);
#3046=MEASURE_REPRESENTATION_ITEM('density measure',
POSITIVE_RATIO_MEASURE(7850.),#3035);
#3047=MEASURE_REPRESENTATION_ITEM('density measure',
POSITIVE_RATIO_MEASURE(7850.),#3036);
#3048=MEASURE_REPRESENTATION_ITEM('density measure',
POSITIVE_RATIO_MEASURE(7850.),#3037);
#3049=MEASURE_REPRESENTATION_ITEM('density measure',
POSITIVE_RATIO_MEASURE(7850.),#3038);
#3050=PROPERTY_DEFINITION_REPRESENTATION(#3105,#3072);
#3051=PROPERTY_DEFINITION_REPRESENTATION(#3106,#3073);
#3052=PROPERTY_DEFINITION_REPRESENTATION(#3107,#3074);
#3053=PROPERTY_DEFINITION_REPRESENTATION(#3108,#3075);
#3054=PROPERTY_DEFINITION_REPRESENTATION(#3109,#3076);
#3055=PROPERTY_DEFINITION_REPRESENTATION(#3110,#3077);
#3056=PROPERTY_DEFINITION_REPRESENTATION(#3111,#3078);
#3057=PROPERTY_DEFINITION_REPRESENTATION(#3112,#3079);
#3058=PROPERTY_DEFINITION_REPRESENTATION(#3113,#3080);
#3059=PROPERTY_DEFINITION_REPRESENTATION(#3114,#3081);
#3060=PROPERTY_DEFINITION_REPRESENTATION(#3115,#3082);
#3061=PROPERTY_DEFINITION_REPRESENTATION(#3116,#3083);
#3062=PROPERTY_DEFINITION_REPRESENTATION(#3117,#3084);
#3063=PROPERTY_DEFINITION_REPRESENTATION(#3118,#3085);
#3064=PROPERTY_DEFINITION_REPRESENTATION(#3119,#3086);
#3065=PROPERTY_DEFINITION_REPRESENTATION(#3120,#3087);
#3066=PROPERTY_DEFINITION_REPRESENTATION(#3121,#3088);
#3067=PROPERTY_DEFINITION_REPRESENTATION(#3122,#3089);
#3068=PROPERTY_DEFINITION_REPRESENTATION(#3123,#3090);
#3069=PROPERTY_DEFINITION_REPRESENTATION(#3124,#3091);
#3070=PROPERTY_DEFINITION_REPRESENTATION(#3125,#3092);
#3071=PROPERTY_DEFINITION_REPRESENTATION(#3126,#3093);
#3072=REPRESENTATION('material name',(#3094),#5158);
#3073=REPRESENTATION('density',(#3039),#5158);
#3074=REPRESENTATION('material name',(#3095),#5159);
#3075=REPRESENTATION('density',(#3040),#5159);
#3076=REPRESENTATION('material name',(#3096),#5161);
#3077=REPRESENTATION('density',(#3041),#5161);
#3078=REPRESENTATION('material name',(#3097),#5162);
#3079=REPRESENTATION('density',(#3042),#5162);
#3080=REPRESENTATION('material name',(#3098),#5163);
#3081=REPRESENTATION('density',(#3043),#5163);
#3082=REPRESENTATION('material name',(#3099),#5164);
#3083=REPRESENTATION('density',(#3044),#5164);
#3084=REPRESENTATION('material name',(#3100),#5165);
#3085=REPRESENTATION('density',(#3045),#5165);
#3086=REPRESENTATION('material name',(#3101),#5166);
#3087=REPRESENTATION('density',(#3046),#5166);
#3088=REPRESENTATION('material name',(#3102),#5168);
#3089=REPRESENTATION('density',(#3047),#5168);
#3090=REPRESENTATION('material name',(#3103),#5170);
#3091=REPRESENTATION('density',(#3048),#5170);
#3092=REPRESENTATION('material name',(#3104),#5171);
#3093=REPRESENTATION('density',(#3049),#5171);
#3094=DESCRIPTIVE_REPRESENTATION_ITEM('Steel','Steel');
#3095=DESCRIPTIVE_REPRESENTATION_ITEM('Steel','Steel');
#3096=DESCRIPTIVE_REPRESENTATION_ITEM('Steel','Steel');
#3097=DESCRIPTIVE_REPRESENTATION_ITEM('Steel','Steel');
#3098=DESCRIPTIVE_REPRESENTATION_ITEM('Steel','Steel');
#3099=DESCRIPTIVE_REPRESENTATION_ITEM('Steel','Steel');
#3100=DESCRIPTIVE_REPRESENTATION_ITEM('Steel','Steel');
#3101=DESCRIPTIVE_REPRESENTATION_ITEM('Steel','Steel');
#3102=DESCRIPTIVE_REPRESENTATION_ITEM('Steel','Steel');
#3103=DESCRIPTIVE_REPRESENTATION_ITEM('Steel','Steel');
#3104=DESCRIPTIVE_REPRESENTATION_ITEM('Steel','Steel');
#3105=PROPERTY_DEFINITION('material property','material name',#5243);
#3106=PROPERTY_DEFINITION('material property','density of part',#5243);
#3107=PROPERTY_DEFINITION('material property','material name',#5244);
#3108=PROPERTY_DEFINITION('material property','density of part',#5244);
#3109=PROPERTY_DEFINITION('material property','material name',#5246);
#3110=PROPERTY_DEFINITION('material property','density of part',#5246);
#3111=PROPERTY_DEFINITION('material property','material name',#5247);
#3112=PROPERTY_DEFINITION('material property','density of part',#5247);
#3113=PROPERTY_DEFINITION('material property','material name',#5248);
#3114=PROPERTY_DEFINITION('material property','density of part',#5248);
#3115=PROPERTY_DEFINITION('material property','material name',#5249);
#3116=PROPERTY_DEFINITION('material property','density of part',#5249);
#3117=PROPERTY_DEFINITION('material property','material name',#5250);
#3118=PROPERTY_DEFINITION('material property','density of part',#5250);
#3119=PROPERTY_DEFINITION('material property','material name',#5251);
#3120=PROPERTY_DEFINITION('material property','density of part',#5251);
#3121=PROPERTY_DEFINITION('material property','material name',#5253);
#3122=PROPERTY_DEFINITION('material property','density of part',#5253);
#3123=PROPERTY_DEFINITION('material property','material name',#5255);
#3124=PROPERTY_DEFINITION('material property','density of part',#5255);
#3125=PROPERTY_DEFINITION('material property','material name',#5256);
#3126=PROPERTY_DEFINITION('material property','density of part',#5256);
#3127=AXIS2_PLACEMENT_3D('',#4324,#3438,#3439);
#3128=AXIS2_PLACEMENT_3D('',#4325,#3440,#3441);
#3129=AXIS2_PLACEMENT_3D('',#4326,#3442,#3443);
#3130=AXIS2_PLACEMENT_3D('',#4327,#3444,#3445);
#3131=AXIS2_PLACEMENT_3D('',#4336,#3450,#3451);
#3132=AXIS2_PLACEMENT_3D('',#4342,#3455,#3456);
#3133=AXIS2_PLACEMENT_3D('',#4347,#3459,#3460);
#3134=AXIS2_PLACEMENT_3D('',#4349,#3461,#3462);
#3135=AXIS2_PLACEMENT_3D('',#4351,#3463,#3464);
#3136=AXIS2_PLACEMENT_3D('',#4353,#3465,#3466);
#3137=AXIS2_PLACEMENT_3D('',#4355,#3467,#3468);
#3138=AXIS2_PLACEMENT_3D('',#4357,#3469,#3470);
#3139=AXIS2_PLACEMENT_3D('',#4359,#3471,#3472);
#3140=AXIS2_PLACEMENT_3D('',#4361,#3473,#3474);
#3141=AXIS2_PLACEMENT_3D('',#4363,#3475,#3476);
#3142=AXIS2_PLACEMENT_3D('',#4373,#3481,#3482);
#3143=AXIS2_PLACEMENT_3D('',#4375,#3483,#3484);
#3144=AXIS2_PLACEMENT_3D('',#4377,#3485,#3486);
#3145=AXIS2_PLACEMENT_3D('',#4378,#3487,#3488);
#3146=AXIS2_PLACEMENT_3D('',#4382,#3491,#3492);
#3147=AXIS2_PLACEMENT_3D('',#4385,#3494,#3495);
#3148=AXIS2_PLACEMENT_3D('',#4387,#3496,#3497);
#3149=AXIS2_PLACEMENT_3D('',#4389,#3498,#3499);
#3150=AXIS2_PLACEMENT_3D('',#4391,#3500,#3501);
#3151=AXIS2_PLACEMENT_3D('',#4393,#3502,#3503);
#3152=AXIS2_PLACEMENT_3D('',#4395,#3504,#3505);
#3153=AXIS2_PLACEMENT_3D('',#4397,#3506,#3507);
#3154=AXIS2_PLACEMENT_3D('',#4399,#3508,#3509);
#3155=AXIS2_PLACEMENT_3D('',#4401,#3510,#3511);
#3156=AXIS2_PLACEMENT_3D('',#4411,#3516,#3517);
#3157=AXIS2_PLACEMENT_3D('',#4413,#3518,#3519);
#3158=AXIS2_PLACEMENT_3D('',#4415,#3520,#3521);
#3159=AXIS2_PLACEMENT_3D('',#4416,#3522,#3523);
#3160=AXIS2_PLACEMENT_3D('',#4417,#3524,#3525);
#3161=AXIS2_PLACEMENT_3D('',#4419,#3527,#3528);
#3162=AXIS2_PLACEMENT_3D('',#4421,#3530,#3531);
#3163=AXIS2_PLACEMENT_3D('',#4423,#3533,#3534);
#3164=AXIS2_PLACEMENT_3D('',#4425,#3536,#3537);
#3165=AXIS2_PLACEMENT_3D('',#4427,#3539,#3540);
#3166=AXIS2_PLACEMENT_3D('',#4429,#3542,#3543);
#3167=AXIS2_PLACEMENT_3D('',#4431,#3545,#3546);
#3168=AXIS2_PLACEMENT_3D('',#4433,#3548,#3549);
#3169=AXIS2_PLACEMENT_3D('',#4435,#3551,#3552);
#3170=AXIS2_PLACEMENT_3D('',#4438,#3555,#3556);
#3171=AXIS2_PLACEMENT_3D('',#4440,#3558,#3559);
#3172=AXIS2_PLACEMENT_3D('',#4442,#3561,#3562);
#3173=AXIS2_PLACEMENT_3D('',#4443,#3563,#3564);
#3174=AXIS2_PLACEMENT_3D('',#4445,#3566,#3567);
#3175=AXIS2_PLACEMENT_3D('',#4447,#3569,#3570);
#3176=AXIS2_PLACEMENT_3D('',#4449,#3572,#3573);
#3177=AXIS2_PLACEMENT_3D('',#4450,#3574,#3575);
#3178=AXIS2_PLACEMENT_3D('',#4459,#3580,#3581);
#3179=AXIS2_PLACEMENT_3D('',#4465,#3585,#3586);
#3180=AXIS2_PLACEMENT_3D('',#4477,#3593,#3594);
#3181=AXIS2_PLACEMENT_3D('',#4481,#3597,#3598);
#3182=AXIS2_PLACEMENT_3D('',#4491,#3604,#3605);
#3183=AXIS2_PLACEMENT_3D('',#4492,#3606,#3607);
#3184=AXIS2_PLACEMENT_3D('',#4495,#3610,#3611);
#3185=AXIS2_PLACEMENT_3D('',#4497,#3613,#3614);
#3186=AXIS2_PLACEMENT_3D('',#4499,#3616,#3617);
#3187=AXIS2_PLACEMENT_3D('',#4500,#3618,#3619);
#3188=AXIS2_PLACEMENT_3D('',#4501,#3620,#3621);
#3189=AXIS2_PLACEMENT_3D('',#4502,#3622,#3623);
#3190=AXIS2_PLACEMENT_3D('',#4503,#3624,#3625);
#3191=AXIS2_PLACEMENT_3D('',#4504,#3626,#3627);
#3192=AXIS2_PLACEMENT_3D('',#4513,#3632,#3633);
#3193=AXIS2_PLACEMENT_3D('',#4519,#3637,#3638);
#3194=AXIS2_PLACEMENT_3D('',#4531,#3645,#3646);
#3195=AXIS2_PLACEMENT_3D('',#4535,#3649,#3650);
#3196=AXIS2_PLACEMENT_3D('',#4545,#3656,#3657);
#3197=AXIS2_PLACEMENT_3D('',#4546,#3658,#3659);
#3198=AXIS2_PLACEMENT_3D('',#4549,#3662,#3663);
#3199=AXIS2_PLACEMENT_3D('',#4551,#3665,#3666);
#3200=AXIS2_PLACEMENT_3D('',#4553,#3668,#3669);
#3201=AXIS2_PLACEMENT_3D('',#4554,#3670,#3671);
#3202=AXIS2_PLACEMENT_3D('',#4563,#3676,#3677);
#3203=AXIS2_PLACEMENT_3D('',#4569,#3681,#3682);
#3204=AXIS2_PLACEMENT_3D('',#4581,#3689,#3690);
#3205=AXIS2_PLACEMENT_3D('',#4585,#3693,#3694);
#3206=AXIS2_PLACEMENT_3D('',#4595,#3700,#3701);
#3207=AXIS2_PLACEMENT_3D('',#4596,#3702,#3703);
#3208=AXIS2_PLACEMENT_3D('',#4599,#3706,#3707);
#3209=AXIS2_PLACEMENT_3D('',#4601,#3709,#3710);
#3210=AXIS2_PLACEMENT_3D('',#4603,#3712,#3713);
#3211=AXIS2_PLACEMENT_3D('',#4604,#3714,#3715);
#3212=AXIS2_PLACEMENT_3D('',#4605,#3716,#3717);
#3213=AXIS2_PLACEMENT_3D('',#4614,#3722,#3723);
#3214=AXIS2_PLACEMENT_3D('',#4620,#3727,#3728);
#3215=AXIS2_PLACEMENT_3D('',#4632,#3735,#3736);
#3216=AXIS2_PLACEMENT_3D('',#4636,#3739,#3740);
#3217=AXIS2_PLACEMENT_3D('',#4646,#3746,#3747);
#3218=AXIS2_PLACEMENT_3D('',#4647,#3748,#3749);
#3219=AXIS2_PLACEMENT_3D('',#4650,#3752,#3753);
#3220=AXIS2_PLACEMENT_3D('',#4652,#3755,#3756);
#3221=AXIS2_PLACEMENT_3D('',#4654,#3758,#3759);
#3222=AXIS2_PLACEMENT_3D('',#4655,#3760,#3761);
#3223=AXIS2_PLACEMENT_3D('',#4656,#3762,#3763);
#3224=AXIS2_PLACEMENT_3D('',#4665,#3768,#3769);
#3225=AXIS2_PLACEMENT_3D('',#4672,#3773,#3774);
#3226=AXIS2_PLACEMENT_3D('',#4673,#3775,#3776);
#3227=AXIS2_PLACEMENT_3D('',#4677,#3779,#3780);
#3228=AXIS2_PLACEMENT_3D('',#4682,#3783,#3784);
#3229=AXIS2_PLACEMENT_3D('',#4683,#3785,#3786);
#3230=AXIS2_PLACEMENT_3D('',#4685,#3788,#3789);
#3231=AXIS2_PLACEMENT_3D('',#4686,#3790,#3791);
#3232=AXIS2_PLACEMENT_3D('',#4688,#3793,#3794);
#3233=AXIS2_PLACEMENT_3D('',#4689,#3795,#3796);
#3234=AXIS2_PLACEMENT_3D('',#4699,#3801,#3802);
#3235=AXIS2_PLACEMENT_3D('',#4701,#3803,#3804);
#3236=AXIS2_PLACEMENT_3D('',#4702,#3805,#3806);
#3237=AXIS2_PLACEMENT_3D('',#4708,#3810,#3811);
#3238=AXIS2_PLACEMENT_3D('',#4712,#3814,#3815);
#3239=AXIS2_PLACEMENT_3D('',#4716,#3818,#3819);
#3240=AXIS2_PLACEMENT_3D('',#4718,#3821,#3822);
#3241=AXIS2_PLACEMENT_3D('',#4721,#3824,#3825);
#3242=AXIS2_PLACEMENT_3D('',#4722,#3826,#3827);
#3243=AXIS2_PLACEMENT_3D('',#4725,#3829,#3830);
#3244=AXIS2_PLACEMENT_3D('',#4726,#3831,#3832);
#3245=AXIS2_PLACEMENT_3D('',#4727,#3833,#3834);
#3246=AXIS2_PLACEMENT_3D('',#4728,#3835,#3836);
#3247=AXIS2_PLACEMENT_3D('',#4737,#3841,#3842);
#3248=AXIS2_PLACEMENT_3D('',#4746,#3847,#3848);
#3249=AXIS2_PLACEMENT_3D('',#4749,#3851,#3852);
#3250=AXIS2_PLACEMENT_3D('',#4752,#3855,#3856);
#3251=AXIS2_PLACEMENT_3D('',#4753,#3857,#3858);
#3252=AXIS2_PLACEMENT_3D('',#4754,#3859,#3860);
#3253=AXIS2_PLACEMENT_3D('',#4755,#3861,#3862);
#3254=AXIS2_PLACEMENT_3D('',#4764,#3867,#3868);
#3255=AXIS2_PLACEMENT_3D('',#4773,#3873,#3874);
#3256=AXIS2_PLACEMENT_3D('',#4776,#3877,#3878);
#3257=AXIS2_PLACEMENT_3D('',#4779,#3881,#3882);
#3258=AXIS2_PLACEMENT_3D('',#4780,#3883,#3884);
#3259=AXIS2_PLACEMENT_3D('',#4781,#3885,#3886);
#3260=AXIS2_PLACEMENT_3D('',#4782,#3887,#3888);
#3261=AXIS2_PLACEMENT_3D('',#4783,#3889,#3890);
#3262=AXIS2_PLACEMENT_3D('',#4784,#3891,#3892);
#3263=AXIS2_PLACEMENT_3D('',#4785,#3893,#3894);
#3264=AXIS2_PLACEMENT_3D('',#4786,#3895,#3896);
#3265=AXIS2_PLACEMENT_3D('',#4787,#3897,#3898);
#3266=AXIS2_PLACEMENT_3D('',#4788,#3899,#3900);
#3267=AXIS2_PLACEMENT_3D('',#4789,#3901,#3902);
#3268=AXIS2_PLACEMENT_3D('',#4791,#3903,#3904);
#3269=AXIS2_PLACEMENT_3D('',#4794,#3906,#3907);
#3270=AXIS2_PLACEMENT_3D('',#4795,#3908,#3909);
#3271=AXIS2_PLACEMENT_3D('',#4796,#3910,#3911);
#3272=AXIS2_PLACEMENT_3D('',#4797,#3912,#3913);
#3273=AXIS2_PLACEMENT_3D('',#4799,#3914,#3915);
#3274=AXIS2_PLACEMENT_3D('',#4802,#3917,#3918);
#3275=AXIS2_PLACEMENT_3D('',#4803,#3919,#3920);
#3276=AXIS2_PLACEMENT_3D('',#4804,#3921,#3922);
#3277=AXIS2_PLACEMENT_3D('',#4805,#3923,#3924);
#3278=AXIS2_PLACEMENT_3D('',#4807,#3925,#3926);
#3279=AXIS2_PLACEMENT_3D('',#4810,#3928,#3929);
#3280=AXIS2_PLACEMENT_3D('',#4811,#3930,#3931);
#3281=AXIS2_PLACEMENT_3D('',#4812,#3932,#3933);
#3282=AXIS2_PLACEMENT_3D('',#4813,#3934,#3935);
#3283=AXIS2_PLACEMENT_3D('',#4815,#3936,#3937);
#3284=AXIS2_PLACEMENT_3D('',#4818,#3939,#3940);
#3285=AXIS2_PLACEMENT_3D('',#4819,#3941,#3942);
#3286=AXIS2_PLACEMENT_3D('',#4820,#3943,#3944);
#3287=AXIS2_PLACEMENT_3D('',#4821,#3945,#3946);
#3288=AXIS2_PLACEMENT_3D('',#4823,#3947,#3948);
#3289=AXIS2_PLACEMENT_3D('',#4826,#3950,#3951);
#3290=AXIS2_PLACEMENT_3D('',#4827,#3952,#3953);
#3291=AXIS2_PLACEMENT_3D('',#4828,#3954,#3955);
#3292=AXIS2_PLACEMENT_3D('',#4829,#3956,#3957);
#3293=AXIS2_PLACEMENT_3D('',#4831,#3958,#3959);
#3294=AXIS2_PLACEMENT_3D('',#4834,#3961,#3962);
#3295=AXIS2_PLACEMENT_3D('',#4835,#3963,#3964);
#3296=AXIS2_PLACEMENT_3D('',#4836,#3965,#3966);
#3297=AXIS2_PLACEMENT_3D('',#4837,#3967,#3968);
#3298=AXIS2_PLACEMENT_3D('',#4839,#3969,#3970);
#3299=AXIS2_PLACEMENT_3D('',#4842,#3972,#3973);
#3300=AXIS2_PLACEMENT_3D('',#4843,#3974,#3975);
#3301=AXIS2_PLACEMENT_3D('',#4844,#3976,#3977);
#3302=AXIS2_PLACEMENT_3D('',#4845,#3978,#3979);
#3303=AXIS2_PLACEMENT_3D('',#4847,#3980,#3981);
#3304=AXIS2_PLACEMENT_3D('',#4850,#3983,#3984);
#3305=AXIS2_PLACEMENT_3D('',#4851,#3985,#3986);
#3306=AXIS2_PLACEMENT_3D('',#4852,#3987,#3988);
#3307=AXIS2_PLACEMENT_3D('',#4853,#3989,#3990);
#3308=AXIS2_PLACEMENT_3D('',#4855,#3991,#3992);
#3309=AXIS2_PLACEMENT_3D('',#4858,#3994,#3995);
#3310=AXIS2_PLACEMENT_3D('',#4859,#3996,#3997);
#3311=AXIS2_PLACEMENT_3D('',#4860,#3998,#3999);
#3312=AXIS2_PLACEMENT_3D('',#4861,#4000,#4001);
#3313=AXIS2_PLACEMENT_3D('',#4863,#4002,#4003);
#3314=AXIS2_PLACEMENT_3D('',#4866,#4005,#4006);
#3315=AXIS2_PLACEMENT_3D('',#4867,#4007,#4008);
#3316=AXIS2_PLACEMENT_3D('',#4868,#4009,#4010);
#3317=AXIS2_PLACEMENT_3D('',#4869,#4011,#4012);
#3318=AXIS2_PLACEMENT_3D('',#4871,#4013,#4014);
#3319=AXIS2_PLACEMENT_3D('',#4874,#4016,#4017);
#3320=AXIS2_PLACEMENT_3D('',#4875,#4018,#4019);
#3321=AXIS2_PLACEMENT_3D('',#4876,#4020,#4021);
#3322=AXIS2_PLACEMENT_3D('',#4877,#4022,#4023);
#3323=AXIS2_PLACEMENT_3D('',#4879,#4024,#4025);
#3324=AXIS2_PLACEMENT_3D('',#4882,#4027,#4028);
#3325=AXIS2_PLACEMENT_3D('',#4883,#4029,#4030);
#3326=AXIS2_PLACEMENT_3D('',#4884,#4031,#4032);
#3327=AXIS2_PLACEMENT_3D('',#4885,#4033,#4034);
#3328=AXIS2_PLACEMENT_3D('',#4887,#4035,#4036);
#3329=AXIS2_PLACEMENT_3D('',#4890,#4038,#4039);
#3330=AXIS2_PLACEMENT_3D('',#4891,#4040,#4041);
#3331=AXIS2_PLACEMENT_3D('',#4892,#4042,#4043);
#3332=AXIS2_PLACEMENT_3D('',#4893,#4044,#4045);
#3333=AXIS2_PLACEMENT_3D('',#4895,#4046,#4047);
#3334=AXIS2_PLACEMENT_3D('',#4898,#4049,#4050);
#3335=AXIS2_PLACEMENT_3D('',#4899,#4051,#4052);
#3336=AXIS2_PLACEMENT_3D('',#4900,#4053,#4054);
#3337=AXIS2_PLACEMENT_3D('',#4901,#4055,#4056);
#3338=AXIS2_PLACEMENT_3D('',#4903,#4057,#4058);
#3339=AXIS2_PLACEMENT_3D('',#4906,#4060,#4061);
#3340=AXIS2_PLACEMENT_3D('',#4907,#4062,#4063);
#3341=AXIS2_PLACEMENT_3D('',#4908,#4064,#4065);
#3342=AXIS2_PLACEMENT_3D('',#4909,#4066,#4067);
#3343=AXIS2_PLACEMENT_3D('',#4911,#4068,#4069);
#3344=AXIS2_PLACEMENT_3D('',#4914,#4071,#4072);
#3345=AXIS2_PLACEMENT_3D('',#4915,#4073,#4074);
#3346=AXIS2_PLACEMENT_3D('',#4916,#4075,#4076);
#3347=AXIS2_PLACEMENT_3D('',#4917,#4077,#4078);
#3348=AXIS2_PLACEMENT_3D('',#4919,#4079,#4080);
#3349=AXIS2_PLACEMENT_3D('',#4922,#4082,#4083);
#3350=AXIS2_PLACEMENT_3D('',#4923,#4084,#4085);
#3351=AXIS2_PLACEMENT_3D('',#4924,#4086,#4087);
#3352=AXIS2_PLACEMENT_3D('',#4925,#4088,#4089);
#3353=AXIS2_PLACEMENT_3D('',#4927,#4090,#4091);
#3354=AXIS2_PLACEMENT_3D('',#4930,#4093,#4094);
#3355=AXIS2_PLACEMENT_3D('',#4931,#4095,#4096);
#3356=AXIS2_PLACEMENT_3D('',#4932,#4097,#4098);
#3357=AXIS2_PLACEMENT_3D('',#4933,#4099,#4100);
#3358=AXIS2_PLACEMENT_3D('',#4935,#4101,#4102);
#3359=AXIS2_PLACEMENT_3D('',#4938,#4104,#4105);
#3360=AXIS2_PLACEMENT_3D('',#4939,#4106,#4107);
#3361=AXIS2_PLACEMENT_3D('',#4940,#4108,#4109);
#3362=AXIS2_PLACEMENT_3D('',#4941,#4110,#4111);
#3363=AXIS2_PLACEMENT_3D('',#4943,#4112,#4113);
#3364=AXIS2_PLACEMENT_3D('',#4946,#4115,#4116);
#3365=AXIS2_PLACEMENT_3D('',#4947,#4117,#4118);
#3366=AXIS2_PLACEMENT_3D('',#4948,#4119,#4120);
#3367=AXIS2_PLACEMENT_3D('',#4949,#4121,#4122);
#3368=AXIS2_PLACEMENT_3D('',#4951,#4123,#4124);
#3369=AXIS2_PLACEMENT_3D('',#4954,#4126,#4127);
#3370=AXIS2_PLACEMENT_3D('',#4955,#4128,#4129);
#3371=AXIS2_PLACEMENT_3D('',#4956,#4130,#4131);
#3372=AXIS2_PLACEMENT_3D('',#4957,#4132,#4133);
#3373=AXIS2_PLACEMENT_3D('',#4958,#4134,#4135);
#3374=AXIS2_PLACEMENT_3D('',#4959,#4136,#4137);
#3375=AXIS2_PLACEMENT_3D('',#4960,#4138,#4139);
#3376=AXIS2_PLACEMENT_3D('',#4969,#4144,#4145);
#3377=AXIS2_PLACEMENT_3D('',#4975,#4149,#4150);
#3378=AXIS2_PLACEMENT_3D('',#4980,#4153,#4154);
#3379=AXIS2_PLACEMENT_3D('',#4982,#4155,#4156);
#3380=AXIS2_PLACEMENT_3D('',#4984,#4157,#4158);
#3381=AXIS2_PLACEMENT_3D('',#4986,#4159,#4160);
#3382=AXIS2_PLACEMENT_3D('',#4988,#4161,#4162);
#3383=AXIS2_PLACEMENT_3D('',#4990,#4163,#4164);
#3384=AXIS2_PLACEMENT_3D('',#4992,#4165,#4166);
#3385=AXIS2_PLACEMENT_3D('',#4994,#4167,#4168);
#3386=AXIS2_PLACEMENT_3D('',#4996,#4169,#4170);
#3387=AXIS2_PLACEMENT_3D('',#5006,#4175,#4176);
#3388=AXIS2_PLACEMENT_3D('',#5008,#4177,#4178);
#3389=AXIS2_PLACEMENT_3D('',#5010,#4179,#4180);
#3390=AXIS2_PLACEMENT_3D('',#5011,#4181,#4182);
#3391=AXIS2_PLACEMENT_3D('',#5015,#4185,#4186);
#3392=AXIS2_PLACEMENT_3D('',#5018,#4188,#4189);
#3393=AXIS2_PLACEMENT_3D('',#5020,#4190,#4191);
#3394=AXIS2_PLACEMENT_3D('',#5022,#4192,#4193);
#3395=AXIS2_PLACEMENT_3D('',#5024,#4194,#4195);
#3396=AXIS2_PLACEMENT_3D('',#5026,#4196,#4197);
#3397=AXIS2_PLACEMENT_3D('',#5028,#4198,#4199);
#3398=AXIS2_PLACEMENT_3D('',#5030,#4200,#4201);
#3399=AXIS2_PLACEMENT_3D('',#5032,#4202,#4203);
#3400=AXIS2_PLACEMENT_3D('',#5034,#4204,#4205);
#3401=AXIS2_PLACEMENT_3D('',#5044,#4210,#4211);
#3402=AXIS2_PLACEMENT_3D('',#5046,#4212,#4213);
#3403=AXIS2_PLACEMENT_3D('',#5048,#4214,#4215);
#3404=AXIS2_PLACEMENT_3D('',#5049,#4216,#4217);
#3405=AXIS2_PLACEMENT_3D('',#5050,#4218,#4219);
#3406=AXIS2_PLACEMENT_3D('',#5052,#4221,#4222);
#3407=AXIS2_PLACEMENT_3D('',#5054,#4224,#4225);
#3408=AXIS2_PLACEMENT_3D('',#5056,#4227,#4228);
#3409=AXIS2_PLACEMENT_3D('',#5058,#4230,#4231);
#3410=AXIS2_PLACEMENT_3D('',#5060,#4233,#4234);
#3411=AXIS2_PLACEMENT_3D('',#5062,#4236,#4237);
#3412=AXIS2_PLACEMENT_3D('',#5064,#4239,#4240);
#3413=AXIS2_PLACEMENT_3D('',#5066,#4242,#4243);
#3414=AXIS2_PLACEMENT_3D('',#5068,#4245,#4246);
#3415=AXIS2_PLACEMENT_3D('',#5071,#4249,#4250);
#3416=AXIS2_PLACEMENT_3D('',#5073,#4252,#4253);
#3417=AXIS2_PLACEMENT_3D('',#5075,#4255,#4256);
#3418=AXIS2_PLACEMENT_3D('',#5076,#4257,#4258);
#3419=AXIS2_PLACEMENT_3D('',#5078,#4260,#4261);
#3420=AXIS2_PLACEMENT_3D('',#5080,#4263,#4264);
#3421=AXIS2_PLACEMENT_3D('',#5082,#4266,#4267);
#3422=AXIS2_PLACEMENT_3D('',#5083,#4268,#4269);
#3423=AXIS2_PLACEMENT_3D('',#5092,#4274,#4275);
#3424=AXIS2_PLACEMENT_3D('',#5098,#4279,#4280);
#3425=AXIS2_PLACEMENT_3D('',#5110,#4287,#4288);
#3426=AXIS2_PLACEMENT_3D('',#5114,#4291,#4292);
#3427=AXIS2_PLACEMENT_3D('',#5124,#4298,#4299);
#3428=AXIS2_PLACEMENT_3D('',#5125,#4300,#4301);
#3429=AXIS2_PLACEMENT_3D('',#5128,#4304,#4305);
#3430=AXIS2_PLACEMENT_3D('',#5130,#4307,#4308);
#3431=AXIS2_PLACEMENT_3D('',#5132,#4310,#4311);
#3432=AXIS2_PLACEMENT_3D('',#5133,#4312,#4313);
#3433=AXIS2_PLACEMENT_3D('',#5134,#4314,#4315);
#3434=AXIS2_PLACEMENT_3D('',#5135,#4316,#4317);
#3435=AXIS2_PLACEMENT_3D('',#5136,#4318,#4319);
#3436=AXIS2_PLACEMENT_3D('',#5137,#4320,#4321);
#3437=AXIS2_PLACEMENT_3D('',#5138,#4322,#4323);
#3438=DIRECTION('axis',(0.,0.,1.));
#3439=DIRECTION('refdir',(1.,0.,0.));
#3440=DIRECTION('axis',(0.,0.,1.));
#3441=DIRECTION('refdir',(1.,0.,0.));
#3442=DIRECTION('axis',(0.,0.,1.));
#3443=DIRECTION('refdir',(1.,0.,0.));
#3444=DIRECTION('center_axis',(1.,0.,0.));
#3445=DIRECTION('ref_axis',(0.,0.,1.));
#3446=DIRECTION('',(0.,0.,1.));
#3447=DIRECTION('',(0.,1.,0.));
#3448=DIRECTION('',(0.,0.,1.));
#3449=DIRECTION('',(0.,1.,0.));
#3450=DIRECTION('center_axis',(0.,1.,0.));
#3451=DIRECTION('ref_axis',(0.,0.,1.));
#3452=DIRECTION('',(1.,0.,0.));
#3453=DIRECTION('',(0.,0.,1.));
#3454=DIRECTION('',(1.,0.,0.));
#3455=DIRECTION('center_axis',(0.,0.,1.));
#3456=DIRECTION('ref_axis',(1.,0.,0.));
#3457=DIRECTION('',(0.,1.,0.));
#3458=DIRECTION('',(1.,0.,0.));
#3459=DIRECTION('center_axis',(0.,0.,1.));
#3460=DIRECTION('ref_axis',(1.,0.,0.));
#3461=DIRECTION('center_axis',(0.,0.,1.));
#3462=DIRECTION('ref_axis',(1.,0.,0.));
#3463=DIRECTION('center_axis',(0.,0.,1.));
#3464=DIRECTION('ref_axis',(1.,0.,0.));
#3465=DIRECTION('center_axis',(0.,0.,1.));
#3466=DIRECTION('ref_axis',(1.,0.,0.));
#3467=DIRECTION('center_axis',(0.,0.,1.));
#3468=DIRECTION('ref_axis',(1.,0.,0.));
#3469=DIRECTION('center_axis',(0.,0.,1.));
#3470=DIRECTION('ref_axis',(1.,0.,0.));
#3471=DIRECTION('center_axis',(0.,0.,1.));
#3472=DIRECTION('ref_axis',(1.,0.,0.));
#3473=DIRECTION('center_axis',(0.,0.,1.));
#3474=DIRECTION('ref_axis',(1.,0.,0.));
#3475=DIRECTION('center_axis',(0.,0.,1.));
#3476=DIRECTION('ref_axis',(1.,0.,0.));
#3477=DIRECTION('',(-1.,0.,0.));
#3478=DIRECTION('',(0.,1.,0.));
#3479=DIRECTION('',(-1.,0.,0.));
#3480=DIRECTION('',(0.,1.,0.));
#3481=DIRECTION('center_axis',(0.,0.,1.));
#3482=DIRECTION('ref_axis',(1.,0.,0.));
#3483=DIRECTION('center_axis',(0.,0.,1.));
#3484=DIRECTION('ref_axis',(1.,0.,0.));
#3485=DIRECTION('center_axis',(0.,0.,1.));
#3486=DIRECTION('ref_axis',(1.,0.,0.));
#3487=DIRECTION('center_axis',(0.,1.,0.));
#3488=DIRECTION('ref_axis',(0.,0.,1.));
#3489=DIRECTION('',(1.,0.,0.));
#3490=DIRECTION('',(0.,0.,1.));
#3491=DIRECTION('center_axis',(0.,0.,1.));
#3492=DIRECTION('ref_axis',(1.,0.,0.));
#3493=DIRECTION('',(0.,1.,0.));
#3494=DIRECTION('center_axis',(0.,0.,1.));
#3495=DIRECTION('ref_axis',(1.,0.,0.));
#3496=DIRECTION('center_axis',(0.,0.,1.));
#3497=DIRECTION('ref_axis',(1.,0.,0.));
#3498=DIRECTION('center_axis',(0.,0.,1.));
#3499=DIRECTION('ref_axis',(1.,0.,0.));
#3500=DIRECTION('center_axis',(0.,0.,1.));
#3501=DIRECTION('ref_axis',(1.,0.,0.));
#3502=DIRECTION('center_axis',(0.,0.,1.));
#3503=DIRECTION('ref_axis',(1.,0.,0.));
#3504=DIRECTION('center_axis',(0.,0.,1.));
#3505=DIRECTION('ref_axis',(1.,0.,0.));
#3506=DIRECTION('center_axis',(0.,0.,1.));
#3507=DIRECTION('ref_axis',(1.,0.,0.));
#3508=DIRECTION('center_axis',(0.,0.,1.));
#3509=DIRECTION('ref_axis',(1.,0.,0.));
#3510=DIRECTION('center_axis',(0.,0.,1.));
#3511=DIRECTION('ref_axis',(1.,0.,0.));
#3512=DIRECTION('',(-1.,0.,0.));
#3513=DIRECTION('',(0.,1.,0.));
#3514=DIRECTION('',(-1.,0.,0.));
#3515=DIRECTION('',(0.,1.,0.));
#3516=DIRECTION('center_axis',(0.,0.,1.));
#3517=DIRECTION('ref_axis',(1.,0.,0.));
#3518=DIRECTION('center_axis',(0.,0.,1.));
#3519=DIRECTION('ref_axis',(1.,0.,0.));
#3520=DIRECTION('center_axis',(0.,0.,1.));
#3521=DIRECTION('ref_axis',(1.,0.,0.));
#3522=DIRECTION('center_axis',(1.,0.,0.));
#3523=DIRECTION('ref_axis',(0.,0.,1.));
#3524=DIRECTION('center_axis',(0.,0.,1.));
#3525=DIRECTION('ref_axis',(1.,0.,0.));
#3526=DIRECTION('',(0.,0.,1.));
#3527=DIRECTION('center_axis',(0.,0.,1.));
#3528=DIRECTION('ref_axis',(1.,0.,0.));
#3529=DIRECTION('',(0.,0.,1.));
#3530=DIRECTION('center_axis',(0.,0.,1.));
#3531=DIRECTION('ref_axis',(1.,0.,0.));
#3532=DIRECTION('',(0.,0.,1.));
#3533=DIRECTION('center_axis',(0.,0.,1.));
#3534=DIRECTION('ref_axis',(1.,0.,0.));
#3535=DIRECTION('',(0.,0.,1.));
#3536=DIRECTION('center_axis',(0.,0.,1.));
#3537=DIRECTION('ref_axis',(1.,0.,0.));
#3538=DIRECTION('',(0.,0.,1.));
#3539=DIRECTION('center_axis',(0.,0.,1.));
#3540=DIRECTION('ref_axis',(1.,0.,0.));
#3541=DIRECTION('',(0.,0.,1.));
#3542=DIRECTION('center_axis',(0.,0.,1.));
#3543=DIRECTION('ref_axis',(1.,0.,0.));
#3544=DIRECTION('',(0.,0.,1.));
#3545=DIRECTION('center_axis',(0.,0.,1.));
#3546=DIRECTION('ref_axis',(1.,0.,0.));
#3547=DIRECTION('',(0.,0.,1.));
#3548=DIRECTION('center_axis',(0.,0.,1.));
#3549=DIRECTION('ref_axis',(1.,0.,0.));
#3550=DIRECTION('',(0.,0.,1.));
#3551=DIRECTION('center_axis',(0.,1.,0.));
#3552=DIRECTION('ref_axis',(0.,0.,1.));
#3553=DIRECTION('',(0.,0.,1.));
#3554=DIRECTION('',(0.,0.,1.));
#3555=DIRECTION('center_axis',(1.,0.,0.));
#3556=DIRECTION('ref_axis',(0.,0.,1.));
#3557=DIRECTION('',(0.,0.,1.));
#3558=DIRECTION('center_axis',(1.,0.,0.));
#3559=DIRECTION('ref_axis',(0.,0.,1.));
#3560=DIRECTION('',(0.,0.,1.));
#3561=DIRECTION('center_axis',(0.,1.,0.));
#3562=DIRECTION('ref_axis',(0.,0.,1.));
#3563=DIRECTION('center_axis',(0.,0.,1.));
#3564=DIRECTION('ref_axis',(1.,0.,0.));
#3565=DIRECTION('',(0.,0.,1.));
#3566=DIRECTION('center_axis',(0.,0.,1.));
#3567=DIRECTION('ref_axis',(1.,0.,0.));
#3568=DIRECTION('',(0.,0.,1.));
#3569=DIRECTION('center_axis',(0.,0.,1.));
#3570=DIRECTION('ref_axis',(1.,0.,0.));
#3571=DIRECTION('',(0.,0.,1.));
#3572=DIRECTION('axis',(0.,0.,1.));
#3573=DIRECTION('refdir',(1.,0.,0.));
#3574=DIRECTION('center_axis',(1.,0.,0.));
#3575=DIRECTION('ref_axis',(0.,0.,1.));
#3576=DIRECTION('',(0.,0.,1.));
#3577=DIRECTION('',(0.,1.,0.));
#3578=DIRECTION('',(0.,0.,1.));
#3579=DIRECTION('',(0.,1.,0.));
#3580=DIRECTION('center_axis',(0.,1.,0.));
#3581=DIRECTION('ref_axis',(0.,0.,1.));
#3582=DIRECTION('',(1.,0.,0.));
#3583=DIRECTION('',(0.,0.,1.));
#3584=DIRECTION('',(1.,0.,0.));
#3585=DIRECTION('center_axis',(0.,0.,1.));
#3586=DIRECTION('ref_axis',(1.,0.,0.));
#3587=DIRECTION('',(0.,1.,0.));
#3588=DIRECTION('',(1.,0.,0.));
#3589=DIRECTION('',(-1.,0.,0.));
#3590=DIRECTION('',(0.,1.,0.));
#3591=DIRECTION('',(-1.,0.,0.));
#3592=DIRECTION('',(0.,1.,0.));
#3593=DIRECTION('center_axis',(0.,1.,0.));
#3594=DIRECTION('ref_axis',(0.,0.,1.));
#3595=DIRECTION('',(1.,0.,0.));
#3596=DIRECTION('',(0.,0.,1.));
#3597=DIRECTION('center_axis',(0.,0.,1.));
#3598=DIRECTION('ref_axis',(1.,0.,0.));
#3599=DIRECTION('',(0.,1.,0.));
#3600=DIRECTION('',(-1.,0.,0.));
#3601=DIRECTION('',(0.,1.,0.));
#3602=DIRECTION('',(-1.,0.,0.));
#3603=DIRECTION('',(0.,1.,0.));
#3604=DIRECTION('center_axis',(1.,0.,0.));
#3605=DIRECTION('ref_axis',(0.,0.,1.));
#3606=DIRECTION('center_axis',(0.,1.,0.));
#3607=DIRECTION('ref_axis',(0.,0.,1.));
#3608=DIRECTION('',(0.,0.,1.));
#3609=DIRECTION('',(0.,0.,1.));
#3610=DIRECTION('center_axis',(1.,0.,0.));
#3611=DIRECTION('ref_axis',(0.,0.,1.));
#3612=DIRECTION('',(0.,0.,1.));
#3613=DIRECTION('center_axis',(0.,1.,0.));
#3614=DIRECTION('ref_axis',(0.,0.,1.));
#3615=DIRECTION('',(0.,0.,1.));
#3616=DIRECTION('center_axis',(1.,0.,0.));
#3617=DIRECTION('ref_axis',(0.,0.,1.));
#3618=DIRECTION('',(0.,0.,1.));
#3619=DIRECTION('',(1.,0.,0.));
#3620=DIRECTION('',(0.,0.,1.));
#3621=DIRECTION('',(1.,0.,0.));
#3622=DIRECTION('axis',(0.,0.,1.));
#3623=DIRECTION('refdir',(1.,0.,0.));
#3624=DIRECTION('axis',(0.,0.,1.));
#3625=DIRECTION('refdir',(1.,0.,0.));
#3626=DIRECTION('center_axis',(1.,0.,0.));
#3627=DIRECTION('ref_axis',(0.,0.,1.));
#3628=DIRECTION('',(0.,0.,1.));
#3629=DIRECTION('',(0.,1.,0.));
#3630=DIRECTION('',(0.,0.,1.));
#3631=DIRECTION('',(0.,1.,0.));
#3632=DIRECTION('center_axis',(0.,1.,0.));
#3633=DIRECTION('ref_axis',(0.,0.,1.));
#3634=DIRECTION('',(1.,0.,0.));
#3635=DIRECTION('',(0.,0.,1.));
#3636=DIRECTION('',(1.,0.,0.));
#3637=DIRECTION('center_axis',(0.,0.,1.));
#3638=DIRECTION('ref_axis',(1.,0.,0.));
#3639=DIRECTION('',(0.,1.,0.));
#3640=DIRECTION('',(1.,0.,0.));
#3641=DIRECTION('',(-1.,0.,0.));
#3642=DIRECTION('',(0.,1.,0.));
#3643=DIRECTION('',(-1.,0.,0.));
#3644=DIRECTION('',(0.,1.,0.));
#3645=DIRECTION('center_axis',(0.,1.,0.));
#3646=DIRECTION('ref_axis',(0.,0.,1.));
#3647=DIRECTION('',(1.,0.,0.));
#3648=DIRECTION('',(0.,0.,1.));
#3649=DIRECTION('center_axis',(0.,0.,1.));
#3650=DIRECTION('ref_axis',(1.,0.,0.));
#3651=DIRECTION('',(0.,1.,0.));
#3652=DIRECTION('',(-1.,0.,0.));
#3653=DIRECTION('',(0.,1.,0.));
#3654=DIRECTION('',(-1.,0.,0.));
#3655=DIRECTION('',(0.,1.,0.));
#3656=DIRECTION('center_axis',(1.,0.,0.));
#3657=DIRECTION('ref_axis',(0.,0.,1.));
#3658=DIRECTION('center_axis',(0.,1.,0.));
#3659=DIRECTION('ref_axis',(0.,0.,1.));
#3660=DIRECTION('',(0.,0.,1.));
#3661=DIRECTION('',(0.,0.,1.));
#3662=DIRECTION('center_axis',(1.,0.,0.));
#3663=DIRECTION('ref_axis',(0.,0.,1.));
#3664=DIRECTION('',(0.,0.,1.));
#3665=DIRECTION('center_axis',(0.,1.,0.));
#3666=DIRECTION('ref_axis',(0.,0.,1.));
#3667=DIRECTION('',(0.,0.,1.));
#3668=DIRECTION('center_axis',(1.,0.,0.));
#3669=DIRECTION('ref_axis',(0.,0.,1.));
#3670=DIRECTION('center_axis',(-1.,0.,0.));
#3671=DIRECTION('ref_axis',(0.,0.,-1.));
#3672=DIRECTION('',(0.,0.,-1.));
#3673=DIRECTION('',(0.,1.,0.));
#3674=DIRECTION('',(0.,0.,-1.));
#3675=DIRECTION('',(0.,1.,0.));
#3676=DIRECTION('center_axis',(0.,-1.,0.));
#3677=DIRECTION('ref_axis',(0.,0.,-1.));
#3678=DIRECTION('',(1.,0.,0.));
#3679=DIRECTION('',(1.,0.,0.));
#3680=DIRECTION('',(0.,0.,-1.));
#3681=DIRECTION('center_axis',(0.,0.,1.));
#3682=DIRECTION('ref_axis',(1.,0.,0.));
#3683=DIRECTION('',(1.,0.,0.));
#3684=DIRECTION('',(0.,1.,0.));
#3685=DIRECTION('',(-1.,0.,0.));
#3686=DIRECTION('',(0.,1.,0.));
#3687=DIRECTION('',(-1.,0.,0.));
#3688=DIRECTION('',(0.,1.,0.));
#3689=DIRECTION('center_axis',(0.,-1.,0.));
#3690=DIRECTION('ref_axis',(0.,0.,-1.));
#3691=DIRECTION('',(1.,0.,0.));
#3692=DIRECTION('',(0.,0.,-1.));
#3693=DIRECTION('center_axis',(0.,0.,1.));
#3694=DIRECTION('ref_axis',(1.,0.,0.));
#3695=DIRECTION('',(0.,1.,0.));
#3696=DIRECTION('',(-1.,0.,0.));
#3697=DIRECTION('',(0.,1.,0.));
#3698=DIRECTION('',(-1.,0.,0.));
#3699=DIRECTION('',(0.,1.,0.));
#3700=DIRECTION('center_axis',(-1.,0.,0.));
#3701=DIRECTION('ref_axis',(0.,0.,-1.));
#3702=DIRECTION('center_axis',(0.,-1.,0.));
#3703=DIRECTION('ref_axis',(0.,0.,-1.));
#3704=DIRECTION('',(0.,0.,-1.));
#3705=DIRECTION('',(0.,0.,-1.));
#3706=DIRECTION('center_axis',(-1.,0.,0.));
#3707=DIRECTION('ref_axis',(0.,0.,-1.));
#3708=DIRECTION('',(0.,0.,-1.));
#3709=DIRECTION('center_axis',(0.,-1.,0.));
#3710=DIRECTION('ref_axis',(0.,0.,-1.));
#3711=DIRECTION('',(0.,0.,-1.));
#3712=DIRECTION('center_axis',(-1.,0.,0.));
#3713=DIRECTION('ref_axis',(0.,0.,-1.));
#3714=DIRECTION('axis',(0.,0.,1.));
#3715=DIRECTION('refdir',(1.,0.,0.));
#3716=DIRECTION('center_axis',(1.,0.,0.));
#3717=DIRECTION('ref_axis',(0.,0.,1.));
#3718=DIRECTION('',(0.,0.,1.));
#3719=DIRECTION('',(0.,1.,0.));
#3720=DIRECTION('',(0.,0.,1.));
#3721=DIRECTION('',(0.,1.,0.));
#3722=DIRECTION('center_axis',(0.,1.,0.));
#3723=DIRECTION('ref_axis',(0.,0.,1.));
#3724=DIRECTION('',(1.,0.,0.));
#3725=DIRECTION('',(0.,0.,1.));
#3726=DIRECTION('',(1.,0.,0.));
#3727=DIRECTION('center_axis',(0.,0.,1.));
#3728=DIRECTION('ref_axis',(1.,0.,0.));
#3729=DIRECTION('',(0.,1.,0.));
#3730=DIRECTION('',(1.,0.,0.));
#3731=DIRECTION('',(-1.,0.,0.));
#3732=DIRECTION('',(0.,1.,0.));
#3733=DIRECTION('',(-1.,0.,0.));
#3734=DIRECTION('',(0.,1.,0.));
#3735=DIRECTION('center_axis',(0.,1.,0.));
#3736=DIRECTION('ref_axis',(0.,0.,1.));
#3737=DIRECTION('',(1.,0.,0.));
#3738=DIRECTION('',(0.,0.,1.));
#3739=DIRECTION('center_axis',(0.,0.,1.));
#3740=DIRECTION('ref_axis',(1.,0.,0.));
#3741=DIRECTION('',(0.,1.,0.));
#3742=DIRECTION('',(-1.,0.,0.));
#3743=DIRECTION('',(0.,1.,0.));
#3744=DIRECTION('',(-1.,0.,0.));
#3745=DIRECTION('',(0.,1.,0.));
#3746=DIRECTION('center_axis',(1.,0.,0.));
#3747=DIRECTION('ref_axis',(0.,0.,1.));
#3748=DIRECTION('center_axis',(0.,1.,0.));
#3749=DIRECTION('ref_axis',(0.,0.,1.));
#3750=DIRECTION('',(0.,0.,1.));
#3751=DIRECTION('',(0.,0.,1.));
#3752=DIRECTION('center_axis',(1.,0.,0.));
#3753=DIRECTION('ref_axis',(0.,0.,1.));
#3754=DIRECTION('',(0.,0.,1.));
#3755=DIRECTION('center_axis',(0.,1.,0.));
#3756=DIRECTION('ref_axis',(0.,0.,1.));
#3757=DIRECTION('',(0.,0.,1.));
#3758=DIRECTION('center_axis',(1.,0.,0.));
#3759=DIRECTION('ref_axis',(0.,0.,1.));
#3760=DIRECTION('axis',(0.,0.,1.));
#3761=DIRECTION('refdir',(1.,0.,0.));
#3762=DIRECTION('center_axis',(1.,0.,0.));
#3763=DIRECTION('ref_axis',(0.,0.,1.));
#3764=DIRECTION('',(0.,0.,1.));
#3765=DIRECTION('',(0.,1.,0.));
#3766=DIRECTION('',(0.,0.,1.));
#3767=DIRECTION('',(0.,1.,0.));
#3768=DIRECTION('center_axis',(0.,1.,0.));
#3769=DIRECTION('ref_axis',(0.,0.,1.));
#3770=DIRECTION('',(1.,0.,0.));
#3771=DIRECTION('',(0.,0.,1.));
#3772=DIRECTION('',(1.,0.,0.));
#3773=DIRECTION('center_axis',(0.,1.,0.));
#3774=DIRECTION('ref_axis',(0.,0.,1.));
#3775=DIRECTION('center_axis',(0.,0.,1.));
#3776=DIRECTION('ref_axis',(1.,0.,0.));
#3777=DIRECTION('',(0.,1.,0.));
#3778=DIRECTION('',(1.,0.,0.));
#3779=DIRECTION('center_axis',(0.,1.,0.));
#3780=DIRECTION('ref_axis',(0.,0.,1.));
#3781=DIRECTION('',(1.,0.,0.));
#3782=DIRECTION('',(0.,0.,1.));
#3783=DIRECTION('center_axis',(0.,1.,0.));
#3784=DIRECTION('ref_axis',(0.,0.,1.));
#3785=DIRECTION('center_axis',(0.,0.,1.));
#3786=DIRECTION('ref_axis',(1.,0.,0.));
#3787=DIRECTION('',(0.,1.,0.));
#3788=DIRECTION('center_axis',(1.,0.,0.));
#3789=DIRECTION('ref_axis',(0.,0.,1.));
#3790=DIRECTION('center_axis',(0.,1.,0.));
#3791=DIRECTION('ref_axis',(0.,0.,1.));
#3792=DIRECTION('',(0.,1.,0.));
#3793=DIRECTION('axis',(0.,0.,1.));
#3794=DIRECTION('refdir',(1.,0.,0.));
#3795=DIRECTION('center_axis',(1.,0.,0.));
#3796=DIRECTION('ref_axis',(0.,0.,1.));
#3797=DIRECTION('',(0.,0.,1.));
#3798=DIRECTION('',(0.,1.,0.));
#3799=DIRECTION('',(0.,0.,1.));
#3800=DIRECTION('',(0.,1.,0.));
#3801=DIRECTION('center_axis',(1.,0.,0.));
#3802=DIRECTION('ref_axis',(0.,0.,1.));
#3803=DIRECTION('center_axis',(1.,0.,0.));
#3804=DIRECTION('ref_axis',(0.,0.,1.));
#3805=DIRECTION('center_axis',(0.,1.,0.));
#3806=DIRECTION('ref_axis',(0.,0.,1.));
#3807=DIRECTION('',(1.,0.,0.));
#3808=DIRECTION('',(0.,0.,1.));
#3809=DIRECTION('',(1.,0.,0.));
#3810=DIRECTION('center_axis',(0.,0.,1.));
#3811=DIRECTION('ref_axis',(1.,0.,0.));
#3812=DIRECTION('',(0.,1.,0.));
#3813=DIRECTION('',(1.,0.,0.));
#3814=DIRECTION('center_axis',(0.,0.,1.));
#3815=DIRECTION('ref_axis',(1.,0.,0.));
#3816=DIRECTION('',(1.,0.,0.));
#3817=DIRECTION('',(0.,1.,0.));
#3818=DIRECTION('center_axis',(0.,1.,0.));
#3819=DIRECTION('ref_axis',(0.,0.,1.));
#3820=DIRECTION('',(0.,0.,1.));
#3821=DIRECTION('center_axis',(1.,0.,0.));
#3822=DIRECTION('ref_axis',(0.,0.,1.));
#3823=DIRECTION('',(1.,0.,0.));
#3824=DIRECTION('center_axis',(1.,0.,0.));
#3825=DIRECTION('ref_axis',(0.,0.,1.));
#3826=DIRECTION('center_axis',(1.,0.,0.));
#3827=DIRECTION('ref_axis',(0.,0.,1.));
#3828=DIRECTION('',(1.,0.,0.));
#3829=DIRECTION('center_axis',(1.,0.,0.));
#3830=DIRECTION('ref_axis',(0.,0.,1.));
#3831=DIRECTION('center_axis',(1.,0.,0.));
#3832=DIRECTION('ref_axis',(0.,0.,1.));
#3833=DIRECTION('axis',(0.,0.,1.));
#3834=DIRECTION('refdir',(1.,0.,0.));
#3835=DIRECTION('center_axis',(1.,0.,0.));
#3836=DIRECTION('ref_axis',(0.,0.,1.));
#3837=DIRECTION('',(0.,0.,1.));
#3838=DIRECTION('',(0.,1.,0.));
#3839=DIRECTION('',(0.,0.,1.));
#3840=DIRECTION('',(0.,1.,0.));
#3841=DIRECTION('center_axis',(1.,0.,0.));
#3842=DIRECTION('ref_axis',(0.,0.,1.));
#3843=DIRECTION('',(0.,0.,1.));
#3844=DIRECTION('',(0.,1.,0.));
#3845=DIRECTION('',(0.,0.,1.));
#3846=DIRECTION('',(0.,1.,0.));
#3847=DIRECTION('center_axis',(0.,1.,0.));
#3848=DIRECTION('ref_axis',(0.,0.,1.));
#3849=DIRECTION('',(1.,0.,0.));
#3850=DIRECTION('',(1.,0.,0.));
#3851=DIRECTION('center_axis',(0.,1.,0.));
#3852=DIRECTION('ref_axis',(0.,0.,1.));
#3853=DIRECTION('',(1.,0.,0.));
#3854=DIRECTION('',(1.,0.,0.));
#3855=DIRECTION('center_axis',(0.,0.,1.));
#3856=DIRECTION('ref_axis',(1.,0.,0.));
#3857=DIRECTION('center_axis',(0.,0.,1.));
#3858=DIRECTION('ref_axis',(1.,0.,0.));
#3859=DIRECTION('axis',(0.,0.,1.));
#3860=DIRECTION('refdir',(1.,0.,0.));
#3861=DIRECTION('center_axis',(1.,0.,0.));
#3862=DIRECTION('ref_axis',(0.,0.,1.));
#3863=DIRECTION('',(0.,0.,1.));
#3864=DIRECTION('',(0.,1.,0.));
#3865=DIRECTION('',(0.,0.,1.));
#3866=DIRECTION('',(0.,1.,0.));
#3867=DIRECTION('center_axis',(1.,0.,0.));
#3868=DIRECTION('ref_axis',(0.,0.,1.));
#3869=DIRECTION('',(0.,0.,1.));
#3870=DIRECTION('',(0.,1.,0.));
#3871=DIRECTION('',(0.,0.,1.));
#3872=DIRECTION('',(0.,1.,0.));
#3873=DIRECTION('center_axis',(0.,1.,0.));
#3874=DIRECTION('ref_axis',(0.,0.,1.));
#3875=DIRECTION('',(1.,0.,0.));
#3876=DIRECTION('',(1.,0.,0.));
#3877=DIRECTION('center_axis',(0.,1.,0.));
#3878=DIRECTION('ref_axis',(0.,0.,1.));
#3879=DIRECTION('',(1.,0.,0.));
#3880=DIRECTION('',(1.,0.,0.));
#3881=DIRECTION('center_axis',(0.,0.,1.));
#3882=DIRECTION('ref_axis',(1.,0.,0.));
#3883=DIRECTION('center_axis',(0.,0.,1.));
#3884=DIRECTION('ref_axis',(1.,0.,0.));
#3885=DIRECTION('',(0.,0.,1.));
#3886=DIRECTION('',(1.,0.,0.));
#3887=DIRECTION('',(0.,0.,1.));
#3888=DIRECTION('',(1.,0.,0.));
#3889=DIRECTION('',(0.,0.,1.));
#3890=DIRECTION('',(1.,0.,0.));
#3891=DIRECTION('',(0.,0.,1.));
#3892=DIRECTION('',(1.,0.,0.));
#3893=DIRECTION('',(0.,0.,1.));
#3894=DIRECTION('',(1.,0.,0.));
#3895=DIRECTION('',(0.,0.,1.));
#3896=DIRECTION('',(1.,0.,0.));
#3897=DIRECTION('axis',(0.,0.,1.));
#3898=DIRECTION('refdir',(1.,0.,0.));
#3899=DIRECTION('axis',(0.,0.,1.));
#3900=DIRECTION('refdir',(1.,0.,0.));
#3901=DIRECTION('center_axis',(0.,1.,0.));
#3902=DIRECTION('ref_axis',(0.,0.,1.));
#3903=DIRECTION('center_axis',(0.,1.,0.));
#3904=DIRECTION('ref_axis',(0.,0.,1.));
#3905=DIRECTION('',(0.,-1.,0.));
#3906=DIRECTION('center_axis',(0.,1.,0.));
#3907=DIRECTION('ref_axis',(0.,0.,1.));
#3908=DIRECTION('center_axis',(0.,1.,0.));
#3909=DIRECTION('ref_axis',(0.,0.,1.));
#3910=DIRECTION('center_axis',(0.,1.,0.));
#3911=DIRECTION('ref_axis',(0.,0.,1.));
#3912=DIRECTION('center_axis',(1.,0.,0.));
#3913=DIRECTION('ref_axis',(0.,0.,1.));
#3914=DIRECTION('center_axis',(1.,0.,0.));
#3915=DIRECTION('ref_axis',(0.,0.,1.));
#3916=DIRECTION('',(-1.,0.,0.));
#3917=DIRECTION('center_axis',(1.,0.,0.));
#3918=DIRECTION('ref_axis',(0.,0.,1.));
#3919=DIRECTION('center_axis',(1.,0.,0.));
#3920=DIRECTION('ref_axis',(0.,0.,1.));
#3921=DIRECTION('center_axis',(1.,0.,0.));
#3922=DIRECTION('ref_axis',(0.,0.,1.));
#3923=DIRECTION('center_axis',(1.,0.,0.));
#3924=DIRECTION('ref_axis',(0.,0.,1.));
#3925=DIRECTION('center_axis',(1.,0.,0.));
#3926=DIRECTION('ref_axis',(0.,0.,1.));
#3927=DIRECTION('',(-1.,0.,0.));
#3928=DIRECTION('center_axis',(1.,0.,0.));
#3929=DIRECTION('ref_axis',(0.,0.,1.));
#3930=DIRECTION('center_axis',(1.,0.,0.));
#3931=DIRECTION('ref_axis',(0.,0.,1.));
#3932=DIRECTION('center_axis',(1.,0.,0.));
#3933=DIRECTION('ref_axis',(0.,0.,1.));
#3934=DIRECTION('center_axis',(0.,1.,0.));
#3935=DIRECTION('ref_axis',(0.,0.,1.));
#3936=DIRECTION('center_axis',(0.,1.,0.));
#3937=DIRECTION('ref_axis',(0.,0.,1.));
#3938=DIRECTION('',(0.,-1.,0.));
#3939=DIRECTION('center_axis',(0.,1.,0.));
#3940=DIRECTION('ref_axis',(0.,0.,1.));
#3941=DIRECTION('center_axis',(0.,1.,0.));
#3942=DIRECTION('ref_axis',(0.,0.,1.));
#3943=DIRECTION('center_axis',(0.,1.,0.));
#3944=DIRECTION('ref_axis',(0.,0.,1.));
#3945=DIRECTION('center_axis',(1.,0.,0.));
#3946=DIRECTION('ref_axis',(0.,0.,1.));
#3947=DIRECTION('center_axis',(1.,0.,0.));
#3948=DIRECTION('ref_axis',(0.,0.,1.));
#3949=DIRECTION('',(-1.,0.,0.));
#3950=DIRECTION('center_axis',(1.,0.,0.));
#3951=DIRECTION('ref_axis',(0.,0.,1.));
#3952=DIRECTION('center_axis',(1.,0.,0.));
#3953=DIRECTION('ref_axis',(0.,0.,1.));
#3954=DIRECTION('center_axis',(1.,0.,0.));
#3955=DIRECTION('ref_axis',(0.,0.,1.));
#3956=DIRECTION('center_axis',(1.,0.,0.));
#3957=DIRECTION('ref_axis',(0.,0.,1.));
#3958=DIRECTION('center_axis',(1.,0.,0.));
#3959=DIRECTION('ref_axis',(0.,0.,1.));
#3960=DIRECTION('',(-1.,0.,0.));
#3961=DIRECTION('center_axis',(1.,0.,0.));
#3962=DIRECTION('ref_axis',(0.,0.,1.));
#3963=DIRECTION('center_axis',(1.,0.,0.));
#3964=DIRECTION('ref_axis',(0.,0.,1.));
#3965=DIRECTION('center_axis',(1.,0.,0.));
#3966=DIRECTION('ref_axis',(0.,0.,1.));
#3967=DIRECTION('center_axis',(0.,1.,0.));
#3968=DIRECTION('ref_axis',(0.,0.,1.));
#3969=DIRECTION('center_axis',(0.,1.,0.));
#3970=DIRECTION('ref_axis',(0.,0.,1.));
#3971=DIRECTION('',(0.,-1.,0.));
#3972=DIRECTION('center_axis',(0.,1.,0.));
#3973=DIRECTION('ref_axis',(0.,0.,1.));
#3974=DIRECTION('center_axis',(0.,1.,0.));
#3975=DIRECTION('ref_axis',(0.,0.,1.));
#3976=DIRECTION('center_axis',(0.,1.,0.));
#3977=DIRECTION('ref_axis',(0.,0.,1.));
#3978=DIRECTION('center_axis',(1.,0.,0.));
#3979=DIRECTION('ref_axis',(0.,0.,1.));
#3980=DIRECTION('center_axis',(1.,0.,0.));
#3981=DIRECTION('ref_axis',(0.,0.,1.));
#3982=DIRECTION('',(-1.,0.,0.));
#3983=DIRECTION('center_axis',(1.,0.,0.));
#3984=DIRECTION('ref_axis',(0.,0.,1.));
#3985=DIRECTION('center_axis',(1.,0.,0.));
#3986=DIRECTION('ref_axis',(0.,0.,1.));
#3987=DIRECTION('center_axis',(1.,0.,0.));
#3988=DIRECTION('ref_axis',(0.,0.,1.));
#3989=DIRECTION('center_axis',(1.,0.,0.));
#3990=DIRECTION('ref_axis',(0.,0.,1.));
#3991=DIRECTION('center_axis',(1.,0.,0.));
#3992=DIRECTION('ref_axis',(0.,0.,1.));
#3993=DIRECTION('',(-1.,0.,0.));
#3994=DIRECTION('center_axis',(1.,0.,0.));
#3995=DIRECTION('ref_axis',(0.,0.,1.));
#3996=DIRECTION('center_axis',(1.,0.,0.));
#3997=DIRECTION('ref_axis',(0.,0.,1.));
#3998=DIRECTION('center_axis',(1.,0.,0.));
#3999=DIRECTION('ref_axis',(0.,0.,1.));
#4000=DIRECTION('center_axis',(0.,1.,0.));
#4001=DIRECTION('ref_axis',(0.,0.,1.));
#4002=DIRECTION('center_axis',(0.,1.,0.));
#4003=DIRECTION('ref_axis',(0.,0.,1.));
#4004=DIRECTION('',(0.,-1.,0.));
#4005=DIRECTION('center_axis',(0.,1.,0.));
#4006=DIRECTION('ref_axis',(0.,0.,1.));
#4007=DIRECTION('center_axis',(0.,1.,0.));
#4008=DIRECTION('ref_axis',(0.,0.,1.));
#4009=DIRECTION('center_axis',(0.,1.,0.));
#4010=DIRECTION('ref_axis',(0.,0.,1.));
#4011=DIRECTION('center_axis',(1.,0.,0.));
#4012=DIRECTION('ref_axis',(0.,0.,1.));
#4013=DIRECTION('center_axis',(1.,0.,0.));
#4014=DIRECTION('ref_axis',(0.,0.,1.));
#4015=DIRECTION('',(-1.,0.,0.));
#4016=DIRECTION('center_axis',(1.,0.,0.));
#4017=DIRECTION('ref_axis',(0.,0.,1.));
#4018=DIRECTION('center_axis',(1.,0.,0.));
#4019=DIRECTION('ref_axis',(0.,0.,1.));
#4020=DIRECTION('center_axis',(1.,0.,0.));
#4021=DIRECTION('ref_axis',(0.,0.,1.));
#4022=DIRECTION('center_axis',(1.,0.,0.));
#4023=DIRECTION('ref_axis',(0.,0.,1.));
#4024=DIRECTION('center_axis',(1.,0.,0.));
#4025=DIRECTION('ref_axis',(0.,0.,1.));
#4026=DIRECTION('',(-1.,0.,0.));
#4027=DIRECTION('center_axis',(1.,0.,0.));
#4028=DIRECTION('ref_axis',(0.,0.,1.));
#4029=DIRECTION('center_axis',(1.,0.,0.));
#4030=DIRECTION('ref_axis',(0.,0.,1.));
#4031=DIRECTION('center_axis',(1.,0.,0.));
#4032=DIRECTION('ref_axis',(0.,0.,1.));
#4033=DIRECTION('center_axis',(0.,1.,0.));
#4034=DIRECTION('ref_axis',(0.,0.,1.));
#4035=DIRECTION('center_axis',(0.,1.,0.));
#4036=DIRECTION('ref_axis',(0.,0.,1.));
#4037=DIRECTION('',(0.,-1.,0.));
#4038=DIRECTION('center_axis',(0.,1.,0.));
#4039=DIRECTION('ref_axis',(0.,0.,1.));
#4040=DIRECTION('center_axis',(0.,1.,0.));
#4041=DIRECTION('ref_axis',(0.,0.,1.));
#4042=DIRECTION('center_axis',(0.,1.,0.));
#4043=DIRECTION('ref_axis',(0.,0.,1.));
#4044=DIRECTION('center_axis',(1.,0.,0.));
#4045=DIRECTION('ref_axis',(0.,0.,1.));
#4046=DIRECTION('center_axis',(1.,0.,0.));
#4047=DIRECTION('ref_axis',(0.,0.,1.));
#4048=DIRECTION('',(-1.,0.,0.));
#4049=DIRECTION('center_axis',(1.,0.,0.));
#4050=DIRECTION('ref_axis',(0.,0.,1.));
#4051=DIRECTION('center_axis',(1.,0.,0.));
#4052=DIRECTION('ref_axis',(0.,0.,1.));
#4053=DIRECTION('center_axis',(1.,0.,0.));
#4054=DIRECTION('ref_axis',(0.,0.,1.));
#4055=DIRECTION('center_axis',(1.,0.,0.));
#4056=DIRECTION('ref_axis',(0.,0.,1.));
#4057=DIRECTION('center_axis',(1.,0.,0.));
#4058=DIRECTION('ref_axis',(0.,0.,1.));
#4059=DIRECTION('',(-1.,0.,0.));
#4060=DIRECTION('center_axis',(1.,0.,0.));
#4061=DIRECTION('ref_axis',(0.,0.,1.));
#4062=DIRECTION('center_axis',(1.,0.,0.));
#4063=DIRECTION('ref_axis',(0.,0.,1.));
#4064=DIRECTION('center_axis',(1.,0.,0.));
#4065=DIRECTION('ref_axis',(0.,0.,1.));
#4066=DIRECTION('center_axis',(0.,1.,0.));
#4067=DIRECTION('ref_axis',(0.,0.,1.));
#4068=DIRECTION('center_axis',(0.,1.,0.));
#4069=DIRECTION('ref_axis',(0.,0.,1.));
#4070=DIRECTION('',(0.,-1.,0.));
#4071=DIRECTION('center_axis',(0.,1.,0.));
#4072=DIRECTION('ref_axis',(0.,0.,1.));
#4073=DIRECTION('center_axis',(0.,1.,0.));
#4074=DIRECTION('ref_axis',(0.,0.,1.));
#4075=DIRECTION('center_axis',(0.,1.,0.));
#4076=DIRECTION('ref_axis',(0.,0.,1.));
#4077=DIRECTION('center_axis',(1.,0.,0.));
#4078=DIRECTION('ref_axis',(0.,0.,1.));
#4079=DIRECTION('center_axis',(1.,0.,0.));
#4080=DIRECTION('ref_axis',(0.,0.,1.));
#4081=DIRECTION('',(-1.,0.,0.));
#4082=DIRECTION('center_axis',(1.,0.,0.));
#4083=DIRECTION('ref_axis',(0.,0.,1.));
#4084=DIRECTION('center_axis',(1.,0.,0.));
#4085=DIRECTION('ref_axis',(0.,0.,1.));
#4086=DIRECTION('center_axis',(1.,0.,0.));
#4087=DIRECTION('ref_axis',(0.,0.,1.));
#4088=DIRECTION('center_axis',(1.,0.,0.));
#4089=DIRECTION('ref_axis',(0.,0.,1.));
#4090=DIRECTION('center_axis',(1.,0.,0.));
#4091=DIRECTION('ref_axis',(0.,0.,1.));
#4092=DIRECTION('',(-1.,0.,0.));
#4093=DIRECTION('center_axis',(1.,0.,0.));
#4094=DIRECTION('ref_axis',(0.,0.,1.));
#4095=DIRECTION('center_axis',(1.,0.,0.));
#4096=DIRECTION('ref_axis',(0.,0.,1.));
#4097=DIRECTION('center_axis',(1.,0.,0.));
#4098=DIRECTION('ref_axis',(0.,0.,1.));
#4099=DIRECTION('center_axis',(0.,1.,0.));
#4100=DIRECTION('ref_axis',(0.,0.,1.));
#4101=DIRECTION('center_axis',(0.,1.,0.));
#4102=DIRECTION('ref_axis',(0.,0.,1.));
#4103=DIRECTION('',(0.,-1.,0.));
#4104=DIRECTION('center_axis',(0.,1.,0.));
#4105=DIRECTION('ref_axis',(0.,0.,1.));
#4106=DIRECTION('center_axis',(0.,1.,0.));
#4107=DIRECTION('ref_axis',(0.,0.,1.));
#4108=DIRECTION('center_axis',(0.,1.,0.));
#4109=DIRECTION('ref_axis',(0.,0.,1.));
#4110=DIRECTION('center_axis',(1.,0.,0.));
#4111=DIRECTION('ref_axis',(0.,0.,1.));
#4112=DIRECTION('center_axis',(1.,0.,0.));
#4113=DIRECTION('ref_axis',(0.,0.,1.));
#4114=DIRECTION('',(-1.,0.,0.));
#4115=DIRECTION('center_axis',(1.,0.,0.));
#4116=DIRECTION('ref_axis',(0.,0.,1.));
#4117=DIRECTION('center_axis',(1.,0.,0.));
#4118=DIRECTION('ref_axis',(0.,0.,1.));
#4119=DIRECTION('center_axis',(1.,0.,0.));
#4120=DIRECTION('ref_axis',(0.,0.,1.));
#4121=DIRECTION('center_axis',(1.,0.,0.));
#4122=DIRECTION('ref_axis',(0.,0.,1.));
#4123=DIRECTION('center_axis',(1.,0.,0.));
#4124=DIRECTION('ref_axis',(0.,0.,1.));
#4125=DIRECTION('',(-1.,0.,0.));
#4126=DIRECTION('center_axis',(1.,0.,0.));
#4127=DIRECTION('ref_axis',(0.,0.,1.));
#4128=DIRECTION('center_axis',(1.,0.,0.));
#4129=DIRECTION('ref_axis',(0.,0.,1.));
#4130=DIRECTION('center_axis',(1.,0.,0.));
#4131=DIRECTION('ref_axis',(0.,0.,1.));
#4132=DIRECTION('',(0.,0.,1.));
#4133=DIRECTION('',(1.,0.,0.));
#4134=DIRECTION('axis',(0.,0.,1.));
#4135=DIRECTION('refdir',(1.,0.,0.));
#4136=DIRECTION('axis',(0.,0.,1.));
#4137=DIRECTION('refdir',(1.,0.,0.));
#4138=DIRECTION('center_axis',(-1.,0.,0.));
#4139=DIRECTION('ref_axis',(0.,0.,-1.));
#4140=DIRECTION('',(0.,0.,-1.));
#4141=DIRECTION('',(0.,1.,0.));
#4142=DIRECTION('',(0.,0.,-1.));
#4143=DIRECTION('',(0.,1.,0.));
#4144=DIRECTION('center_axis',(0.,-1.,0.));
#4145=DIRECTION('ref_axis',(0.,0.,-1.));
#4146=DIRECTION('',(1.,0.,0.));
#4147=DIRECTION('',(1.,0.,0.));
#4148=DIRECTION('',(0.,0.,-1.));
#4149=DIRECTION('center_axis',(0.,0.,1.));
#4150=DIRECTION('ref_axis',(1.,0.,0.));
#4151=DIRECTION('',(1.,0.,0.));
#4152=DIRECTION('',(0.,1.,0.));
#4153=DIRECTION('center_axis',(0.,0.,1.));
#4154=DIRECTION('ref_axis',(1.,0.,0.));
#4155=DIRECTION('center_axis',(0.,0.,1.));
#4156=DIRECTION('ref_axis',(1.,0.,0.));
#4157=DIRECTION('center_axis',(0.,0.,1.));
#4158=DIRECTION('ref_axis',(1.,0.,0.));
#4159=DIRECTION('center_axis',(0.,0.,1.));
#4160=DIRECTION('ref_axis',(1.,0.,0.));
#4161=DIRECTION('center_axis',(0.,0.,1.));
#4162=DIRECTION('ref_axis',(1.,0.,0.));
#4163=DIRECTION('center_axis',(0.,0.,1.));
#4164=DIRECTION('ref_axis',(1.,0.,0.));
#4165=DIRECTION('center_axis',(0.,0.,1.));
#4166=DIRECTION('ref_axis',(1.,0.,0.));
#4167=DIRECTION('center_axis',(0.,0.,1.));
#4168=DIRECTION('ref_axis',(1.,0.,0.));
#4169=DIRECTION('center_axis',(0.,0.,1.));
#4170=DIRECTION('ref_axis',(1.,0.,0.));
#4171=DIRECTION('',(-1.,0.,0.));
#4172=DIRECTION('',(0.,1.,0.));
#4173=DIRECTION('',(-1.,0.,0.));
#4174=DIRECTION('',(0.,1.,0.));
#4175=DIRECTION('center_axis',(0.,0.,1.));
#4176=DIRECTION('ref_axis',(1.,0.,0.));
#4177=DIRECTION('center_axis',(0.,0.,1.));
#4178=DIRECTION('ref_axis',(1.,0.,0.));
#4179=DIRECTION('center_axis',(0.,0.,1.));
#4180=DIRECTION('ref_axis',(1.,0.,0.));
#4181=DIRECTION('center_axis',(0.,-1.,0.));
#4182=DIRECTION('ref_axis',(0.,0.,-1.));
#4183=DIRECTION('',(1.,0.,0.));
#4184=DIRECTION('',(0.,0.,-1.));
#4185=DIRECTION('center_axis',(0.,0.,1.));
#4186=DIRECTION('ref_axis',(1.,0.,0.));
#4187=DIRECTION('',(0.,1.,0.));
#4188=DIRECTION('center_axis',(0.,0.,1.));
#4189=DIRECTION('ref_axis',(1.,0.,0.));
#4190=DIRECTION('center_axis',(0.,0.,1.));
#4191=DIRECTION('ref_axis',(1.,0.,0.));
#4192=DIRECTION('center_axis',(0.,0.,1.));
#4193=DIRECTION('ref_axis',(1.,0.,0.));
#4194=DIRECTION('center_axis',(0.,0.,1.));
#4195=DIRECTION('ref_axis',(1.,0.,0.));
#4196=DIRECTION('center_axis',(0.,0.,1.));
#4197=DIRECTION('ref_axis',(1.,0.,0.));
#4198=DIRECTION('center_axis',(0.,0.,1.));
#4199=DIRECTION('ref_axis',(1.,0.,0.));
#4200=DIRECTION('center_axis',(0.,0.,1.));
#4201=DIRECTION('ref_axis',(1.,0.,0.));
#4202=DIRECTION('center_axis',(0.,0.,1.));
#4203=DIRECTION('ref_axis',(1.,0.,0.));
#4204=DIRECTION('center_axis',(0.,0.,1.));
#4205=DIRECTION('ref_axis',(1.,0.,0.));
#4206=DIRECTION('',(-1.,0.,0.));
#4207=DIRECTION('',(0.,1.,0.));
#4208=DIRECTION('',(-1.,0.,0.));
#4209=DIRECTION('',(0.,1.,0.));
#4210=DIRECTION('center_axis',(0.,0.,1.));
#4211=DIRECTION('ref_axis',(1.,0.,0.));
#4212=DIRECTION('center_axis',(0.,0.,1.));
#4213=DIRECTION('ref_axis',(1.,0.,0.));
#4214=DIRECTION('center_axis',(0.,0.,1.));
#4215=DIRECTION('ref_axis',(1.,0.,0.));
#4216=DIRECTION('center_axis',(-1.,0.,0.));
#4217=DIRECTION('ref_axis',(0.,0.,-1.));
#4218=DIRECTION('center_axis',(0.,0.,1.));
#4219=DIRECTION('ref_axis',(1.,0.,0.));
#4220=DIRECTION('',(0.,0.,1.));
#4221=DIRECTION('center_axis',(0.,0.,1.));
#4222=DIRECTION('ref_axis',(1.,0.,0.));
#4223=DIRECTION('',(0.,0.,1.));
#4224=DIRECTION('center_axis',(0.,0.,1.));
#4225=DIRECTION('ref_axis',(1.,0.,0.));
#4226=DIRECTION('',(0.,0.,1.));
#4227=DIRECTION('center_axis',(0.,0.,1.));
#4228=DIRECTION('ref_axis',(1.,0.,0.));
#4229=DIRECTION('',(0.,0.,1.));
#4230=DIRECTION('center_axis',(0.,0.,1.));
#4231=DIRECTION('ref_axis',(1.,0.,0.));
#4232=DIRECTION('',(0.,0.,1.));
#4233=DIRECTION('center_axis',(0.,0.,1.));
#4234=DIRECTION('ref_axis',(1.,0.,0.));
#4235=DIRECTION('',(0.,0.,1.));
#4236=DIRECTION('center_axis',(0.,0.,1.));
#4237=DIRECTION('ref_axis',(1.,0.,0.));
#4238=DIRECTION('',(0.,0.,1.));
#4239=DIRECTION('center_axis',(0.,0.,1.));
#4240=DIRECTION('ref_axis',(1.,0.,0.));
#4241=DIRECTION('',(0.,0.,1.));
#4242=DIRECTION('center_axis',(0.,0.,1.));
#4243=DIRECTION('ref_axis',(1.,0.,0.));
#4244=DIRECTION('',(0.,0.,1.));
#4245=DIRECTION('center_axis',(0.,-1.,0.));
#4246=DIRECTION('ref_axis',(0.,0.,-1.));
#4247=DIRECTION('',(0.,0.,-1.));
#4248=DIRECTION('',(0.,0.,-1.));
#4249=DIRECTION('center_axis',(-1.,0.,0.));
#4250=DIRECTION('ref_axis',(0.,0.,-1.));
#4251=DIRECTION('',(0.,0.,-1.));
#4252=DIRECTION('center_axis',(-1.,0.,0.));
#4253=DIRECTION('ref_axis',(0.,0.,-1.));
#4254=DIRECTION('',(0.,0.,-1.));
#4255=DIRECTION('center_axis',(0.,-1.,0.));
#4256=DIRECTION('ref_axis',(0.,0.,-1.));
#4257=DIRECTION('center_axis',(0.,0.,1.));
#4258=DIRECTION('ref_axis',(1.,0.,0.));
#4259=DIRECTION('',(0.,0.,1.));
#4260=DIRECTION('center_axis',(0.,0.,1.));
#4261=DIRECTION('ref_axis',(1.,0.,0.));
#4262=DIRECTION('',(0.,0.,1.));
#4263=DIRECTION('center_axis',(0.,0.,1.));
#4264=DIRECTION('ref_axis',(1.,0.,0.));
#4265=DIRECTION('',(0.,0.,1.));
#4266=DIRECTION('axis',(0.,0.,1.));
#4267=DIRECTION('refdir',(1.,0.,0.));
#4268=DIRECTION('center_axis',(-1.,0.,0.));
#4269=DIRECTION('ref_axis',(0.,0.,-1.));
#4270=DIRECTION('',(0.,0.,-1.));
#4271=DIRECTION('',(0.,1.,0.));
#4272=DIRECTION('',(0.,0.,-1.));
#4273=DIRECTION('',(0.,1.,0.));
#4274=DIRECTION('center_axis',(0.,-1.,0.));
#4275=DIRECTION('ref_axis',(0.,0.,-1.));
#4276=DIRECTION('',(1.,0.,0.));
#4277=DIRECTION('',(1.,0.,0.));
#4278=DIRECTION('',(0.,0.,-1.));
#4279=DIRECTION('center_axis',(0.,0.,1.));
#4280=DIRECTION('ref_axis',(1.,0.,0.));
#4281=DIRECTION('',(1.,0.,0.));
#4282=DIRECTION('',(0.,1.,0.));
#4283=DIRECTION('',(-1.,0.,0.));
#4284=DIRECTION('',(0.,1.,0.));
#4285=DIRECTION('',(-1.,0.,0.));
#4286=DIRECTION('',(0.,1.,0.));
#4287=DIRECTION('center_axis',(0.,-1.,0.));
#4288=DIRECTION('ref_axis',(0.,0.,-1.));
#4289=DIRECTION('',(1.,0.,0.));
#4290=DIRECTION('',(0.,0.,-1.));
#4291=DIRECTION('center_axis',(0.,0.,1.));
#4292=DIRECTION('ref_axis',(1.,0.,0.));
#4293=DIRECTION('',(0.,1.,0.));
#4294=DIRECTION('',(-1.,0.,0.));
#4295=DIRECTION('',(0.,1.,0.));
#4296=DIRECTION('',(-1.,0.,0.));
#4297=DIRECTION('',(0.,1.,0.));
#4298=DIRECTION('center_axis',(-1.,0.,0.));
#4299=DIRECTION('ref_axis',(0.,0.,-1.));
#4300=DIRECTION('center_axis',(0.,-1.,0.));
#4301=DIRECTION('ref_axis',(0.,0.,-1.));
#4302=DIRECTION('',(0.,0.,-1.));
#4303=DIRECTION('',(0.,0.,-1.));
#4304=DIRECTION('center_axis',(-1.,0.,0.));
#4305=DIRECTION('ref_axis',(0.,0.,-1.));
#4306=DIRECTION('',(0.,0.,-1.));
#4307=DIRECTION('center_axis',(0.,-1.,0.));
#4308=DIRECTION('ref_axis',(0.,0.,-1.));
#4309=DIRECTION('',(0.,0.,-1.));
#4310=DIRECTION('center_axis',(-1.,0.,0.));
#4311=DIRECTION('ref_axis',(0.,0.,-1.));
#4312=DIRECTION('',(0.,0.,1.));
#4313=DIRECTION('',(1.,0.,0.));
#4314=DIRECTION('',(0.,0.,1.));
#4315=DIRECTION('',(1.,0.,0.));
#4316=DIRECTION('',(0.,0.,1.));
#4317=DIRECTION('',(1.,0.,0.));
#4318=DIRECTION('',(0.,0.,1.));
#4319=DIRECTION('',(1.,0.,0.));
#4320=DIRECTION('',(0.,0.,1.));
#4321=DIRECTION('',(1.,0.,0.));
#4322=DIRECTION('',(-1.01565841547206E-29,-5.55111512312016E-17,1.));
#4323=DIRECTION('',(1.,-1.84921309273289E-31,1.01565841547206E-29));
#4324=CARTESIAN_POINT('',(0.,0.,0.));
#4325=CARTESIAN_POINT('',(0.,0.,0.));
#4326=CARTESIAN_POINT('',(0.,0.,0.));
#4327=CARTESIAN_POINT('Origin',(120.,120.,0.));
#4328=CARTESIAN_POINT('',(120.,120.,0.));
#4329=CARTESIAN_POINT('',(120.,120.,1.5));
#4330=CARTESIAN_POINT('',(120.,120.,0.));
#4331=CARTESIAN_POINT('',(120.,980.,1.5));
#4332=CARTESIAN_POINT('',(120.,120.,1.5));
#4333=CARTESIAN_POINT('',(120.,980.,0.));
#4334=CARTESIAN_POINT('',(120.,980.,0.));
#4335=CARTESIAN_POINT('',(120.,120.,0.));
#4336=CARTESIAN_POINT('Origin',(120.,120.,0.));
#4337=CARTESIAN_POINT('',(980.,120.,0.));
#4338=CARTESIAN_POINT('',(120.,120.,0.));
#4339=CARTESIAN_POINT('',(980.,120.,1.5));
#4340=CARTESIAN_POINT('',(980.,120.,0.));
#4341=CARTESIAN_POINT('',(120.,120.,1.5));
#4342=CARTESIAN_POINT('Origin',(120.,120.,1.5));
#4343=CARTESIAN_POINT('',(980.,980.,1.5));
#4344=CARTESIAN_POINT('',(980.,120.,1.5));
#4345=CARTESIAN_POINT('',(120.,980.,1.5));
#4346=CARTESIAN_POINT('',(132.,136.,1.5));
#4347=CARTESIAN_POINT('Origin',(136.,136.,1.5));
#4348=CARTESIAN_POINT('',(408.,136.,1.5));
#4349=CARTESIAN_POINT('Origin',(412.,136.,1.5));
#4350=CARTESIAN_POINT('',(132.,412.,1.5));
#4351=CARTESIAN_POINT('Origin',(136.,412.,1.5));
#4352=CARTESIAN_POINT('',(684.,136.,1.5));
#4353=CARTESIAN_POINT('Origin',(688.,136.,1.5));
#4354=CARTESIAN_POINT('',(960.,136.,1.5));
#4355=CARTESIAN_POINT('Origin',(964.,136.,1.5));
#4356=CARTESIAN_POINT('',(960.,412.,1.5));
#4357=CARTESIAN_POINT('Origin',(964.,412.,1.5));
#4358=CARTESIAN_POINT('',(132.,688.,1.5));
#4359=CARTESIAN_POINT('Origin',(136.,688.,1.5));
#4360=CARTESIAN_POINT('',(132.,964.,1.5));
#4361=CARTESIAN_POINT('Origin',(136.,964.,1.5));
#4362=CARTESIAN_POINT('',(408.,964.,1.5));
#4363=CARTESIAN_POINT('Origin',(412.,964.,1.5));
#4364=CARTESIAN_POINT('',(950.,150.,1.5));
#4365=CARTESIAN_POINT('',(150.,150.,1.5));
#4366=CARTESIAN_POINT('',(135.,150.,1.5));
#4367=CARTESIAN_POINT('',(150.,950.,1.5));
#4368=CARTESIAN_POINT('',(150.,135.,1.5));
#4369=CARTESIAN_POINT('',(950.,950.,1.5));
#4370=CARTESIAN_POINT('',(135.,950.,1.5));
#4371=CARTESIAN_POINT('',(950.,135.,1.5));
#4372=CARTESIAN_POINT('',(960.,688.,1.5));
#4373=CARTESIAN_POINT('Origin',(964.,688.,1.5));
#4374=CARTESIAN_POINT('',(684.,964.,1.5));
#4375=CARTESIAN_POINT('Origin',(688.,964.,1.5));
#4376=CARTESIAN_POINT('',(960.,964.,1.5));
#4377=CARTESIAN_POINT('Origin',(964.,964.,1.5));
#4378=CARTESIAN_POINT('Origin',(120.,980.,0.));
#4379=CARTESIAN_POINT('',(980.,980.,0.));
#4380=CARTESIAN_POINT('',(120.,980.,0.));
#4381=CARTESIAN_POINT('',(980.,980.,0.));
#4382=CARTESIAN_POINT('Origin',(120.,120.,0.));
#4383=CARTESIAN_POINT('',(980.,120.,0.));
#4384=CARTESIAN_POINT('',(132.,136.,0.));
#4385=CARTESIAN_POINT('Origin',(136.,136.,0.));
#4386=CARTESIAN_POINT('',(408.,136.,0.));
#4387=CARTESIAN_POINT('Origin',(412.,136.,0.));
#4388=CARTESIAN_POINT('',(132.,412.,0.));
#4389=CARTESIAN_POINT('Origin',(136.,412.,0.));
#4390=CARTESIAN_POINT('',(684.,136.,0.));
#4391=CARTESIAN_POINT('Origin',(688.,136.,0.));
#4392=CARTESIAN_POINT('',(960.,136.,0.));
#4393=CARTESIAN_POINT('Origin',(964.,136.,0.));
#4394=CARTESIAN_POINT('',(960.,412.,0.));
#4395=CARTESIAN_POINT('Origin',(964.,412.,0.));
#4396=CARTESIAN_POINT('',(132.,688.,0.));
#4397=CARTESIAN_POINT('Origin',(136.,688.,0.));
#4398=CARTESIAN_POINT('',(132.,964.,0.));
#4399=CARTESIAN_POINT('Origin',(136.,964.,0.));
#4400=CARTESIAN_POINT('',(408.,964.,0.));
#4401=CARTESIAN_POINT('Origin',(412.,964.,0.));
#4402=CARTESIAN_POINT('',(950.,150.,0.));
#4403=CARTESIAN_POINT('',(150.,150.,0.));
#4404=CARTESIAN_POINT('',(135.,150.,0.));
#4405=CARTESIAN_POINT('',(950.,950.,0.));
#4406=CARTESIAN_POINT('',(950.,135.,0.));
#4407=CARTESIAN_POINT('',(150.,950.,0.));
#4408=CARTESIAN_POINT('',(135.,950.,0.));
#4409=CARTESIAN_POINT('',(150.,135.,0.));
#4410=CARTESIAN_POINT('',(960.,688.,0.));
#4411=CARTESIAN_POINT('Origin',(964.,688.,0.));
#4412=CARTESIAN_POINT('',(684.,964.,0.));
#4413=CARTESIAN_POINT('Origin',(688.,964.,0.));
#4414=CARTESIAN_POINT('',(960.,964.,0.));
#4415=CARTESIAN_POINT('Origin',(964.,964.,0.));
#4416=CARTESIAN_POINT('Origin',(980.,120.,0.));
#4417=CARTESIAN_POINT('Origin',(136.,136.,-1.));
#4418=CARTESIAN_POINT('',(132.,136.,-1.));
#4419=CARTESIAN_POINT('Origin',(412.,136.,-1.));
#4420=CARTESIAN_POINT('',(408.,136.,-1.));
#4421=CARTESIAN_POINT('Origin',(136.,412.,-1.));
#4422=CARTESIAN_POINT('',(132.,412.,-1.));
#4423=CARTESIAN_POINT('Origin',(688.,136.,-1.));
#4424=CARTESIAN_POINT('',(684.,136.,-1.));
#4425=CARTESIAN_POINT('Origin',(964.,136.,-1.));
#4426=CARTESIAN_POINT('',(960.,136.,-1.));
#4427=CARTESIAN_POINT('Origin',(964.,412.,-1.));
#4428=CARTESIAN_POINT('',(960.,412.,-1.));
#4429=CARTESIAN_POINT('Origin',(136.,688.,-1.));
#4430=CARTESIAN_POINT('',(132.,688.,-1.));
#4431=CARTESIAN_POINT('Origin',(136.,964.,-1.));
#4432=CARTESIAN_POINT('',(132.,964.,-1.));
#4433=CARTESIAN_POINT('Origin',(412.,964.,-1.));
#4434=CARTESIAN_POINT('',(408.,964.,-1.));
#4435=CARTESIAN_POINT('Origin',(150.,150.,-1.));
#4436=CARTESIAN_POINT('',(950.,150.,-1.));
#4437=CARTESIAN_POINT('',(150.,150.,-1.));
#4438=CARTESIAN_POINT('Origin',(950.,150.,-1.));
#4439=CARTESIAN_POINT('',(950.,950.,-1.));
#4440=CARTESIAN_POINT('Origin',(150.,150.,-1.));
#4441=CARTESIAN_POINT('',(150.,950.,-1.));
#4442=CARTESIAN_POINT('Origin',(150.,950.,-1.));
#4443=CARTESIAN_POINT('Origin',(964.,688.,-1.));
#4444=CARTESIAN_POINT('',(960.,688.,-1.));
#4445=CARTESIAN_POINT('Origin',(688.,964.,-1.));
#4446=CARTESIAN_POINT('',(684.,964.,-1.));
#4447=CARTESIAN_POINT('Origin',(964.,964.,-1.));
#4448=CARTESIAN_POINT('',(960.,964.,-1.));
#4449=CARTESIAN_POINT('',(0.,0.,0.));
#4450=CARTESIAN_POINT('Origin',(148.5,148.5,1.5));
#4451=CARTESIAN_POINT('',(148.5,148.5,1.5));
#4452=CARTESIAN_POINT('',(148.5,148.5,30.));
#4453=CARTESIAN_POINT('',(148.5,148.5,1.5));
#4454=CARTESIAN_POINT('',(148.5,951.5,30.));
#4455=CARTESIAN_POINT('',(148.5,148.5,30.));
#4456=CARTESIAN_POINT('',(148.5,951.5,1.5));
#4457=CARTESIAN_POINT('',(148.5,951.5,1.5));
#4458=CARTESIAN_POINT('',(148.5,148.5,1.5));
#4459=CARTESIAN_POINT('Origin',(148.5,148.5,1.5));
#4460=CARTESIAN_POINT('',(951.5,148.5,1.5));
#4461=CARTESIAN_POINT('',(148.5,148.5,1.5));
#4462=CARTESIAN_POINT('',(951.5,148.5,30.));
#4463=CARTESIAN_POINT('',(951.5,148.5,1.5));
#4464=CARTESIAN_POINT('',(148.5,148.5,30.));
#4465=CARTESIAN_POINT('Origin',(148.5,148.5,30.));
#4466=CARTESIAN_POINT('',(951.5,951.5,30.));
#4467=CARTESIAN_POINT('',(951.5,148.5,30.));
#4468=CARTESIAN_POINT('',(148.5,951.5,30.));
#4469=CARTESIAN_POINT('',(950.,150.,30.));
#4470=CARTESIAN_POINT('',(150.,150.,30.));
#4471=CARTESIAN_POINT('',(149.25,150.,30.));
#4472=CARTESIAN_POINT('',(150.,950.,30.));
#4473=CARTESIAN_POINT('',(150.,149.25,30.));
#4474=CARTESIAN_POINT('',(950.,950.,30.));
#4475=CARTESIAN_POINT('',(149.25,950.,30.));
#4476=CARTESIAN_POINT('',(950.,149.25,30.));
#4477=CARTESIAN_POINT('Origin',(148.5,951.5,1.5));
#4478=CARTESIAN_POINT('',(951.5,951.5,1.5));
#4479=CARTESIAN_POINT('',(148.5,951.5,1.5));
#4480=CARTESIAN_POINT('',(951.5,951.5,1.5));
#4481=CARTESIAN_POINT('Origin',(148.5,148.5,1.5));
#4482=CARTESIAN_POINT('',(951.5,148.5,1.5));
#4483=CARTESIAN_POINT('',(950.,150.,1.5));
#4484=CARTESIAN_POINT('',(150.,150.,1.5));
#4485=CARTESIAN_POINT('',(149.25,150.,1.5));
#4486=CARTESIAN_POINT('',(950.,950.,1.5));
#4487=CARTESIAN_POINT('',(950.,149.25,1.5));
#4488=CARTESIAN_POINT('',(150.,950.,1.5));
#4489=CARTESIAN_POINT('',(149.25,950.,1.5));
#4490=CARTESIAN_POINT('',(150.,149.25,1.5));
#4491=CARTESIAN_POINT('Origin',(951.5,148.5,1.5));
#4492=CARTESIAN_POINT('Origin',(150.,150.,0.5));
#4493=CARTESIAN_POINT('',(950.,150.,0.5));
#4494=CARTESIAN_POINT('',(150.,150.,0.5));
#4495=CARTESIAN_POINT('Origin',(950.,150.,0.5));
#4496=CARTESIAN_POINT('',(950.,950.,0.5));
#4497=CARTESIAN_POINT('Origin',(150.,950.,0.5));
#4498=CARTESIAN_POINT('',(150.,950.,0.5));
#4499=CARTESIAN_POINT('Origin',(150.,150.,0.5));
#4500=CARTESIAN_POINT('',(0.,0.,0.));
#4501=CARTESIAN_POINT('',(0.,0.,0.));
#4502=CARTESIAN_POINT('',(0.,0.,0.));
#4503=CARTESIAN_POINT('',(0.,0.,0.));
#4504=CARTESIAN_POINT('Origin',(0.,0.,30.));
#4505=CARTESIAN_POINT('',(0.,0.,30.));
#4506=CARTESIAN_POINT('',(0.,0.,31.5));
#4507=CARTESIAN_POINT('',(0.,0.,30.));
#4508=CARTESIAN_POINT('',(0.,1100.,31.5));
#4509=CARTESIAN_POINT('',(0.,0.,31.5));
#4510=CARTESIAN_POINT('',(0.,1100.,30.));
#4511=CARTESIAN_POINT('',(0.,1100.,30.));
#4512=CARTESIAN_POINT('',(0.,0.,30.));
#4513=CARTESIAN_POINT('Origin',(0.,0.,30.));
#4514=CARTESIAN_POINT('',(1100.,0.,30.));
#4515=CARTESIAN_POINT('',(0.,0.,30.));
#4516=CARTESIAN_POINT('',(1100.,0.,31.5));
#4517=CARTESIAN_POINT('',(1100.,0.,30.));
#4518=CARTESIAN_POINT('',(0.,0.,31.5));
#4519=CARTESIAN_POINT('Origin',(0.,0.,31.5));
#4520=CARTESIAN_POINT('',(1100.,1100.,31.5));
#4521=CARTESIAN_POINT('',(1100.,0.,31.5));
#4522=CARTESIAN_POINT('',(0.,1100.,31.5));
#4523=CARTESIAN_POINT('',(950.,150.,31.5));
#4524=CARTESIAN_POINT('',(150.,150.,31.5));
#4525=CARTESIAN_POINT('',(75.,150.,31.5));
#4526=CARTESIAN_POINT('',(150.,950.,31.5));
#4527=CARTESIAN_POINT('',(150.,75.,31.5));
#4528=CARTESIAN_POINT('',(950.,950.,31.5));
#4529=CARTESIAN_POINT('',(75.,950.,31.5));
#4530=CARTESIAN_POINT('',(950.,75.,31.5));
#4531=CARTESIAN_POINT('Origin',(0.,1100.,30.));
#4532=CARTESIAN_POINT('',(1100.,1100.,30.));
#4533=CARTESIAN_POINT('',(0.,1100.,30.));
#4534=CARTESIAN_POINT('',(1100.,1100.,30.));
#4535=CARTESIAN_POINT('Origin',(0.,0.,30.));
#4536=CARTESIAN_POINT('',(1100.,0.,30.));
#4537=CARTESIAN_POINT('',(950.,150.,30.));
#4538=CARTESIAN_POINT('',(150.,150.,30.));
#4539=CARTESIAN_POINT('',(75.,150.,30.));
#4540=CARTESIAN_POINT('',(950.,950.,30.));
#4541=CARTESIAN_POINT('',(950.,75.,30.));
#4542=CARTESIAN_POINT('',(150.,950.,30.));
#4543=CARTESIAN_POINT('',(75.,950.,30.));
#4544=CARTESIAN_POINT('',(150.,75.,30.));
#4545=CARTESIAN_POINT('Origin',(1100.,0.,30.));
#4546=CARTESIAN_POINT('Origin',(150.,150.,29.));
#4547=CARTESIAN_POINT('',(950.,150.,29.));
#4548=CARTESIAN_POINT('',(150.,150.,29.));
#4549=CARTESIAN_POINT('Origin',(950.,150.,29.));
#4550=CARTESIAN_POINT('',(950.,950.,29.));
#4551=CARTESIAN_POINT('Origin',(150.,950.,29.));
#4552=CARTESIAN_POINT('',(150.,950.,29.));
#4553=CARTESIAN_POINT('Origin',(150.,150.,29.));
#4554=CARTESIAN_POINT('Origin',(0.,0.,970.));
#4555=CARTESIAN_POINT('',(0.,0.,970.));
#4556=CARTESIAN_POINT('',(0.,0.,968.5));
#4557=CARTESIAN_POINT('',(0.,0.,970.));
#4558=CARTESIAN_POINT('',(0.,1100.,970.));
#4559=CARTESIAN_POINT('',(0.,0.,970.));
#4560=CARTESIAN_POINT('',(0.,1100.,968.5));
#4561=CARTESIAN_POINT('',(0.,1100.,970.));
#4562=CARTESIAN_POINT('',(0.,0.,968.5));
#4563=CARTESIAN_POINT('Origin',(0.,0.,970.));
#4564=CARTESIAN_POINT('',(1100.,0.,970.));
#4565=CARTESIAN_POINT('',(0.,0.,970.));
#4566=CARTESIAN_POINT('',(1100.,0.,968.5));
#4567=CARTESIAN_POINT('',(0.,0.,968.5));
#4568=CARTESIAN_POINT('',(1100.,0.,970.));
#4569=CARTESIAN_POINT('Origin',(0.,0.,968.5));
#4570=CARTESIAN_POINT('',(1100.,1100.,968.5));
#4571=CARTESIAN_POINT('',(0.,1100.,968.5));
#4572=CARTESIAN_POINT('',(1100.,0.,968.5));
#4573=CARTESIAN_POINT('',(950.,150.,968.5));
#4574=CARTESIAN_POINT('',(150.,150.,968.5));
#4575=CARTESIAN_POINT('',(75.,150.,968.5));
#4576=CARTESIAN_POINT('',(950.,950.,968.5));
#4577=CARTESIAN_POINT('',(950.,75.,968.5));
#4578=CARTESIAN_POINT('',(150.,950.,968.5));
#4579=CARTESIAN_POINT('',(75.,950.,968.5));
#4580=CARTESIAN_POINT('',(150.,75.,968.5));
#4581=CARTESIAN_POINT('Origin',(0.,1100.,970.));
#4582=CARTESIAN_POINT('',(1100.,1100.,970.));
#4583=CARTESIAN_POINT('',(0.,1100.,970.));
#4584=CARTESIAN_POINT('',(1100.,1100.,970.));
#4585=CARTESIAN_POINT('Origin',(0.,0.,970.));
#4586=CARTESIAN_POINT('',(1100.,0.,970.));
#4587=CARTESIAN_POINT('',(950.,150.,970.));
#4588=CARTESIAN_POINT('',(150.,150.,970.));
#4589=CARTESIAN_POINT('',(75.,150.,970.));
#4590=CARTESIAN_POINT('',(150.,950.,970.));
#4591=CARTESIAN_POINT('',(150.,75.,970.));
#4592=CARTESIAN_POINT('',(950.,950.,970.));
#4593=CARTESIAN_POINT('',(75.,950.,970.));
#4594=CARTESIAN_POINT('',(950.,75.,970.));
#4595=CARTESIAN_POINT('Origin',(1100.,0.,970.));
#4596=CARTESIAN_POINT('Origin',(150.,150.,971.));
#4597=CARTESIAN_POINT('',(950.,150.,971.));
#4598=CARTESIAN_POINT('',(150.,150.,971.));
#4599=CARTESIAN_POINT('Origin',(950.,150.,971.));
#4600=CARTESIAN_POINT('',(950.,950.,971.));
#4601=CARTESIAN_POINT('Origin',(150.,950.,971.));
#4602=CARTESIAN_POINT('',(150.,950.,971.));
#4603=CARTESIAN_POINT('Origin',(150.,150.,971.));
#4604=CARTESIAN_POINT('',(0.,0.,0.));
#4605=CARTESIAN_POINT('Origin',(0.,0.,968.5));
#4606=CARTESIAN_POINT('',(0.,0.,968.5));
#4607=CARTESIAN_POINT('',(0.,0.,970.));
#4608=CARTESIAN_POINT('',(0.,0.,968.5));
#4609=CARTESIAN_POINT('',(0.,1100.,970.));
#4610=CARTESIAN_POINT('',(0.,0.,970.));
#4611=CARTESIAN_POINT('',(0.,1100.,968.5));
#4612=CARTESIAN_POINT('',(0.,1100.,968.5));
#4613=CARTESIAN_POINT('',(0.,0.,968.5));
#4614=CARTESIAN_POINT('Origin',(0.,0.,968.5));
#4615=CARTESIAN_POINT('',(1100.,0.,968.5));
#4616=CARTESIAN_POINT('',(0.,0.,968.5));
#4617=CARTESIAN_POINT('',(1100.,0.,970.));
#4618=CARTESIAN_POINT('',(1100.,0.,968.5));
#4619=CARTESIAN_POINT('',(0.,0.,970.));
#4620=CARTESIAN_POINT('Origin',(0.,0.,970.));
#4621=CARTESIAN_POINT('',(1100.,1100.,970.));
#4622=CARTESIAN_POINT('',(1100.,0.,970.));
#4623=CARTESIAN_POINT('',(0.,1100.,970.));
#4624=CARTESIAN_POINT('',(1086.,14.,970.));
#4625=CARTESIAN_POINT('',(14.,14.,970.));
#4626=CARTESIAN_POINT('',(7.,14.,970.));
#4627=CARTESIAN_POINT('',(14.,1086.,970.));
#4628=CARTESIAN_POINT('',(14.,7.,970.));
#4629=CARTESIAN_POINT('',(1086.,1086.,970.));
#4630=CARTESIAN_POINT('',(7.,1086.,970.));
#4631=CARTESIAN_POINT('',(1086.,7.,970.));
#4632=CARTESIAN_POINT('Origin',(0.,1100.,968.5));
#4633=CARTESIAN_POINT('',(1100.,1100.,968.5));
#4634=CARTESIAN_POINT('',(0.,1100.,968.5));
#4635=CARTESIAN_POINT('',(1100.,1100.,968.5));
#4636=CARTESIAN_POINT('Origin',(0.,0.,968.5));
#4637=CARTESIAN_POINT('',(1100.,0.,968.5));
#4638=CARTESIAN_POINT('',(1086.,14.,968.5));
#4639=CARTESIAN_POINT('',(14.,14.,968.5));
#4640=CARTESIAN_POINT('',(7.,14.,968.5));
#4641=CARTESIAN_POINT('',(1086.,1086.,968.5));
#4642=CARTESIAN_POINT('',(1086.,7.,968.5));
#4643=CARTESIAN_POINT('',(14.,1086.,968.5));
#4644=CARTESIAN_POINT('',(7.,1086.,968.5));
#4645=CARTESIAN_POINT('',(14.,7.,968.5));
#4646=CARTESIAN_POINT('Origin',(1100.,0.,968.5));
#4647=CARTESIAN_POINT('Origin',(14.,14.,967.5));
#4648=CARTESIAN_POINT('',(1086.,14.,967.5));
#4649=CARTESIAN_POINT('',(14.,14.,967.5));
#4650=CARTESIAN_POINT('Origin',(1086.,14.,967.5));
#4651=CARTESIAN_POINT('',(1086.,1086.,967.5));
#4652=CARTESIAN_POINT('Origin',(14.,1086.,967.5));
#4653=CARTESIAN_POINT('',(14.,1086.,967.5));
#4654=CARTESIAN_POINT('Origin',(14.,14.,967.5));
#4655=CARTESIAN_POINT('',(0.,0.,0.));
#4656=CARTESIAN_POINT('Origin',(0.,0.,31.5));
#4657=CARTESIAN_POINT('',(0.,0.,31.5));
#4658=CARTESIAN_POINT('',(0.,0.,968.5));
#4659=CARTESIAN_POINT('',(0.,0.,31.5));
#4660=CARTESIAN_POINT('',(0.,1.5,968.5));
#4661=CARTESIAN_POINT('',(0.,0.,968.5));
#4662=CARTESIAN_POINT('',(0.,1.5,31.5));
#4663=CARTESIAN_POINT('',(0.,1.5,31.5));
#4664=CARTESIAN_POINT('',(0.,0.,31.5));
#4665=CARTESIAN_POINT('Origin',(0.,0.,31.5));
#4666=CARTESIAN_POINT('',(1100.,0.,31.5));
#4667=CARTESIAN_POINT('',(0.,0.,31.5));
#4668=CARTESIAN_POINT('',(1100.,0.,968.5));
#4669=CARTESIAN_POINT('',(1100.,0.,31.5));
#4670=CARTESIAN_POINT('',(0.,0.,968.5));
#4671=CARTESIAN_POINT('',(985.0000005,0.,734.4993));
#4672=CARTESIAN_POINT('Origin',(985.0000005,0.,779.4993));
#4673=CARTESIAN_POINT('Origin',(0.,0.,968.5));
#4674=CARTESIAN_POINT('',(1100.,1.5,968.5));
#4675=CARTESIAN_POINT('',(1100.,0.,968.5));
#4676=CARTESIAN_POINT('',(0.,1.5,968.5));
#4677=CARTESIAN_POINT('Origin',(0.,1.5,31.5));
#4678=CARTESIAN_POINT('',(1100.,1.5,31.5));
#4679=CARTESIAN_POINT('',(0.,1.5,31.5));
#4680=CARTESIAN_POINT('',(1100.,1.5,31.5));
#4681=CARTESIAN_POINT('',(985.0000005,1.5,734.4993));
#4682=CARTESIAN_POINT('Origin',(985.0000005,1.5,779.4993));
#4683=CARTESIAN_POINT('Origin',(0.,0.,31.5));
#4684=CARTESIAN_POINT('',(1100.,0.,31.5));
#4685=CARTESIAN_POINT('Origin',(1100.,0.,31.5));
#4686=CARTESIAN_POINT('Origin',(985.0000005,-1.,779.4993));
#4687=CARTESIAN_POINT('',(985.0000005,-1.,734.4993));
#4688=CARTESIAN_POINT('',(0.,0.,0.));
#4689=CARTESIAN_POINT('Origin',(1098.5,1.5,31.5));
#4690=CARTESIAN_POINT('',(1098.5,1.5,31.5));
#4691=CARTESIAN_POINT('',(1098.5,1.5,968.5));
#4692=CARTESIAN_POINT('',(1098.5,1.5,31.5));
#4693=CARTESIAN_POINT('',(1098.5,1098.5,968.5));
#4694=CARTESIAN_POINT('',(1098.5,1.5,968.5));
#4695=CARTESIAN_POINT('',(1098.5,1098.5,31.5));
#4696=CARTESIAN_POINT('',(1098.5,1098.5,31.5));
#4697=CARTESIAN_POINT('',(1098.5,1.5,31.5));
#4698=CARTESIAN_POINT('',(1098.5,920.29075,776.49749870373));
#4699=CARTESIAN_POINT('Origin',(1098.5,920.29075,828.49749870373));
#4700=CARTESIAN_POINT('',(1098.5,225.29075,712.49749870373));
#4701=CARTESIAN_POINT('Origin',(1098.5,225.29075,764.49749870373));
#4702=CARTESIAN_POINT('Origin',(1098.5,1.5,31.5));
#4703=CARTESIAN_POINT('',(1100.,1.5,31.5));
#4704=CARTESIAN_POINT('',(1098.5,1.5,31.5));
#4705=CARTESIAN_POINT('',(1100.,1.5,968.5));
#4706=CARTESIAN_POINT('',(1100.,1.5,31.5));
#4707=CARTESIAN_POINT('',(1098.5,1.5,968.5));
#4708=CARTESIAN_POINT('Origin',(1098.5,1.5,968.5));
#4709=CARTESIAN_POINT('',(1100.,1098.5,968.5));
#4710=CARTESIAN_POINT('',(1100.,1.5,968.5));
#4711=CARTESIAN_POINT('',(1098.5,1098.5,968.5));
#4712=CARTESIAN_POINT('Origin',(1098.5,1.5,31.5));
#4713=CARTESIAN_POINT('',(1100.,1098.5,31.5));
#4714=CARTESIAN_POINT('',(1098.5,1098.5,31.5));
#4715=CARTESIAN_POINT('',(1100.,1.5,31.5));
#4716=CARTESIAN_POINT('Origin',(1098.5,1098.5,31.5));
#4717=CARTESIAN_POINT('',(1100.,1098.5,31.5));
#4718=CARTESIAN_POINT('Origin',(1097.5,920.29075,828.49749870373));
#4719=CARTESIAN_POINT('',(1100.,920.29075,776.49749870373));
#4720=CARTESIAN_POINT('',(1097.5,920.29075,776.49749870373));
#4721=CARTESIAN_POINT('Origin',(1100.,920.29075,828.49749870373));
#4722=CARTESIAN_POINT('Origin',(1097.5,225.29075,764.49749870373));
#4723=CARTESIAN_POINT('',(1100.,225.29075,712.49749870373));
#4724=CARTESIAN_POINT('',(1097.5,225.29075,712.49749870373));
#4725=CARTESIAN_POINT('Origin',(1100.,225.29075,764.49749870373));
#4726=CARTESIAN_POINT('Origin',(1100.,1.5,31.5));
#4727=CARTESIAN_POINT('',(0.,0.,0.));
#4728=CARTESIAN_POINT('Origin',(0.,1.5,31.5));
#4729=CARTESIAN_POINT('',(0.,1.5,31.5));
#4730=CARTESIAN_POINT('',(0.,1.5,968.5));
#4731=CARTESIAN_POINT('',(0.,1.5,31.5));
#4732=CARTESIAN_POINT('',(0.,1098.5,968.5));
#4733=CARTESIAN_POINT('',(0.,1.5,968.5));
#4734=CARTESIAN_POINT('',(0.,1098.5,31.5));
#4735=CARTESIAN_POINT('',(0.,1098.5,31.5));
#4736=CARTESIAN_POINT('',(0.,1.5,31.5));
#4737=CARTESIAN_POINT('Origin',(1.5,1.5,31.5));
#4738=CARTESIAN_POINT('',(1.5,1.5,31.5));
#4739=CARTESIAN_POINT('',(1.5,1.5,968.5));
#4740=CARTESIAN_POINT('',(1.5,1.5,31.5));
#4741=CARTESIAN_POINT('',(1.5,1098.5,31.5));
#4742=CARTESIAN_POINT('',(1.5,1.5,31.5));
#4743=CARTESIAN_POINT('',(1.5,1098.5,968.5));
#4744=CARTESIAN_POINT('',(1.5,1098.5,31.5));
#4745=CARTESIAN_POINT('',(1.5,1.5,968.5));
#4746=CARTESIAN_POINT('Origin',(0.,1.5,31.5));
#4747=CARTESIAN_POINT('',(0.,1.5,31.5));
#4748=CARTESIAN_POINT('',(0.,1.5,968.5));
#4749=CARTESIAN_POINT('Origin',(0.,1098.5,31.5));
#4750=CARTESIAN_POINT('',(0.,1098.5,31.5));
#4751=CARTESIAN_POINT('',(0.,1098.5,968.5));
#4752=CARTESIAN_POINT('Origin',(0.,1.5,31.5));
#4753=CARTESIAN_POINT('Origin',(0.,1.5,968.5));
#4754=CARTESIAN_POINT('',(0.,0.,0.));
#4755=CARTESIAN_POINT('Origin',(0.,1098.5,31.5));
#4756=CARTESIAN_POINT('',(0.,1098.5,31.5));
#4757=CARTESIAN_POINT('',(0.,1098.5,968.5));
#4758=CARTESIAN_POINT('',(0.,1098.5,31.5));
#4759=CARTESIAN_POINT('',(0.,1100.,968.5));
#4760=CARTESIAN_POINT('',(0.,1098.5,968.5));
#4761=CARTESIAN_POINT('',(0.,1100.,31.5));
#4762=CARTESIAN_POINT('',(0.,1100.,31.5));
#4763=CARTESIAN_POINT('',(0.,1098.5,31.5));
#4764=CARTESIAN_POINT('Origin',(1100.,1098.5,31.5));
#4765=CARTESIAN_POINT('',(1100.,1098.5,31.5));
#4766=CARTESIAN_POINT('',(1100.,1098.5,968.5));
#4767=CARTESIAN_POINT('',(1100.,1098.5,31.5));
#4768=CARTESIAN_POINT('',(1100.,1100.,31.5));
#4769=CARTESIAN_POINT('',(1100.,1098.5,31.5));
#4770=CARTESIAN_POINT('',(1100.,1100.,968.5));
#4771=CARTESIAN_POINT('',(1100.,1100.,31.5));
#4772=CARTESIAN_POINT('',(1100.,1098.5,968.5));
#4773=CARTESIAN_POINT('Origin',(0.,1098.5,31.5));
#4774=CARTESIAN_POINT('',(0.,1098.5,31.5));
#4775=CARTESIAN_POINT('',(0.,1098.5,968.5));
#4776=CARTESIAN_POINT('Origin',(0.,1100.,31.5));
#4777=CARTESIAN_POINT('',(0.,1100.,31.5));
#4778=CARTESIAN_POINT('',(0.,1100.,968.5));
#4779=CARTESIAN_POINT('Origin',(0.,1098.5,31.5));
#4780=CARTESIAN_POINT('Origin',(0.,1098.5,968.5));
#4781=CARTESIAN_POINT('',(0.,0.,0.));
#4782=CARTESIAN_POINT('',(0.,0.,0.));
#4783=CARTESIAN_POINT('',(0.,0.,0.));
#4784=CARTESIAN_POINT('',(0.,0.,0.));
#4785=CARTESIAN_POINT('',(0.,0.,0.));
#4786=CARTESIAN_POINT('',(0.,0.,0.));
#4787=CARTESIAN_POINT('',(0.,0.,0.));
#4788=CARTESIAN_POINT('',(0.,0.,0.));
#4789=CARTESIAN_POINT('Origin',(60.,0.,47.));
#4790=CARTESIAN_POINT('',(60.,0.4,39.));
#4791=CARTESIAN_POINT('Origin',(60.,0.4,47.));
#4792=CARTESIAN_POINT('',(60.,0.,39.));
#4793=CARTESIAN_POINT('',(60.,0.,39.));
#4794=CARTESIAN_POINT('Origin',(60.,0.,47.));
#4795=CARTESIAN_POINT('Origin',(60.,0.4,47.));
#4796=CARTESIAN_POINT('Origin',(60.,0.,47.));
#4797=CARTESIAN_POINT('Origin',(1099.6,60.,47.));
#4798=CARTESIAN_POINT('',(1100.,60.,39.));
#4799=CARTESIAN_POINT('Origin',(1100.,60.,47.));
#4800=CARTESIAN_POINT('',(1099.6,60.,39.));
#4801=CARTESIAN_POINT('',(1099.6,60.,39.));
#4802=CARTESIAN_POINT('Origin',(1099.6,60.,47.));
#4803=CARTESIAN_POINT('Origin',(1100.,60.,47.));
#4804=CARTESIAN_POINT('Origin',(1099.6,60.,47.));
#4805=CARTESIAN_POINT('Origin',(0.,1040.,47.));
#4806=CARTESIAN_POINT('',(0.4,1040.,39.));
#4807=CARTESIAN_POINT('Origin',(0.4,1040.,47.));
#4808=CARTESIAN_POINT('',(0.,1040.,39.));
#4809=CARTESIAN_POINT('',(0.,1040.,39.));
#4810=CARTESIAN_POINT('Origin',(0.,1040.,47.));
#4811=CARTESIAN_POINT('Origin',(0.4,1040.,47.));
#4812=CARTESIAN_POINT('Origin',(0.,1040.,47.));
#4813=CARTESIAN_POINT('Origin',(550.,0.,47.));
#4814=CARTESIAN_POINT('',(550.,0.4,39.));
#4815=CARTESIAN_POINT('Origin',(550.,0.4,47.));
#4816=CARTESIAN_POINT('',(550.,0.,39.));
#4817=CARTESIAN_POINT('',(550.,0.,39.));
#4818=CARTESIAN_POINT('Origin',(550.,0.,47.));
#4819=CARTESIAN_POINT('Origin',(550.,0.4,47.));
#4820=CARTESIAN_POINT('Origin',(550.,0.,47.));
#4821=CARTESIAN_POINT('Origin',(1099.6,550.,47.));
#4822=CARTESIAN_POINT('',(1100.,550.,39.));
#4823=CARTESIAN_POINT('Origin',(1100.,550.,47.));
#4824=CARTESIAN_POINT('',(1099.6,550.,39.));
#4825=CARTESIAN_POINT('',(1099.6,550.,39.));
#4826=CARTESIAN_POINT('Origin',(1099.6,550.,47.));
#4827=CARTESIAN_POINT('Origin',(1100.,550.,47.));
#4828=CARTESIAN_POINT('Origin',(1099.6,550.,47.));
#4829=CARTESIAN_POINT('Origin',(0.,550.,47.));
#4830=CARTESIAN_POINT('',(0.4,550.,39.));
#4831=CARTESIAN_POINT('Origin',(0.4,550.,47.));
#4832=CARTESIAN_POINT('',(0.,550.,39.));
#4833=CARTESIAN_POINT('',(0.,550.,39.));
#4834=CARTESIAN_POINT('Origin',(0.,550.,47.));
#4835=CARTESIAN_POINT('Origin',(0.4,550.,47.));
#4836=CARTESIAN_POINT('Origin',(0.,550.,47.));
#4837=CARTESIAN_POINT('Origin',(1040.,0.,47.));
#4838=CARTESIAN_POINT('',(1040.,0.4,39.));
#4839=CARTESIAN_POINT('Origin',(1040.,0.4,47.));
#4840=CARTESIAN_POINT('',(1040.,0.,39.));
#4841=CARTESIAN_POINT('',(1040.,0.,39.));
#4842=CARTESIAN_POINT('Origin',(1040.,0.,47.));
#4843=CARTESIAN_POINT('Origin',(1040.,0.4,47.));
#4844=CARTESIAN_POINT('Origin',(1040.,0.,47.));
#4845=CARTESIAN_POINT('Origin',(1099.6,1040.,47.));
#4846=CARTESIAN_POINT('',(1100.,1040.,39.));
#4847=CARTESIAN_POINT('Origin',(1100.,1040.,47.));
#4848=CARTESIAN_POINT('',(1099.6,1040.,39.));
#4849=CARTESIAN_POINT('',(1099.6,1040.,39.));
#4850=CARTESIAN_POINT('Origin',(1099.6,1040.,47.));
#4851=CARTESIAN_POINT('Origin',(1100.,1040.,47.));
#4852=CARTESIAN_POINT('Origin',(1099.6,1040.,47.));
#4853=CARTESIAN_POINT('Origin',(0.,60.,47.));
#4854=CARTESIAN_POINT('',(0.4,60.,39.));
#4855=CARTESIAN_POINT('Origin',(0.4,60.,47.));
#4856=CARTESIAN_POINT('',(0.,60.,39.));
#4857=CARTESIAN_POINT('',(0.,60.,39.));
#4858=CARTESIAN_POINT('Origin',(0.,60.,47.));
#4859=CARTESIAN_POINT('Origin',(0.4,60.,47.));
#4860=CARTESIAN_POINT('Origin',(0.,60.,47.));
#4861=CARTESIAN_POINT('Origin',(250.,0.,500.0037));
#4862=CARTESIAN_POINT('',(250.,0.4,496.8037));
#4863=CARTESIAN_POINT('Origin',(250.,0.4,500.0037));
#4864=CARTESIAN_POINT('',(250.,0.,496.8037));
#4865=CARTESIAN_POINT('',(250.,0.,496.8037));
#4866=CARTESIAN_POINT('Origin',(250.,0.,500.0037));
#4867=CARTESIAN_POINT('Origin',(250.,0.4,500.0037));
#4868=CARTESIAN_POINT('Origin',(250.,0.,500.0037));
#4869=CARTESIAN_POINT('Origin',(1099.6,250.,500.0037));
#4870=CARTESIAN_POINT('',(1100.,250.,496.8037));
#4871=CARTESIAN_POINT('Origin',(1100.,250.,500.0037));
#4872=CARTESIAN_POINT('',(1099.6,250.,496.8037));
#4873=CARTESIAN_POINT('',(1099.6,250.,496.8037));
#4874=CARTESIAN_POINT('Origin',(1099.6,250.,500.0037));
#4875=CARTESIAN_POINT('Origin',(1100.,250.,500.0037));
#4876=CARTESIAN_POINT('Origin',(1099.6,250.,500.0037));
#4877=CARTESIAN_POINT('Origin',(0.,850.,500.0037));
#4878=CARTESIAN_POINT('',(0.4,850.,496.8037));
#4879=CARTESIAN_POINT('Origin',(0.4,850.,500.0037));
#4880=CARTESIAN_POINT('',(0.,850.,496.8037));
#4881=CARTESIAN_POINT('',(0.,850.,496.8037));
#4882=CARTESIAN_POINT('Origin',(0.,850.,500.0037));
#4883=CARTESIAN_POINT('Origin',(0.4,850.,500.0037));
#4884=CARTESIAN_POINT('Origin',(0.,850.,500.0037));
#4885=CARTESIAN_POINT('Origin',(450.,0.,500.0037));
#4886=CARTESIAN_POINT('',(450.,0.4,496.8037));
#4887=CARTESIAN_POINT('Origin',(450.,0.4,500.0037));
#4888=CARTESIAN_POINT('',(450.,0.,496.8037));
#4889=CARTESIAN_POINT('',(450.,0.,496.8037));
#4890=CARTESIAN_POINT('Origin',(450.,0.,500.0037));
#4891=CARTESIAN_POINT('Origin',(450.,0.4,500.0037));
#4892=CARTESIAN_POINT('Origin',(450.,0.,500.0037));
#4893=CARTESIAN_POINT('Origin',(1099.6,450.,500.0037));
#4894=CARTESIAN_POINT('',(1100.,450.,496.8037));
#4895=CARTESIAN_POINT('Origin',(1100.,450.,500.0037));
#4896=CARTESIAN_POINT('',(1099.6,450.,496.8037));
#4897=CARTESIAN_POINT('',(1099.6,450.,496.8037));
#4898=CARTESIAN_POINT('Origin',(1099.6,450.,500.0037));
#4899=CARTESIAN_POINT('Origin',(1100.,450.,500.0037));
#4900=CARTESIAN_POINT('Origin',(1099.6,450.,500.0037));
#4901=CARTESIAN_POINT('Origin',(0.,650.,500.0037));
#4902=CARTESIAN_POINT('',(0.4,650.,496.8037));
#4903=CARTESIAN_POINT('Origin',(0.4,650.,500.0037));
#4904=CARTESIAN_POINT('',(0.,650.,496.8037));
#4905=CARTESIAN_POINT('',(0.,650.,496.8037));
#4906=CARTESIAN_POINT('Origin',(0.,650.,500.0037));
#4907=CARTESIAN_POINT('Origin',(0.4,650.,500.0037));
#4908=CARTESIAN_POINT('Origin',(0.,650.,500.0037));
#4909=CARTESIAN_POINT('Origin',(650.,0.,500.0037));
#4910=CARTESIAN_POINT('',(650.,0.4,496.8037));
#4911=CARTESIAN_POINT('Origin',(650.,0.4,500.0037));
#4912=CARTESIAN_POINT('',(650.,0.,496.8037));
#4913=CARTESIAN_POINT('',(650.,0.,496.8037));
#4914=CARTESIAN_POINT('Origin',(650.,0.,500.0037));
#4915=CARTESIAN_POINT('Origin',(650.,0.4,500.0037));
#4916=CARTESIAN_POINT('Origin',(650.,0.,500.0037));
#4917=CARTESIAN_POINT('Origin',(1099.6,650.,500.0037));
#4918=CARTESIAN_POINT('',(1100.,650.,496.8037));
#4919=CARTESIAN_POINT('Origin',(1100.,650.,500.0037));
#4920=CARTESIAN_POINT('',(1099.6,650.,496.8037));
#4921=CARTESIAN_POINT('',(1099.6,650.,496.8037));
#4922=CARTESIAN_POINT('Origin',(1099.6,650.,500.0037));
#4923=CARTESIAN_POINT('Origin',(1100.,650.,500.0037));
#4924=CARTESIAN_POINT('Origin',(1099.6,650.,500.0037));
#4925=CARTESIAN_POINT('Origin',(0.,450.,500.0037));
#4926=CARTESIAN_POINT('',(0.4,450.,496.8037));
#4927=CARTESIAN_POINT('Origin',(0.4,450.,500.0037));
#4928=CARTESIAN_POINT('',(0.,450.,496.8037));
#4929=CARTESIAN_POINT('',(0.,450.,496.8037));
#4930=CARTESIAN_POINT('Origin',(0.,450.,500.0037));
#4931=CARTESIAN_POINT('Origin',(0.4,450.,500.0037));
#4932=CARTESIAN_POINT('Origin',(0.,450.,500.0037));
#4933=CARTESIAN_POINT('Origin',(850.,0.,500.0037));
#4934=CARTESIAN_POINT('',(850.,0.4,496.8037));
#4935=CARTESIAN_POINT('Origin',(850.,0.4,500.0037));
#4936=CARTESIAN_POINT('',(850.,0.,496.8037));
#4937=CARTESIAN_POINT('',(850.,0.,496.8037));
#4938=CARTESIAN_POINT('Origin',(850.,0.,500.0037));
#4939=CARTESIAN_POINT('Origin',(850.,0.4,500.0037));
#4940=CARTESIAN_POINT('Origin',(850.,0.,500.0037));
#4941=CARTESIAN_POINT('Origin',(1099.6,850.,500.0037));
#4942=CARTESIAN_POINT('',(1100.,850.,496.8037));
#4943=CARTESIAN_POINT('Origin',(1100.,850.,500.0037));
#4944=CARTESIAN_POINT('',(1099.6,850.,496.8037));
#4945=CARTESIAN_POINT('',(1099.6,850.,496.8037));
#4946=CARTESIAN_POINT('Origin',(1099.6,850.,500.0037));
#4947=CARTESIAN_POINT('Origin',(1100.,850.,500.0037));
#4948=CARTESIAN_POINT('Origin',(1099.6,850.,500.0037));
#4949=CARTESIAN_POINT('Origin',(0.,250.,500.0037));
#4950=CARTESIAN_POINT('',(0.4,250.,496.8037));
#4951=CARTESIAN_POINT('Origin',(0.4,250.,500.0037));
#4952=CARTESIAN_POINT('',(0.,250.,496.8037));
#4953=CARTESIAN_POINT('',(0.,250.,496.8037));
#4954=CARTESIAN_POINT('Origin',(0.,250.,500.0037));
#4955=CARTESIAN_POINT('Origin',(0.4,250.,500.0037));
#4956=CARTESIAN_POINT('Origin',(0.,250.,500.0037));
#4957=CARTESIAN_POINT('',(0.,0.,0.));
#4958=CARTESIAN_POINT('',(0.,0.,0.));
#4959=CARTESIAN_POINT('',(0.,0.,0.));
#4960=CARTESIAN_POINT('Origin',(120.,120.,0.));
#4961=CARTESIAN_POINT('',(120.,120.,0.));
#4962=CARTESIAN_POINT('',(120.,120.,-1.5));
#4963=CARTESIAN_POINT('',(120.,120.,0.));
#4964=CARTESIAN_POINT('',(120.,980.,0.));
#4965=CARTESIAN_POINT('',(120.,120.,0.));
#4966=CARTESIAN_POINT('',(120.,980.,-1.5));
#4967=CARTESIAN_POINT('',(120.,980.,0.));
#4968=CARTESIAN_POINT('',(120.,120.,-1.5));
#4969=CARTESIAN_POINT('Origin',(120.,120.,0.));
#4970=CARTESIAN_POINT('',(980.,120.,0.));
#4971=CARTESIAN_POINT('',(120.,120.,0.));
#4972=CARTESIAN_POINT('',(980.,120.,-1.5));
#4973=CARTESIAN_POINT('',(120.,120.,-1.5));
#4974=CARTESIAN_POINT('',(980.,120.,0.));
#4975=CARTESIAN_POINT('Origin',(120.,120.,-1.5));
#4976=CARTESIAN_POINT('',(980.,980.,-1.5));
#4977=CARTESIAN_POINT('',(120.,980.,-1.5));
#4978=CARTESIAN_POINT('',(980.,120.,-1.5));
#4979=CARTESIAN_POINT('',(132.,136.,-1.5));
#4980=CARTESIAN_POINT('Origin',(136.,136.,-1.5));
#4981=CARTESIAN_POINT('',(408.,136.,-1.5));
#4982=CARTESIAN_POINT('Origin',(412.,136.,-1.5));
#4983=CARTESIAN_POINT('',(132.,412.,-1.5));
#4984=CARTESIAN_POINT('Origin',(136.,412.,-1.5));
#4985=CARTESIAN_POINT('',(684.,136.,-1.5));
#4986=CARTESIAN_POINT('Origin',(688.,136.,-1.5));
#4987=CARTESIAN_POINT('',(960.,136.,-1.5));
#4988=CARTESIAN_POINT('Origin',(964.,136.,-1.5));
#4989=CARTESIAN_POINT('',(960.,412.,-1.5));
#4990=CARTESIAN_POINT('Origin',(964.,412.,-1.5));
#4991=CARTESIAN_POINT('',(132.,688.,-1.5));
#4992=CARTESIAN_POINT('Origin',(136.,688.,-1.5));
#4993=CARTESIAN_POINT('',(132.,964.,-1.5));
#4994=CARTESIAN_POINT('Origin',(136.,964.,-1.5));
#4995=CARTESIAN_POINT('',(408.,964.,-1.5));
#4996=CARTESIAN_POINT('Origin',(412.,964.,-1.5));
#4997=CARTESIAN_POINT('',(950.,150.,-1.5));
#4998=CARTESIAN_POINT('',(150.,150.,-1.5));
#4999=CARTESIAN_POINT('',(135.,150.,-1.5));
#5000=CARTESIAN_POINT('',(950.,950.,-1.5));
#5001=CARTESIAN_POINT('',(950.,135.,-1.5));
#5002=CARTESIAN_POINT('',(150.,950.,-1.5));
#5003=CARTESIAN_POINT('',(135.,950.,-1.5));
#5004=CARTESIAN_POINT('',(150.,135.,-1.5));
#5005=CARTESIAN_POINT('',(960.,688.,-1.5));
#5006=CARTESIAN_POINT('Origin',(964.,688.,-1.5));
#5007=CARTESIAN_POINT('',(684.,964.,-1.5));
#5008=CARTESIAN_POINT('Origin',(688.,964.,-1.5));
#5009=CARTESIAN_POINT('',(960.,964.,-1.5));
#5010=CARTESIAN_POINT('Origin',(964.,964.,-1.5));
#5011=CARTESIAN_POINT('Origin',(120.,980.,0.));
#5012=CARTESIAN_POINT('',(980.,980.,0.));
#5013=CARTESIAN_POINT('',(120.,980.,0.));
#5014=CARTESIAN_POINT('',(980.,980.,0.));
#5015=CARTESIAN_POINT('Origin',(120.,120.,0.));
#5016=CARTESIAN_POINT('',(980.,120.,0.));
#5017=CARTESIAN_POINT('',(132.,136.,0.));
#5018=CARTESIAN_POINT('Origin',(136.,136.,0.));
#5019=CARTESIAN_POINT('',(408.,136.,0.));
#5020=CARTESIAN_POINT('Origin',(412.,136.,0.));
#5021=CARTESIAN_POINT('',(132.,412.,0.));
#5022=CARTESIAN_POINT('Origin',(136.,412.,0.));
#5023=CARTESIAN_POINT('',(684.,136.,0.));
#5024=CARTESIAN_POINT('Origin',(688.,136.,0.));
#5025=CARTESIAN_POINT('',(960.,136.,0.));
#5026=CARTESIAN_POINT('Origin',(964.,136.,0.));
#5027=CARTESIAN_POINT('',(960.,412.,0.));
#5028=CARTESIAN_POINT('Origin',(964.,412.,0.));
#5029=CARTESIAN_POINT('',(132.,688.,0.));
#5030=CARTESIAN_POINT('Origin',(136.,688.,0.));
#5031=CARTESIAN_POINT('',(132.,964.,0.));
#5032=CARTESIAN_POINT('Origin',(136.,964.,0.));
#5033=CARTESIAN_POINT('',(408.,964.,0.));
#5034=CARTESIAN_POINT('Origin',(412.,964.,0.));
#5035=CARTESIAN_POINT('',(950.,150.,0.));
#5036=CARTESIAN_POINT('',(150.,150.,0.));
#5037=CARTESIAN_POINT('',(135.,150.,0.));
#5038=CARTESIAN_POINT('',(150.,950.,0.));
#5039=CARTESIAN_POINT('',(150.,135.,0.));
#5040=CARTESIAN_POINT('',(950.,950.,0.));
#5041=CARTESIAN_POINT('',(135.,950.,0.));
#5042=CARTESIAN_POINT('',(950.,135.,0.));
#5043=CARTESIAN_POINT('',(960.,688.,0.));
#5044=CARTESIAN_POINT('Origin',(964.,688.,0.));
#5045=CARTESIAN_POINT('',(684.,964.,0.));
#5046=CARTESIAN_POINT('Origin',(688.,964.,0.));
#5047=CARTESIAN_POINT('',(960.,964.,0.));
#5048=CARTESIAN_POINT('Origin',(964.,964.,0.));
#5049=CARTESIAN_POINT('Origin',(980.,120.,0.));
#5050=CARTESIAN_POINT('Origin',(136.,136.,1.));
#5051=CARTESIAN_POINT('',(132.,136.,1.));
#5052=CARTESIAN_POINT('Origin',(412.,136.,1.));
#5053=CARTESIAN_POINT('',(408.,136.,1.));
#5054=CARTESIAN_POINT('Origin',(136.,412.,1.));
#5055=CARTESIAN_POINT('',(132.,412.,1.));
#5056=CARTESIAN_POINT('Origin',(688.,136.,1.));
#5057=CARTESIAN_POINT('',(684.,136.,1.));
#5058=CARTESIAN_POINT('Origin',(964.,136.,1.));
#5059=CARTESIAN_POINT('',(960.,136.,1.));
#5060=CARTESIAN_POINT('Origin',(964.,412.,1.));
#5061=CARTESIAN_POINT('',(960.,412.,1.));
#5062=CARTESIAN_POINT('Origin',(136.,688.,1.));
#5063=CARTESIAN_POINT('',(132.,688.,1.));
#5064=CARTESIAN_POINT('Origin',(136.,964.,1.));
#5065=CARTESIAN_POINT('',(132.,964.,1.));
#5066=CARTESIAN_POINT('Origin',(412.,964.,1.));
#5067=CARTESIAN_POINT('',(408.,964.,1.));
#5068=CARTESIAN_POINT('Origin',(150.,150.,1.));
#5069=CARTESIAN_POINT('',(950.,150.,1.));
#5070=CARTESIAN_POINT('',(150.,150.,1.));
#5071=CARTESIAN_POINT('Origin',(950.,150.,1.));
#5072=CARTESIAN_POINT('',(950.,950.,1.));
#5073=CARTESIAN_POINT('Origin',(150.,150.,1.));
#5074=CARTESIAN_POINT('',(150.,950.,1.));
#5075=CARTESIAN_POINT('Origin',(150.,950.,1.));
#5076=CARTESIAN_POINT('Origin',(964.,688.,1.));
#5077=CARTESIAN_POINT('',(960.,688.,1.));
#5078=CARTESIAN_POINT('Origin',(688.,964.,1.));
#5079=CARTESIAN_POINT('',(684.,964.,1.));
#5080=CARTESIAN_POINT('Origin',(964.,964.,1.));
#5081=CARTESIAN_POINT('',(960.,964.,1.));
#5082=CARTESIAN_POINT('',(0.,0.,0.));
#5083=CARTESIAN_POINT('Origin',(148.5,148.5,-1.5));
#5084=CARTESIAN_POINT('',(148.5,148.5,-1.5));
#5085=CARTESIAN_POINT('',(148.5,148.5,-30.));
#5086=CARTESIAN_POINT('',(148.5,148.5,-1.5));
#5087=CARTESIAN_POINT('',(148.5,951.5,-1.5));
#5088=CARTESIAN_POINT('',(148.5,148.5,-1.5));
#5089=CARTESIAN_POINT('',(148.5,951.5,-30.));
#5090=CARTESIAN_POINT('',(148.5,951.5,-1.5));
#5091=CARTESIAN_POINT('',(148.5,148.5,-30.));
#5092=CARTESIAN_POINT('Origin',(148.5,148.5,-1.5));
#5093=CARTESIAN_POINT('',(951.5,148.5,-1.5));
#5094=CARTESIAN_POINT('',(148.5,148.5,-1.5));
#5095=CARTESIAN_POINT('',(951.5,148.5,-30.));
#5096=CARTESIAN_POINT('',(148.5,148.5,-30.));
#5097=CARTESIAN_POINT('',(951.5,148.5,-1.5));
#5098=CARTESIAN_POINT('Origin',(148.5,148.5,-30.));
#5099=CARTESIAN_POINT('',(951.5,951.5,-30.));
#5100=CARTESIAN_POINT('',(148.5,951.5,-30.));
#5101=CARTESIAN_POINT('',(951.5,148.5,-30.));
#5102=CARTESIAN_POINT('',(950.,150.,-30.));
#5103=CARTESIAN_POINT('',(150.,150.,-30.));
#5104=CARTESIAN_POINT('',(149.25,150.,-30.));
#5105=CARTESIAN_POINT('',(950.,950.,-30.));
#5106=CARTESIAN_POINT('',(950.,149.25,-30.));
#5107=CARTESIAN_POINT('',(150.,950.,-30.));
#5108=CARTESIAN_POINT('',(149.25,950.,-30.));
#5109=CARTESIAN_POINT('',(150.,149.25,-30.));
#5110=CARTESIAN_POINT('Origin',(148.5,951.5,-1.5));
#5111=CARTESIAN_POINT('',(951.5,951.5,-1.5));
#5112=CARTESIAN_POINT('',(148.5,951.5,-1.5));
#5113=CARTESIAN_POINT('',(951.5,951.5,-1.5));
#5114=CARTESIAN_POINT('Origin',(148.5,148.5,-1.5));
#5115=CARTESIAN_POINT('',(951.5,148.5,-1.5));
#5116=CARTESIAN_POINT('',(950.,150.,-1.5));
#5117=CARTESIAN_POINT('',(150.,150.,-1.5));
#5118=CARTESIAN_POINT('',(149.25,150.,-1.5));
#5119=CARTESIAN_POINT('',(150.,950.,-1.5));
#5120=CARTESIAN_POINT('',(150.,149.25,-1.5));
#5121=CARTESIAN_POINT('',(950.,950.,-1.5));
#5122=CARTESIAN_POINT('',(149.25,950.,-1.5));
#5123=CARTESIAN_POINT('',(950.,149.25,-1.5));
#5124=CARTESIAN_POINT('Origin',(951.5,148.5,-1.5));
#5125=CARTESIAN_POINT('Origin',(150.,150.,-0.5));
#5126=CARTESIAN_POINT('',(950.,150.,-0.5));
#5127=CARTESIAN_POINT('',(150.,150.,-0.5));
#5128=CARTESIAN_POINT('Origin',(950.,150.,-0.5));
#5129=CARTESIAN_POINT('',(950.,950.,-0.5));
#5130=CARTESIAN_POINT('Origin',(150.,950.,-0.5));
#5131=CARTESIAN_POINT('',(150.,950.,-0.5));
#5132=CARTESIAN_POINT('Origin',(150.,150.,-0.5));
#5133=CARTESIAN_POINT('',(0.,0.,0.));
#5134=CARTESIAN_POINT('',(0.,0.,0.));
#5135=CARTESIAN_POINT('',(0.,0.,0.));
#5136=CARTESIAN_POINT('',(0.,0.,0.));
#5137=CARTESIAN_POINT('',(0.,0.,0.));
#5138=CARTESIAN_POINT('',(-2.27373675443232E-12,8.5265128291212E-12,999.999999999987));
#5139=UNCERTAINTY_MEASURE_WITH_UNIT(LENGTH_MEASURE(0.01),#5173,
'DISTANCE_ACCURACY_VALUE',
'Maximum model space distance between geometric entities at asserted c
onnectivities');
#5140=UNCERTAINTY_MEASURE_WITH_UNIT(LENGTH_MEASURE(0.01),#5173,
'DISTANCE_ACCURACY_VALUE',
'Maximum model space distance between geometric entities at asserted c
onnectivities');
#5141=UNCERTAINTY_MEASURE_WITH_UNIT(LENGTH_MEASURE(0.01),#5173,
'DISTANCE_ACCURACY_VALUE',
'Maximum model space distance between geometric entities at asserted c
onnectivities');
#5142=UNCERTAINTY_MEASURE_WITH_UNIT(LENGTH_MEASURE(0.01),#5173,
'DISTANCE_ACCURACY_VALUE',
'Maximum model space distance between geometric entities at asserted c
onnectivities');
#5143=UNCERTAINTY_MEASURE_WITH_UNIT(LENGTH_MEASURE(0.01),#5173,
'DISTANCE_ACCURACY_VALUE',
'Maximum model space distance between geometric entities at asserted c
onnectivities');
#5144=UNCERTAINTY_MEASURE_WITH_UNIT(LENGTH_MEASURE(0.01),#5173,
'DISTANCE_ACCURACY_VALUE',
'Maximum model space distance between geometric entities at asserted c
onnectivities');
#5145=UNCERTAINTY_MEASURE_WITH_UNIT(LENGTH_MEASURE(0.01),#5173,
'DISTANCE_ACCURACY_VALUE',
'Maximum model space distance between geometric entities at asserted c
onnectivities');
#5146=UNCERTAINTY_MEASURE_WITH_UNIT(LENGTH_MEASURE(0.01),#5173,
'DISTANCE_ACCURACY_VALUE',
'Maximum model space distance between geometric entities at asserted c
onnectivities');
#5147=UNCERTAINTY_MEASURE_WITH_UNIT(LENGTH_MEASURE(0.01),#5173,
'DISTANCE_ACCURACY_VALUE',
'Maximum model space distance between geometric entities at asserted c
onnectivities');
#5148=UNCERTAINTY_MEASURE_WITH_UNIT(LENGTH_MEASURE(0.01),#5173,
'DISTANCE_ACCURACY_VALUE',
'Maximum model space distance between geometric entities at asserted c
onnectivities');
#5149=UNCERTAINTY_MEASURE_WITH_UNIT(LENGTH_MEASURE(0.01),#5173,
'DISTANCE_ACCURACY_VALUE',
'Maximum model space distance between geometric entities at asserted c
onnectivities');
#5150=UNCERTAINTY_MEASURE_WITH_UNIT(LENGTH_MEASURE(0.01),#5173,
'DISTANCE_ACCURACY_VALUE',
'Maximum model space distance between geometric entities at asserted c
onnectivities');
#5151=UNCERTAINTY_MEASURE_WITH_UNIT(LENGTH_MEASURE(0.01),#5173,
'DISTANCE_ACCURACY_VALUE',
'Maximum model space distance between geometric entities at asserted c
onnectivities');
#5152=UNCERTAINTY_MEASURE_WITH_UNIT(LENGTH_MEASURE(0.01),#5173,
'DISTANCE_ACCURACY_VALUE',
'Maximum model space distance between geometric entities at asserted c
onnectivities');
#5153=UNCERTAINTY_MEASURE_WITH_UNIT(LENGTH_MEASURE(0.01),#5173,
'DISTANCE_ACCURACY_VALUE',
'Maximum model space distance between geometric entities at asserted c
onnectivities');
#5154=UNCERTAINTY_MEASURE_WITH_UNIT(LENGTH_MEASURE(0.01),#5173,
'DISTANCE_ACCURACY_VALUE',
'Maximum model space distance between geometric entities at asserted c
onnectivities');
#5155=UNCERTAINTY_MEASURE_WITH_UNIT(LENGTH_MEASURE(0.01),#5173,
'DISTANCE_ACCURACY_VALUE',
'Maximum model space distance between geometric entities at asserted c
onnectivities');
#5156=(
GEOMETRIC_REPRESENTATION_CONTEXT(3)
GLOBAL_UNCERTAINTY_ASSIGNED_CONTEXT((#5139))
GLOBAL_UNIT_ASSIGNED_CONTEXT((#5173,#5175,#5176))
REPRESENTATION_CONTEXT('','3D')
);
#5157=(
GEOMETRIC_REPRESENTATION_CONTEXT(3)
GLOBAL_UNCERTAINTY_ASSIGNED_CONTEXT((#5140))
GLOBAL_UNIT_ASSIGNED_CONTEXT((#5173,#5175,#5176))
REPRESENTATION_CONTEXT('','3D')
);
#5158=(
GEOMETRIC_REPRESENTATION_CONTEXT(3)
GLOBAL_UNCERTAINTY_ASSIGNED_CONTEXT((#5141))
GLOBAL_UNIT_ASSIGNED_CONTEXT((#5173,#5175,#5176))
REPRESENTATION_CONTEXT('','3D')
);
#5159=(
GEOMETRIC_REPRESENTATION_CONTEXT(3)
GLOBAL_UNCERTAINTY_ASSIGNED_CONTEXT((#5142))
GLOBAL_UNIT_ASSIGNED_CONTEXT((#5173,#5175,#5176))
REPRESENTATION_CONTEXT('','3D')
);
#5160=(
GEOMETRIC_REPRESENTATION_CONTEXT(3)
GLOBAL_UNCERTAINTY_ASSIGNED_CONTEXT((#5143))
GLOBAL_UNIT_ASSIGNED_CONTEXT((#5173,#5175,#5176))
REPRESENTATION_CONTEXT('','3D')
);
#5161=(
GEOMETRIC_REPRESENTATION_CONTEXT(3)
GLOBAL_UNCERTAINTY_ASSIGNED_CONTEXT((#5144))
GLOBAL_UNIT_ASSIGNED_CONTEXT((#5173,#5175,#5176))
REPRESENTATION_CONTEXT('','3D')
);
#5162=(
GEOMETRIC_REPRESENTATION_CONTEXT(3)
GLOBAL_UNCERTAINTY_ASSIGNED_CONTEXT((#5145))
GLOBAL_UNIT_ASSIGNED_CONTEXT((#5173,#5175,#5176))
REPRESENTATION_CONTEXT('','3D')
);
#5163=(
GEOMETRIC_REPRESENTATION_CONTEXT(3)
GLOBAL_UNCERTAINTY_ASSIGNED_CONTEXT((#5146))
GLOBAL_UNIT_ASSIGNED_CONTEXT((#5173,#5175,#5176))
REPRESENTATION_CONTEXT('','3D')
);
#5164=(
GEOMETRIC_REPRESENTATION_CONTEXT(3)
GLOBAL_UNCERTAINTY_ASSIGNED_CONTEXT((#5147))
GLOBAL_UNIT_ASSIGNED_CONTEXT((#5173,#5175,#5176))
REPRESENTATION_CONTEXT('','3D')
);
#5165=(
GEOMETRIC_REPRESENTATION_CONTEXT(3)
GLOBAL_UNCERTAINTY_ASSIGNED_CONTEXT((#5148))
GLOBAL_UNIT_ASSIGNED_CONTEXT((#5173,#5175,#5176))
REPRESENTATION_CONTEXT('','3D')
);
#5166=(
GEOMETRIC_REPRESENTATION_CONTEXT(3)
GLOBAL_UNCERTAINTY_ASSIGNED_CONTEXT((#5149))
GLOBAL_UNIT_ASSIGNED_CONTEXT((#5173,#5175,#5176))
REPRESENTATION_CONTEXT('','3D')
);
#5167=(
GEOMETRIC_REPRESENTATION_CONTEXT(3)
GLOBAL_UNCERTAINTY_ASSIGNED_CONTEXT((#5150))
GLOBAL_UNIT_ASSIGNED_CONTEXT((#5173,#5175,#5176))
REPRESENTATION_CONTEXT('','3D')
);
#5168=(
GEOMETRIC_REPRESENTATION_CONTEXT(3)
GLOBAL_UNCERTAINTY_ASSIGNED_CONTEXT((#5151))
GLOBAL_UNIT_ASSIGNED_CONTEXT((#5173,#5175,#5176))
REPRESENTATION_CONTEXT('','3D')
);
#5169=(
GEOMETRIC_REPRESENTATION_CONTEXT(3)
GLOBAL_UNCERTAINTY_ASSIGNED_CONTEXT((#5152))
GLOBAL_UNIT_ASSIGNED_CONTEXT((#5173,#5175,#5176))
REPRESENTATION_CONTEXT('','3D')
);
#5170=(
GEOMETRIC_REPRESENTATION_CONTEXT(3)
GLOBAL_UNCERTAINTY_ASSIGNED_CONTEXT((#5153))
GLOBAL_UNIT_ASSIGNED_CONTEXT((#5173,#5175,#5176))
REPRESENTATION_CONTEXT('','3D')
);
#5171=(
GEOMETRIC_REPRESENTATION_CONTEXT(3)
GLOBAL_UNCERTAINTY_ASSIGNED_CONTEXT((#5154))
GLOBAL_UNIT_ASSIGNED_CONTEXT((#5173,#5175,#5176))
REPRESENTATION_CONTEXT('','3D')
);
#5172=(
GEOMETRIC_REPRESENTATION_CONTEXT(3)
GLOBAL_UNCERTAINTY_ASSIGNED_CONTEXT((#5155))
GLOBAL_UNIT_ASSIGNED_CONTEXT((#5173,#5175,#5176))
REPRESENTATION_CONTEXT('','3D')
);
#5173=(
LENGTH_UNIT()
NAMED_UNIT(*)
SI_UNIT(.MILLI.,.METRE.)
);
#5174=(
LENGTH_UNIT()
NAMED_UNIT(*)
SI_UNIT($,.METRE.)
);
#5175=(
NAMED_UNIT(*)
PLANE_ANGLE_UNIT()
SI_UNIT($,.RADIAN.)
);
#5176=(
NAMED_UNIT(*)
SI_UNIT($,.STERADIAN.)
SOLID_ANGLE_UNIT()
);
#5177=SHAPE_DEFINITION_REPRESENTATION(#5193,#5224);
#5178=SHAPE_DEFINITION_REPRESENTATION(#5194,#5225);
#5179=SHAPE_DEFINITION_REPRESENTATION(#5195,#5226);
#5180=SHAPE_DEFINITION_REPRESENTATION(#5196,#5227);
#5181=SHAPE_DEFINITION_REPRESENTATION(#5199,#5228);
#5182=SHAPE_DEFINITION_REPRESENTATION(#5200,#5229);
#5183=SHAPE_DEFINITION_REPRESENTATION(#5201,#5230);
#5184=SHAPE_DEFINITION_REPRESENTATION(#5202,#5231);
#5185=SHAPE_DEFINITION_REPRESENTATION(#5203,#5232);
#5186=SHAPE_DEFINITION_REPRESENTATION(#5204,#5233);
#5187=SHAPE_DEFINITION_REPRESENTATION(#5205,#5234);
#5188=SHAPE_DEFINITION_REPRESENTATION(#5212,#5235);
#5189=SHAPE_DEFINITION_REPRESENTATION(#5213,#5236);
#5190=SHAPE_DEFINITION_REPRESENTATION(#5215,#5237);
#5191=SHAPE_DEFINITION_REPRESENTATION(#5216,#5238);
#5192=SHAPE_DEFINITION_REPRESENTATION(#5217,#5239);
#5193=PRODUCT_DEFINITION_SHAPE('',$,#5241);
#5194=PRODUCT_DEFINITION_SHAPE('',$,#5242);
#5195=PRODUCT_DEFINITION_SHAPE('',$,#5243);
#5196=PRODUCT_DEFINITION_SHAPE('',$,#5244);
#5197=PRODUCT_DEFINITION_SHAPE($,$,#56);
#5198=PRODUCT_DEFINITION_SHAPE($,$,#57);
#5199=PRODUCT_DEFINITION_SHAPE('',$,#5245);
#5200=PRODUCT_DEFINITION_SHAPE('',$,#5246);
#5201=PRODUCT_DEFINITION_SHAPE('',$,#5247);
#5202=PRODUCT_DEFINITION_SHAPE('',$,#5248);
#5203=PRODUCT_DEFINITION_SHAPE('',$,#5249);
#5204=PRODUCT_DEFINITION_SHAPE('',$,#5250);
#5205=PRODUCT_DEFINITION_SHAPE('',$,#5251);
#5206=PRODUCT_DEFINITION_SHAPE($,$,#58);
#5207=PRODUCT_DEFINITION_SHAPE($,$,#59);
#5208=PRODUCT_DEFINITION_SHAPE($,$,#60);
#5209=PRODUCT_DEFINITION_SHAPE($,$,#61);
#5210=PRODUCT_DEFINITION_SHAPE($,$,#62);
#5211=PRODUCT_DEFINITION_SHAPE($,$,#63);
#5212=PRODUCT_DEFINITION_SHAPE('',$,#5252);
#5213=PRODUCT_DEFINITION_SHAPE('',$,#5253);
#5214=PRODUCT_DEFINITION_SHAPE($,$,#64);
#5215=PRODUCT_DEFINITION_SHAPE('',$,#5254);
#5216=PRODUCT_DEFINITION_SHAPE('',$,#5255);
#5217=PRODUCT_DEFINITION_SHAPE('',$,#5256);
#5218=PRODUCT_DEFINITION_SHAPE($,$,#65);
#5219=PRODUCT_DEFINITION_SHAPE($,$,#66);
#5220=PRODUCT_DEFINITION_SHAPE($,$,#67);
#5221=PRODUCT_DEFINITION_SHAPE($,$,#68);
#5222=PRODUCT_DEFINITION_SHAPE($,$,#69);
#5223=PRODUCT_DEFINITION_SHAPE($,$,#70);
#5224=SHAPE_REPRESENTATION('',(#3127,#3434,#3435,#3436,#3437),#5156);
#5225=SHAPE_REPRESENTATION('',(#3128,#3187,#3188),#5157);
#5226=SHAPE_REPRESENTATION('',(#3129),#5158);
#5227=SHAPE_REPRESENTATION('',(#3176),#5159);
#5228=SHAPE_REPRESENTATION('',(#3189,#3259,#3260,#3261,#3262,#3263,#3264),
#5160);
#5229=SHAPE_REPRESENTATION('',(#3190),#5161);
#5230=SHAPE_REPRESENTATION('',(#3211),#5162);
#5231=SHAPE_REPRESENTATION('',(#3222),#5163);
#5232=SHAPE_REPRESENTATION('',(#3232),#5164);
#5233=SHAPE_REPRESENTATION('',(#3245),#5165);
#5234=SHAPE_REPRESENTATION('',(#3252),#5166);
#5235=SHAPE_REPRESENTATION('',(#3265,#3372),#5167);
#5236=SHAPE_REPRESENTATION('',(#3266),#5168);
#5237=SHAPE_REPRESENTATION('',(#3373,#3432,#3433),#5169);
#5238=SHAPE_REPRESENTATION('',(#3374),#5170);
#5239=SHAPE_REPRESENTATION('',(#3421),#5171);
#5240=PRODUCT_DEFINITION_CONTEXT('part definition',#5290,'design');
#5241=PRODUCT_DEFINITION('2026-09-12-16-47-56-333','AirTS_KQ_II',#5257,
#5240);
#5242=PRODUCT_DEFINITION('2026-09-12-16-47-56-332',
'01_Lower_connection',#5258,#5240);
#5243=PRODUCT_DEFINITION('2026-09-12-16-47-56-332_1',
'Bottom_flange_860_open_800_12xD8',#5259,#5240);
#5244=PRODUCT_DEFINITION('2026-09-12-16-47-56-332_2',
'Bottom_neck_800_clear',#5260,#5240);
#5245=PRODUCT_DEFINITION('2026-09-12-16-47-56-333_1','02_Housing',#5261,
#5240);
#5246=PRODUCT_DEFINITION('2026-09-12-16-47-56-332_3',
'Housing_bottom_panel',#5262,#5240);
#5247=PRODUCT_DEFINITION('2026-09-12-16-47-56-332_4','Housing_top_rim',
#5263,#5240);
#5248=PRODUCT_DEFINITION('2026-09-12-16-47-56-332_5',
'Front_panel_D90_opening',#5264,#5240);
#5249=PRODUCT_DEFINITION('2026-09-12-16-47-56-332_6',
'Right_panel_two_D104_openings',#5265,#5240);
#5250=PRODUCT_DEFINITION('2026-09-12-16-47-56-333_2',
'Left_panel_cabinet_side',#5266,#5240);
#5251=PRODUCT_DEFINITION('2026-09-12-16-47-56-333_3',
'Rear_panel_simplified',#5267,#5240);
#5252=PRODUCT_DEFINITION('2026-09-12-16-47-56-333_4','06_Fittings',#5268,
#5240);
#5253=PRODUCT_DEFINITION('2026-09-12-16-47-56-333_5',
'Flush_round_fittings_schematic',#5269,#5240);
#5254=PRODUCT_DEFINITION('2026-09-12-16-47-56-333_6',
'01_Lower_connection(Mirror)',#5270,#5240);
#5255=PRODUCT_DEFINITION('2026-09-12-16-47-56-333_7',
'Bottom_flange_860_open_800_12xD8(Mirror)',#5271,#5240);
#5256=PRODUCT_DEFINITION('2026-09-12-16-47-56-333_8',
'Bottom_neck_800_clear(Mirror)',#5272,#5240);
#5257=PRODUCT_DEFINITION_FORMATION('',$,#5292);
#5258=PRODUCT_DEFINITION_FORMATION('',$,#5293);
#5259=PRODUCT_DEFINITION_FORMATION('',$,#5294);
#5260=PRODUCT_DEFINITION_FORMATION('',$,#5295);
#5261=PRODUCT_DEFINITION_FORMATION('',$,#5296);
#5262=PRODUCT_DEFINITION_FORMATION('',$,#5297);
#5263=PRODUCT_DEFINITION_FORMATION('',$,#5298);
#5264=PRODUCT_DEFINITION_FORMATION('',$,#5299);
#5265=PRODUCT_DEFINITION_FORMATION('',$,#5300);
#5266=PRODUCT_DEFINITION_FORMATION('',$,#5301);
#5267=PRODUCT_DEFINITION_FORMATION('',$,#5302);
#5268=PRODUCT_DEFINITION_FORMATION('',$,#5303);
#5269=PRODUCT_DEFINITION_FORMATION('',$,#5304);
#5270=PRODUCT_DEFINITION_FORMATION('',$,#5305);
#5271=PRODUCT_DEFINITION_FORMATION('',$,#5306);
#5272=PRODUCT_DEFINITION_FORMATION('',$,#5307);
#5273=PRODUCT_RELATED_PRODUCT_CATEGORY('AirTS_KQ_II','AirTS_KQ_II',(#5292));
#5274=PRODUCT_RELATED_PRODUCT_CATEGORY('01_Lower_connection',
'01_Lower_connection',(#5293));
#5275=PRODUCT_RELATED_PRODUCT_CATEGORY(
'Bottom_flange_860_open_800_12xD8','Bottom_flange_860_open_800_12xD8',(#5294));
#5276=PRODUCT_RELATED_PRODUCT_CATEGORY('Bottom_neck_800_clear',
'Bottom_neck_800_clear',(#5295));
#5277=PRODUCT_RELATED_PRODUCT_CATEGORY('02_Housing','02_Housing',(#5296));
#5278=PRODUCT_RELATED_PRODUCT_CATEGORY('Housing_bottom_panel',
'Housing_bottom_panel',(#5297));
#5279=PRODUCT_RELATED_PRODUCT_CATEGORY('Housing_top_rim',
'Housing_top_rim',(#5298));
#5280=PRODUCT_RELATED_PRODUCT_CATEGORY('Front_panel_D90_opening',
'Front_panel_D90_opening',(#5299));
#5281=PRODUCT_RELATED_PRODUCT_CATEGORY('Right_panel_two_D104_openings',
'Right_panel_two_D104_openings',(#5300));
#5282=PRODUCT_RELATED_PRODUCT_CATEGORY('Left_panel_cabinet_side',
'Left_panel_cabinet_side',(#5301));
#5283=PRODUCT_RELATED_PRODUCT_CATEGORY('Rear_panel_simplified',
'Rear_panel_simplified',(#5302));
#5284=PRODUCT_RELATED_PRODUCT_CATEGORY('06_Fittings','06_Fittings',(#5303));
#5285=PRODUCT_RELATED_PRODUCT_CATEGORY('Flush_round_fittings_schematic',
'Flush_round_fittings_schematic',(#5304));
#5286=PRODUCT_RELATED_PRODUCT_CATEGORY('01_Lower_connection(Mirror)',
'01_Lower_connection(Mirror)',(#5305));
#5287=PRODUCT_RELATED_PRODUCT_CATEGORY(
'Bottom_flange_860_open_800_12xD8(Mirror)',
'Bottom_flange_860_open_800_12xD8(Mirror)',(#5306));
#5288=PRODUCT_RELATED_PRODUCT_CATEGORY('Bottom_neck_800_clear(Mirror)',
'Bottom_neck_800_clear(Mirror)',(#5307));
#5289=APPLICATION_PROTOCOL_DEFINITION('international standard',
'automotive_design',2009,#5290);
#5290=APPLICATION_CONTEXT(
'Core Data for Automotive Mechanical Design Process');
#5291=PRODUCT_CONTEXT('part definition',#5290,'mechanical');
#5292=PRODUCT('2026-09-12-16-47-56-333','AirTS_KQ_II',
'Open CASCADE Model',(#5291));
#5293=PRODUCT('2026-09-12-16-47-56-332','01_Lower_connection',$,(#5291));
#5294=PRODUCT('2026-09-12-16-47-56-332_1',
'Bottom_flange_860_open_800_12xD8',$,(#5291));
#5295=PRODUCT('2026-09-12-16-47-56-332_2','Bottom_neck_800_clear',$,(#5291));
#5296=PRODUCT('2026-09-12-16-47-56-333_1','02_Housing',$,(#5291));
#5297=PRODUCT('2026-09-12-16-47-56-332_3','Housing_bottom_panel',$,(#5291));
#5298=PRODUCT('2026-09-12-16-47-56-332_4','Housing_top_rim',$,(#5291));
#5299=PRODUCT('2026-09-12-16-47-56-332_5','Front_panel_D90_opening',$,(#5291));
#5300=PRODUCT('2026-09-12-16-47-56-332_6',
'Right_panel_two_D104_openings',$,(#5291));
#5301=PRODUCT('2026-09-12-16-47-56-333_2','Left_panel_cabinet_side',$,(#5291));
#5302=PRODUCT('2026-09-12-16-47-56-333_3','Rear_panel_simplified',$,(#5291));
#5303=PRODUCT('2026-09-12-16-47-56-333_4','06_Fittings',$,(#5291));
#5304=PRODUCT('2026-09-12-16-47-56-333_5',
'Flush_round_fittings_schematic',$,(#5291));
#5305=PRODUCT('2026-09-12-16-47-56-333_6','01_Lower_connection(Mirror)',
$,(#5291));
#5306=PRODUCT('2026-09-12-16-47-56-333_7',
'Bottom_flange_860_open_800_12xD8(Mirror)',$,(#5291));
#5307=PRODUCT('2026-09-12-16-47-56-333_8',
'Bottom_neck_800_clear(Mirror)',$,(#5291));
#5308=PRESENTATION_STYLE_ASSIGNMENT((#5312));
#5309=PRESENTATION_STYLE_ASSIGNMENT((#5313));
#5310=PRESENTATION_STYLE_ASSIGNMENT((#5314));
#5311=PRESENTATION_STYLE_ASSIGNMENT((#5315));
#5312=SURFACE_STYLE_USAGE(.BOTH.,#5316);
#5313=SURFACE_STYLE_USAGE(.BOTH.,#5317);
#5314=SURFACE_STYLE_USAGE(.BOTH.,#5318);
#5315=SURFACE_STYLE_USAGE(.BOTH.,#5319);
#5316=SURFACE_SIDE_STYLE('',(#5320));
#5317=SURFACE_SIDE_STYLE('',(#5321));
#5318=SURFACE_SIDE_STYLE('',(#5322));
#5319=SURFACE_SIDE_STYLE('',(#5323));
#5320=SURFACE_STYLE_FILL_AREA(#5324);
#5321=SURFACE_STYLE_FILL_AREA(#5325);
#5322=SURFACE_STYLE_FILL_AREA(#5326);
#5323=SURFACE_STYLE_FILL_AREA(#5327);
#5324=FILL_AREA_STYLE('Steel - Satin',(#5328));
#5325=FILL_AREA_STYLE('Opaque(163,176,189)',(#5329));
#5326=FILL_AREA_STYLE('Opaque(204,212,219)',(#5330));
#5327=FILL_AREA_STYLE('Opaque(41,51,61)',(#5331));
#5328=FILL_AREA_STYLE_COLOUR('Steel - Satin',#5332);
#5329=FILL_AREA_STYLE_COLOUR('Opaque(163,176,189)',#5333);
#5330=FILL_AREA_STYLE_COLOUR('Opaque(204,212,219)',#5334);
#5331=FILL_AREA_STYLE_COLOUR('Opaque(41,51,61)',#5335);
#5332=COLOUR_RGB('Steel - Satin',0.627450980392157,0.627450980392157,0.627450980392157);
#5333=COLOUR_RGB('Opaque(163,176,189)',0.63921568627451,0.690196078431373,
0.741176470588235);
#5334=COLOUR_RGB('Opaque(204,212,219)',0.8,0.831372549019608,0.858823529411765);
#5335=COLOUR_RGB('Opaque(41,51,61)',0.16078431372549,0.2,0.23921568627451);
ENDSEC;
END-ISO-10303-21;
