ISO-10303-21;
HEADER;
FILE_DESCRIPTION(('FreeCAD Model'),'2;1');
FILE_NAME('Open CASCADE Shape Model','2026-09-12T19:06:30',('Author'),(
    ''),'Open CASCADE STEP processor 7.8','FreeCAD','Unknown');
FILE_SCHEMA(('AUTOMOTIVE_DESIGN { 1 0 10303 214 1 1 1 1 }'));
ENDSEC;
DATA;
#1 = APPLICATION_PROTOCOL_DEFINITION('international standard',
  'automotive_design',2000,#2);
#2 = APPLICATION_CONTEXT(
  'core data for automotive mechanical design processes');
#3 = SHAPE_DEFINITION_REPRESENTATION(#4,#10);
#4 = PRODUCT_DEFINITION_SHAPE('','',#5);
#5 = PRODUCT_DEFINITION('design','',#6,#9);
#6 = PRODUCT_DEFINITION_FORMATION('','',#7);
#7 = PRODUCT('AirTS_Distribution_Reference',
  'AirTS_Distribution_Reference','',(#8));
#8 = PRODUCT_CONTEXT('',#2,'mechanical');
#9 = PRODUCT_DEFINITION_CONTEXT('part definition',#2,'design');
#10 = SHAPE_REPRESENTATION('',(#11,#15,#19,#23,#27,#31,#35,#39,#43,#47,
    #51,#55,#59,#63,#67,#71,#75,#79,#83,#87,#91,#95,#99,#103,#107,#111,
    #115,#119,#123,#127,#131,#135,#139,#143,#147,#151,#155,#159,#163,
    #167,#171,#175,#179,#183,#187,#191,#195,#199,#203,#207,#211,#215,
    #219,#223,#227,#231,#235,#239,#243,#247,#251,#255,#259,#263,#267,
    #271,#275,#279,#283,#287,#291,#295,#299,#303,#307,#311,#315,#319,
    #323,#327,#331,#335,#339,#343,#347,#351,#355,#359,#363,#367,#371,
    #375,#379,#383,#387,#391,#395,#399,#403,#407,#411,#415,#419,#423,
    #427,#431,#435,#439,#443,#447,#451,#455,#459,#463,#467,#471,#475,
    #479,#483,#487,#491,#495,#499,#503,#507,#511,#515,#519,#523,#527,
    #531,#535,#539,#543,#547,#551,#555,#559,#563,#567,#571,#575,#579,
    #583,#587,#591,#595,#599,#603,#607,#611,#615,#619,#623,#627,#631,
    #635,#639,#643,#647,#651,#655,#659,#663,#667,#671,#675,#679,#683,
    #687,#691,#695,#699,#703),#707);
#11 = AXIS2_PLACEMENT_3D('',#12,#13,#14);
#12 = CARTESIAN_POINT('',(0.,0.,0.));
#13 = DIRECTION('',(0.,0.,1.));
#14 = DIRECTION('',(1.,0.,-0.));
#15 = AXIS2_PLACEMENT_3D('',#16,#17,#18);
#16 = CARTESIAN_POINT('',(0.,0.,0.));
#17 = DIRECTION('',(0.,0.,1.));
#18 = DIRECTION('',(1.,0.,0.));
#19 = AXIS2_PLACEMENT_3D('',#20,#21,#22);
#20 = CARTESIAN_POINT('',(0.,0.,0.));
#21 = DIRECTION('',(0.,0.,1.));
#22 = DIRECTION('',(1.,0.,0.));
#23 = AXIS2_PLACEMENT_3D('',#24,#25,#26);
#24 = CARTESIAN_POINT('',(0.,0.,0.));
#25 = DIRECTION('',(0.,0.,1.));
#26 = DIRECTION('',(1.,0.,0.));
#27 = AXIS2_PLACEMENT_3D('',#28,#29,#30);
#28 = CARTESIAN_POINT('',(0.,0.,0.));
#29 = DIRECTION('',(0.,0.,1.));
#30 = DIRECTION('',(1.,0.,0.));
#31 = AXIS2_PLACEMENT_3D('',#32,#33,#34);
#32 = CARTESIAN_POINT('',(0.,0.,0.));
#33 = DIRECTION('',(0.,0.,1.));
#34 = DIRECTION('',(1.,0.,0.));
#35 = AXIS2_PLACEMENT_3D('',#36,#37,#38);
#36 = CARTESIAN_POINT('',(0.,0.,0.));
#37 = DIRECTION('',(0.,0.,1.));
#38 = DIRECTION('',(1.,0.,0.));
#39 = AXIS2_PLACEMENT_3D('',#40,#41,#42);
#40 = CARTESIAN_POINT('',(0.,0.,0.));
#41 = DIRECTION('',(0.,0.,1.));
#42 = DIRECTION('',(1.,0.,0.));
#43 = AXIS2_PLACEMENT_3D('',#44,#45,#46);
#44 = CARTESIAN_POINT('',(0.,0.,0.));
#45 = DIRECTION('',(0.,0.,1.));
#46 = DIRECTION('',(1.,0.,0.));
#47 = AXIS2_PLACEMENT_3D('',#48,#49,#50);
#48 = CARTESIAN_POINT('',(0.,0.,0.));
#49 = DIRECTION('',(0.,0.,1.));
#50 = DIRECTION('',(1.,0.,0.));
#51 = AXIS2_PLACEMENT_3D('',#52,#53,#54);
#52 = CARTESIAN_POINT('',(716.44142182947,6.313908643448E+03,
    1.126056683508E+03));
#53 = DIRECTION('',(0.,0.,1.));
#54 = DIRECTION('',(-1.,1.224646799147E-16,0.));
#55 = AXIS2_PLACEMENT_3D('',#56,#57,#58);
#56 = CARTESIAN_POINT('',(0.,0.,0.));
#57 = DIRECTION('',(0.,0.,1.));
#58 = DIRECTION('',(1.,0.,0.));
#59 = AXIS2_PLACEMENT_3D('',#60,#61,#62);
#60 = CARTESIAN_POINT('',(0.,0.,0.));
#61 = DIRECTION('',(0.,0.,1.));
#62 = DIRECTION('',(1.,0.,0.));
#63 = AXIS2_PLACEMENT_3D('',#64,#65,#66);
#64 = CARTESIAN_POINT('',(0.,0.,0.));
#65 = DIRECTION('',(0.,0.,1.));
#66 = DIRECTION('',(1.,0.,0.));
#67 = AXIS2_PLACEMENT_3D('',#68,#69,#70);
#68 = CARTESIAN_POINT('',(0.,0.,0.));
#69 = DIRECTION('',(0.,0.,1.));
#70 = DIRECTION('',(1.,0.,0.));
#71 = AXIS2_PLACEMENT_3D('',#72,#73,#74);
#72 = CARTESIAN_POINT('',(0.,0.,0.));
#73 = DIRECTION('',(1.,1.232595164408E-32,1.110223024625E-16));
#74 = DIRECTION('',(0.,1.,-1.110223024625E-16));
#75 = AXIS2_PLACEMENT_3D('',#76,#77,#78);
#76 = CARTESIAN_POINT('',(0.,0.,0.));
#77 = DIRECTION('',(0.,-1.,1.110223024625E-16));
#78 = DIRECTION('',(0.,1.110223024625E-16,1.));
#79 = AXIS2_PLACEMENT_3D('',#80,#81,#82);
#80 = CARTESIAN_POINT('',(0.,0.,0.));
#81 = DIRECTION('',(0.,0.,1.));
#82 = DIRECTION('',(1.,0.,0.));
#83 = AXIS2_PLACEMENT_3D('',#84,#85,#86);
#84 = CARTESIAN_POINT('',(0.,0.,0.));
#85 = DIRECTION('',(0.,-1.,-2.22044604925E-16));
#86 = DIRECTION('',(1.,0.,0.));
#87 = AXIS2_PLACEMENT_3D('',#88,#89,#90);
#88 = CARTESIAN_POINT('',(0.,0.,0.));
#89 = DIRECTION('',(1.,1.232595164408E-32,1.110223024625E-16));
#90 = DIRECTION('',(0.,1.,-1.110223024625E-16));
#91 = AXIS2_PLACEMENT_3D('',#92,#93,#94);
#92 = CARTESIAN_POINT('',(0.,0.,0.));
#93 = DIRECTION('',(0.,0.,1.));
#94 = DIRECTION('',(1.,0.,0.));
#95 = AXIS2_PLACEMENT_3D('',#96,#97,#98);
#96 = CARTESIAN_POINT('',(0.,0.,0.));
#97 = DIRECTION('',(0.,0.,1.));
#98 = DIRECTION('',(1.,0.,0.));
#99 = AXIS2_PLACEMENT_3D('',#100,#101,#102);
#100 = CARTESIAN_POINT('',(0.,0.,0.));
#101 = DIRECTION('',(0.,0.,1.));
#102 = DIRECTION('',(1.,0.,0.));
#103 = AXIS2_PLACEMENT_3D('',#104,#105,#106);
#104 = CARTESIAN_POINT('',(0.,0.,0.));
#105 = DIRECTION('',(0.,0.,1.));
#106 = DIRECTION('',(1.,0.,0.));
#107 = AXIS2_PLACEMENT_3D('',#108,#109,#110);
#108 = CARTESIAN_POINT('',(0.,0.,0.));
#109 = DIRECTION('',(1.,1.232595164408E-32,1.110223024625E-16));
#110 = DIRECTION('',(0.,1.,-1.110223024625E-16));
#111 = AXIS2_PLACEMENT_3D('',#112,#113,#114);
#112 = CARTESIAN_POINT('',(0.,0.,0.));
#113 = DIRECTION('',(0.,-1.,1.110223024625E-16));
#114 = DIRECTION('',(0.,1.110223024625E-16,1.));
#115 = AXIS2_PLACEMENT_3D('',#116,#117,#118);
#116 = CARTESIAN_POINT('',(0.,0.,0.));
#117 = DIRECTION('',(0.,0.,1.));
#118 = DIRECTION('',(1.,0.,0.));
#119 = AXIS2_PLACEMENT_3D('',#120,#121,#122);
#120 = CARTESIAN_POINT('',(0.,0.,0.));
#121 = DIRECTION('',(0.,-1.,-2.22044604925E-16));
#122 = DIRECTION('',(1.,0.,0.));
#123 = AXIS2_PLACEMENT_3D('',#124,#125,#126);
#124 = CARTESIAN_POINT('',(0.,0.,0.));
#125 = DIRECTION('',(1.,1.232595164408E-32,1.110223024625E-16));
#126 = DIRECTION('',(0.,1.,-1.110223024625E-16));
#127 = AXIS2_PLACEMENT_3D('',#128,#129,#130);
#128 = CARTESIAN_POINT('',(0.,0.,0.));
#129 = DIRECTION('',(0.,0.,1.));
#130 = DIRECTION('',(1.,0.,0.));
#131 = AXIS2_PLACEMENT_3D('',#132,#133,#134);
#132 = CARTESIAN_POINT('',(0.,0.,0.));
#133 = DIRECTION('',(0.,0.,1.));
#134 = DIRECTION('',(1.,0.,0.));
#135 = AXIS2_PLACEMENT_3D('',#136,#137,#138);
#136 = CARTESIAN_POINT('',(0.,0.,0.));
#137 = DIRECTION('',(0.,0.,1.));
#138 = DIRECTION('',(1.,0.,0.));
#139 = AXIS2_PLACEMENT_3D('',#140,#141,#142);
#140 = CARTESIAN_POINT('',(0.,0.,0.));
#141 = DIRECTION('',(0.,0.,1.));
#142 = DIRECTION('',(1.,0.,0.));
#143 = AXIS2_PLACEMENT_3D('',#144,#145,#146);
#144 = CARTESIAN_POINT('',(0.,0.,0.));
#145 = DIRECTION('',(0.,0.,1.));
#146 = DIRECTION('',(1.,0.,0.));
#147 = AXIS2_PLACEMENT_3D('',#148,#149,#150);
#148 = CARTESIAN_POINT('',(0.,0.,0.));
#149 = DIRECTION('',(0.,0.,1.));
#150 = DIRECTION('',(1.,0.,0.));
#151 = AXIS2_PLACEMENT_3D('',#152,#153,#154);
#152 = CARTESIAN_POINT('',(0.,0.,0.));
#153 = DIRECTION('',(0.,0.,1.));
#154 = DIRECTION('',(1.,0.,0.));
#155 = AXIS2_PLACEMENT_3D('',#156,#157,#158);
#156 = CARTESIAN_POINT('',(0.,0.,0.));
#157 = DIRECTION('',(1.,1.232595164408E-32,1.110223024625E-16));
#158 = DIRECTION('',(0.,1.,-1.110223024625E-16));
#159 = AXIS2_PLACEMENT_3D('',#160,#161,#162);
#160 = CARTESIAN_POINT('',(0.,0.,0.));
#161 = DIRECTION('',(0.,-1.,1.110223024625E-16));
#162 = DIRECTION('',(0.,1.110223024625E-16,1.));
#163 = AXIS2_PLACEMENT_3D('',#164,#165,#166);
#164 = CARTESIAN_POINT('',(0.,0.,0.));
#165 = DIRECTION('',(0.,0.,1.));
#166 = DIRECTION('',(1.,0.,0.));
#167 = AXIS2_PLACEMENT_3D('',#168,#169,#170);
#168 = CARTESIAN_POINT('',(0.,0.,0.));
#169 = DIRECTION('',(0.,-1.,-2.22044604925E-16));
#170 = DIRECTION('',(1.,0.,0.));
#171 = AXIS2_PLACEMENT_3D('',#172,#173,#174);
#172 = CARTESIAN_POINT('',(0.,0.,0.));
#173 = DIRECTION('',(1.,1.232595164408E-32,1.110223024625E-16));
#174 = DIRECTION('',(0.,1.,-1.110223024625E-16));
#175 = AXIS2_PLACEMENT_3D('',#176,#177,#178);
#176 = CARTESIAN_POINT('',(0.,0.,0.));
#177 = DIRECTION('',(0.,0.,1.));
#178 = DIRECTION('',(1.,0.,0.));
#179 = AXIS2_PLACEMENT_3D('',#180,#181,#182);
#180 = CARTESIAN_POINT('',(0.,0.,0.));
#181 = DIRECTION('',(0.,0.,1.));
#182 = DIRECTION('',(1.,0.,0.));
#183 = AXIS2_PLACEMENT_3D('',#184,#185,#186);
#184 = CARTESIAN_POINT('',(0.,0.,0.));
#185 = DIRECTION('',(0.,0.,1.));
#186 = DIRECTION('',(1.,0.,0.));
#187 = AXIS2_PLACEMENT_3D('',#188,#189,#190);
#188 = CARTESIAN_POINT('',(0.,0.,0.));
#189 = DIRECTION('',(0.,0.,1.));
#190 = DIRECTION('',(1.,0.,0.));
#191 = AXIS2_PLACEMENT_3D('',#192,#193,#194);
#192 = CARTESIAN_POINT('',(0.,0.,0.));
#193 = DIRECTION('',(0.,0.,1.));
#194 = DIRECTION('',(1.,0.,0.));
#195 = AXIS2_PLACEMENT_3D('',#196,#197,#198);
#196 = CARTESIAN_POINT('',(0.,0.,0.));
#197 = DIRECTION('',(0.,0.,1.));
#198 = DIRECTION('',(1.,0.,0.));
#199 = AXIS2_PLACEMENT_3D('',#200,#201,#202);
#200 = CARTESIAN_POINT('',(0.,0.,0.));
#201 = DIRECTION('',(0.,0.,1.));
#202 = DIRECTION('',(1.,0.,0.));
#203 = AXIS2_PLACEMENT_3D('',#204,#205,#206);
#204 = CARTESIAN_POINT('',(0.,0.,0.));
#205 = DIRECTION('',(0.,0.,1.));
#206 = DIRECTION('',(1.,0.,0.));
#207 = AXIS2_PLACEMENT_3D('',#208,#209,#210);
#208 = CARTESIAN_POINT('',(0.,0.,0.));
#209 = DIRECTION('',(0.,0.,1.));
#210 = DIRECTION('',(1.,0.,0.));
#211 = AXIS2_PLACEMENT_3D('',#212,#213,#214);
#212 = CARTESIAN_POINT('',(0.,0.,0.));
#213 = DIRECTION('',(0.,0.,1.));
#214 = DIRECTION('',(1.,0.,0.));
#215 = AXIS2_PLACEMENT_3D('',#216,#217,#218);
#216 = CARTESIAN_POINT('',(0.,0.,0.));
#217 = DIRECTION('',(0.,0.,1.));
#218 = DIRECTION('',(1.,0.,0.));
#219 = AXIS2_PLACEMENT_3D('',#220,#221,#222);
#220 = CARTESIAN_POINT('',(0.,0.,0.));
#221 = DIRECTION('',(0.,0.,1.));
#222 = DIRECTION('',(1.,0.,0.));
#223 = AXIS2_PLACEMENT_3D('',#224,#225,#226);
#224 = CARTESIAN_POINT('',(0.,0.,0.));
#225 = DIRECTION('',(0.,0.,1.));
#226 = DIRECTION('',(1.,0.,0.));
#227 = AXIS2_PLACEMENT_3D('',#228,#229,#230);
#228 = CARTESIAN_POINT('',(0.,0.,0.));
#229 = DIRECTION('',(0.,0.,1.));
#230 = DIRECTION('',(1.,0.,0.));
#231 = AXIS2_PLACEMENT_3D('',#232,#233,#234);
#232 = CARTESIAN_POINT('',(0.,0.,0.));
#233 = DIRECTION('',(0.,0.,1.));
#234 = DIRECTION('',(1.,0.,0.));
#235 = AXIS2_PLACEMENT_3D('',#236,#237,#238);
#236 = CARTESIAN_POINT('',(0.,0.,0.));
#237 = DIRECTION('',(0.,0.,1.));
#238 = DIRECTION('',(1.,0.,0.));
#239 = AXIS2_PLACEMENT_3D('',#240,#241,#242);
#240 = CARTESIAN_POINT('',(0.,0.,0.));
#241 = DIRECTION('',(0.,0.,1.));
#242 = DIRECTION('',(1.,0.,0.));
#243 = AXIS2_PLACEMENT_3D('',#244,#245,#246);
#244 = CARTESIAN_POINT('',(0.,0.,0.));
#245 = DIRECTION('',(0.,0.,1.));
#246 = DIRECTION('',(1.,0.,0.));
#247 = AXIS2_PLACEMENT_3D('',#248,#249,#250);
#248 = CARTESIAN_POINT('',(0.,0.,0.));
#249 = DIRECTION('',(0.,0.,1.));
#250 = DIRECTION('',(1.,0.,0.));
#251 = AXIS2_PLACEMENT_3D('',#252,#253,#254);
#252 = CARTESIAN_POINT('',(0.,0.,0.));
#253 = DIRECTION('',(0.,0.,1.));
#254 = DIRECTION('',(1.,0.,0.));
#255 = AXIS2_PLACEMENT_3D('',#256,#257,#258);
#256 = CARTESIAN_POINT('',(0.,0.,0.));
#257 = DIRECTION('',(0.,0.,1.));
#258 = DIRECTION('',(1.,0.,0.));
#259 = AXIS2_PLACEMENT_3D('',#260,#261,#262);
#260 = CARTESIAN_POINT('',(0.,0.,0.));
#261 = DIRECTION('',(0.,0.,1.));
#262 = DIRECTION('',(1.,0.,0.));
#263 = AXIS2_PLACEMENT_3D('',#264,#265,#266);
#264 = CARTESIAN_POINT('',(0.,0.,0.));
#265 = DIRECTION('',(0.,0.,1.));
#266 = DIRECTION('',(1.,0.,0.));
#267 = AXIS2_PLACEMENT_3D('',#268,#269,#270);
#268 = CARTESIAN_POINT('',(0.,0.,0.));
#269 = DIRECTION('',(1.,1.232595164408E-32,1.110223024625E-16));
#270 = DIRECTION('',(0.,1.,-1.110223024625E-16));
#271 = AXIS2_PLACEMENT_3D('',#272,#273,#274);
#272 = CARTESIAN_POINT('',(0.,0.,0.));
#273 = DIRECTION('',(0.,-1.,1.110223024625E-16));
#274 = DIRECTION('',(0.,1.110223024625E-16,1.));
#275 = AXIS2_PLACEMENT_3D('',#276,#277,#278);
#276 = CARTESIAN_POINT('',(0.,0.,0.));
#277 = DIRECTION('',(0.,0.,1.));
#278 = DIRECTION('',(1.,0.,0.));
#279 = AXIS2_PLACEMENT_3D('',#280,#281,#282);
#280 = CARTESIAN_POINT('',(0.,0.,0.));
#281 = DIRECTION('',(0.,-1.,-2.22044604925E-16));
#282 = DIRECTION('',(1.,0.,0.));
#283 = AXIS2_PLACEMENT_3D('',#284,#285,#286);
#284 = CARTESIAN_POINT('',(0.,0.,0.));
#285 = DIRECTION('',(1.,1.232595164408E-32,1.110223024625E-16));
#286 = DIRECTION('',(0.,1.,-1.110223024625E-16));
#287 = AXIS2_PLACEMENT_3D('',#288,#289,#290);
#288 = CARTESIAN_POINT('',(0.,0.,0.));
#289 = DIRECTION('',(0.,0.,1.));
#290 = DIRECTION('',(1.,0.,0.));
#291 = AXIS2_PLACEMENT_3D('',#292,#293,#294);
#292 = CARTESIAN_POINT('',(0.,0.,0.));
#293 = DIRECTION('',(0.,0.,1.));
#294 = DIRECTION('',(1.,0.,0.));
#295 = AXIS2_PLACEMENT_3D('',#296,#297,#298);
#296 = CARTESIAN_POINT('',(0.,0.,0.));
#297 = DIRECTION('',(1.,1.232595164408E-32,1.110223024625E-16));
#298 = DIRECTION('',(0.,1.,-1.110223024625E-16));
#299 = AXIS2_PLACEMENT_3D('',#300,#301,#302);
#300 = CARTESIAN_POINT('',(0.,0.,0.));
#301 = DIRECTION('',(0.,-1.,1.110223024625E-16));
#302 = DIRECTION('',(0.,1.110223024625E-16,1.));
#303 = AXIS2_PLACEMENT_3D('',#304,#305,#306);
#304 = CARTESIAN_POINT('',(0.,0.,0.));
#305 = DIRECTION('',(0.,0.,1.));
#306 = DIRECTION('',(1.,0.,0.));
#307 = AXIS2_PLACEMENT_3D('',#308,#309,#310);
#308 = CARTESIAN_POINT('',(0.,0.,0.));
#309 = DIRECTION('',(0.,-1.,-2.22044604925E-16));
#310 = DIRECTION('',(1.,0.,0.));
#311 = AXIS2_PLACEMENT_3D('',#312,#313,#314);
#312 = CARTESIAN_POINT('',(0.,0.,0.));
#313 = DIRECTION('',(1.,1.232595164408E-32,1.110223024625E-16));
#314 = DIRECTION('',(0.,1.,-1.110223024625E-16));
#315 = AXIS2_PLACEMENT_3D('',#316,#317,#318);
#316 = CARTESIAN_POINT('',(0.,0.,0.));
#317 = DIRECTION('',(0.,0.,1.));
#318 = DIRECTION('',(1.,0.,0.));
#319 = AXIS2_PLACEMENT_3D('',#320,#321,#322);
#320 = CARTESIAN_POINT('',(0.,0.,0.));
#321 = DIRECTION('',(0.,0.,1.));
#322 = DIRECTION('',(1.,0.,0.));
#323 = AXIS2_PLACEMENT_3D('',#324,#325,#326);
#324 = CARTESIAN_POINT('',(-2.273736754432E-12,8.526512829121E-12,
    999.99999999998));
#325 = DIRECTION('',(0.,0.,1.));
#326 = DIRECTION('',(1.,0.,0.));
#327 = AXIS2_PLACEMENT_3D('',#328,#329,#330);
#328 = CARTESIAN_POINT('',(0.,0.,0.));
#329 = DIRECTION('',(0.,0.,1.));
#330 = DIRECTION('',(1.,0.,0.));
#331 = AXIS2_PLACEMENT_3D('',#332,#333,#334);
#332 = CARTESIAN_POINT('',(0.,0.,0.));
#333 = DIRECTION('',(1.,1.232595164408E-32,1.110223024625E-16));
#334 = DIRECTION('',(0.,1.,-1.110223024625E-16));
#335 = AXIS2_PLACEMENT_3D('',#336,#337,#338);
#336 = CARTESIAN_POINT('',(0.,0.,0.));
#337 = DIRECTION('',(0.,-1.,1.110223024625E-16));
#338 = DIRECTION('',(0.,1.110223024625E-16,1.));
#339 = AXIS2_PLACEMENT_3D('',#340,#341,#342);
#340 = CARTESIAN_POINT('',(0.,0.,0.));
#341 = DIRECTION('',(0.,0.,1.));
#342 = DIRECTION('',(1.,0.,0.));
#343 = AXIS2_PLACEMENT_3D('',#344,#345,#346);
#344 = CARTESIAN_POINT('',(0.,0.,0.));
#345 = DIRECTION('',(0.,-1.,-2.22044604925E-16));
#346 = DIRECTION('',(1.,0.,0.));
#347 = AXIS2_PLACEMENT_3D('',#348,#349,#350);
#348 = CARTESIAN_POINT('',(0.,0.,0.));
#349 = DIRECTION('',(1.,1.232595164408E-32,1.110223024625E-16));
#350 = DIRECTION('',(0.,1.,-1.110223024625E-16));
#351 = AXIS2_PLACEMENT_3D('',#352,#353,#354);
#352 = CARTESIAN_POINT('',(1.75E+03,-1.1E+03,550.));
#353 = DIRECTION('',(1.,0.,-2.22044604925E-16));
#354 = DIRECTION('',(-2.22044604925E-16,0.,-1.));
#355 = AXIS2_PLACEMENT_3D('',#356,#357,#358);
#356 = CARTESIAN_POINT('',(0.,0.,0.));
#357 = DIRECTION('',(0.,0.,1.));
#358 = DIRECTION('',(1.,0.,0.));
#359 = AXIS2_PLACEMENT_3D('',#360,#361,#362);
#360 = CARTESIAN_POINT('',(0.,0.,0.));
#361 = DIRECTION('',(1.,1.232595164408E-32,1.110223024625E-16));
#362 = DIRECTION('',(0.,1.,-1.110223024625E-16));
#363 = AXIS2_PLACEMENT_3D('',#364,#365,#366);
#364 = CARTESIAN_POINT('',(0.,0.,0.));
#365 = DIRECTION('',(0.,-1.,1.110223024625E-16));
#366 = DIRECTION('',(0.,1.110223024625E-16,1.));
#367 = AXIS2_PLACEMENT_3D('',#368,#369,#370);
#368 = CARTESIAN_POINT('',(0.,0.,0.));
#369 = DIRECTION('',(0.,0.,1.));
#370 = DIRECTION('',(1.,0.,0.));
#371 = AXIS2_PLACEMENT_3D('',#372,#373,#374);
#372 = CARTESIAN_POINT('',(0.,0.,0.));
#373 = DIRECTION('',(0.,-1.,-2.22044604925E-16));
#374 = DIRECTION('',(1.,0.,0.));
#375 = AXIS2_PLACEMENT_3D('',#376,#377,#378);
#376 = CARTESIAN_POINT('',(0.,0.,0.));
#377 = DIRECTION('',(1.,1.232595164408E-32,1.110223024625E-16));
#378 = DIRECTION('',(0.,1.,-1.110223024625E-16));
#379 = AXIS2_PLACEMENT_3D('',#380,#381,#382);
#380 = CARTESIAN_POINT('',(0.,0.,0.));
#381 = DIRECTION('',(0.,0.,1.));
#382 = DIRECTION('',(1.,0.,0.));
#383 = AXIS2_PLACEMENT_3D('',#384,#385,#386);
#384 = CARTESIAN_POINT('',(0.,0.,0.));
#385 = DIRECTION('',(0.,0.,1.));
#386 = DIRECTION('',(1.,0.,0.));
#387 = AXIS2_PLACEMENT_3D('',#388,#389,#390);
#388 = CARTESIAN_POINT('',(0.,0.,0.));
#389 = DIRECTION('',(0.,0.,1.));
#390 = DIRECTION('',(1.,0.,0.));
#391 = AXIS2_PLACEMENT_3D('',#392,#393,#394);
#392 = CARTESIAN_POINT('',(0.,0.,0.));
#393 = DIRECTION('',(0.,0.,1.));
#394 = DIRECTION('',(1.,0.,0.));
#395 = AXIS2_PLACEMENT_3D('',#396,#397,#398);
#396 = CARTESIAN_POINT('',(0.,0.,0.));
#397 = DIRECTION('',(1.,1.232595164408E-32,1.110223024625E-16));
#398 = DIRECTION('',(0.,1.,-1.110223024625E-16));
#399 = AXIS2_PLACEMENT_3D('',#400,#401,#402);
#400 = CARTESIAN_POINT('',(0.,0.,0.));
#401 = DIRECTION('',(0.,-1.,1.110223024625E-16));
#402 = DIRECTION('',(0.,1.110223024625E-16,1.));
#403 = AXIS2_PLACEMENT_3D('',#404,#405,#406);
#404 = CARTESIAN_POINT('',(0.,0.,0.));
#405 = DIRECTION('',(0.,0.,1.));
#406 = DIRECTION('',(1.,0.,0.));
#407 = AXIS2_PLACEMENT_3D('',#408,#409,#410);
#408 = CARTESIAN_POINT('',(0.,0.,0.));
#409 = DIRECTION('',(0.,-1.,-2.22044604925E-16));
#410 = DIRECTION('',(1.,0.,0.));
#411 = AXIS2_PLACEMENT_3D('',#412,#413,#414);
#412 = CARTESIAN_POINT('',(0.,0.,0.));
#413 = DIRECTION('',(1.,1.232595164408E-32,1.110223024625E-16));
#414 = DIRECTION('',(0.,1.,-1.110223024625E-16));
#415 = AXIS2_PLACEMENT_3D('',#416,#417,#418);
#416 = CARTESIAN_POINT('',(0.,0.,0.));
#417 = DIRECTION('',(0.,0.,1.));
#418 = DIRECTION('',(1.,0.,0.));
#419 = AXIS2_PLACEMENT_3D('',#420,#421,#422);
#420 = CARTESIAN_POINT('',(0.,0.,0.));
#421 = DIRECTION('',(0.,0.,1.));
#422 = DIRECTION('',(1.,0.,0.));
#423 = AXIS2_PLACEMENT_3D('',#424,#425,#426);
#424 = CARTESIAN_POINT('',(0.,0.,0.));
#425 = DIRECTION('',(0.,0.,1.));
#426 = DIRECTION('',(1.,0.,0.));
#427 = AXIS2_PLACEMENT_3D('',#428,#429,#430);
#428 = CARTESIAN_POINT('',(0.,0.,0.));
#429 = DIRECTION('',(0.,0.,1.));
#430 = DIRECTION('',(1.,0.,0.));
#431 = AXIS2_PLACEMENT_3D('',#432,#433,#434);
#432 = CARTESIAN_POINT('',(0.,0.,0.));
#433 = DIRECTION('',(1.,1.232595164408E-32,1.110223024625E-16));
#434 = DIRECTION('',(0.,1.,-1.110223024625E-16));
#435 = AXIS2_PLACEMENT_3D('',#436,#437,#438);
#436 = CARTESIAN_POINT('',(0.,0.,0.));
#437 = DIRECTION('',(0.,-1.,1.110223024625E-16));
#438 = DIRECTION('',(0.,1.110223024625E-16,1.));
#439 = AXIS2_PLACEMENT_3D('',#440,#441,#442);
#440 = CARTESIAN_POINT('',(0.,0.,0.));
#441 = DIRECTION('',(0.,0.,1.));
#442 = DIRECTION('',(1.,0.,0.));
#443 = AXIS2_PLACEMENT_3D('',#444,#445,#446);
#444 = CARTESIAN_POINT('',(0.,0.,0.));
#445 = DIRECTION('',(0.,-1.,-2.22044604925E-16));
#446 = DIRECTION('',(1.,0.,0.));
#447 = AXIS2_PLACEMENT_3D('',#448,#449,#450);
#448 = CARTESIAN_POINT('',(0.,0.,0.));
#449 = DIRECTION('',(1.,1.232595164408E-32,1.110223024625E-16));
#450 = DIRECTION('',(0.,1.,-1.110223024625E-16));
#451 = AXIS2_PLACEMENT_3D('',#452,#453,#454);
#452 = CARTESIAN_POINT('',(0.,0.,0.));
#453 = DIRECTION('',(0.,0.,1.));
#454 = DIRECTION('',(1.,0.,0.));
#455 = AXIS2_PLACEMENT_3D('',#456,#457,#458);
#456 = CARTESIAN_POINT('',(0.,0.,0.));
#457 = DIRECTION('',(0.,0.,1.));
#458 = DIRECTION('',(1.,0.,0.));
#459 = AXIS2_PLACEMENT_3D('',#460,#461,#462);
#460 = CARTESIAN_POINT('',(0.,0.,0.));
#461 = DIRECTION('',(0.,0.,1.));
#462 = DIRECTION('',(1.,0.,0.));
#463 = AXIS2_PLACEMENT_3D('',#464,#465,#466);
#464 = CARTESIAN_POINT('',(0.,0.,0.));
#465 = DIRECTION('',(0.,0.,1.));
#466 = DIRECTION('',(1.,0.,0.));
#467 = AXIS2_PLACEMENT_3D('',#468,#469,#470);
#468 = CARTESIAN_POINT('',(0.,0.,0.));
#469 = DIRECTION('',(0.,0.,1.));
#470 = DIRECTION('',(1.,0.,0.));
#471 = AXIS2_PLACEMENT_3D('',#472,#473,#474);
#472 = CARTESIAN_POINT('',(0.,0.,0.));
#473 = DIRECTION('',(0.,0.,1.));
#474 = DIRECTION('',(1.,0.,0.));
#475 = AXIS2_PLACEMENT_3D('',#476,#477,#478);
#476 = CARTESIAN_POINT('',(0.,0.,0.));
#477 = DIRECTION('',(0.,0.,1.));
#478 = DIRECTION('',(1.,0.,0.));
#479 = AXIS2_PLACEMENT_3D('',#480,#481,#482);
#480 = CARTESIAN_POINT('',(0.,0.,0.));
#481 = DIRECTION('',(1.,1.232595164408E-32,1.110223024625E-16));
#482 = DIRECTION('',(0.,1.,-1.110223024625E-16));
#483 = AXIS2_PLACEMENT_3D('',#484,#485,#486);
#484 = CARTESIAN_POINT('',(0.,0.,0.));
#485 = DIRECTION('',(0.,-1.,1.110223024625E-16));
#486 = DIRECTION('',(0.,1.110223024625E-16,1.));
#487 = AXIS2_PLACEMENT_3D('',#488,#489,#490);
#488 = CARTESIAN_POINT('',(0.,0.,0.));
#489 = DIRECTION('',(0.,0.,1.));
#490 = DIRECTION('',(1.,0.,0.));
#491 = AXIS2_PLACEMENT_3D('',#492,#493,#494);
#492 = CARTESIAN_POINT('',(0.,0.,0.));
#493 = DIRECTION('',(0.,-1.,-2.22044604925E-16));
#494 = DIRECTION('',(1.,0.,0.));
#495 = AXIS2_PLACEMENT_3D('',#496,#497,#498);
#496 = CARTESIAN_POINT('',(0.,0.,0.));
#497 = DIRECTION('',(1.,1.232595164408E-32,1.110223024625E-16));
#498 = DIRECTION('',(0.,1.,-1.110223024625E-16));
#499 = AXIS2_PLACEMENT_3D('',#500,#501,#502);
#500 = CARTESIAN_POINT('',(0.,0.,0.));
#501 = DIRECTION('',(0.,0.,1.));
#502 = DIRECTION('',(1.,0.,0.));
#503 = AXIS2_PLACEMENT_3D('',#504,#505,#506);
#504 = CARTESIAN_POINT('',(0.,0.,0.));
#505 = DIRECTION('',(0.,0.,1.));
#506 = DIRECTION('',(1.,0.,0.));
#507 = AXIS2_PLACEMENT_3D('',#508,#509,#510);
#508 = CARTESIAN_POINT('',(0.,0.,0.));
#509 = DIRECTION('',(0.,0.,1.));
#510 = DIRECTION('',(1.,0.,0.));
#511 = AXIS2_PLACEMENT_3D('',#512,#513,#514);
#512 = CARTESIAN_POINT('',(0.,0.,0.));
#513 = DIRECTION('',(0.,0.,1.));
#514 = DIRECTION('',(1.,0.,0.));
#515 = AXIS2_PLACEMENT_3D('',#516,#517,#518);
#516 = CARTESIAN_POINT('',(0.,0.,0.));
#517 = DIRECTION('',(0.,0.,1.));
#518 = DIRECTION('',(1.,0.,0.));
#519 = AXIS2_PLACEMENT_3D('',#520,#521,#522);
#520 = CARTESIAN_POINT('',(0.,0.,0.));
#521 = DIRECTION('',(0.,0.,1.));
#522 = DIRECTION('',(1.,0.,0.));
#523 = AXIS2_PLACEMENT_3D('',#524,#525,#526);
#524 = CARTESIAN_POINT('',(0.,0.,0.));
#525 = DIRECTION('',(0.,0.,1.));
#526 = DIRECTION('',(1.,0.,0.));
#527 = AXIS2_PLACEMENT_3D('',#528,#529,#530);
#528 = CARTESIAN_POINT('',(0.,0.,0.));
#529 = DIRECTION('',(0.,0.,1.));
#530 = DIRECTION('',(1.,0.,0.));
#531 = AXIS2_PLACEMENT_3D('',#532,#533,#534);
#532 = CARTESIAN_POINT('',(0.,0.,0.));
#533 = DIRECTION('',(0.,0.,1.));
#534 = DIRECTION('',(1.,0.,0.));
#535 = AXIS2_PLACEMENT_3D('',#536,#537,#538);
#536 = CARTESIAN_POINT('',(0.,0.,0.));
#537 = DIRECTION('',(0.,0.,1.));
#538 = DIRECTION('',(1.,0.,0.));
#539 = AXIS2_PLACEMENT_3D('',#540,#541,#542);
#540 = CARTESIAN_POINT('',(0.,0.,0.));
#541 = DIRECTION('',(0.,0.,1.));
#542 = DIRECTION('',(1.,0.,0.));
#543 = AXIS2_PLACEMENT_3D('',#544,#545,#546);
#544 = CARTESIAN_POINT('',(0.,0.,0.));
#545 = DIRECTION('',(0.,0.,1.));
#546 = DIRECTION('',(1.,0.,0.));
#547 = AXIS2_PLACEMENT_3D('',#548,#549,#550);
#548 = CARTESIAN_POINT('',(0.,0.,0.));
#549 = DIRECTION('',(0.,0.,1.));
#550 = DIRECTION('',(1.,0.,0.));
#551 = AXIS2_PLACEMENT_3D('',#552,#553,#554);
#552 = CARTESIAN_POINT('',(0.,0.,0.));
#553 = DIRECTION('',(0.,0.,1.));
#554 = DIRECTION('',(1.,0.,0.));
#555 = AXIS2_PLACEMENT_3D('',#556,#557,#558);
#556 = CARTESIAN_POINT('',(0.,0.,0.));
#557 = DIRECTION('',(0.,0.,1.));
#558 = DIRECTION('',(1.,0.,0.));
#559 = AXIS2_PLACEMENT_3D('',#560,#561,#562);
#560 = CARTESIAN_POINT('',(0.,0.,0.));
#561 = DIRECTION('',(0.,0.,1.));
#562 = DIRECTION('',(1.,0.,0.));
#563 = AXIS2_PLACEMENT_3D('',#564,#565,#566);
#564 = CARTESIAN_POINT('',(0.,0.,0.));
#565 = DIRECTION('',(0.,0.,1.));
#566 = DIRECTION('',(1.,0.,0.));
#567 = AXIS2_PLACEMENT_3D('',#568,#569,#570);
#568 = CARTESIAN_POINT('',(0.,0.,0.));
#569 = DIRECTION('',(0.,0.,1.));
#570 = DIRECTION('',(1.,0.,0.));
#571 = AXIS2_PLACEMENT_3D('',#572,#573,#574);
#572 = CARTESIAN_POINT('',(0.,0.,0.));
#573 = DIRECTION('',(0.,0.,1.));
#574 = DIRECTION('',(1.,0.,0.));
#575 = AXIS2_PLACEMENT_3D('',#576,#577,#578);
#576 = CARTESIAN_POINT('',(0.,0.,0.));
#577 = DIRECTION('',(0.,0.,1.));
#578 = DIRECTION('',(1.,0.,0.));
#579 = AXIS2_PLACEMENT_3D('',#580,#581,#582);
#580 = CARTESIAN_POINT('',(0.,0.,0.));
#581 = DIRECTION('',(0.,0.,1.));
#582 = DIRECTION('',(1.,0.,0.));
#583 = AXIS2_PLACEMENT_3D('',#584,#585,#586);
#584 = CARTESIAN_POINT('',(0.,0.,0.));
#585 = DIRECTION('',(0.,0.,1.));
#586 = DIRECTION('',(1.,0.,0.));
#587 = AXIS2_PLACEMENT_3D('',#588,#589,#590);
#588 = CARTESIAN_POINT('',(0.,0.,0.));
#589 = DIRECTION('',(0.,0.,1.));
#590 = DIRECTION('',(1.,0.,0.));
#591 = AXIS2_PLACEMENT_3D('',#592,#593,#594);
#592 = CARTESIAN_POINT('',(0.,0.,0.));
#593 = DIRECTION('',(1.,1.232595164408E-32,1.110223024625E-16));
#594 = DIRECTION('',(0.,1.,-1.110223024625E-16));
#595 = AXIS2_PLACEMENT_3D('',#596,#597,#598);
#596 = CARTESIAN_POINT('',(0.,0.,0.));
#597 = DIRECTION('',(0.,-1.,1.110223024625E-16));
#598 = DIRECTION('',(0.,1.110223024625E-16,1.));
#599 = AXIS2_PLACEMENT_3D('',#600,#601,#602);
#600 = CARTESIAN_POINT('',(0.,0.,0.));
#601 = DIRECTION('',(0.,0.,1.));
#602 = DIRECTION('',(1.,0.,0.));
#603 = AXIS2_PLACEMENT_3D('',#604,#605,#606);
#604 = CARTESIAN_POINT('',(0.,0.,0.));
#605 = DIRECTION('',(0.,-1.,-2.22044604925E-16));
#606 = DIRECTION('',(1.,0.,0.));
#607 = AXIS2_PLACEMENT_3D('',#608,#609,#610);
#608 = CARTESIAN_POINT('',(0.,0.,0.));
#609 = DIRECTION('',(1.,1.232595164408E-32,1.110223024625E-16));
#610 = DIRECTION('',(0.,1.,-1.110223024625E-16));
#611 = AXIS2_PLACEMENT_3D('',#612,#613,#614);
#612 = CARTESIAN_POINT('',(0.,0.,0.));
#613 = DIRECTION('',(0.,0.,1.));
#614 = DIRECTION('',(1.,0.,0.));
#615 = AXIS2_PLACEMENT_3D('',#616,#617,#618);
#616 = CARTESIAN_POINT('',(0.,0.,0.));
#617 = DIRECTION('',(0.,0.,1.));
#618 = DIRECTION('',(1.,0.,0.));
#619 = AXIS2_PLACEMENT_3D('',#620,#621,#622);
#620 = CARTESIAN_POINT('',(0.,0.,0.));
#621 = DIRECTION('',(1.,1.232595164408E-32,1.110223024625E-16));
#622 = DIRECTION('',(0.,1.,-1.110223024625E-16));
#623 = AXIS2_PLACEMENT_3D('',#624,#625,#626);
#624 = CARTESIAN_POINT('',(0.,0.,0.));
#625 = DIRECTION('',(0.,-1.,1.110223024625E-16));
#626 = DIRECTION('',(0.,1.110223024625E-16,1.));
#627 = AXIS2_PLACEMENT_3D('',#628,#629,#630);
#628 = CARTESIAN_POINT('',(0.,0.,0.));
#629 = DIRECTION('',(0.,0.,1.));
#630 = DIRECTION('',(1.,0.,0.));
#631 = AXIS2_PLACEMENT_3D('',#632,#633,#634);
#632 = CARTESIAN_POINT('',(0.,0.,0.));
#633 = DIRECTION('',(0.,-1.,-2.22044604925E-16));
#634 = DIRECTION('',(1.,0.,0.));
#635 = AXIS2_PLACEMENT_3D('',#636,#637,#638);
#636 = CARTESIAN_POINT('',(0.,0.,0.));
#637 = DIRECTION('',(1.,1.232595164408E-32,1.110223024625E-16));
#638 = DIRECTION('',(0.,1.,-1.110223024625E-16));
#639 = AXIS2_PLACEMENT_3D('',#640,#641,#642);
#640 = CARTESIAN_POINT('',(0.,0.,0.));
#641 = DIRECTION('',(0.,0.,1.));
#642 = DIRECTION('',(1.,0.,0.));
#643 = AXIS2_PLACEMENT_3D('',#644,#645,#646);
#644 = CARTESIAN_POINT('',(0.,0.,0.));
#645 = DIRECTION('',(0.,0.,1.));
#646 = DIRECTION('',(1.,0.,0.));
#647 = AXIS2_PLACEMENT_3D('',#648,#649,#650);
#648 = CARTESIAN_POINT('',(-2.273736754432E-12,8.526512829121E-12,
    999.99999999998));
#649 = DIRECTION('',(0.,0.,1.));
#650 = DIRECTION('',(1.,0.,0.));
#651 = AXIS2_PLACEMENT_3D('',#652,#653,#654);
#652 = CARTESIAN_POINT('',(0.,0.,0.));
#653 = DIRECTION('',(0.,0.,1.));
#654 = DIRECTION('',(1.,0.,0.));
#655 = AXIS2_PLACEMENT_3D('',#656,#657,#658);
#656 = CARTESIAN_POINT('',(0.,0.,0.));
#657 = DIRECTION('',(1.,1.232595164408E-32,1.110223024625E-16));
#658 = DIRECTION('',(0.,1.,-1.110223024625E-16));
#659 = AXIS2_PLACEMENT_3D('',#660,#661,#662);
#660 = CARTESIAN_POINT('',(0.,0.,0.));
#661 = DIRECTION('',(0.,-1.,1.110223024625E-16));
#662 = DIRECTION('',(0.,1.110223024625E-16,1.));
#663 = AXIS2_PLACEMENT_3D('',#664,#665,#666);
#664 = CARTESIAN_POINT('',(0.,0.,0.));
#665 = DIRECTION('',(0.,0.,1.));
#666 = DIRECTION('',(1.,0.,0.));
#667 = AXIS2_PLACEMENT_3D('',#668,#669,#670);
#668 = CARTESIAN_POINT('',(0.,0.,0.));
#669 = DIRECTION('',(0.,-1.,-2.22044604925E-16));
#670 = DIRECTION('',(1.,0.,0.));
#671 = AXIS2_PLACEMENT_3D('',#672,#673,#674);
#672 = CARTESIAN_POINT('',(0.,0.,0.));
#673 = DIRECTION('',(1.,1.232595164408E-32,1.110223024625E-16));
#674 = DIRECTION('',(0.,1.,-1.110223024625E-16));
#675 = AXIS2_PLACEMENT_3D('',#676,#677,#678);
#676 = CARTESIAN_POINT('',(1.75E+03,-1.136868377216E-13,550.));
#677 = DIRECTION('',(1.,0.,-2.22044604925E-16));
#678 = DIRECTION('',(-2.22044604925E-16,0.,-1.));
#679 = AXIS2_PLACEMENT_3D('',#680,#681,#682);
#680 = CARTESIAN_POINT('',(0.,0.,0.));
#681 = DIRECTION('',(0.,0.,1.));
#682 = DIRECTION('',(1.,0.,0.));
#683 = AXIS2_PLACEMENT_3D('',#684,#685,#686);
#684 = CARTESIAN_POINT('',(0.,0.,0.));
#685 = DIRECTION('',(1.,1.232595164408E-32,1.110223024625E-16));
#686 = DIRECTION('',(0.,1.,-1.110223024625E-16));
#687 = AXIS2_PLACEMENT_3D('',#688,#689,#690);
#688 = CARTESIAN_POINT('',(0.,0.,0.));
#689 = DIRECTION('',(0.,-1.,1.110223024625E-16));
#690 = DIRECTION('',(0.,1.110223024625E-16,1.));
#691 = AXIS2_PLACEMENT_3D('',#692,#693,#694);
#692 = CARTESIAN_POINT('',(0.,0.,0.));
#693 = DIRECTION('',(0.,0.,1.));
#694 = DIRECTION('',(1.,0.,0.));
#695 = AXIS2_PLACEMENT_3D('',#696,#697,#698);
#696 = CARTESIAN_POINT('',(0.,0.,0.));
#697 = DIRECTION('',(0.,-1.,-2.22044604925E-16));
#698 = DIRECTION('',(1.,0.,0.));
#699 = AXIS2_PLACEMENT_3D('',#700,#701,#702);
#700 = CARTESIAN_POINT('',(0.,0.,0.));
#701 = DIRECTION('',(1.,1.232595164408E-32,1.110223024625E-16));
#702 = DIRECTION('',(0.,1.,-1.110223024625E-16));
#703 = AXIS2_PLACEMENT_3D('',#704,#705,#706);
#704 = CARTESIAN_POINT('',(0.,0.,0.));
#705 = DIRECTION('',(0.,0.,1.));
#706 = DIRECTION('',(1.,0.,-0.));
#707 = ( GEOMETRIC_REPRESENTATION_CONTEXT(3) 
GLOBAL_UNCERTAINTY_ASSIGNED_CONTEXT((#711)) GLOBAL_UNIT_ASSIGNED_CONTEXT
((#708,#709,#710)) REPRESENTATION_CONTEXT('Context #1',
  '3D Context with UNIT and UNCERTAINTY') );
#708 = ( LENGTH_UNIT() NAMED_UNIT(*) SI_UNIT(.MILLI.,.METRE.) );
#709 = ( NAMED_UNIT(*) PLANE_ANGLE_UNIT() SI_UNIT($,.RADIAN.) );
#710 = ( NAMED_UNIT(*) SI_UNIT($,.STERADIAN.) SOLID_ANGLE_UNIT() );
#711 = UNCERTAINTY_MEASURE_WITH_UNIT(LENGTH_MEASURE(2.E-07),#708,
  'distance_accuracy_value','confusion accuracy');
#712 = PRODUCT_RELATED_PRODUCT_CATEGORY('part',$,(#7));
#713 = SHAPE_DEFINITION_REPRESENTATION(#714,#720);
#714 = PRODUCT_DEFINITION_SHAPE('','',#715);
#715 = PRODUCT_DEFINITION('design','',#716,#719);
#716 = PRODUCT_DEFINITION_FORMATION('','',#717);
#717 = PRODUCT('Bend to 2x AirTS reference assembly',
  'Bend to 2x AirTS reference assembly','',(#718));
#718 = PRODUCT_CONTEXT('',#2,'mechanical');
#719 = PRODUCT_DEFINITION_CONTEXT('part definition',#2,'design');
#720 = SHAPE_REPRESENTATION('',(#11,#721,#725),#729);
#721 = AXIS2_PLACEMENT_3D('',#722,#723,#724);
#722 = CARTESIAN_POINT('',(0.,0.,0.));
#723 = DIRECTION('',(0.,0.,1.));
#724 = DIRECTION('',(1.,0.,0.));
#725 = AXIS2_PLACEMENT_3D('',#726,#727,#728);
#726 = CARTESIAN_POINT('',(0.,0.,0.));
#727 = DIRECTION('',(0.,0.,1.));
#728 = DIRECTION('',(1.,0.,0.));
#729 = ( GEOMETRIC_REPRESENTATION_CONTEXT(3) 
GLOBAL_UNCERTAINTY_ASSIGNED_CONTEXT((#733)) GLOBAL_UNIT_ASSIGNED_CONTEXT
((#730,#731,#732)) REPRESENTATION_CONTEXT('Context #1',
  '3D Context with UNIT and UNCERTAINTY') );
#730 = ( LENGTH_UNIT() NAMED_UNIT(*) SI_UNIT(.MILLI.,.METRE.) );
#731 = ( NAMED_UNIT(*) PLANE_ANGLE_UNIT() SI_UNIT($,.RADIAN.) );
#732 = ( NAMED_UNIT(*) SI_UNIT($,.STERADIAN.) SOLID_ANGLE_UNIT() );
#733 = UNCERTAINTY_MEASURE_WITH_UNIT(LENGTH_MEASURE(2.E-07),#730,
  'distance_accuracy_value','confusion accuracy');
#734 = CONTEXT_DEPENDENT_SHAPE_REPRESENTATION(#735,#737);
#735 = ( REPRESENTATION_RELATIONSHIP('','',#720,#10) 
REPRESENTATION_RELATIONSHIP_WITH_TRANSFORMATION(#736) 
SHAPE_REPRESENTATION_RELATIONSHIP() );
#736 = ITEM_DEFINED_TRANSFORMATION('','',#11,#15);
#737 = PRODUCT_DEFINITION_SHAPE('Placement','Placement of an item',#738
  );
#738 = NEXT_ASSEMBLY_USAGE_OCCURRENCE('88',
  'Bend to 2x AirTS reference assembly','',#5,#715,$);
#739 = PRODUCT_RELATED_PRODUCT_CATEGORY('part',$,(#717));
#740 = SHAPE_DEFINITION_REPRESENTATION(#741,#747);
#741 = PRODUCT_DEFINITION_SHAPE('','',#742);
#742 = PRODUCT_DEFINITION('design','',#743,#746);
#743 = PRODUCT_DEFINITION_FORMATION('','',#744);
#744 = PRODUCT('Custom plenum and Airkan-style offsets',
  'Custom plenum and Airkan-style offsets','',(#745));
#745 = PRODUCT_CONTEXT('',#2,'mechanical');
#746 = PRODUCT_DEFINITION_CONTEXT('part definition',#2,'design');
#747 = SHAPE_REPRESENTATION('',(#11,#748,#752,#756,#760,#764,#768),#772
  );
#748 = AXIS2_PLACEMENT_3D('',#749,#750,#751);
#749 = CARTESIAN_POINT('',(0.,0.,0.));
#750 = DIRECTION('',(0.,0.,1.));
#751 = DIRECTION('',(1.,0.,0.));
#752 = AXIS2_PLACEMENT_3D('',#753,#754,#755);
#753 = CARTESIAN_POINT('',(0.,0.,0.));
#754 = DIRECTION('',(0.,0.,1.));
#755 = DIRECTION('',(1.,0.,0.));
#756 = AXIS2_PLACEMENT_3D('',#757,#758,#759);
#757 = CARTESIAN_POINT('',(0.,0.,0.));
#758 = DIRECTION('',(0.,0.,1.));
#759 = DIRECTION('',(1.,0.,0.));
#760 = AXIS2_PLACEMENT_3D('',#761,#762,#763);
#761 = CARTESIAN_POINT('',(0.,0.,0.));
#762 = DIRECTION('',(0.,0.,1.));
#763 = DIRECTION('',(1.,0.,0.));
#764 = AXIS2_PLACEMENT_3D('',#765,#766,#767);
#765 = CARTESIAN_POINT('',(0.,0.,0.));
#766 = DIRECTION('',(0.,0.,1.));
#767 = DIRECTION('',(1.,0.,0.));
#768 = AXIS2_PLACEMENT_3D('',#769,#770,#771);
#769 = CARTESIAN_POINT('',(0.,0.,0.));
#770 = DIRECTION('',(0.,0.,1.));
#771 = DIRECTION('',(1.,0.,0.));
#772 = ( GEOMETRIC_REPRESENTATION_CONTEXT(3) 
GLOBAL_UNCERTAINTY_ASSIGNED_CONTEXT((#776)) GLOBAL_UNIT_ASSIGNED_CONTEXT
((#773,#774,#775)) REPRESENTATION_CONTEXT('Context #1',
  '3D Context with UNIT and UNCERTAINTY') );
#773 = ( LENGTH_UNIT() NAMED_UNIT(*) SI_UNIT(.MILLI.,.METRE.) );
#774 = ( NAMED_UNIT(*) PLANE_ANGLE_UNIT() SI_UNIT($,.RADIAN.) );
#775 = ( NAMED_UNIT(*) SI_UNIT($,.STERADIAN.) SOLID_ANGLE_UNIT() );
#776 = UNCERTAINTY_MEASURE_WITH_UNIT(LENGTH_MEASURE(1.E-06),#773,
  'distance_accuracy_value','confusion accuracy');
#777 = CONTEXT_DEPENDENT_SHAPE_REPRESENTATION(#778,#780);
#778 = ( REPRESENTATION_RELATIONSHIP('','',#747,#720) 
REPRESENTATION_RELATIONSHIP_WITH_TRANSFORMATION(#779) 
SHAPE_REPRESENTATION_RELATIONSHIP() );
#779 = ITEM_DEFINED_TRANSFORMATION('','',#11,#721);
#780 = PRODUCT_DEFINITION_SHAPE('Placement','Placement of an item',#781
  );
#781 = NEXT_ASSEMBLY_USAGE_OCCURRENCE('7',
  'Custom plenum and Airkan-style offsets','',#715,#742,$);
#782 = PRODUCT_RELATED_PRODUCT_CATEGORY('part',$,(#744));
#783 = SHAPE_DEFINITION_REPRESENTATION(#784,#790);
#784 = PRODUCT_DEFINITION_SHAPE('','',#785);
#785 = PRODUCT_DEFINITION('design','',#786,#789);
#786 = PRODUCT_DEFINITION_FORMATION('','',#787);
#787 = PRODUCT('Custom 1-to-2 distribution plenum',
  'Custom 1-to-2 distribution plenum','',(#788));
#788 = PRODUCT_CONTEXT('',#2,'mechanical');
#789 = PRODUCT_DEFINITION_CONTEXT('part definition',#2,'design');
#790 = ADVANCED_BREP_SHAPE_REPRESENTATION('',(#11,#791),#1065);
#791 = MANIFOLD_SOLID_BREP('',#792);
#792 = CLOSED_SHELL('',(#793,#831,#894,#917,#973,#989,#1001,#1021,#1037,
    #1053));
#793 = ADVANCED_FACE('',(#794),#826,.T.);
#794 = FACE_BOUND('',#795,.T.);
#795 = EDGE_LOOP('',(#796,#806,#813,#821));
#796 = ORIENTED_EDGE('',*,*,#797,.T.);
#797 = EDGE_CURVE('',#798,#800,#802,.T.);
#798 = VERTEX_POINT('',#799);
#799 = CARTESIAN_POINT('',(0.,-503.,-503.));
#800 = VERTEX_POINT('',#801);
#801 = CARTESIAN_POINT('',(0.,503.,-503.));
#802 = LINE('',#803,#804);
#803 = CARTESIAN_POINT('',(0.,-503.,-503.));
#804 = VECTOR('',#805,1.);
#805 = DIRECTION('',(0.,1.,0.));
#806 = ORIENTED_EDGE('',*,*,#807,.T.);
#807 = EDGE_CURVE('',#800,#808,#810,.T.);
#808 = VERTEX_POINT('',#809);
#809 = CARTESIAN_POINT('',(650.,1.006E+03,-503.));
#810 = B_SPLINE_CURVE_WITH_KNOTS('',1,(#811,#812),.UNSPECIFIED.,.F.,.F.,
  (2,2),(0.,1.),.PIECEWISE_BEZIER_KNOTS.);
#811 = CARTESIAN_POINT('',(0.,503.,-503.));
#812 = CARTESIAN_POINT('',(650.,1.006E+03,-503.));
#813 = ORIENTED_EDGE('',*,*,#814,.F.);
#814 = EDGE_CURVE('',#815,#808,#817,.T.);
#815 = VERTEX_POINT('',#816);
#816 = CARTESIAN_POINT('',(650.,-1.006E+03,-503.));
#817 = LINE('',#818,#819);
#818 = CARTESIAN_POINT('',(650.,-1.006E+03,-503.));
#819 = VECTOR('',#820,1.);
#820 = DIRECTION('',(0.,1.,0.));
#821 = ORIENTED_EDGE('',*,*,#822,.F.);
#822 = EDGE_CURVE('',#798,#815,#823,.T.);
#823 = B_SPLINE_CURVE_WITH_KNOTS('',1,(#824,#825),.UNSPECIFIED.,.F.,.F.,
  (2,2),(0.,1.),.PIECEWISE_BEZIER_KNOTS.);
#824 = CARTESIAN_POINT('',(0.,-503.,-503.));
#825 = CARTESIAN_POINT('',(650.,-1.006E+03,-503.));
#826 = B_SPLINE_SURFACE_WITH_KNOTS('',1,1,(
    (#827,#828)
    ,(#829,#830
    )),.UNSPECIFIED.,.F.,.F.,.F.,(2,2),(2,2),(0.,2.012E+03),(0.,1.),
  .PIECEWISE_BEZIER_KNOTS.);
#827 = CARTESIAN_POINT('',(0.,-503.,-503.));
#828 = CARTESIAN_POINT('',(650.,-1.006E+03,-503.));
#829 = CARTESIAN_POINT('',(0.,503.,-503.));
#830 = CARTESIAN_POINT('',(650.,1.006E+03,-503.));
#831 = ADVANCED_FACE('',(#832,#857),#889,.T.);
#832 = FACE_BOUND('',#833,.T.);
#833 = EDGE_LOOP('',(#834,#835,#843,#851));
#834 = ORIENTED_EDGE('',*,*,#797,.F.);
#835 = ORIENTED_EDGE('',*,*,#836,.F.);
#836 = EDGE_CURVE('',#837,#798,#839,.T.);
#837 = VERTEX_POINT('',#838);
#838 = CARTESIAN_POINT('',(0.,-503.,503.));
#839 = LINE('',#840,#841);
#840 = CARTESIAN_POINT('',(0.,-503.,503.));
#841 = VECTOR('',#842,1.);
#842 = DIRECTION('',(0.,0.,-1.));
#843 = ORIENTED_EDGE('',*,*,#844,.F.);
#844 = EDGE_CURVE('',#845,#837,#847,.T.);
#845 = VERTEX_POINT('',#846);
#846 = CARTESIAN_POINT('',(0.,503.,503.));
#847 = LINE('',#848,#849);
#848 = CARTESIAN_POINT('',(0.,503.,503.));
#849 = VECTOR('',#850,1.);
#850 = DIRECTION('',(0.,-1.,0.));
#851 = ORIENTED_EDGE('',*,*,#852,.F.);
#852 = EDGE_CURVE('',#800,#845,#853,.T.);
#853 = LINE('',#854,#855);
#854 = CARTESIAN_POINT('',(0.,503.,-503.));
#855 = VECTOR('',#856,1.);
#856 = DIRECTION('',(0.,0.,1.));
#857 = FACE_BOUND('',#858,.T.);
#858 = EDGE_LOOP('',(#859,#868,#876,#883));
#859 = ORIENTED_EDGE('',*,*,#860,.F.);
#860 = EDGE_CURVE('',#861,#863,#865,.T.);
#861 = VERTEX_POINT('',#862);
#862 = CARTESIAN_POINT('',(-8.271161533457E-15,500.07736081205,-500.));
#863 = VERTEX_POINT('',#864);
#864 = CARTESIAN_POINT('',(-8.271161533457E-15,-500.077360812,-500.));
#865 = B_SPLINE_CURVE_WITH_KNOTS('',1,(#866,#867),.UNSPECIFIED.,.F.,.F.,
  (2,2),(0.,1.),.PIECEWISE_BEZIER_KNOTS.);
#866 = CARTESIAN_POINT('',(0.,500.07736081205,-500.));
#867 = CARTESIAN_POINT('',(0.,-500.077360812,-500.));
#868 = ORIENTED_EDGE('',*,*,#869,.F.);
#869 = EDGE_CURVE('',#870,#861,#872,.T.);
#870 = VERTEX_POINT('',#871);
#871 = CARTESIAN_POINT('',(-8.271161533457E-15,500.07736081205,500.));
#872 = LINE('',#873,#874);
#873 = CARTESIAN_POINT('',(0.,500.07736081205,-501.5));
#874 = VECTOR('',#875,1.);
#875 = DIRECTION('',(0.,0.,-1.));
#876 = ORIENTED_EDGE('',*,*,#877,.F.);
#877 = EDGE_CURVE('',#878,#870,#880,.T.);
#878 = VERTEX_POINT('',#879);
#879 = CARTESIAN_POINT('',(-8.271161533457E-15,-500.077360812,500.));
#880 = B_SPLINE_CURVE_WITH_KNOTS('',1,(#881,#882),.UNSPECIFIED.,.F.,.F.,
  (2,2),(0.,1.),.PIECEWISE_BEZIER_KNOTS.);
#881 = CARTESIAN_POINT('',(0.,-500.077360812,500.));
#882 = CARTESIAN_POINT('',(0.,500.07736081205,500.));
#883 = ORIENTED_EDGE('',*,*,#884,.F.);
#884 = EDGE_CURVE('',#863,#878,#885,.T.);
#885 = LINE('',#886,#887);
#886 = CARTESIAN_POINT('',(0.,-500.077360812,-1.5));
#887 = VECTOR('',#888,1.);
#888 = DIRECTION('',(0.,-0.,1.));
#889 = PLANE('',#890);
#890 = AXIS2_PLACEMENT_3D('',#891,#892,#893);
#891 = CARTESIAN_POINT('',(0.,-503.,-503.));
#892 = DIRECTION('',(-1.,0.,0.));
#893 = DIRECTION('',(0.,0.707106781187,0.707106781187));
#894 = ADVANCED_FACE('',(#895),#912,.T.);
#895 = FACE_BOUND('',#896,.T.);
#896 = EDGE_LOOP('',(#897,#898,#905,#911));
#897 = ORIENTED_EDGE('',*,*,#852,.T.);
#898 = ORIENTED_EDGE('',*,*,#899,.T.);
#899 = EDGE_CURVE('',#845,#900,#902,.T.);
#900 = VERTEX_POINT('',#901);
#901 = CARTESIAN_POINT('',(650.,1.006E+03,503.));
#902 = B_SPLINE_CURVE_WITH_KNOTS('',1,(#903,#904),.UNSPECIFIED.,.F.,.F.,
  (2,2),(0.,1.),.PIECEWISE_BEZIER_KNOTS.);
#903 = CARTESIAN_POINT('',(0.,503.,503.));
#904 = CARTESIAN_POINT('',(650.,1.006E+03,503.));
#905 = ORIENTED_EDGE('',*,*,#906,.F.);
#906 = EDGE_CURVE('',#808,#900,#907,.T.);
#907 = LINE('',#908,#909);
#908 = CARTESIAN_POINT('',(650.,1.006E+03,-503.));
#909 = VECTOR('',#910,1.);
#910 = DIRECTION('',(0.,0.,1.));
#911 = ORIENTED_EDGE('',*,*,#807,.F.);
#912 = PLANE('',#913);
#913 = AXIS2_PLACEMENT_3D('',#914,#915,#916);
#914 = CARTESIAN_POINT('',(650.,1.006E+03,-503.));
#915 = DIRECTION('',(-0.612001399456,0.790856679218,0.));
#916 = DIRECTION('',(0.,0.,1.));
#917 = ADVANCED_FACE('',(#918,#936),#968,.F.);
#918 = FACE_BOUND('',#919,.F.);
#919 = EDGE_LOOP('',(#920,#921,#929,#935));
#920 = ORIENTED_EDGE('',*,*,#814,.F.);
#921 = ORIENTED_EDGE('',*,*,#922,.F.);
#922 = EDGE_CURVE('',#923,#815,#925,.T.);
#923 = VERTEX_POINT('',#924);
#924 = CARTESIAN_POINT('',(650.,-1.006E+03,503.));
#925 = LINE('',#926,#927);
#926 = CARTESIAN_POINT('',(650.,-1.006E+03,503.));
#927 = VECTOR('',#928,1.);
#928 = DIRECTION('',(0.,0.,-1.));
#929 = ORIENTED_EDGE('',*,*,#930,.F.);
#930 = EDGE_CURVE('',#900,#923,#931,.T.);
#931 = LINE('',#932,#933);
#932 = CARTESIAN_POINT('',(650.,1.006E+03,503.));
#933 = VECTOR('',#934,1.);
#934 = DIRECTION('',(0.,-1.,0.));
#935 = ORIENTED_EDGE('',*,*,#906,.F.);
#936 = FACE_BOUND('',#937,.F.);
#937 = EDGE_LOOP('',(#938,#947,#955,#962));
#938 = ORIENTED_EDGE('',*,*,#939,.F.);
#939 = EDGE_CURVE('',#940,#942,#944,.T.);
#940 = VERTEX_POINT('',#941);
#941 = CARTESIAN_POINT('',(650.,1.002922639188E+03,-500.));
#942 = VERTEX_POINT('',#943);
#943 = CARTESIAN_POINT('',(650.,-1.002922639188E+03,-500.));
#944 = B_SPLINE_CURVE_WITH_KNOTS('',1,(#945,#946),.UNSPECIFIED.,.F.,.F.,
  (2,2),(0.,1.),.PIECEWISE_BEZIER_KNOTS.);
#945 = CARTESIAN_POINT('',(650.,1.002922639188E+03,-500.));
#946 = CARTESIAN_POINT('',(650.,-1.002922639188E+03,-500.));
#947 = ORIENTED_EDGE('',*,*,#948,.F.);
#948 = EDGE_CURVE('',#949,#940,#951,.T.);
#949 = VERTEX_POINT('',#950);
#950 = CARTESIAN_POINT('',(650.,1.002922639188E+03,500.));
#951 = LINE('',#952,#953);
#952 = CARTESIAN_POINT('',(650.,1.002922639188E+03,-501.5));
#953 = VECTOR('',#954,1.);
#954 = DIRECTION('',(0.,0.,-1.));
#955 = ORIENTED_EDGE('',*,*,#956,.F.);
#956 = EDGE_CURVE('',#957,#949,#959,.T.);
#957 = VERTEX_POINT('',#958);
#958 = CARTESIAN_POINT('',(650.,-1.002922639188E+03,500.));
#959 = B_SPLINE_CURVE_WITH_KNOTS('',1,(#960,#961),.UNSPECIFIED.,.F.,.F.,
  (2,2),(0.,1.),.PIECEWISE_BEZIER_KNOTS.);
#960 = CARTESIAN_POINT('',(650.,-1.002922639188E+03,500.));
#961 = CARTESIAN_POINT('',(650.,1.002922639188E+03,500.));
#962 = ORIENTED_EDGE('',*,*,#963,.F.);
#963 = EDGE_CURVE('',#942,#957,#964,.T.);
#964 = LINE('',#965,#966);
#965 = CARTESIAN_POINT('',(650.,-1.002922639188E+03,-1.5));
#966 = VECTOR('',#967,1.);
#967 = DIRECTION('',(0.,-0.,1.));
#968 = PLANE('',#969);
#969 = AXIS2_PLACEMENT_3D('',#970,#971,#972);
#970 = CARTESIAN_POINT('',(650.,-1.006E+03,-503.));
#971 = DIRECTION('',(-1.,0.,0.));
#972 = DIRECTION('',(0.,0.894427191,0.4472135955));
#973 = ADVANCED_FACE('',(#974),#984,.T.);
#974 = FACE_BOUND('',#975,.T.);
#975 = EDGE_LOOP('',(#976,#977,#978,#979));
#976 = ORIENTED_EDGE('',*,*,#836,.T.);
#977 = ORIENTED_EDGE('',*,*,#822,.T.);
#978 = ORIENTED_EDGE('',*,*,#922,.F.);
#979 = ORIENTED_EDGE('',*,*,#980,.F.);
#980 = EDGE_CURVE('',#837,#923,#981,.T.);
#981 = B_SPLINE_CURVE_WITH_KNOTS('',1,(#982,#983),.UNSPECIFIED.,.F.,.F.,
  (2,2),(0.,1.),.PIECEWISE_BEZIER_KNOTS.);
#982 = CARTESIAN_POINT('',(0.,-503.,503.));
#983 = CARTESIAN_POINT('',(650.,-1.006E+03,503.));
#984 = PLANE('',#985);
#985 = AXIS2_PLACEMENT_3D('',#986,#987,#988);
#986 = CARTESIAN_POINT('',(650.,-1.006E+03,503.));
#987 = DIRECTION('',(-0.612001399456,-0.790856679218,-0.));
#988 = DIRECTION('',(0.,0.,-1.));
#989 = ADVANCED_FACE('',(#990),#996,.T.);
#990 = FACE_BOUND('',#991,.T.);
#991 = EDGE_LOOP('',(#992,#993,#994,#995));
#992 = ORIENTED_EDGE('',*,*,#844,.T.);
#993 = ORIENTED_EDGE('',*,*,#980,.T.);
#994 = ORIENTED_EDGE('',*,*,#930,.F.);
#995 = ORIENTED_EDGE('',*,*,#899,.F.);
#996 = B_SPLINE_SURFACE_WITH_KNOTS('',1,1,(
    (#997,#998)
    ,(#999,#1000
  )),.UNSPECIFIED.,.F.,.F.,.F.,(2,2),(2,2),(0.,2.012E+03),(0.,1.),
  .PIECEWISE_BEZIER_KNOTS.);
#997 = CARTESIAN_POINT('',(0.,503.,503.));
#998 = CARTESIAN_POINT('',(650.,1.006E+03,503.));
#999 = CARTESIAN_POINT('',(0.,-503.,503.));
#1000 = CARTESIAN_POINT('',(650.,-1.006E+03,503.));
#1001 = ADVANCED_FACE('',(#1002),#1016,.F.);
#1002 = FACE_BOUND('',#1003,.F.);
#1003 = EDGE_LOOP('',(#1004,#1009,#1010,#1015));
#1004 = ORIENTED_EDGE('',*,*,#1005,.F.);
#1005 = EDGE_CURVE('',#863,#942,#1006,.T.);
#1006 = B_SPLINE_CURVE_WITH_KNOTS('',1,(#1007,#1008),.UNSPECIFIED.,.F.,
  .F.,(2,2),(0.,1.),.PIECEWISE_BEZIER_KNOTS.);
#1007 = CARTESIAN_POINT('',(-0.1,-500.,-500.));
#1008 = CARTESIAN_POINT('',(650.1,-1.003E+03,-500.));
#1009 = ORIENTED_EDGE('',*,*,#860,.F.);
#1010 = ORIENTED_EDGE('',*,*,#1011,.T.);
#1011 = EDGE_CURVE('',#861,#940,#1012,.T.);
#1012 = B_SPLINE_CURVE_WITH_KNOTS('',1,(#1013,#1014),.UNSPECIFIED.,.F.,
  .F.,(2,2),(0.,1.),.PIECEWISE_BEZIER_KNOTS.);
#1013 = CARTESIAN_POINT('',(-0.1,500.,-500.));
#1014 = CARTESIAN_POINT('',(650.1,1.003E+03,-500.));
#1015 = ORIENTED_EDGE('',*,*,#939,.T.);
#1016 = B_SPLINE_SURFACE_WITH_KNOTS('',1,1,(
    (#1017,#1018)
    ,(#1019,#1020
  )),.UNSPECIFIED.,.F.,.F.,.F.,(2,2),(2,2),(0.,2.006E+03),(0.,1.),
  .PIECEWISE_BEZIER_KNOTS.);
#1017 = CARTESIAN_POINT('',(-0.1,-500.,-500.));
#1018 = CARTESIAN_POINT('',(650.1,-1.003E+03,-500.));
#1019 = CARTESIAN_POINT('',(-0.1,500.,-500.));
#1020 = CARTESIAN_POINT('',(650.1,1.003E+03,-500.));
#1021 = ADVANCED_FACE('',(#1022),#1032,.F.);
#1022 = FACE_BOUND('',#1023,.F.);
#1023 = EDGE_LOOP('',(#1024,#1029,#1030,#1031));
#1024 = ORIENTED_EDGE('',*,*,#1025,.F.);
#1025 = EDGE_CURVE('',#878,#957,#1026,.T.);
#1026 = B_SPLINE_CURVE_WITH_KNOTS('',1,(#1027,#1028),.UNSPECIFIED.,.F.,
  .F.,(2,2),(0.,1.),.PIECEWISE_BEZIER_KNOTS.);
#1027 = CARTESIAN_POINT('',(-0.1,-500.,500.));
#1028 = CARTESIAN_POINT('',(650.1,-1.003E+03,500.));
#1029 = ORIENTED_EDGE('',*,*,#884,.F.);
#1030 = ORIENTED_EDGE('',*,*,#1005,.T.);
#1031 = ORIENTED_EDGE('',*,*,#963,.T.);
#1032 = PLANE('',#1033);
#1033 = AXIS2_PLACEMENT_3D('',#1034,#1035,#1036);
#1034 = CARTESIAN_POINT('',(650.1,-1.003E+03,500.));
#1035 = DIRECTION('',(-0.611883637213,-0.790947795061,-0.));
#1036 = DIRECTION('',(0.,0.,-1.));
#1037 = ADVANCED_FACE('',(#1038),#1048,.F.);
#1038 = FACE_BOUND('',#1039,.F.);
#1039 = EDGE_LOOP('',(#1040,#1045,#1046,#1047));
#1040 = ORIENTED_EDGE('',*,*,#1041,.F.);
#1041 = EDGE_CURVE('',#870,#949,#1042,.T.);
#1042 = B_SPLINE_CURVE_WITH_KNOTS('',1,(#1043,#1044),.UNSPECIFIED.,.F.,
  .F.,(2,2),(0.,1.),.PIECEWISE_BEZIER_KNOTS.);
#1043 = CARTESIAN_POINT('',(-0.1,500.,500.));
#1044 = CARTESIAN_POINT('',(650.1,1.003E+03,500.));
#1045 = ORIENTED_EDGE('',*,*,#877,.F.);
#1046 = ORIENTED_EDGE('',*,*,#1025,.T.);
#1047 = ORIENTED_EDGE('',*,*,#956,.T.);
#1048 = B_SPLINE_SURFACE_WITH_KNOTS('',1,1,(
    (#1049,#1050)
    ,(#1051,#1052
  )),.UNSPECIFIED.,.F.,.F.,.F.,(2,2),(2,2),(0.,2.006E+03),(0.,1.),
  .PIECEWISE_BEZIER_KNOTS.);
#1049 = CARTESIAN_POINT('',(-0.1,500.,500.));
#1050 = CARTESIAN_POINT('',(650.1,1.003E+03,500.));
#1051 = CARTESIAN_POINT('',(-0.1,-500.,500.));
#1052 = CARTESIAN_POINT('',(650.1,-1.003E+03,500.));
#1053 = ADVANCED_FACE('',(#1054),#1060,.F.);
#1054 = FACE_BOUND('',#1055,.F.);
#1055 = EDGE_LOOP('',(#1056,#1057,#1058,#1059));
#1056 = ORIENTED_EDGE('',*,*,#1011,.F.);
#1057 = ORIENTED_EDGE('',*,*,#869,.F.);
#1058 = ORIENTED_EDGE('',*,*,#1041,.T.);
#1059 = ORIENTED_EDGE('',*,*,#948,.T.);
#1060 = PLANE('',#1061);
#1061 = AXIS2_PLACEMENT_3D('',#1062,#1063,#1064);
#1062 = CARTESIAN_POINT('',(650.1,1.003E+03,-500.));
#1063 = DIRECTION('',(-0.611883637213,0.790947795061,0.));
#1064 = DIRECTION('',(0.,0.,1.));
#1065 = ( GEOMETRIC_REPRESENTATION_CONTEXT(3) 
GLOBAL_UNCERTAINTY_ASSIGNED_CONTEXT((#1069)) 
GLOBAL_UNIT_ASSIGNED_CONTEXT((#1066,#1067,#1068)) REPRESENTATION_CONTEXT
('Context #1','3D Context with UNIT and UNCERTAINTY') );
#1066 = ( LENGTH_UNIT() NAMED_UNIT(*) SI_UNIT(.MILLI.,.METRE.) );
#1067 = ( NAMED_UNIT(*) PLANE_ANGLE_UNIT() SI_UNIT($,.RADIAN.) );
#1068 = ( NAMED_UNIT(*) SI_UNIT($,.STERADIAN.) SOLID_ANGLE_UNIT() );
#1069 = UNCERTAINTY_MEASURE_WITH_UNIT(LENGTH_MEASURE(2.E-06),#1066,
  'distance_accuracy_value','confusion accuracy');
#1070 = CONTEXT_DEPENDENT_SHAPE_REPRESENTATION(#1071,#1073);
#1071 = ( REPRESENTATION_RELATIONSHIP('','',#790,#747) 
REPRESENTATION_RELATIONSHIP_WITH_TRANSFORMATION(#1072) 
SHAPE_REPRESENTATION_RELATIONSHIP() );
#1072 = ITEM_DEFINED_TRANSFORMATION('','',#11,#748);
#1073 = PRODUCT_DEFINITION_SHAPE('Placement','Placement of an item',
  #1074);
#1074 = NEXT_ASSEMBLY_USAGE_OCCURRENCE('1',
  'Custom 1-to-2 distribution plenum','',#742,#785,$);
#1075 = PRODUCT_RELATED_PRODUCT_CATEGORY('part',$,(#787));
#1076 = SHAPE_DEFINITION_REPRESENTATION(#1077,#1083);
#1077 = PRODUCT_DEFINITION_SHAPE('','',#1078);
#1078 = PRODUCT_DEFINITION('design','',#1079,#1082);
#1079 = PRODUCT_DEFINITION_FORMATION('','',#1080);
#1080 = PRODUCT('Airkan-style offset, left branch',
  'Airkan-style offset, left branch','',(#1081));
#1081 = PRODUCT_CONTEXT('',#2,'mechanical');
#1082 = PRODUCT_DEFINITION_CONTEXT('part definition',#2,'design');
#1083 = ADVANCED_BREP_SHAPE_REPRESENTATION('',(#11,#1084),#1358);
#1084 = MANIFOLD_SOLID_BREP('',#1085);
#1085 = CLOSED_SHELL('',(#1086,#1124,#1187,#1210,#1266,#1282,#1294,#1314
    ,#1330,#1346));
#1086 = ADVANCED_FACE('',(#1087),#1119,.T.);
#1087 = FACE_BOUND('',#1088,.T.);
#1088 = EDGE_LOOP('',(#1089,#1099,#1106,#1114));
#1089 = ORIENTED_EDGE('',*,*,#1090,.T.);
#1090 = EDGE_CURVE('',#1091,#1093,#1095,.T.);
#1091 = VERTEX_POINT('',#1092);
#1092 = CARTESIAN_POINT('',(650.,-1.006E+03,-503.));
#1093 = VERTEX_POINT('',#1094);
#1094 = CARTESIAN_POINT('',(650.,0.,-503.));
#1095 = LINE('',#1096,#1097);
#1096 = CARTESIAN_POINT('',(650.,-1.006E+03,-503.));
#1097 = VECTOR('',#1098,1.);
#1098 = DIRECTION('',(0.,1.,0.));
#1099 = ORIENTED_EDGE('',*,*,#1100,.T.);
#1100 = EDGE_CURVE('',#1093,#1101,#1103,.T.);
#1101 = VERTEX_POINT('',#1102);
#1102 = CARTESIAN_POINT('',(1.75E+03,-47.,-503.));
#1103 = B_SPLINE_CURVE_WITH_KNOTS('',1,(#1104,#1105),.UNSPECIFIED.,.F.,
  .F.,(2,2),(0.,1.),.PIECEWISE_BEZIER_KNOTS.);
#1104 = CARTESIAN_POINT('',(650.,0.,-503.));
#1105 = CARTESIAN_POINT('',(1.75E+03,-47.,-503.));
#1106 = ORIENTED_EDGE('',*,*,#1107,.F.);
#1107 = EDGE_CURVE('',#1108,#1101,#1110,.T.);
#1108 = VERTEX_POINT('',#1109);
#1109 = CARTESIAN_POINT('',(1.75E+03,-1.053E+03,-503.));
#1110 = LINE('',#1111,#1112);
#1111 = CARTESIAN_POINT('',(1.75E+03,-1.053E+03,-503.));
#1112 = VECTOR('',#1113,1.);
#1113 = DIRECTION('',(0.,1.,0.));
#1114 = ORIENTED_EDGE('',*,*,#1115,.F.);
#1115 = EDGE_CURVE('',#1091,#1108,#1116,.T.);
#1116 = B_SPLINE_CURVE_WITH_KNOTS('',1,(#1117,#1118),.UNSPECIFIED.,.F.,
  .F.,(2,2),(0.,1.),.PIECEWISE_BEZIER_KNOTS.);
#1117 = CARTESIAN_POINT('',(650.,-1.006E+03,-503.));
#1118 = CARTESIAN_POINT('',(1.75E+03,-1.053E+03,-503.));
#1119 = B_SPLINE_SURFACE_WITH_KNOTS('',1,1,(
    (#1120,#1121)
    ,(#1122,#1123
  )),.UNSPECIFIED.,.F.,.F.,.F.,(2,2),(2,2),(0.,1.006E+03),(0.,1.),
  .PIECEWISE_BEZIER_KNOTS.);
#1120 = CARTESIAN_POINT('',(650.,-1.006E+03,-503.));
#1121 = CARTESIAN_POINT('',(1.75E+03,-1.053E+03,-503.));
#1122 = CARTESIAN_POINT('',(650.,0.,-503.));
#1123 = CARTESIAN_POINT('',(1.75E+03,-47.,-503.));
#1124 = ADVANCED_FACE('',(#1125,#1150),#1182,.T.);
#1125 = FACE_BOUND('',#1126,.T.);
#1126 = EDGE_LOOP('',(#1127,#1128,#1136,#1144));
#1127 = ORIENTED_EDGE('',*,*,#1090,.F.);
#1128 = ORIENTED_EDGE('',*,*,#1129,.F.);
#1129 = EDGE_CURVE('',#1130,#1091,#1132,.T.);
#1130 = VERTEX_POINT('',#1131);
#1131 = CARTESIAN_POINT('',(650.,-1.006E+03,503.));
#1132 = LINE('',#1133,#1134);
#1133 = CARTESIAN_POINT('',(650.,-1.006E+03,503.));
#1134 = VECTOR('',#1135,1.);
#1135 = DIRECTION('',(0.,0.,-1.));
#1136 = ORIENTED_EDGE('',*,*,#1137,.F.);
#1137 = EDGE_CURVE('',#1138,#1130,#1140,.T.);
#1138 = VERTEX_POINT('',#1139);
#1139 = CARTESIAN_POINT('',(650.,0.,503.));
#1140 = LINE('',#1141,#1142);
#1141 = CARTESIAN_POINT('',(650.,0.,503.));
#1142 = VECTOR('',#1143,1.);
#1143 = DIRECTION('',(0.,-1.,0.));
#1144 = ORIENTED_EDGE('',*,*,#1145,.F.);
#1145 = EDGE_CURVE('',#1093,#1138,#1146,.T.);
#1146 = LINE('',#1147,#1148);
#1147 = CARTESIAN_POINT('',(650.,0.,-503.));
#1148 = VECTOR('',#1149,1.);
#1149 = DIRECTION('',(0.,0.,1.));
#1150 = FACE_BOUND('',#1151,.T.);
#1151 = EDGE_LOOP('',(#1152,#1161,#1169,#1176));
#1152 = ORIENTED_EDGE('',*,*,#1153,.F.);
#1153 = EDGE_CURVE('',#1154,#1156,#1158,.T.);
#1154 = VERTEX_POINT('',#1155);
#1155 = CARTESIAN_POINT('',(650.,-3.,-500.));
#1156 = VERTEX_POINT('',#1157);
#1157 = CARTESIAN_POINT('',(650.,-1.003E+03,-500.));
#1158 = B_SPLINE_CURVE_WITH_KNOTS('',1,(#1159,#1160),.UNSPECIFIED.,.F.,
  .F.,(2,2),(0.,1.),.PIECEWISE_BEZIER_KNOTS.);
#1159 = CARTESIAN_POINT('',(650.,-3.,-500.));
#1160 = CARTESIAN_POINT('',(650.,-1.003E+03,-500.));
#1161 = ORIENTED_EDGE('',*,*,#1162,.F.);
#1162 = EDGE_CURVE('',#1163,#1154,#1165,.T.);
#1163 = VERTEX_POINT('',#1164);
#1164 = CARTESIAN_POINT('',(650.,-3.,500.));
#1165 = LINE('',#1166,#1167);
#1166 = CARTESIAN_POINT('',(650.,-3.,-501.5));
#1167 = VECTOR('',#1168,1.);
#1168 = DIRECTION('',(-0.,0.,-1.));
#1169 = ORIENTED_EDGE('',*,*,#1170,.F.);
#1170 = EDGE_CURVE('',#1171,#1163,#1173,.T.);
#1171 = VERTEX_POINT('',#1172);
#1172 = CARTESIAN_POINT('',(650.,-1.003E+03,500.));
#1173 = B_SPLINE_CURVE_WITH_KNOTS('',1,(#1174,#1175),.UNSPECIFIED.,.F.,
  .F.,(2,2),(0.,1.),.PIECEWISE_BEZIER_KNOTS.);
#1174 = CARTESIAN_POINT('',(650.,-1.003E+03,500.));
#1175 = CARTESIAN_POINT('',(650.,-3.,500.));
#1176 = ORIENTED_EDGE('',*,*,#1177,.F.);
#1177 = EDGE_CURVE('',#1156,#1171,#1178,.T.);
#1178 = LINE('',#1179,#1180);
#1179 = CARTESIAN_POINT('',(650.,-1.003E+03,-1.5));
#1180 = VECTOR('',#1181,1.);
#1181 = DIRECTION('',(0.,-0.,1.));
#1182 = PLANE('',#1183);
#1183 = AXIS2_PLACEMENT_3D('',#1184,#1185,#1186);
#1184 = CARTESIAN_POINT('',(650.,-1.006E+03,-503.));
#1185 = DIRECTION('',(-1.,0.,0.));
#1186 = DIRECTION('',(0.,0.707106781187,0.707106781187));
#1187 = ADVANCED_FACE('',(#1188),#1205,.T.);
#1188 = FACE_BOUND('',#1189,.T.);
#1189 = EDGE_LOOP('',(#1190,#1191,#1198,#1204));
#1190 = ORIENTED_EDGE('',*,*,#1145,.T.);
#1191 = ORIENTED_EDGE('',*,*,#1192,.T.);
#1192 = EDGE_CURVE('',#1138,#1193,#1195,.T.);
#1193 = VERTEX_POINT('',#1194);
#1194 = CARTESIAN_POINT('',(1.75E+03,-47.,503.));
#1195 = B_SPLINE_CURVE_WITH_KNOTS('',1,(#1196,#1197),.UNSPECIFIED.,.F.,
  .F.,(2,2),(0.,1.),.PIECEWISE_BEZIER_KNOTS.);
#1196 = CARTESIAN_POINT('',(650.,0.,503.));
#1197 = CARTESIAN_POINT('',(1.75E+03,-47.,503.));
#1198 = ORIENTED_EDGE('',*,*,#1199,.F.);
#1199 = EDGE_CURVE('',#1101,#1193,#1200,.T.);
#1200 = LINE('',#1201,#1202);
#1201 = CARTESIAN_POINT('',(1.75E+03,-47.,-503.));
#1202 = VECTOR('',#1203,1.);
#1203 = DIRECTION('',(0.,0.,1.));
#1204 = ORIENTED_EDGE('',*,*,#1100,.F.);
#1205 = PLANE('',#1206);
#1206 = AXIS2_PLACEMENT_3D('',#1207,#1208,#1209);
#1207 = CARTESIAN_POINT('',(1.75E+03,-47.,-503.));
#1208 = DIRECTION('',(4.268832416982E-02,0.999088438017,-0.));
#1209 = DIRECTION('',(0.,0.,1.));
#1210 = ADVANCED_FACE('',(#1211,#1229),#1261,.F.);
#1211 = FACE_BOUND('',#1212,.F.);
#1212 = EDGE_LOOP('',(#1213,#1214,#1222,#1228));
#1213 = ORIENTED_EDGE('',*,*,#1107,.F.);
#1214 = ORIENTED_EDGE('',*,*,#1215,.F.);
#1215 = EDGE_CURVE('',#1216,#1108,#1218,.T.);
#1216 = VERTEX_POINT('',#1217);
#1217 = CARTESIAN_POINT('',(1.75E+03,-1.053E+03,503.));
#1218 = LINE('',#1219,#1220);
#1219 = CARTESIAN_POINT('',(1.75E+03,-1.053E+03,503.));
#1220 = VECTOR('',#1221,1.);
#1221 = DIRECTION('',(0.,0.,-1.));
#1222 = ORIENTED_EDGE('',*,*,#1223,.F.);
#1223 = EDGE_CURVE('',#1193,#1216,#1224,.T.);
#1224 = LINE('',#1225,#1226);
#1225 = CARTESIAN_POINT('',(1.75E+03,-47.,503.));
#1226 = VECTOR('',#1227,1.);
#1227 = DIRECTION('',(0.,-1.,0.));
#1228 = ORIENTED_EDGE('',*,*,#1199,.F.);
#1229 = FACE_BOUND('',#1230,.F.);
#1230 = EDGE_LOOP('',(#1231,#1240,#1248,#1255));
#1231 = ORIENTED_EDGE('',*,*,#1232,.F.);
#1232 = EDGE_CURVE('',#1233,#1235,#1237,.T.);
#1233 = VERTEX_POINT('',#1234);
#1234 = CARTESIAN_POINT('',(1.75E+03,-50.,-500.));
#1235 = VERTEX_POINT('',#1236);
#1236 = CARTESIAN_POINT('',(1.75E+03,-1.05E+03,-500.));
#1237 = B_SPLINE_CURVE_WITH_KNOTS('',1,(#1238,#1239),.UNSPECIFIED.,.F.,
  .F.,(2,2),(0.,1.),.PIECEWISE_BEZIER_KNOTS.);
#1238 = CARTESIAN_POINT('',(1.75E+03,-50.,-500.));
#1239 = CARTESIAN_POINT('',(1.75E+03,-1.05E+03,-500.));
#1240 = ORIENTED_EDGE('',*,*,#1241,.F.);
#1241 = EDGE_CURVE('',#1242,#1233,#1244,.T.);
#1242 = VERTEX_POINT('',#1243);
#1243 = CARTESIAN_POINT('',(1.75E+03,-50.,500.));
#1244 = LINE('',#1245,#1246);
#1245 = CARTESIAN_POINT('',(1.75E+03,-50.,-501.5));
#1246 = VECTOR('',#1247,1.);
#1247 = DIRECTION('',(-0.,0.,-1.));
#1248 = ORIENTED_EDGE('',*,*,#1249,.F.);
#1249 = EDGE_CURVE('',#1250,#1242,#1252,.T.);
#1250 = VERTEX_POINT('',#1251);
#1251 = CARTESIAN_POINT('',(1.75E+03,-1.05E+03,500.));
#1252 = B_SPLINE_CURVE_WITH_KNOTS('',1,(#1253,#1254),.UNSPECIFIED.,.F.,
  .F.,(2,2),(0.,1.),.PIECEWISE_BEZIER_KNOTS.);
#1253 = CARTESIAN_POINT('',(1.75E+03,-1.05E+03,500.));
#1254 = CARTESIAN_POINT('',(1.75E+03,-50.,500.));
#1255 = ORIENTED_EDGE('',*,*,#1256,.F.);
#1256 = EDGE_CURVE('',#1235,#1250,#1257,.T.);
#1257 = LINE('',#1258,#1259);
#1258 = CARTESIAN_POINT('',(1.75E+03,-1.05E+03,-1.5));
#1259 = VECTOR('',#1260,1.);
#1260 = DIRECTION('',(0.,-0.,1.));
#1261 = PLANE('',#1262);
#1262 = AXIS2_PLACEMENT_3D('',#1263,#1264,#1265);
#1263 = CARTESIAN_POINT('',(1.75E+03,-1.053E+03,-503.));
#1264 = DIRECTION('',(-1.,0.,0.));
#1265 = DIRECTION('',(0.,0.707106781187,0.707106781187));
#1266 = ADVANCED_FACE('',(#1267),#1277,.T.);
#1267 = FACE_BOUND('',#1268,.T.);
#1268 = EDGE_LOOP('',(#1269,#1270,#1271,#1272));
#1269 = ORIENTED_EDGE('',*,*,#1129,.T.);
#1270 = ORIENTED_EDGE('',*,*,#1115,.T.);
#1271 = ORIENTED_EDGE('',*,*,#1215,.F.);
#1272 = ORIENTED_EDGE('',*,*,#1273,.F.);
#1273 = EDGE_CURVE('',#1130,#1216,#1274,.T.);
#1274 = B_SPLINE_CURVE_WITH_KNOTS('',1,(#1275,#1276),.UNSPECIFIED.,.F.,
  .F.,(2,2),(0.,1.),.PIECEWISE_BEZIER_KNOTS.);
#1275 = CARTESIAN_POINT('',(650.,-1.006E+03,503.));
#1276 = CARTESIAN_POINT('',(1.75E+03,-1.053E+03,503.));
#1277 = PLANE('',#1278);
#1278 = AXIS2_PLACEMENT_3D('',#1279,#1280,#1281);
#1279 = CARTESIAN_POINT('',(1.75E+03,-1.053E+03,503.));
#1280 = DIRECTION('',(-4.268832416982E-02,-0.999088438017,-0.));
#1281 = DIRECTION('',(0.,0.,-1.));
#1282 = ADVANCED_FACE('',(#1283),#1289,.T.);
#1283 = FACE_BOUND('',#1284,.T.);
#1284 = EDGE_LOOP('',(#1285,#1286,#1287,#1288));
#1285 = ORIENTED_EDGE('',*,*,#1137,.T.);
#1286 = ORIENTED_EDGE('',*,*,#1273,.T.);
#1287 = ORIENTED_EDGE('',*,*,#1223,.F.);
#1288 = ORIENTED_EDGE('',*,*,#1192,.F.);
#1289 = B_SPLINE_SURFACE_WITH_KNOTS('',1,1,(
    (#1290,#1291)
    ,(#1292,#1293
  )),.UNSPECIFIED.,.F.,.F.,.F.,(2,2),(2,2),(0.,1.006E+03),(0.,1.),
  .PIECEWISE_BEZIER_KNOTS.);
#1290 = CARTESIAN_POINT('',(650.,0.,503.));
#1291 = CARTESIAN_POINT('',(1.75E+03,-47.,503.));
#1292 = CARTESIAN_POINT('',(650.,-1.006E+03,503.));
#1293 = CARTESIAN_POINT('',(1.75E+03,-1.053E+03,503.));
#1294 = ADVANCED_FACE('',(#1295),#1309,.F.);
#1295 = FACE_BOUND('',#1296,.F.);
#1296 = EDGE_LOOP('',(#1297,#1302,#1303,#1308));
#1297 = ORIENTED_EDGE('',*,*,#1298,.F.);
#1298 = EDGE_CURVE('',#1156,#1235,#1299,.T.);
#1299 = B_SPLINE_CURVE_WITH_KNOTS('',1,(#1300,#1301),.UNSPECIFIED.,.F.,
  .F.,(2,2),(0.,1.),.PIECEWISE_BEZIER_KNOTS.);
#1300 = CARTESIAN_POINT('',(649.9,-1.002995727273E+03,-500.));
#1301 = CARTESIAN_POINT('',(1.7501E+03,-1.050004272727E+03,-500.));
#1302 = ORIENTED_EDGE('',*,*,#1153,.F.);
#1303 = ORIENTED_EDGE('',*,*,#1304,.T.);
#1304 = EDGE_CURVE('',#1154,#1233,#1305,.T.);
#1305 = B_SPLINE_CURVE_WITH_KNOTS('',1,(#1306,#1307),.UNSPECIFIED.,.F.,
  .F.,(2,2),(0.,1.),.PIECEWISE_BEZIER_KNOTS.);
#1306 = CARTESIAN_POINT('',(649.9,-2.995727272727,-500.));
#1307 = CARTESIAN_POINT('',(1.7501E+03,-50.00427272727,-500.));
#1308 = ORIENTED_EDGE('',*,*,#1232,.T.);
#1309 = B_SPLINE_SURFACE_WITH_KNOTS('',1,1,(
    (#1310,#1311)
    ,(#1312,#1313
    )),.UNSPECIFIED.,.F.,.F.,.F.,(2,2),(2,2),(0.,1.E+03),(0.,1.),
  .PIECEWISE_BEZIER_KNOTS.);
#1310 = CARTESIAN_POINT('',(649.9,-1.002995727273E+03,-500.));
#1311 = CARTESIAN_POINT('',(1.7501E+03,-1.050004272727E+03,-500.));
#1312 = CARTESIAN_POINT('',(649.9,-2.995727272727,-500.));
#1313 = CARTESIAN_POINT('',(1.7501E+03,-50.00427272727,-500.));
#1314 = ADVANCED_FACE('',(#1315),#1325,.F.);
#1315 = FACE_BOUND('',#1316,.F.);
#1316 = EDGE_LOOP('',(#1317,#1322,#1323,#1324));
#1317 = ORIENTED_EDGE('',*,*,#1318,.F.);
#1318 = EDGE_CURVE('',#1171,#1250,#1319,.T.);
#1319 = B_SPLINE_CURVE_WITH_KNOTS('',1,(#1320,#1321),.UNSPECIFIED.,.F.,
  .F.,(2,2),(0.,1.),.PIECEWISE_BEZIER_KNOTS.);
#1320 = CARTESIAN_POINT('',(649.9,-1.002995727273E+03,500.));
#1321 = CARTESIAN_POINT('',(1.7501E+03,-1.050004272727E+03,500.));
#1322 = ORIENTED_EDGE('',*,*,#1177,.F.);
#1323 = ORIENTED_EDGE('',*,*,#1298,.T.);
#1324 = ORIENTED_EDGE('',*,*,#1256,.T.);
#1325 = PLANE('',#1326);
#1326 = AXIS2_PLACEMENT_3D('',#1327,#1328,#1329);
#1327 = CARTESIAN_POINT('',(1.7501E+03,-1.050004272727E+03,500.));
#1328 = DIRECTION('',(-4.268832416982E-02,-0.999088438017,-0.));
#1329 = DIRECTION('',(0.,0.,-1.));
#1330 = ADVANCED_FACE('',(#1331),#1341,.F.);
#1331 = FACE_BOUND('',#1332,.F.);
#1332 = EDGE_LOOP('',(#1333,#1338,#1339,#1340));
#1333 = ORIENTED_EDGE('',*,*,#1334,.F.);
#1334 = EDGE_CURVE('',#1163,#1242,#1335,.T.);
#1335 = B_SPLINE_CURVE_WITH_KNOTS('',1,(#1336,#1337),.UNSPECIFIED.,.F.,
  .F.,(2,2),(0.,1.),.PIECEWISE_BEZIER_KNOTS.);
#1336 = CARTESIAN_POINT('',(649.9,-2.995727272727,500.));
#1337 = CARTESIAN_POINT('',(1.7501E+03,-50.00427272727,500.));
#1338 = ORIENTED_EDGE('',*,*,#1170,.F.);
#1339 = ORIENTED_EDGE('',*,*,#1318,.T.);
#1340 = ORIENTED_EDGE('',*,*,#1249,.T.);
#1341 = B_SPLINE_SURFACE_WITH_KNOTS('',1,1,(
    (#1342,#1343)
    ,(#1344,#1345
    )),.UNSPECIFIED.,.F.,.F.,.F.,(2,2),(2,2),(0.,1.E+03),(0.,1.),
  .PIECEWISE_BEZIER_KNOTS.);
#1342 = CARTESIAN_POINT('',(649.9,-2.995727272727,500.));
#1343 = CARTESIAN_POINT('',(1.7501E+03,-50.00427272727,500.));
#1344 = CARTESIAN_POINT('',(649.9,-1.002995727273E+03,500.));
#1345 = CARTESIAN_POINT('',(1.7501E+03,-1.050004272727E+03,500.));
#1346 = ADVANCED_FACE('',(#1347),#1353,.F.);
#1347 = FACE_BOUND('',#1348,.F.);
#1348 = EDGE_LOOP('',(#1349,#1350,#1351,#1352));
#1349 = ORIENTED_EDGE('',*,*,#1304,.F.);
#1350 = ORIENTED_EDGE('',*,*,#1162,.F.);
#1351 = ORIENTED_EDGE('',*,*,#1334,.T.);
#1352 = ORIENTED_EDGE('',*,*,#1241,.T.);
#1353 = PLANE('',#1354);
#1354 = AXIS2_PLACEMENT_3D('',#1355,#1356,#1357);
#1355 = CARTESIAN_POINT('',(1.7501E+03,-50.00427272727,-500.));
#1356 = DIRECTION('',(4.268832416982E-02,0.999088438017,-0.));
#1357 = DIRECTION('',(0.,0.,1.));
#1358 = ( GEOMETRIC_REPRESENTATION_CONTEXT(3) 
GLOBAL_UNCERTAINTY_ASSIGNED_CONTEXT((#1362)) 
GLOBAL_UNIT_ASSIGNED_CONTEXT((#1359,#1360,#1361)) REPRESENTATION_CONTEXT
('Context #1','3D Context with UNIT and UNCERTAINTY') );
#1359 = ( LENGTH_UNIT() NAMED_UNIT(*) SI_UNIT(.MILLI.,.METRE.) );
#1360 = ( NAMED_UNIT(*) PLANE_ANGLE_UNIT() SI_UNIT($,.RADIAN.) );
#1361 = ( NAMED_UNIT(*) SI_UNIT($,.STERADIAN.) SOLID_ANGLE_UNIT() );
#1362 = UNCERTAINTY_MEASURE_WITH_UNIT(LENGTH_MEASURE(2.E-06),#1359,
  'distance_accuracy_value','confusion accuracy');
#1363 = CONTEXT_DEPENDENT_SHAPE_REPRESENTATION(#1364,#1366);
#1364 = ( REPRESENTATION_RELATIONSHIP('','',#1083,#747) 
REPRESENTATION_RELATIONSHIP_WITH_TRANSFORMATION(#1365) 
SHAPE_REPRESENTATION_RELATIONSHIP() );
#1365 = ITEM_DEFINED_TRANSFORMATION('','',#11,#752);
#1366 = PRODUCT_DEFINITION_SHAPE('Placement','Placement of an item',
  #1367);
#1367 = NEXT_ASSEMBLY_USAGE_OCCURRENCE('2',
  'Airkan-style offset, left branch','',#742,#1078,$);
#1368 = PRODUCT_RELATED_PRODUCT_CATEGORY('part',$,(#1080));
#1369 = SHAPE_DEFINITION_REPRESENTATION(#1370,#1376);
#1370 = PRODUCT_DEFINITION_SHAPE('','',#1371);
#1371 = PRODUCT_DEFINITION('design','',#1372,#1375);
#1372 = PRODUCT_DEFINITION_FORMATION('','',#1373);
#1373 = PRODUCT('Airkan-style offset, right branch',
  'Airkan-style offset, right branch','',(#1374));
#1374 = PRODUCT_CONTEXT('',#2,'mechanical');
#1375 = PRODUCT_DEFINITION_CONTEXT('part definition',#2,'design');
#1376 = ADVANCED_BREP_SHAPE_REPRESENTATION('',(#11,#1377),#1651);
#1377 = MANIFOLD_SOLID_BREP('',#1378);
#1378 = CLOSED_SHELL('',(#1379,#1417,#1480,#1503,#1559,#1575,#1587,#1607
    ,#1623,#1639));
#1379 = ADVANCED_FACE('',(#1380),#1412,.T.);
#1380 = FACE_BOUND('',#1381,.T.);
#1381 = EDGE_LOOP('',(#1382,#1392,#1399,#1407));
#1382 = ORIENTED_EDGE('',*,*,#1383,.T.);
#1383 = EDGE_CURVE('',#1384,#1386,#1388,.T.);
#1384 = VERTEX_POINT('',#1385);
#1385 = CARTESIAN_POINT('',(650.,0.,-503.));
#1386 = VERTEX_POINT('',#1387);
#1387 = CARTESIAN_POINT('',(650.,1.006E+03,-503.));
#1388 = LINE('',#1389,#1390);
#1389 = CARTESIAN_POINT('',(650.,0.,-503.));
#1390 = VECTOR('',#1391,1.);
#1391 = DIRECTION('',(0.,1.,0.));
#1392 = ORIENTED_EDGE('',*,*,#1393,.T.);
#1393 = EDGE_CURVE('',#1386,#1394,#1396,.T.);
#1394 = VERTEX_POINT('',#1395);
#1395 = CARTESIAN_POINT('',(1.75E+03,1.053E+03,-503.));
#1396 = B_SPLINE_CURVE_WITH_KNOTS('',1,(#1397,#1398),.UNSPECIFIED.,.F.,
  .F.,(2,2),(0.,1.),.PIECEWISE_BEZIER_KNOTS.);
#1397 = CARTESIAN_POINT('',(650.,1.006E+03,-503.));
#1398 = CARTESIAN_POINT('',(1.75E+03,1.053E+03,-503.));
#1399 = ORIENTED_EDGE('',*,*,#1400,.F.);
#1400 = EDGE_CURVE('',#1401,#1394,#1403,.T.);
#1401 = VERTEX_POINT('',#1402);
#1402 = CARTESIAN_POINT('',(1.75E+03,47.,-503.));
#1403 = LINE('',#1404,#1405);
#1404 = CARTESIAN_POINT('',(1.75E+03,47.,-503.));
#1405 = VECTOR('',#1406,1.);
#1406 = DIRECTION('',(0.,1.,0.));
#1407 = ORIENTED_EDGE('',*,*,#1408,.F.);
#1408 = EDGE_CURVE('',#1384,#1401,#1409,.T.);
#1409 = B_SPLINE_CURVE_WITH_KNOTS('',1,(#1410,#1411),.UNSPECIFIED.,.F.,
  .F.,(2,2),(0.,1.),.PIECEWISE_BEZIER_KNOTS.);
#1410 = CARTESIAN_POINT('',(650.,0.,-503.));
#1411 = CARTESIAN_POINT('',(1.75E+03,47.,-503.));
#1412 = B_SPLINE_SURFACE_WITH_KNOTS('',1,1,(
    (#1413,#1414)
    ,(#1415,#1416
  )),.UNSPECIFIED.,.F.,.F.,.F.,(2,2),(2,2),(0.,1.006E+03),(0.,1.),
  .PIECEWISE_BEZIER_KNOTS.);
#1413 = CARTESIAN_POINT('',(650.,0.,-503.));
#1414 = CARTESIAN_POINT('',(1.75E+03,47.,-503.));
#1415 = CARTESIAN_POINT('',(650.,1.006E+03,-503.));
#1416 = CARTESIAN_POINT('',(1.75E+03,1.053E+03,-503.));
#1417 = ADVANCED_FACE('',(#1418,#1443),#1475,.T.);
#1418 = FACE_BOUND('',#1419,.T.);
#1419 = EDGE_LOOP('',(#1420,#1421,#1429,#1437));
#1420 = ORIENTED_EDGE('',*,*,#1383,.F.);
#1421 = ORIENTED_EDGE('',*,*,#1422,.F.);
#1422 = EDGE_CURVE('',#1423,#1384,#1425,.T.);
#1423 = VERTEX_POINT('',#1424);
#1424 = CARTESIAN_POINT('',(650.,0.,503.));
#1425 = LINE('',#1426,#1427);
#1426 = CARTESIAN_POINT('',(650.,0.,503.));
#1427 = VECTOR('',#1428,1.);
#1428 = DIRECTION('',(0.,0.,-1.));
#1429 = ORIENTED_EDGE('',*,*,#1430,.F.);
#1430 = EDGE_CURVE('',#1431,#1423,#1433,.T.);
#1431 = VERTEX_POINT('',#1432);
#1432 = CARTESIAN_POINT('',(650.,1.006E+03,503.));
#1433 = LINE('',#1434,#1435);
#1434 = CARTESIAN_POINT('',(650.,1.006E+03,503.));
#1435 = VECTOR('',#1436,1.);
#1436 = DIRECTION('',(0.,-1.,0.));
#1437 = ORIENTED_EDGE('',*,*,#1438,.F.);
#1438 = EDGE_CURVE('',#1386,#1431,#1439,.T.);
#1439 = LINE('',#1440,#1441);
#1440 = CARTESIAN_POINT('',(650.,1.006E+03,-503.));
#1441 = VECTOR('',#1442,1.);
#1442 = DIRECTION('',(0.,0.,1.));
#1443 = FACE_BOUND('',#1444,.T.);
#1444 = EDGE_LOOP('',(#1445,#1454,#1462,#1469));
#1445 = ORIENTED_EDGE('',*,*,#1446,.F.);
#1446 = EDGE_CURVE('',#1447,#1449,#1451,.T.);
#1447 = VERTEX_POINT('',#1448);
#1448 = CARTESIAN_POINT('',(650.,1.003E+03,-500.));
#1449 = VERTEX_POINT('',#1450);
#1450 = CARTESIAN_POINT('',(650.,3.,-500.));
#1451 = B_SPLINE_CURVE_WITH_KNOTS('',1,(#1452,#1453),.UNSPECIFIED.,.F.,
  .F.,(2,2),(0.,1.),.PIECEWISE_BEZIER_KNOTS.);
#1452 = CARTESIAN_POINT('',(650.,1.003E+03,-500.));
#1453 = CARTESIAN_POINT('',(650.,3.,-500.));
#1454 = ORIENTED_EDGE('',*,*,#1455,.F.);
#1455 = EDGE_CURVE('',#1456,#1447,#1458,.T.);
#1456 = VERTEX_POINT('',#1457);
#1457 = CARTESIAN_POINT('',(650.,1.003E+03,500.));
#1458 = LINE('',#1459,#1460);
#1459 = CARTESIAN_POINT('',(650.,1.003E+03,-501.5));
#1460 = VECTOR('',#1461,1.);
#1461 = DIRECTION('',(0.,0.,-1.));
#1462 = ORIENTED_EDGE('',*,*,#1463,.F.);
#1463 = EDGE_CURVE('',#1464,#1456,#1466,.T.);
#1464 = VERTEX_POINT('',#1465);
#1465 = CARTESIAN_POINT('',(650.,3.,500.));
#1466 = B_SPLINE_CURVE_WITH_KNOTS('',1,(#1467,#1468),.UNSPECIFIED.,.F.,
  .F.,(2,2),(0.,1.),.PIECEWISE_BEZIER_KNOTS.);
#1467 = CARTESIAN_POINT('',(650.,3.,500.));
#1468 = CARTESIAN_POINT('',(650.,1.003E+03,500.));
#1469 = ORIENTED_EDGE('',*,*,#1470,.F.);
#1470 = EDGE_CURVE('',#1449,#1464,#1471,.T.);
#1471 = LINE('',#1472,#1473);
#1472 = CARTESIAN_POINT('',(650.,3.,-1.5));
#1473 = VECTOR('',#1474,1.);
#1474 = DIRECTION('',(0.,0.,1.));
#1475 = PLANE('',#1476);
#1476 = AXIS2_PLACEMENT_3D('',#1477,#1478,#1479);
#1477 = CARTESIAN_POINT('',(650.,0.,-503.));
#1478 = DIRECTION('',(-1.,0.,0.));
#1479 = DIRECTION('',(0.,0.707106781187,0.707106781187));
#1480 = ADVANCED_FACE('',(#1481),#1498,.T.);
#1481 = FACE_BOUND('',#1482,.T.);
#1482 = EDGE_LOOP('',(#1483,#1484,#1491,#1497));
#1483 = ORIENTED_EDGE('',*,*,#1438,.T.);
#1484 = ORIENTED_EDGE('',*,*,#1485,.T.);
#1485 = EDGE_CURVE('',#1431,#1486,#1488,.T.);
#1486 = VERTEX_POINT('',#1487);
#1487 = CARTESIAN_POINT('',(1.75E+03,1.053E+03,503.));
#1488 = B_SPLINE_CURVE_WITH_KNOTS('',1,(#1489,#1490),.UNSPECIFIED.,.F.,
  .F.,(2,2),(0.,1.),.PIECEWISE_BEZIER_KNOTS.);
#1489 = CARTESIAN_POINT('',(650.,1.006E+03,503.));
#1490 = CARTESIAN_POINT('',(1.75E+03,1.053E+03,503.));
#1491 = ORIENTED_EDGE('',*,*,#1492,.F.);
#1492 = EDGE_CURVE('',#1394,#1486,#1493,.T.);
#1493 = LINE('',#1494,#1495);
#1494 = CARTESIAN_POINT('',(1.75E+03,1.053E+03,-503.));
#1495 = VECTOR('',#1496,1.);
#1496 = DIRECTION('',(0.,0.,1.));
#1497 = ORIENTED_EDGE('',*,*,#1393,.F.);
#1498 = PLANE('',#1499);
#1499 = AXIS2_PLACEMENT_3D('',#1500,#1501,#1502);
#1500 = CARTESIAN_POINT('',(1.75E+03,1.053E+03,-503.));
#1501 = DIRECTION('',(-4.268832416982E-02,0.999088438017,0.));
#1502 = DIRECTION('',(0.,0.,1.));
#1503 = ADVANCED_FACE('',(#1504,#1522),#1554,.F.);
#1504 = FACE_BOUND('',#1505,.F.);
#1505 = EDGE_LOOP('',(#1506,#1507,#1515,#1521));
#1506 = ORIENTED_EDGE('',*,*,#1400,.F.);
#1507 = ORIENTED_EDGE('',*,*,#1508,.F.);
#1508 = EDGE_CURVE('',#1509,#1401,#1511,.T.);
#1509 = VERTEX_POINT('',#1510);
#1510 = CARTESIAN_POINT('',(1.75E+03,47.,503.));
#1511 = LINE('',#1512,#1513);
#1512 = CARTESIAN_POINT('',(1.75E+03,47.,503.));
#1513 = VECTOR('',#1514,1.);
#1514 = DIRECTION('',(0.,0.,-1.));
#1515 = ORIENTED_EDGE('',*,*,#1516,.F.);
#1516 = EDGE_CURVE('',#1486,#1509,#1517,.T.);
#1517 = LINE('',#1518,#1519);
#1518 = CARTESIAN_POINT('',(1.75E+03,1.053E+03,503.));
#1519 = VECTOR('',#1520,1.);
#1520 = DIRECTION('',(0.,-1.,0.));
#1521 = ORIENTED_EDGE('',*,*,#1492,.F.);
#1522 = FACE_BOUND('',#1523,.F.);
#1523 = EDGE_LOOP('',(#1524,#1533,#1541,#1548));
#1524 = ORIENTED_EDGE('',*,*,#1525,.F.);
#1525 = EDGE_CURVE('',#1526,#1528,#1530,.T.);
#1526 = VERTEX_POINT('',#1527);
#1527 = CARTESIAN_POINT('',(1.75E+03,1.05E+03,-500.));
#1528 = VERTEX_POINT('',#1529);
#1529 = CARTESIAN_POINT('',(1.75E+03,50.,-500.));
#1530 = B_SPLINE_CURVE_WITH_KNOTS('',1,(#1531,#1532),.UNSPECIFIED.,.F.,
  .F.,(2,2),(0.,1.),.PIECEWISE_BEZIER_KNOTS.);
#1531 = CARTESIAN_POINT('',(1.75E+03,1.05E+03,-500.));
#1532 = CARTESIAN_POINT('',(1.75E+03,50.,-500.));
#1533 = ORIENTED_EDGE('',*,*,#1534,.F.);
#1534 = EDGE_CURVE('',#1535,#1526,#1537,.T.);
#1535 = VERTEX_POINT('',#1536);
#1536 = CARTESIAN_POINT('',(1.75E+03,1.05E+03,500.));
#1537 = LINE('',#1538,#1539);
#1538 = CARTESIAN_POINT('',(1.75E+03,1.05E+03,-501.5));
#1539 = VECTOR('',#1540,1.);
#1540 = DIRECTION('',(0.,0.,-1.));
#1541 = ORIENTED_EDGE('',*,*,#1542,.F.);
#1542 = EDGE_CURVE('',#1543,#1535,#1545,.T.);
#1543 = VERTEX_POINT('',#1544);
#1544 = CARTESIAN_POINT('',(1.75E+03,50.,500.));
#1545 = B_SPLINE_CURVE_WITH_KNOTS('',1,(#1546,#1547),.UNSPECIFIED.,.F.,
  .F.,(2,2),(0.,1.),.PIECEWISE_BEZIER_KNOTS.);
#1546 = CARTESIAN_POINT('',(1.75E+03,50.,500.));
#1547 = CARTESIAN_POINT('',(1.75E+03,1.05E+03,500.));
#1548 = ORIENTED_EDGE('',*,*,#1549,.F.);
#1549 = EDGE_CURVE('',#1528,#1543,#1550,.T.);
#1550 = LINE('',#1551,#1552);
#1551 = CARTESIAN_POINT('',(1.75E+03,50.,-1.5));
#1552 = VECTOR('',#1553,1.);
#1553 = DIRECTION('',(0.,0.,1.));
#1554 = PLANE('',#1555);
#1555 = AXIS2_PLACEMENT_3D('',#1556,#1557,#1558);
#1556 = CARTESIAN_POINT('',(1.75E+03,47.,-503.));
#1557 = DIRECTION('',(-1.,0.,0.));
#1558 = DIRECTION('',(0.,0.707106781187,0.707106781187));
#1559 = ADVANCED_FACE('',(#1560),#1570,.T.);
#1560 = FACE_BOUND('',#1561,.T.);
#1561 = EDGE_LOOP('',(#1562,#1563,#1564,#1565));
#1562 = ORIENTED_EDGE('',*,*,#1422,.T.);
#1563 = ORIENTED_EDGE('',*,*,#1408,.T.);
#1564 = ORIENTED_EDGE('',*,*,#1508,.F.);
#1565 = ORIENTED_EDGE('',*,*,#1566,.F.);
#1566 = EDGE_CURVE('',#1423,#1509,#1567,.T.);
#1567 = B_SPLINE_CURVE_WITH_KNOTS('',1,(#1568,#1569),.UNSPECIFIED.,.F.,
  .F.,(2,2),(0.,1.),.PIECEWISE_BEZIER_KNOTS.);
#1568 = CARTESIAN_POINT('',(650.,0.,503.));
#1569 = CARTESIAN_POINT('',(1.75E+03,47.,503.));
#1570 = PLANE('',#1571);
#1571 = AXIS2_PLACEMENT_3D('',#1572,#1573,#1574);
#1572 = CARTESIAN_POINT('',(1.75E+03,47.,503.));
#1573 = DIRECTION('',(4.268832416982E-02,-0.999088438017,0.));
#1574 = DIRECTION('',(0.,0.,-1.));
#1575 = ADVANCED_FACE('',(#1576),#1582,.T.);
#1576 = FACE_BOUND('',#1577,.T.);
#1577 = EDGE_LOOP('',(#1578,#1579,#1580,#1581));
#1578 = ORIENTED_EDGE('',*,*,#1430,.T.);
#1579 = ORIENTED_EDGE('',*,*,#1566,.T.);
#1580 = ORIENTED_EDGE('',*,*,#1516,.F.);
#1581 = ORIENTED_EDGE('',*,*,#1485,.F.);
#1582 = B_SPLINE_SURFACE_WITH_KNOTS('',1,1,(
    (#1583,#1584)
    ,(#1585,#1586
  )),.UNSPECIFIED.,.F.,.F.,.F.,(2,2),(2,2),(0.,1.006E+03),(0.,1.),
  .PIECEWISE_BEZIER_KNOTS.);
#1583 = CARTESIAN_POINT('',(650.,1.006E+03,503.));
#1584 = CARTESIAN_POINT('',(1.75E+03,1.053E+03,503.));
#1585 = CARTESIAN_POINT('',(650.,0.,503.));
#1586 = CARTESIAN_POINT('',(1.75E+03,47.,503.));
#1587 = ADVANCED_FACE('',(#1588),#1602,.F.);
#1588 = FACE_BOUND('',#1589,.F.);
#1589 = EDGE_LOOP('',(#1590,#1595,#1596,#1601));
#1590 = ORIENTED_EDGE('',*,*,#1591,.F.);
#1591 = EDGE_CURVE('',#1449,#1528,#1592,.T.);
#1592 = B_SPLINE_CURVE_WITH_KNOTS('',1,(#1593,#1594),.UNSPECIFIED.,.F.,
  .F.,(2,2),(0.,1.),.PIECEWISE_BEZIER_KNOTS.);
#1593 = CARTESIAN_POINT('',(649.9,2.995727272727,-500.));
#1594 = CARTESIAN_POINT('',(1.7501E+03,50.004272727273,-500.));
#1595 = ORIENTED_EDGE('',*,*,#1446,.F.);
#1596 = ORIENTED_EDGE('',*,*,#1597,.T.);
#1597 = EDGE_CURVE('',#1447,#1526,#1598,.T.);
#1598 = B_SPLINE_CURVE_WITH_KNOTS('',1,(#1599,#1600),.UNSPECIFIED.,.F.,
  .F.,(2,2),(0.,1.),.PIECEWISE_BEZIER_KNOTS.);
#1599 = CARTESIAN_POINT('',(649.9,1.002995727273E+03,-500.));
#1600 = CARTESIAN_POINT('',(1.7501E+03,1.050004272727E+03,-500.));
#1601 = ORIENTED_EDGE('',*,*,#1525,.T.);
#1602 = B_SPLINE_SURFACE_WITH_KNOTS('',1,1,(
    (#1603,#1604)
    ,(#1605,#1606
    )),.UNSPECIFIED.,.F.,.F.,.F.,(2,2),(2,2),(0.,1.E+03),(0.,1.),
  .PIECEWISE_BEZIER_KNOTS.);
#1603 = CARTESIAN_POINT('',(649.9,2.995727272727,-500.));
#1604 = CARTESIAN_POINT('',(1.7501E+03,50.004272727273,-500.));
#1605 = CARTESIAN_POINT('',(649.9,1.002995727273E+03,-500.));
#1606 = CARTESIAN_POINT('',(1.7501E+03,1.050004272727E+03,-500.));
#1607 = ADVANCED_FACE('',(#1608),#1618,.F.);
#1608 = FACE_BOUND('',#1609,.F.);
#1609 = EDGE_LOOP('',(#1610,#1615,#1616,#1617));
#1610 = ORIENTED_EDGE('',*,*,#1611,.F.);
#1611 = EDGE_CURVE('',#1464,#1543,#1612,.T.);
#1612 = B_SPLINE_CURVE_WITH_KNOTS('',1,(#1613,#1614),.UNSPECIFIED.,.F.,
  .F.,(2,2),(0.,1.),.PIECEWISE_BEZIER_KNOTS.);
#1613 = CARTESIAN_POINT('',(649.9,2.995727272727,500.));
#1614 = CARTESIAN_POINT('',(1.7501E+03,50.004272727273,500.));
#1615 = ORIENTED_EDGE('',*,*,#1470,.F.);
#1616 = ORIENTED_EDGE('',*,*,#1591,.T.);
#1617 = ORIENTED_EDGE('',*,*,#1549,.T.);
#1618 = PLANE('',#1619);
#1619 = AXIS2_PLACEMENT_3D('',#1620,#1621,#1622);
#1620 = CARTESIAN_POINT('',(1.7501E+03,50.004272727273,500.));
#1621 = DIRECTION('',(4.268832416982E-02,-0.999088438017,0.));
#1622 = DIRECTION('',(0.,0.,-1.));
#1623 = ADVANCED_FACE('',(#1624),#1634,.F.);
#1624 = FACE_BOUND('',#1625,.F.);
#1625 = EDGE_LOOP('',(#1626,#1631,#1632,#1633));
#1626 = ORIENTED_EDGE('',*,*,#1627,.F.);
#1627 = EDGE_CURVE('',#1456,#1535,#1628,.T.);
#1628 = B_SPLINE_CURVE_WITH_KNOTS('',1,(#1629,#1630),.UNSPECIFIED.,.F.,
  .F.,(2,2),(0.,1.),.PIECEWISE_BEZIER_KNOTS.);
#1629 = CARTESIAN_POINT('',(649.9,1.002995727273E+03,500.));
#1630 = CARTESIAN_POINT('',(1.7501E+03,1.050004272727E+03,500.));
#1631 = ORIENTED_EDGE('',*,*,#1463,.F.);
#1632 = ORIENTED_EDGE('',*,*,#1611,.T.);
#1633 = ORIENTED_EDGE('',*,*,#1542,.T.);
#1634 = B_SPLINE_SURFACE_WITH_KNOTS('',1,1,(
    (#1635,#1636)
    ,(#1637,#1638
    )),.UNSPECIFIED.,.F.,.F.,.F.,(2,2),(2,2),(0.,1.E+03),(0.,1.),
  .PIECEWISE_BEZIER_KNOTS.);
#1635 = CARTESIAN_POINT('',(649.9,1.002995727273E+03,500.));
#1636 = CARTESIAN_POINT('',(1.7501E+03,1.050004272727E+03,500.));
#1637 = CARTESIAN_POINT('',(649.9,2.995727272727,500.));
#1638 = CARTESIAN_POINT('',(1.7501E+03,50.004272727273,500.));
#1639 = ADVANCED_FACE('',(#1640),#1646,.F.);
#1640 = FACE_BOUND('',#1641,.F.);
#1641 = EDGE_LOOP('',(#1642,#1643,#1644,#1645));
#1642 = ORIENTED_EDGE('',*,*,#1597,.F.);
#1643 = ORIENTED_EDGE('',*,*,#1455,.F.);
#1644 = ORIENTED_EDGE('',*,*,#1627,.T.);
#1645 = ORIENTED_EDGE('',*,*,#1534,.T.);
#1646 = PLANE('',#1647);
#1647 = AXIS2_PLACEMENT_3D('',#1648,#1649,#1650);
#1648 = CARTESIAN_POINT('',(1.7501E+03,1.050004272727E+03,-500.));
#1649 = DIRECTION('',(-4.268832416982E-02,0.999088438017,0.));
#1650 = DIRECTION('',(0.,0.,1.));
#1651 = ( GEOMETRIC_REPRESENTATION_CONTEXT(3) 
GLOBAL_UNCERTAINTY_ASSIGNED_CONTEXT((#1655)) 
GLOBAL_UNIT_ASSIGNED_CONTEXT((#1652,#1653,#1654)) REPRESENTATION_CONTEXT
('Context #1','3D Context with UNIT and UNCERTAINTY') );
#1652 = ( LENGTH_UNIT() NAMED_UNIT(*) SI_UNIT(.MILLI.,.METRE.) );
#1653 = ( NAMED_UNIT(*) PLANE_ANGLE_UNIT() SI_UNIT($,.RADIAN.) );
#1654 = ( NAMED_UNIT(*) SI_UNIT($,.STERADIAN.) SOLID_ANGLE_UNIT() );
#1655 = UNCERTAINTY_MEASURE_WITH_UNIT(LENGTH_MEASURE(2.E-06),#1652,
  'distance_accuracy_value','confusion accuracy');
#1656 = CONTEXT_DEPENDENT_SHAPE_REPRESENTATION(#1657,#1659);
#1657 = ( REPRESENTATION_RELATIONSHIP('','',#1376,#747) 
REPRESENTATION_RELATIONSHIP_WITH_TRANSFORMATION(#1658) 
SHAPE_REPRESENTATION_RELATIONSHIP() );
#1658 = ITEM_DEFINED_TRANSFORMATION('','',#11,#756);
#1659 = PRODUCT_DEFINITION_SHAPE('Placement','Placement of an item',
  #1660);
#1660 = NEXT_ASSEMBLY_USAGE_OCCURRENCE('3',
  'Airkan-style offset, right branch','',#742,#1371,$);
#1661 = PRODUCT_RELATED_PRODUCT_CATEGORY('part',$,(#1373));
#1662 = SHAPE_DEFINITION_REPRESENTATION(#1663,#1669);
#1663 = PRODUCT_DEFINITION_SHAPE('','',#1664);
#1664 = PRODUCT_DEFINITION('design','',#1665,#1668);
#1665 = PRODUCT_DEFINITION_FORMATION('','',#1666);
#1666 = PRODUCT('Reference inlet flange frame',
  'Reference inlet flange frame','',(#1667));
#1667 = PRODUCT_CONTEXT('',#2,'mechanical');
#1668 = PRODUCT_DEFINITION_CONTEXT('part definition',#2,'design');
#1669 = ADVANCED_BREP_SHAPE_REPRESENTATION('',(#11,#1670),#1956);
#1670 = MANIFOLD_SOLID_BREP('',#1671);
#1671 = CLOSED_SHELL('',(#1672,#1746,#1777,#1801,#1825,#1842,#1873,#1897
    ,#1921,#1938));
#1672 = ADVANCED_FACE('',(#1673,#1707),#1741,.F.);
#1673 = FACE_BOUND('',#1674,.F.);
#1674 = EDGE_LOOP('',(#1675,#1685,#1693,#1701));
#1675 = ORIENTED_EDGE('',*,*,#1676,.F.);
#1676 = EDGE_CURVE('',#1677,#1679,#1681,.T.);
#1677 = VERTEX_POINT('',#1678);
#1678 = CARTESIAN_POINT('',(0.,-550.,-550.));
#1679 = VERTEX_POINT('',#1680);
#1680 = CARTESIAN_POINT('',(0.,-550.,550.));
#1681 = LINE('',#1682,#1683);
#1682 = CARTESIAN_POINT('',(0.,-550.,-550.));
#1683 = VECTOR('',#1684,1.);
#1684 = DIRECTION('',(0.,0.,1.));
#1685 = ORIENTED_EDGE('',*,*,#1686,.T.);
#1686 = EDGE_CURVE('',#1677,#1687,#1689,.T.);
#1687 = VERTEX_POINT('',#1688);
#1688 = CARTESIAN_POINT('',(0.,550.,-550.));
#1689 = LINE('',#1690,#1691);
#1690 = CARTESIAN_POINT('',(0.,-550.,-550.));
#1691 = VECTOR('',#1692,1.);
#1692 = DIRECTION('',(-0.,1.,0.));
#1693 = ORIENTED_EDGE('',*,*,#1694,.T.);
#1694 = EDGE_CURVE('',#1687,#1695,#1697,.T.);
#1695 = VERTEX_POINT('',#1696);
#1696 = CARTESIAN_POINT('',(0.,550.,550.));
#1697 = LINE('',#1698,#1699);
#1698 = CARTESIAN_POINT('',(0.,550.,-550.));
#1699 = VECTOR('',#1700,1.);
#1700 = DIRECTION('',(0.,0.,1.));
#1701 = ORIENTED_EDGE('',*,*,#1702,.F.);
#1702 = EDGE_CURVE('',#1679,#1695,#1703,.T.);
#1703 = LINE('',#1704,#1705);
#1704 = CARTESIAN_POINT('',(0.,-550.,550.));
#1705 = VECTOR('',#1706,1.);
#1706 = DIRECTION('',(-0.,1.,0.));
#1707 = FACE_BOUND('',#1708,.F.);
#1708 = EDGE_LOOP('',(#1709,#1719,#1727,#1735));
#1709 = ORIENTED_EDGE('',*,*,#1710,.T.);
#1710 = EDGE_CURVE('',#1711,#1713,#1715,.T.);
#1711 = VERTEX_POINT('',#1712);
#1712 = CARTESIAN_POINT('',(0.,500.,-500.));
#1713 = VERTEX_POINT('',#1714);
#1714 = CARTESIAN_POINT('',(0.,-500.,-500.));
#1715 = LINE('',#1716,#1717);
#1716 = CARTESIAN_POINT('',(0.,-525.,-500.));
#1717 = VECTOR('',#1718,1.);
#1718 = DIRECTION('',(0.,-1.,0.));
#1719 = ORIENTED_EDGE('',*,*,#1720,.T.);
#1720 = EDGE_CURVE('',#1713,#1721,#1723,.T.);
#1721 = VERTEX_POINT('',#1722);
#1722 = CARTESIAN_POINT('',(0.,-500.,500.));
#1723 = LINE('',#1724,#1725);
#1724 = CARTESIAN_POINT('',(0.,-500.,-525.));
#1725 = VECTOR('',#1726,1.);
#1726 = DIRECTION('',(0.,0.,1.));
#1727 = ORIENTED_EDGE('',*,*,#1728,.F.);
#1728 = EDGE_CURVE('',#1729,#1721,#1731,.T.);
#1729 = VERTEX_POINT('',#1730);
#1730 = CARTESIAN_POINT('',(0.,500.,500.));
#1731 = LINE('',#1732,#1733);
#1732 = CARTESIAN_POINT('',(0.,-525.,500.));
#1733 = VECTOR('',#1734,1.);
#1734 = DIRECTION('',(0.,-1.,0.));
#1735 = ORIENTED_EDGE('',*,*,#1736,.F.);
#1736 = EDGE_CURVE('',#1711,#1729,#1737,.T.);
#1737 = LINE('',#1738,#1739);
#1738 = CARTESIAN_POINT('',(0.,500.,-525.));
#1739 = VECTOR('',#1740,1.);
#1740 = DIRECTION('',(0.,0.,1.));
#1741 = PLANE('',#1742);
#1742 = AXIS2_PLACEMENT_3D('',#1743,#1744,#1745);
#1743 = CARTESIAN_POINT('',(0.,-550.,-550.));
#1744 = DIRECTION('',(1.,0.,-0.));
#1745 = DIRECTION('',(0.,0.,1.));
#1746 = ADVANCED_FACE('',(#1747),#1772,.F.);
#1747 = FACE_BOUND('',#1748,.F.);
#1748 = EDGE_LOOP('',(#1749,#1757,#1758,#1766));
#1749 = ORIENTED_EDGE('',*,*,#1750,.F.);
#1750 = EDGE_CURVE('',#1677,#1751,#1753,.T.);
#1751 = VERTEX_POINT('',#1752);
#1752 = CARTESIAN_POINT('',(30.,-550.,-550.));
#1753 = LINE('',#1754,#1755);
#1754 = CARTESIAN_POINT('',(0.,-550.,-550.));
#1755 = VECTOR('',#1756,1.);
#1756 = DIRECTION('',(1.,0.,-0.));
#1757 = ORIENTED_EDGE('',*,*,#1676,.T.);
#1758 = ORIENTED_EDGE('',*,*,#1759,.T.);
#1759 = EDGE_CURVE('',#1679,#1760,#1762,.T.);
#1760 = VERTEX_POINT('',#1761);
#1761 = CARTESIAN_POINT('',(30.,-550.,550.));
#1762 = LINE('',#1763,#1764);
#1763 = CARTESIAN_POINT('',(0.,-550.,550.));
#1764 = VECTOR('',#1765,1.);
#1765 = DIRECTION('',(1.,0.,-0.));
#1766 = ORIENTED_EDGE('',*,*,#1767,.F.);
#1767 = EDGE_CURVE('',#1751,#1760,#1768,.T.);
#1768 = LINE('',#1769,#1770);
#1769 = CARTESIAN_POINT('',(30.,-550.,-550.));
#1770 = VECTOR('',#1771,1.);
#1771 = DIRECTION('',(0.,0.,1.));
#1772 = PLANE('',#1773);
#1773 = AXIS2_PLACEMENT_3D('',#1774,#1775,#1776);
#1774 = CARTESIAN_POINT('',(0.,-550.,-550.));
#1775 = DIRECTION('',(-0.,1.,0.));
#1776 = DIRECTION('',(0.,0.,1.));
#1777 = ADVANCED_FACE('',(#1778),#1796,.T.);
#1778 = FACE_BOUND('',#1779,.T.);
#1779 = EDGE_LOOP('',(#1780,#1781,#1782,#1790));
#1780 = ORIENTED_EDGE('',*,*,#1702,.F.);
#1781 = ORIENTED_EDGE('',*,*,#1759,.T.);
#1782 = ORIENTED_EDGE('',*,*,#1783,.T.);
#1783 = EDGE_CURVE('',#1760,#1784,#1786,.T.);
#1784 = VERTEX_POINT('',#1785);
#1785 = CARTESIAN_POINT('',(30.,550.,550.));
#1786 = LINE('',#1787,#1788);
#1787 = CARTESIAN_POINT('',(30.,-550.,550.));
#1788 = VECTOR('',#1789,1.);
#1789 = DIRECTION('',(-0.,1.,0.));
#1790 = ORIENTED_EDGE('',*,*,#1791,.F.);
#1791 = EDGE_CURVE('',#1695,#1784,#1792,.T.);
#1792 = LINE('',#1793,#1794);
#1793 = CARTESIAN_POINT('',(0.,550.,550.));
#1794 = VECTOR('',#1795,1.);
#1795 = DIRECTION('',(1.,0.,-0.));
#1796 = PLANE('',#1797);
#1797 = AXIS2_PLACEMENT_3D('',#1798,#1799,#1800);
#1798 = CARTESIAN_POINT('',(0.,-550.,550.));
#1799 = DIRECTION('',(0.,0.,1.));
#1800 = DIRECTION('',(1.,0.,-0.));
#1801 = ADVANCED_FACE('',(#1802),#1820,.F.);
#1802 = FACE_BOUND('',#1803,.F.);
#1803 = EDGE_LOOP('',(#1804,#1805,#1806,#1814));
#1804 = ORIENTED_EDGE('',*,*,#1686,.F.);
#1805 = ORIENTED_EDGE('',*,*,#1750,.T.);
#1806 = ORIENTED_EDGE('',*,*,#1807,.T.);
#1807 = EDGE_CURVE('',#1751,#1808,#1810,.T.);
#1808 = VERTEX_POINT('',#1809);
#1809 = CARTESIAN_POINT('',(30.,550.,-550.));
#1810 = LINE('',#1811,#1812);
#1811 = CARTESIAN_POINT('',(30.,-550.,-550.));
#1812 = VECTOR('',#1813,1.);
#1813 = DIRECTION('',(-0.,1.,0.));
#1814 = ORIENTED_EDGE('',*,*,#1815,.F.);
#1815 = EDGE_CURVE('',#1687,#1808,#1816,.T.);
#1816 = LINE('',#1817,#1818);
#1817 = CARTESIAN_POINT('',(0.,550.,-550.));
#1818 = VECTOR('',#1819,1.);
#1819 = DIRECTION('',(1.,0.,-0.));
#1820 = PLANE('',#1821);
#1821 = AXIS2_PLACEMENT_3D('',#1822,#1823,#1824);
#1822 = CARTESIAN_POINT('',(0.,-550.,-550.));
#1823 = DIRECTION('',(0.,0.,1.));
#1824 = DIRECTION('',(1.,0.,-0.));
#1825 = ADVANCED_FACE('',(#1826),#1837,.T.);
#1826 = FACE_BOUND('',#1827,.T.);
#1827 = EDGE_LOOP('',(#1828,#1829,#1830,#1831));
#1828 = ORIENTED_EDGE('',*,*,#1815,.F.);
#1829 = ORIENTED_EDGE('',*,*,#1694,.T.);
#1830 = ORIENTED_EDGE('',*,*,#1791,.T.);
#1831 = ORIENTED_EDGE('',*,*,#1832,.F.);
#1832 = EDGE_CURVE('',#1808,#1784,#1833,.T.);
#1833 = LINE('',#1834,#1835);
#1834 = CARTESIAN_POINT('',(30.,550.,-550.));
#1835 = VECTOR('',#1836,1.);
#1836 = DIRECTION('',(0.,0.,1.));
#1837 = PLANE('',#1838);
#1838 = AXIS2_PLACEMENT_3D('',#1839,#1840,#1841);
#1839 = CARTESIAN_POINT('',(0.,550.,-550.));
#1840 = DIRECTION('',(-0.,1.,0.));
#1841 = DIRECTION('',(0.,0.,1.));
#1842 = ADVANCED_FACE('',(#1843),#1868,.T.);
#1843 = FACE_BOUND('',#1844,.T.);
#1844 = EDGE_LOOP('',(#1845,#1853,#1854,#1862));
#1845 = ORIENTED_EDGE('',*,*,#1846,.F.);
#1846 = EDGE_CURVE('',#1711,#1847,#1849,.T.);
#1847 = VERTEX_POINT('',#1848);
#1848 = CARTESIAN_POINT('',(30.,500.,-500.));
#1849 = LINE('',#1850,#1851);
#1850 = CARTESIAN_POINT('',(-0.1,500.,-500.));
#1851 = VECTOR('',#1852,1.);
#1852 = DIRECTION('',(1.,0.,-0.));
#1853 = ORIENTED_EDGE('',*,*,#1710,.T.);
#1854 = ORIENTED_EDGE('',*,*,#1855,.T.);
#1855 = EDGE_CURVE('',#1713,#1856,#1858,.T.);
#1856 = VERTEX_POINT('',#1857);
#1857 = CARTESIAN_POINT('',(30.,-500.,-500.));
#1858 = LINE('',#1859,#1860);
#1859 = CARTESIAN_POINT('',(-0.1,-500.,-500.));
#1860 = VECTOR('',#1861,1.);
#1861 = DIRECTION('',(1.,0.,-0.));
#1862 = ORIENTED_EDGE('',*,*,#1863,.F.);
#1863 = EDGE_CURVE('',#1847,#1856,#1864,.T.);
#1864 = LINE('',#1865,#1866);
#1865 = CARTESIAN_POINT('',(30.,-525.,-500.));
#1866 = VECTOR('',#1867,1.);
#1867 = DIRECTION('',(0.,-1.,0.));
#1868 = PLANE('',#1869);
#1869 = AXIS2_PLACEMENT_3D('',#1870,#1871,#1872);
#1870 = CARTESIAN_POINT('',(-0.1,-500.,-500.));
#1871 = DIRECTION('',(0.,0.,1.));
#1872 = DIRECTION('',(1.,0.,-0.));
#1873 = ADVANCED_FACE('',(#1874),#1892,.F.);
#1874 = FACE_BOUND('',#1875,.F.);
#1875 = EDGE_LOOP('',(#1876,#1877,#1878,#1886));
#1876 = ORIENTED_EDGE('',*,*,#1846,.F.);
#1877 = ORIENTED_EDGE('',*,*,#1736,.T.);
#1878 = ORIENTED_EDGE('',*,*,#1879,.T.);
#1879 = EDGE_CURVE('',#1729,#1880,#1882,.T.);
#1880 = VERTEX_POINT('',#1881);
#1881 = CARTESIAN_POINT('',(30.,500.,500.));
#1882 = LINE('',#1883,#1884);
#1883 = CARTESIAN_POINT('',(-0.1,500.,500.));
#1884 = VECTOR('',#1885,1.);
#1885 = DIRECTION('',(1.,0.,-0.));
#1886 = ORIENTED_EDGE('',*,*,#1887,.F.);
#1887 = EDGE_CURVE('',#1847,#1880,#1888,.T.);
#1888 = LINE('',#1889,#1890);
#1889 = CARTESIAN_POINT('',(30.,500.,-525.));
#1890 = VECTOR('',#1891,1.);
#1891 = DIRECTION('',(0.,0.,1.));
#1892 = PLANE('',#1893);
#1893 = AXIS2_PLACEMENT_3D('',#1894,#1895,#1896);
#1894 = CARTESIAN_POINT('',(-0.1,500.,-500.));
#1895 = DIRECTION('',(-0.,1.,0.));
#1896 = DIRECTION('',(0.,0.,1.));
#1897 = ADVANCED_FACE('',(#1898),#1916,.F.);
#1898 = FACE_BOUND('',#1899,.F.);
#1899 = EDGE_LOOP('',(#1900,#1901,#1902,#1910));
#1900 = ORIENTED_EDGE('',*,*,#1879,.F.);
#1901 = ORIENTED_EDGE('',*,*,#1728,.T.);
#1902 = ORIENTED_EDGE('',*,*,#1903,.T.);
#1903 = EDGE_CURVE('',#1721,#1904,#1906,.T.);
#1904 = VERTEX_POINT('',#1905);
#1905 = CARTESIAN_POINT('',(30.,-500.,500.));
#1906 = LINE('',#1907,#1908);
#1907 = CARTESIAN_POINT('',(-0.1,-500.,500.));
#1908 = VECTOR('',#1909,1.);
#1909 = DIRECTION('',(1.,0.,-0.));
#1910 = ORIENTED_EDGE('',*,*,#1911,.F.);
#1911 = EDGE_CURVE('',#1880,#1904,#1912,.T.);
#1912 = LINE('',#1913,#1914);
#1913 = CARTESIAN_POINT('',(30.,-525.,500.));
#1914 = VECTOR('',#1915,1.);
#1915 = DIRECTION('',(0.,-1.,0.));
#1916 = PLANE('',#1917);
#1917 = AXIS2_PLACEMENT_3D('',#1918,#1919,#1920);
#1918 = CARTESIAN_POINT('',(-0.1,-500.,500.));
#1919 = DIRECTION('',(0.,0.,1.));
#1920 = DIRECTION('',(1.,0.,-0.));
#1921 = ADVANCED_FACE('',(#1922),#1933,.T.);
#1922 = FACE_BOUND('',#1923,.T.);
#1923 = EDGE_LOOP('',(#1924,#1925,#1926,#1927));
#1924 = ORIENTED_EDGE('',*,*,#1855,.F.);
#1925 = ORIENTED_EDGE('',*,*,#1720,.T.);
#1926 = ORIENTED_EDGE('',*,*,#1903,.T.);
#1927 = ORIENTED_EDGE('',*,*,#1928,.F.);
#1928 = EDGE_CURVE('',#1856,#1904,#1929,.T.);
#1929 = LINE('',#1930,#1931);
#1930 = CARTESIAN_POINT('',(30.,-500.,-525.));
#1931 = VECTOR('',#1932,1.);
#1932 = DIRECTION('',(0.,0.,1.));
#1933 = PLANE('',#1934);
#1934 = AXIS2_PLACEMENT_3D('',#1935,#1936,#1937);
#1935 = CARTESIAN_POINT('',(-0.1,-500.,-500.));
#1936 = DIRECTION('',(-0.,1.,0.));
#1937 = DIRECTION('',(0.,0.,1.));
#1938 = ADVANCED_FACE('',(#1939,#1945),#1951,.T.);
#1939 = FACE_BOUND('',#1940,.T.);
#1940 = EDGE_LOOP('',(#1941,#1942,#1943,#1944));
#1941 = ORIENTED_EDGE('',*,*,#1767,.F.);
#1942 = ORIENTED_EDGE('',*,*,#1807,.T.);
#1943 = ORIENTED_EDGE('',*,*,#1832,.T.);
#1944 = ORIENTED_EDGE('',*,*,#1783,.F.);
#1945 = FACE_BOUND('',#1946,.T.);
#1946 = EDGE_LOOP('',(#1947,#1948,#1949,#1950));
#1947 = ORIENTED_EDGE('',*,*,#1863,.T.);
#1948 = ORIENTED_EDGE('',*,*,#1928,.T.);
#1949 = ORIENTED_EDGE('',*,*,#1911,.F.);
#1950 = ORIENTED_EDGE('',*,*,#1887,.F.);
#1951 = PLANE('',#1952);
#1952 = AXIS2_PLACEMENT_3D('',#1953,#1954,#1955);
#1953 = CARTESIAN_POINT('',(30.,-550.,-550.));
#1954 = DIRECTION('',(1.,0.,-0.));
#1955 = DIRECTION('',(0.,0.,1.));
#1956 = ( GEOMETRIC_REPRESENTATION_CONTEXT(3) 
GLOBAL_UNCERTAINTY_ASSIGNED_CONTEXT((#1960)) 
GLOBAL_UNIT_ASSIGNED_CONTEXT((#1957,#1958,#1959)) REPRESENTATION_CONTEXT
('Context #1','3D Context with UNIT and UNCERTAINTY') );
#1957 = ( LENGTH_UNIT() NAMED_UNIT(*) SI_UNIT(.MILLI.,.METRE.) );
#1958 = ( NAMED_UNIT(*) PLANE_ANGLE_UNIT() SI_UNIT($,.RADIAN.) );
#1959 = ( NAMED_UNIT(*) SI_UNIT($,.STERADIAN.) SOLID_ANGLE_UNIT() );
#1960 = UNCERTAINTY_MEASURE_WITH_UNIT(LENGTH_MEASURE(1.E-07),#1957,
  'distance_accuracy_value','confusion accuracy');
#1961 = CONTEXT_DEPENDENT_SHAPE_REPRESENTATION(#1962,#1964);
#1962 = ( REPRESENTATION_RELATIONSHIP('','',#1669,#747) 
REPRESENTATION_RELATIONSHIP_WITH_TRANSFORMATION(#1963) 
SHAPE_REPRESENTATION_RELATIONSHIP() );
#1963 = ITEM_DEFINED_TRANSFORMATION('','',#11,#760);
#1964 = PRODUCT_DEFINITION_SHAPE('Placement','Placement of an item',
  #1965);
#1965 = NEXT_ASSEMBLY_USAGE_OCCURRENCE('4',
  'Reference inlet flange frame','',#742,#1664,$);
#1966 = PRODUCT_RELATED_PRODUCT_CATEGORY('part',$,(#1666));
#1967 = SHAPE_DEFINITION_REPRESENTATION(#1968,#1974);
#1968 = PRODUCT_DEFINITION_SHAPE('','',#1969);
#1969 = PRODUCT_DEFINITION('design','',#1970,#1973);
#1970 = PRODUCT_DEFINITION_FORMATION('','',#1971);
#1971 = PRODUCT('Reference left outlet flange frame',
  'Reference left outlet flange frame','',(#1972));
#1972 = PRODUCT_CONTEXT('',#2,'mechanical');
#1973 = PRODUCT_DEFINITION_CONTEXT('part definition',#2,'design');
#1974 = ADVANCED_BREP_SHAPE_REPRESENTATION('',(#11,#1975),#2261);
#1975 = MANIFOLD_SOLID_BREP('',#1976);
#1976 = CLOSED_SHELL('',(#1977,#2051,#2082,#2106,#2130,#2147,#2178,#2202
    ,#2226,#2243));
#1977 = ADVANCED_FACE('',(#1978,#2012),#2046,.F.);
#1978 = FACE_BOUND('',#1979,.F.);
#1979 = EDGE_LOOP('',(#1980,#1990,#1998,#2006));
#1980 = ORIENTED_EDGE('',*,*,#1981,.F.);
#1981 = EDGE_CURVE('',#1982,#1984,#1986,.T.);
#1982 = VERTEX_POINT('',#1983);
#1983 = CARTESIAN_POINT('',(1.72E+03,-1.1E+03,-550.));
#1984 = VERTEX_POINT('',#1985);
#1985 = CARTESIAN_POINT('',(1.72E+03,-1.1E+03,550.));
#1986 = LINE('',#1987,#1988);
#1987 = CARTESIAN_POINT('',(1.72E+03,-1.1E+03,-550.));
#1988 = VECTOR('',#1989,1.);
#1989 = DIRECTION('',(0.,0.,1.));
#1990 = ORIENTED_EDGE('',*,*,#1991,.T.);
#1991 = EDGE_CURVE('',#1982,#1992,#1994,.T.);
#1992 = VERTEX_POINT('',#1993);
#1993 = CARTESIAN_POINT('',(1.72E+03,0.,-550.));
#1994 = LINE('',#1995,#1996);
#1995 = CARTESIAN_POINT('',(1.72E+03,-1.1E+03,-550.));
#1996 = VECTOR('',#1997,1.);
#1997 = DIRECTION('',(-0.,1.,0.));
#1998 = ORIENTED_EDGE('',*,*,#1999,.T.);
#1999 = EDGE_CURVE('',#1992,#2000,#2002,.T.);
#2000 = VERTEX_POINT('',#2001);
#2001 = CARTESIAN_POINT('',(1.72E+03,0.,550.));
#2002 = LINE('',#2003,#2004);
#2003 = CARTESIAN_POINT('',(1.72E+03,0.,-550.));
#2004 = VECTOR('',#2005,1.);
#2005 = DIRECTION('',(0.,0.,1.));
#2006 = ORIENTED_EDGE('',*,*,#2007,.F.);
#2007 = EDGE_CURVE('',#1984,#2000,#2008,.T.);
#2008 = LINE('',#2009,#2010);
#2009 = CARTESIAN_POINT('',(1.72E+03,-1.1E+03,550.));
#2010 = VECTOR('',#2011,1.);
#2011 = DIRECTION('',(-0.,1.,0.));
#2012 = FACE_BOUND('',#2013,.F.);
#2013 = EDGE_LOOP('',(#2014,#2024,#2032,#2040));
#2014 = ORIENTED_EDGE('',*,*,#2015,.T.);
#2015 = EDGE_CURVE('',#2016,#2018,#2020,.T.);
#2016 = VERTEX_POINT('',#2017);
#2017 = CARTESIAN_POINT('',(1.72E+03,-50.,-500.));
#2018 = VERTEX_POINT('',#2019);
#2019 = CARTESIAN_POINT('',(1.72E+03,-1.05E+03,-500.));
#2020 = LINE('',#2021,#2022);
#2021 = CARTESIAN_POINT('',(1.72E+03,-1.075E+03,-500.));
#2022 = VECTOR('',#2023,1.);
#2023 = DIRECTION('',(0.,-1.,0.));
#2024 = ORIENTED_EDGE('',*,*,#2025,.T.);
#2025 = EDGE_CURVE('',#2018,#2026,#2028,.T.);
#2026 = VERTEX_POINT('',#2027);
#2027 = CARTESIAN_POINT('',(1.72E+03,-1.05E+03,500.));
#2028 = LINE('',#2029,#2030);
#2029 = CARTESIAN_POINT('',(1.72E+03,-1.05E+03,-525.));
#2030 = VECTOR('',#2031,1.);
#2031 = DIRECTION('',(0.,0.,1.));
#2032 = ORIENTED_EDGE('',*,*,#2033,.F.);
#2033 = EDGE_CURVE('',#2034,#2026,#2036,.T.);
#2034 = VERTEX_POINT('',#2035);
#2035 = CARTESIAN_POINT('',(1.72E+03,-50.,500.));
#2036 = LINE('',#2037,#2038);
#2037 = CARTESIAN_POINT('',(1.72E+03,-1.075E+03,500.));
#2038 = VECTOR('',#2039,1.);
#2039 = DIRECTION('',(0.,-1.,0.));
#2040 = ORIENTED_EDGE('',*,*,#2041,.F.);
#2041 = EDGE_CURVE('',#2016,#2034,#2042,.T.);
#2042 = LINE('',#2043,#2044);
#2043 = CARTESIAN_POINT('',(1.72E+03,-50.,-525.));
#2044 = VECTOR('',#2045,1.);
#2045 = DIRECTION('',(0.,0.,1.));
#2046 = PLANE('',#2047);
#2047 = AXIS2_PLACEMENT_3D('',#2048,#2049,#2050);
#2048 = CARTESIAN_POINT('',(1.72E+03,-1.1E+03,-550.));
#2049 = DIRECTION('',(1.,0.,-0.));
#2050 = DIRECTION('',(0.,0.,1.));
#2051 = ADVANCED_FACE('',(#2052),#2077,.F.);
#2052 = FACE_BOUND('',#2053,.F.);
#2053 = EDGE_LOOP('',(#2054,#2062,#2063,#2071));
#2054 = ORIENTED_EDGE('',*,*,#2055,.F.);
#2055 = EDGE_CURVE('',#1982,#2056,#2058,.T.);
#2056 = VERTEX_POINT('',#2057);
#2057 = CARTESIAN_POINT('',(1.75E+03,-1.1E+03,-550.));
#2058 = LINE('',#2059,#2060);
#2059 = CARTESIAN_POINT('',(1.72E+03,-1.1E+03,-550.));
#2060 = VECTOR('',#2061,1.);
#2061 = DIRECTION('',(1.,0.,-0.));
#2062 = ORIENTED_EDGE('',*,*,#1981,.T.);
#2063 = ORIENTED_EDGE('',*,*,#2064,.T.);
#2064 = EDGE_CURVE('',#1984,#2065,#2067,.T.);
#2065 = VERTEX_POINT('',#2066);
#2066 = CARTESIAN_POINT('',(1.75E+03,-1.1E+03,550.));
#2067 = LINE('',#2068,#2069);
#2068 = CARTESIAN_POINT('',(1.72E+03,-1.1E+03,550.));
#2069 = VECTOR('',#2070,1.);
#2070 = DIRECTION('',(1.,0.,-0.));
#2071 = ORIENTED_EDGE('',*,*,#2072,.F.);
#2072 = EDGE_CURVE('',#2056,#2065,#2073,.T.);
#2073 = LINE('',#2074,#2075);
#2074 = CARTESIAN_POINT('',(1.75E+03,-1.1E+03,-550.));
#2075 = VECTOR('',#2076,1.);
#2076 = DIRECTION('',(0.,0.,1.));
#2077 = PLANE('',#2078);
#2078 = AXIS2_PLACEMENT_3D('',#2079,#2080,#2081);
#2079 = CARTESIAN_POINT('',(1.72E+03,-1.1E+03,-550.));
#2080 = DIRECTION('',(-0.,1.,0.));
#2081 = DIRECTION('',(0.,0.,1.));
#2082 = ADVANCED_FACE('',(#2083),#2101,.T.);
#2083 = FACE_BOUND('',#2084,.T.);
#2084 = EDGE_LOOP('',(#2085,#2086,#2087,#2095));
#2085 = ORIENTED_EDGE('',*,*,#2007,.F.);
#2086 = ORIENTED_EDGE('',*,*,#2064,.T.);
#2087 = ORIENTED_EDGE('',*,*,#2088,.T.);
#2088 = EDGE_CURVE('',#2065,#2089,#2091,.T.);
#2089 = VERTEX_POINT('',#2090);
#2090 = CARTESIAN_POINT('',(1.75E+03,0.,550.));
#2091 = LINE('',#2092,#2093);
#2092 = CARTESIAN_POINT('',(1.75E+03,-1.1E+03,550.));
#2093 = VECTOR('',#2094,1.);
#2094 = DIRECTION('',(-0.,1.,0.));
#2095 = ORIENTED_EDGE('',*,*,#2096,.F.);
#2096 = EDGE_CURVE('',#2000,#2089,#2097,.T.);
#2097 = LINE('',#2098,#2099);
#2098 = CARTESIAN_POINT('',(1.72E+03,0.,550.));
#2099 = VECTOR('',#2100,1.);
#2100 = DIRECTION('',(1.,0.,-0.));
#2101 = PLANE('',#2102);
#2102 = AXIS2_PLACEMENT_3D('',#2103,#2104,#2105);
#2103 = CARTESIAN_POINT('',(1.72E+03,-1.1E+03,550.));
#2104 = DIRECTION('',(0.,0.,1.));
#2105 = DIRECTION('',(1.,0.,-0.));
#2106 = ADVANCED_FACE('',(#2107),#2125,.F.);
#2107 = FACE_BOUND('',#2108,.F.);
#2108 = EDGE_LOOP('',(#2109,#2110,#2111,#2119));
#2109 = ORIENTED_EDGE('',*,*,#1991,.F.);
#2110 = ORIENTED_EDGE('',*,*,#2055,.T.);
#2111 = ORIENTED_EDGE('',*,*,#2112,.T.);
#2112 = EDGE_CURVE('',#2056,#2113,#2115,.T.);
#2113 = VERTEX_POINT('',#2114);
#2114 = CARTESIAN_POINT('',(1.75E+03,0.,-550.));
#2115 = LINE('',#2116,#2117);
#2116 = CARTESIAN_POINT('',(1.75E+03,-1.1E+03,-550.));
#2117 = VECTOR('',#2118,1.);
#2118 = DIRECTION('',(-0.,1.,0.));
#2119 = ORIENTED_EDGE('',*,*,#2120,.F.);
#2120 = EDGE_CURVE('',#1992,#2113,#2121,.T.);
#2121 = LINE('',#2122,#2123);
#2122 = CARTESIAN_POINT('',(1.72E+03,0.,-550.));
#2123 = VECTOR('',#2124,1.);
#2124 = DIRECTION('',(1.,0.,-0.));
#2125 = PLANE('',#2126);
#2126 = AXIS2_PLACEMENT_3D('',#2127,#2128,#2129);
#2127 = CARTESIAN_POINT('',(1.72E+03,-1.1E+03,-550.));
#2128 = DIRECTION('',(0.,0.,1.));
#2129 = DIRECTION('',(1.,0.,-0.));
#2130 = ADVANCED_FACE('',(#2131),#2142,.T.);
#2131 = FACE_BOUND('',#2132,.T.);
#2132 = EDGE_LOOP('',(#2133,#2134,#2135,#2136));
#2133 = ORIENTED_EDGE('',*,*,#2120,.F.);
#2134 = ORIENTED_EDGE('',*,*,#1999,.T.);
#2135 = ORIENTED_EDGE('',*,*,#2096,.T.);
#2136 = ORIENTED_EDGE('',*,*,#2137,.F.);
#2137 = EDGE_CURVE('',#2113,#2089,#2138,.T.);
#2138 = LINE('',#2139,#2140);
#2139 = CARTESIAN_POINT('',(1.75E+03,0.,-550.));
#2140 = VECTOR('',#2141,1.);
#2141 = DIRECTION('',(0.,0.,1.));
#2142 = PLANE('',#2143);
#2143 = AXIS2_PLACEMENT_3D('',#2144,#2145,#2146);
#2144 = CARTESIAN_POINT('',(1.72E+03,0.,-550.));
#2145 = DIRECTION('',(-0.,1.,0.));
#2146 = DIRECTION('',(0.,0.,1.));
#2147 = ADVANCED_FACE('',(#2148),#2173,.T.);
#2148 = FACE_BOUND('',#2149,.T.);
#2149 = EDGE_LOOP('',(#2150,#2158,#2159,#2167));
#2150 = ORIENTED_EDGE('',*,*,#2151,.F.);
#2151 = EDGE_CURVE('',#2016,#2152,#2154,.T.);
#2152 = VERTEX_POINT('',#2153);
#2153 = CARTESIAN_POINT('',(1.75E+03,-50.,-500.));
#2154 = LINE('',#2155,#2156);
#2155 = CARTESIAN_POINT('',(1.7199E+03,-50.,-500.));
#2156 = VECTOR('',#2157,1.);
#2157 = DIRECTION('',(1.,0.,-0.));
#2158 = ORIENTED_EDGE('',*,*,#2015,.T.);
#2159 = ORIENTED_EDGE('',*,*,#2160,.T.);
#2160 = EDGE_CURVE('',#2018,#2161,#2163,.T.);
#2161 = VERTEX_POINT('',#2162);
#2162 = CARTESIAN_POINT('',(1.75E+03,-1.05E+03,-500.));
#2163 = LINE('',#2164,#2165);
#2164 = CARTESIAN_POINT('',(1.7199E+03,-1.05E+03,-500.));
#2165 = VECTOR('',#2166,1.);
#2166 = DIRECTION('',(1.,0.,-0.));
#2167 = ORIENTED_EDGE('',*,*,#2168,.F.);
#2168 = EDGE_CURVE('',#2152,#2161,#2169,.T.);
#2169 = LINE('',#2170,#2171);
#2170 = CARTESIAN_POINT('',(1.75E+03,-1.075E+03,-500.));
#2171 = VECTOR('',#2172,1.);
#2172 = DIRECTION('',(0.,-1.,0.));
#2173 = PLANE('',#2174);
#2174 = AXIS2_PLACEMENT_3D('',#2175,#2176,#2177);
#2175 = CARTESIAN_POINT('',(1.7199E+03,-1.05E+03,-500.));
#2176 = DIRECTION('',(0.,0.,1.));
#2177 = DIRECTION('',(1.,0.,-0.));
#2178 = ADVANCED_FACE('',(#2179),#2197,.F.);
#2179 = FACE_BOUND('',#2180,.F.);
#2180 = EDGE_LOOP('',(#2181,#2182,#2183,#2191));
#2181 = ORIENTED_EDGE('',*,*,#2151,.F.);
#2182 = ORIENTED_EDGE('',*,*,#2041,.T.);
#2183 = ORIENTED_EDGE('',*,*,#2184,.T.);
#2184 = EDGE_CURVE('',#2034,#2185,#2187,.T.);
#2185 = VERTEX_POINT('',#2186);
#2186 = CARTESIAN_POINT('',(1.75E+03,-50.,500.));
#2187 = LINE('',#2188,#2189);
#2188 = CARTESIAN_POINT('',(1.7199E+03,-50.,500.));
#2189 = VECTOR('',#2190,1.);
#2190 = DIRECTION('',(1.,0.,-0.));
#2191 = ORIENTED_EDGE('',*,*,#2192,.F.);
#2192 = EDGE_CURVE('',#2152,#2185,#2193,.T.);
#2193 = LINE('',#2194,#2195);
#2194 = CARTESIAN_POINT('',(1.75E+03,-50.,-525.));
#2195 = VECTOR('',#2196,1.);
#2196 = DIRECTION('',(0.,0.,1.));
#2197 = PLANE('',#2198);
#2198 = AXIS2_PLACEMENT_3D('',#2199,#2200,#2201);
#2199 = CARTESIAN_POINT('',(1.7199E+03,-50.,-500.));
#2200 = DIRECTION('',(-0.,1.,0.));
#2201 = DIRECTION('',(0.,0.,1.));
#2202 = ADVANCED_FACE('',(#2203),#2221,.F.);
#2203 = FACE_BOUND('',#2204,.F.);
#2204 = EDGE_LOOP('',(#2205,#2206,#2207,#2215));
#2205 = ORIENTED_EDGE('',*,*,#2184,.F.);
#2206 = ORIENTED_EDGE('',*,*,#2033,.T.);
#2207 = ORIENTED_EDGE('',*,*,#2208,.T.);
#2208 = EDGE_CURVE('',#2026,#2209,#2211,.T.);
#2209 = VERTEX_POINT('',#2210);
#2210 = CARTESIAN_POINT('',(1.75E+03,-1.05E+03,500.));
#2211 = LINE('',#2212,#2213);
#2212 = CARTESIAN_POINT('',(1.7199E+03,-1.05E+03,500.));
#2213 = VECTOR('',#2214,1.);
#2214 = DIRECTION('',(1.,0.,-0.));
#2215 = ORIENTED_EDGE('',*,*,#2216,.F.);
#2216 = EDGE_CURVE('',#2185,#2209,#2217,.T.);
#2217 = LINE('',#2218,#2219);
#2218 = CARTESIAN_POINT('',(1.75E+03,-1.075E+03,500.));
#2219 = VECTOR('',#2220,1.);
#2220 = DIRECTION('',(0.,-1.,0.));
#2221 = PLANE('',#2222);
#2222 = AXIS2_PLACEMENT_3D('',#2223,#2224,#2225);
#2223 = CARTESIAN_POINT('',(1.7199E+03,-1.05E+03,500.));
#2224 = DIRECTION('',(0.,0.,1.));
#2225 = DIRECTION('',(1.,0.,-0.));
#2226 = ADVANCED_FACE('',(#2227),#2238,.T.);
#2227 = FACE_BOUND('',#2228,.T.);
#2228 = EDGE_LOOP('',(#2229,#2230,#2231,#2232));
#2229 = ORIENTED_EDGE('',*,*,#2160,.F.);
#2230 = ORIENTED_EDGE('',*,*,#2025,.T.);
#2231 = ORIENTED_EDGE('',*,*,#2208,.T.);
#2232 = ORIENTED_EDGE('',*,*,#2233,.F.);
#2233 = EDGE_CURVE('',#2161,#2209,#2234,.T.);
#2234 = LINE('',#2235,#2236);
#2235 = CARTESIAN_POINT('',(1.75E+03,-1.05E+03,-525.));
#2236 = VECTOR('',#2237,1.);
#2237 = DIRECTION('',(0.,0.,1.));
#2238 = PLANE('',#2239);
#2239 = AXIS2_PLACEMENT_3D('',#2240,#2241,#2242);
#2240 = CARTESIAN_POINT('',(1.7199E+03,-1.05E+03,-500.));
#2241 = DIRECTION('',(-0.,1.,0.));
#2242 = DIRECTION('',(0.,0.,1.));
#2243 = ADVANCED_FACE('',(#2244,#2250),#2256,.T.);
#2244 = FACE_BOUND('',#2245,.T.);
#2245 = EDGE_LOOP('',(#2246,#2247,#2248,#2249));
#2246 = ORIENTED_EDGE('',*,*,#2072,.F.);
#2247 = ORIENTED_EDGE('',*,*,#2112,.T.);
#2248 = ORIENTED_EDGE('',*,*,#2137,.T.);
#2249 = ORIENTED_EDGE('',*,*,#2088,.F.);
#2250 = FACE_BOUND('',#2251,.T.);
#2251 = EDGE_LOOP('',(#2252,#2253,#2254,#2255));
#2252 = ORIENTED_EDGE('',*,*,#2168,.T.);
#2253 = ORIENTED_EDGE('',*,*,#2233,.T.);
#2254 = ORIENTED_EDGE('',*,*,#2216,.F.);
#2255 = ORIENTED_EDGE('',*,*,#2192,.F.);
#2256 = PLANE('',#2257);
#2257 = AXIS2_PLACEMENT_3D('',#2258,#2259,#2260);
#2258 = CARTESIAN_POINT('',(1.75E+03,-1.1E+03,-550.));
#2259 = DIRECTION('',(1.,0.,-0.));
#2260 = DIRECTION('',(0.,0.,1.));
#2261 = ( GEOMETRIC_REPRESENTATION_CONTEXT(3) 
GLOBAL_UNCERTAINTY_ASSIGNED_CONTEXT((#2265)) 
GLOBAL_UNIT_ASSIGNED_CONTEXT((#2262,#2263,#2264)) REPRESENTATION_CONTEXT
('Context #1','3D Context with UNIT and UNCERTAINTY') );
#2262 = ( LENGTH_UNIT() NAMED_UNIT(*) SI_UNIT(.MILLI.,.METRE.) );
#2263 = ( NAMED_UNIT(*) PLANE_ANGLE_UNIT() SI_UNIT($,.RADIAN.) );
#2264 = ( NAMED_UNIT(*) SI_UNIT($,.STERADIAN.) SOLID_ANGLE_UNIT() );
#2265 = UNCERTAINTY_MEASURE_WITH_UNIT(LENGTH_MEASURE(1.E-07),#2262,
  'distance_accuracy_value','confusion accuracy');
#2266 = CONTEXT_DEPENDENT_SHAPE_REPRESENTATION(#2267,#2269);
#2267 = ( REPRESENTATION_RELATIONSHIP('','',#1974,#747) 
REPRESENTATION_RELATIONSHIP_WITH_TRANSFORMATION(#2268) 
SHAPE_REPRESENTATION_RELATIONSHIP() );
#2268 = ITEM_DEFINED_TRANSFORMATION('','',#11,#764);
#2269 = PRODUCT_DEFINITION_SHAPE('Placement','Placement of an item',
  #2270);
#2270 = NEXT_ASSEMBLY_USAGE_OCCURRENCE('5',
  'Reference left outlet flange frame','',#742,#1969,$);
#2271 = PRODUCT_RELATED_PRODUCT_CATEGORY('part',$,(#1971));
#2272 = SHAPE_DEFINITION_REPRESENTATION(#2273,#2279);
#2273 = PRODUCT_DEFINITION_SHAPE('','',#2274);
#2274 = PRODUCT_DEFINITION('design','',#2275,#2278);
#2275 = PRODUCT_DEFINITION_FORMATION('','',#2276);
#2276 = PRODUCT('Reference right outlet flange frame',
  'Reference right outlet flange frame','',(#2277));
#2277 = PRODUCT_CONTEXT('',#2,'mechanical');
#2278 = PRODUCT_DEFINITION_CONTEXT('part definition',#2,'design');
#2279 = ADVANCED_BREP_SHAPE_REPRESENTATION('',(#11,#2280),#2566);
#2280 = MANIFOLD_SOLID_BREP('',#2281);
#2281 = CLOSED_SHELL('',(#2282,#2356,#2387,#2411,#2435,#2452,#2483,#2507
    ,#2531,#2548));
#2282 = ADVANCED_FACE('',(#2283,#2317),#2351,.F.);
#2283 = FACE_BOUND('',#2284,.F.);
#2284 = EDGE_LOOP('',(#2285,#2295,#2303,#2311));
#2285 = ORIENTED_EDGE('',*,*,#2286,.F.);
#2286 = EDGE_CURVE('',#2287,#2289,#2291,.T.);
#2287 = VERTEX_POINT('',#2288);
#2288 = CARTESIAN_POINT('',(1.72E+03,0.,-550.));
#2289 = VERTEX_POINT('',#2290);
#2290 = CARTESIAN_POINT('',(1.72E+03,0.,550.));
#2291 = LINE('',#2292,#2293);
#2292 = CARTESIAN_POINT('',(1.72E+03,0.,-550.));
#2293 = VECTOR('',#2294,1.);
#2294 = DIRECTION('',(0.,0.,1.));
#2295 = ORIENTED_EDGE('',*,*,#2296,.T.);
#2296 = EDGE_CURVE('',#2287,#2297,#2299,.T.);
#2297 = VERTEX_POINT('',#2298);
#2298 = CARTESIAN_POINT('',(1.72E+03,1.1E+03,-550.));
#2299 = LINE('',#2300,#2301);
#2300 = CARTESIAN_POINT('',(1.72E+03,0.,-550.));
#2301 = VECTOR('',#2302,1.);
#2302 = DIRECTION('',(-0.,1.,0.));
#2303 = ORIENTED_EDGE('',*,*,#2304,.T.);
#2304 = EDGE_CURVE('',#2297,#2305,#2307,.T.);
#2305 = VERTEX_POINT('',#2306);
#2306 = CARTESIAN_POINT('',(1.72E+03,1.1E+03,550.));
#2307 = LINE('',#2308,#2309);
#2308 = CARTESIAN_POINT('',(1.72E+03,1.1E+03,-550.));
#2309 = VECTOR('',#2310,1.);
#2310 = DIRECTION('',(0.,0.,1.));
#2311 = ORIENTED_EDGE('',*,*,#2312,.F.);
#2312 = EDGE_CURVE('',#2289,#2305,#2313,.T.);
#2313 = LINE('',#2314,#2315);
#2314 = CARTESIAN_POINT('',(1.72E+03,0.,550.));
#2315 = VECTOR('',#2316,1.);
#2316 = DIRECTION('',(-0.,1.,0.));
#2317 = FACE_BOUND('',#2318,.F.);
#2318 = EDGE_LOOP('',(#2319,#2329,#2337,#2345));
#2319 = ORIENTED_EDGE('',*,*,#2320,.T.);
#2320 = EDGE_CURVE('',#2321,#2323,#2325,.T.);
#2321 = VERTEX_POINT('',#2322);
#2322 = CARTESIAN_POINT('',(1.72E+03,1.05E+03,-500.));
#2323 = VERTEX_POINT('',#2324);
#2324 = CARTESIAN_POINT('',(1.72E+03,50.,-500.));
#2325 = LINE('',#2326,#2327);
#2326 = CARTESIAN_POINT('',(1.72E+03,25.,-500.));
#2327 = VECTOR('',#2328,1.);
#2328 = DIRECTION('',(0.,-1.,0.));
#2329 = ORIENTED_EDGE('',*,*,#2330,.T.);
#2330 = EDGE_CURVE('',#2323,#2331,#2333,.T.);
#2331 = VERTEX_POINT('',#2332);
#2332 = CARTESIAN_POINT('',(1.72E+03,50.,500.));
#2333 = LINE('',#2334,#2335);
#2334 = CARTESIAN_POINT('',(1.72E+03,50.,-525.));
#2335 = VECTOR('',#2336,1.);
#2336 = DIRECTION('',(0.,0.,1.));
#2337 = ORIENTED_EDGE('',*,*,#2338,.F.);
#2338 = EDGE_CURVE('',#2339,#2331,#2341,.T.);
#2339 = VERTEX_POINT('',#2340);
#2340 = CARTESIAN_POINT('',(1.72E+03,1.05E+03,500.));
#2341 = LINE('',#2342,#2343);
#2342 = CARTESIAN_POINT('',(1.72E+03,25.,500.));
#2343 = VECTOR('',#2344,1.);
#2344 = DIRECTION('',(0.,-1.,0.));
#2345 = ORIENTED_EDGE('',*,*,#2346,.F.);
#2346 = EDGE_CURVE('',#2321,#2339,#2347,.T.);
#2347 = LINE('',#2348,#2349);
#2348 = CARTESIAN_POINT('',(1.72E+03,1.05E+03,-525.));
#2349 = VECTOR('',#2350,1.);
#2350 = DIRECTION('',(0.,0.,1.));
#2351 = PLANE('',#2352);
#2352 = AXIS2_PLACEMENT_3D('',#2353,#2354,#2355);
#2353 = CARTESIAN_POINT('',(1.72E+03,0.,-550.));
#2354 = DIRECTION('',(1.,0.,-0.));
#2355 = DIRECTION('',(0.,0.,1.));
#2356 = ADVANCED_FACE('',(#2357),#2382,.F.);
#2357 = FACE_BOUND('',#2358,.F.);
#2358 = EDGE_LOOP('',(#2359,#2367,#2368,#2376));
#2359 = ORIENTED_EDGE('',*,*,#2360,.F.);
#2360 = EDGE_CURVE('',#2287,#2361,#2363,.T.);
#2361 = VERTEX_POINT('',#2362);
#2362 = CARTESIAN_POINT('',(1.75E+03,0.,-550.));
#2363 = LINE('',#2364,#2365);
#2364 = CARTESIAN_POINT('',(1.72E+03,0.,-550.));
#2365 = VECTOR('',#2366,1.);
#2366 = DIRECTION('',(1.,0.,-0.));
#2367 = ORIENTED_EDGE('',*,*,#2286,.T.);
#2368 = ORIENTED_EDGE('',*,*,#2369,.T.);
#2369 = EDGE_CURVE('',#2289,#2370,#2372,.T.);
#2370 = VERTEX_POINT('',#2371);
#2371 = CARTESIAN_POINT('',(1.75E+03,0.,550.));
#2372 = LINE('',#2373,#2374);
#2373 = CARTESIAN_POINT('',(1.72E+03,0.,550.));
#2374 = VECTOR('',#2375,1.);
#2375 = DIRECTION('',(1.,0.,-0.));
#2376 = ORIENTED_EDGE('',*,*,#2377,.F.);
#2377 = EDGE_CURVE('',#2361,#2370,#2378,.T.);
#2378 = LINE('',#2379,#2380);
#2379 = CARTESIAN_POINT('',(1.75E+03,0.,-550.));
#2380 = VECTOR('',#2381,1.);
#2381 = DIRECTION('',(0.,0.,1.));
#2382 = PLANE('',#2383);
#2383 = AXIS2_PLACEMENT_3D('',#2384,#2385,#2386);
#2384 = CARTESIAN_POINT('',(1.72E+03,0.,-550.));
#2385 = DIRECTION('',(-0.,1.,0.));
#2386 = DIRECTION('',(0.,0.,1.));
#2387 = ADVANCED_FACE('',(#2388),#2406,.T.);
#2388 = FACE_BOUND('',#2389,.T.);
#2389 = EDGE_LOOP('',(#2390,#2391,#2392,#2400));
#2390 = ORIENTED_EDGE('',*,*,#2312,.F.);
#2391 = ORIENTED_EDGE('',*,*,#2369,.T.);
#2392 = ORIENTED_EDGE('',*,*,#2393,.T.);
#2393 = EDGE_CURVE('',#2370,#2394,#2396,.T.);
#2394 = VERTEX_POINT('',#2395);
#2395 = CARTESIAN_POINT('',(1.75E+03,1.1E+03,550.));
#2396 = LINE('',#2397,#2398);
#2397 = CARTESIAN_POINT('',(1.75E+03,0.,550.));
#2398 = VECTOR('',#2399,1.);
#2399 = DIRECTION('',(-0.,1.,0.));
#2400 = ORIENTED_EDGE('',*,*,#2401,.F.);
#2401 = EDGE_CURVE('',#2305,#2394,#2402,.T.);
#2402 = LINE('',#2403,#2404);
#2403 = CARTESIAN_POINT('',(1.72E+03,1.1E+03,550.));
#2404 = VECTOR('',#2405,1.);
#2405 = DIRECTION('',(1.,0.,-0.));
#2406 = PLANE('',#2407);
#2407 = AXIS2_PLACEMENT_3D('',#2408,#2409,#2410);
#2408 = CARTESIAN_POINT('',(1.72E+03,0.,550.));
#2409 = DIRECTION('',(0.,0.,1.));
#2410 = DIRECTION('',(1.,0.,-0.));
#2411 = ADVANCED_FACE('',(#2412),#2430,.F.);
#2412 = FACE_BOUND('',#2413,.F.);
#2413 = EDGE_LOOP('',(#2414,#2415,#2416,#2424));
#2414 = ORIENTED_EDGE('',*,*,#2296,.F.);
#2415 = ORIENTED_EDGE('',*,*,#2360,.T.);
#2416 = ORIENTED_EDGE('',*,*,#2417,.T.);
#2417 = EDGE_CURVE('',#2361,#2418,#2420,.T.);
#2418 = VERTEX_POINT('',#2419);
#2419 = CARTESIAN_POINT('',(1.75E+03,1.1E+03,-550.));
#2420 = LINE('',#2421,#2422);
#2421 = CARTESIAN_POINT('',(1.75E+03,0.,-550.));
#2422 = VECTOR('',#2423,1.);
#2423 = DIRECTION('',(-0.,1.,0.));
#2424 = ORIENTED_EDGE('',*,*,#2425,.F.);
#2425 = EDGE_CURVE('',#2297,#2418,#2426,.T.);
#2426 = LINE('',#2427,#2428);
#2427 = CARTESIAN_POINT('',(1.72E+03,1.1E+03,-550.));
#2428 = VECTOR('',#2429,1.);
#2429 = DIRECTION('',(1.,0.,-0.));
#2430 = PLANE('',#2431);
#2431 = AXIS2_PLACEMENT_3D('',#2432,#2433,#2434);
#2432 = CARTESIAN_POINT('',(1.72E+03,0.,-550.));
#2433 = DIRECTION('',(0.,0.,1.));
#2434 = DIRECTION('',(1.,0.,-0.));
#2435 = ADVANCED_FACE('',(#2436),#2447,.T.);
#2436 = FACE_BOUND('',#2437,.T.);
#2437 = EDGE_LOOP('',(#2438,#2439,#2440,#2441));
#2438 = ORIENTED_EDGE('',*,*,#2425,.F.);
#2439 = ORIENTED_EDGE('',*,*,#2304,.T.);
#2440 = ORIENTED_EDGE('',*,*,#2401,.T.);
#2441 = ORIENTED_EDGE('',*,*,#2442,.F.);
#2442 = EDGE_CURVE('',#2418,#2394,#2443,.T.);
#2443 = LINE('',#2444,#2445);
#2444 = CARTESIAN_POINT('',(1.75E+03,1.1E+03,-550.));
#2445 = VECTOR('',#2446,1.);
#2446 = DIRECTION('',(0.,0.,1.));
#2447 = PLANE('',#2448);
#2448 = AXIS2_PLACEMENT_3D('',#2449,#2450,#2451);
#2449 = CARTESIAN_POINT('',(1.72E+03,1.1E+03,-550.));
#2450 = DIRECTION('',(-0.,1.,0.));
#2451 = DIRECTION('',(0.,0.,1.));
#2452 = ADVANCED_FACE('',(#2453),#2478,.T.);
#2453 = FACE_BOUND('',#2454,.T.);
#2454 = EDGE_LOOP('',(#2455,#2463,#2464,#2472));
#2455 = ORIENTED_EDGE('',*,*,#2456,.F.);
#2456 = EDGE_CURVE('',#2321,#2457,#2459,.T.);
#2457 = VERTEX_POINT('',#2458);
#2458 = CARTESIAN_POINT('',(1.75E+03,1.05E+03,-500.));
#2459 = LINE('',#2460,#2461);
#2460 = CARTESIAN_POINT('',(1.7199E+03,1.05E+03,-500.));
#2461 = VECTOR('',#2462,1.);
#2462 = DIRECTION('',(1.,0.,-0.));
#2463 = ORIENTED_EDGE('',*,*,#2320,.T.);
#2464 = ORIENTED_EDGE('',*,*,#2465,.T.);
#2465 = EDGE_CURVE('',#2323,#2466,#2468,.T.);
#2466 = VERTEX_POINT('',#2467);
#2467 = CARTESIAN_POINT('',(1.75E+03,50.,-500.));
#2468 = LINE('',#2469,#2470);
#2469 = CARTESIAN_POINT('',(1.7199E+03,50.,-500.));
#2470 = VECTOR('',#2471,1.);
#2471 = DIRECTION('',(1.,0.,-0.));
#2472 = ORIENTED_EDGE('',*,*,#2473,.F.);
#2473 = EDGE_CURVE('',#2457,#2466,#2474,.T.);
#2474 = LINE('',#2475,#2476);
#2475 = CARTESIAN_POINT('',(1.75E+03,25.,-500.));
#2476 = VECTOR('',#2477,1.);
#2477 = DIRECTION('',(0.,-1.,0.));
#2478 = PLANE('',#2479);
#2479 = AXIS2_PLACEMENT_3D('',#2480,#2481,#2482);
#2480 = CARTESIAN_POINT('',(1.7199E+03,50.,-500.));
#2481 = DIRECTION('',(0.,0.,1.));
#2482 = DIRECTION('',(1.,0.,-0.));
#2483 = ADVANCED_FACE('',(#2484),#2502,.F.);
#2484 = FACE_BOUND('',#2485,.F.);
#2485 = EDGE_LOOP('',(#2486,#2487,#2488,#2496));
#2486 = ORIENTED_EDGE('',*,*,#2456,.F.);
#2487 = ORIENTED_EDGE('',*,*,#2346,.T.);
#2488 = ORIENTED_EDGE('',*,*,#2489,.T.);
#2489 = EDGE_CURVE('',#2339,#2490,#2492,.T.);
#2490 = VERTEX_POINT('',#2491);
#2491 = CARTESIAN_POINT('',(1.75E+03,1.05E+03,500.));
#2492 = LINE('',#2493,#2494);
#2493 = CARTESIAN_POINT('',(1.7199E+03,1.05E+03,500.));
#2494 = VECTOR('',#2495,1.);
#2495 = DIRECTION('',(1.,0.,-0.));
#2496 = ORIENTED_EDGE('',*,*,#2497,.F.);
#2497 = EDGE_CURVE('',#2457,#2490,#2498,.T.);
#2498 = LINE('',#2499,#2500);
#2499 = CARTESIAN_POINT('',(1.75E+03,1.05E+03,-525.));
#2500 = VECTOR('',#2501,1.);
#2501 = DIRECTION('',(0.,0.,1.));
#2502 = PLANE('',#2503);
#2503 = AXIS2_PLACEMENT_3D('',#2504,#2505,#2506);
#2504 = CARTESIAN_POINT('',(1.7199E+03,1.05E+03,-500.));
#2505 = DIRECTION('',(-0.,1.,0.));
#2506 = DIRECTION('',(0.,0.,1.));
#2507 = ADVANCED_FACE('',(#2508),#2526,.F.);
#2508 = FACE_BOUND('',#2509,.F.);
#2509 = EDGE_LOOP('',(#2510,#2511,#2512,#2520));
#2510 = ORIENTED_EDGE('',*,*,#2489,.F.);
#2511 = ORIENTED_EDGE('',*,*,#2338,.T.);
#2512 = ORIENTED_EDGE('',*,*,#2513,.T.);
#2513 = EDGE_CURVE('',#2331,#2514,#2516,.T.);
#2514 = VERTEX_POINT('',#2515);
#2515 = CARTESIAN_POINT('',(1.75E+03,50.,500.));
#2516 = LINE('',#2517,#2518);
#2517 = CARTESIAN_POINT('',(1.7199E+03,50.,500.));
#2518 = VECTOR('',#2519,1.);
#2519 = DIRECTION('',(1.,0.,-0.));
#2520 = ORIENTED_EDGE('',*,*,#2521,.F.);
#2521 = EDGE_CURVE('',#2490,#2514,#2522,.T.);
#2522 = LINE('',#2523,#2524);
#2523 = CARTESIAN_POINT('',(1.75E+03,25.,500.));
#2524 = VECTOR('',#2525,1.);
#2525 = DIRECTION('',(0.,-1.,0.));
#2526 = PLANE('',#2527);
#2527 = AXIS2_PLACEMENT_3D('',#2528,#2529,#2530);
#2528 = CARTESIAN_POINT('',(1.7199E+03,50.,500.));
#2529 = DIRECTION('',(0.,0.,1.));
#2530 = DIRECTION('',(1.,0.,-0.));
#2531 = ADVANCED_FACE('',(#2532),#2543,.T.);
#2532 = FACE_BOUND('',#2533,.T.);
#2533 = EDGE_LOOP('',(#2534,#2535,#2536,#2537));
#2534 = ORIENTED_EDGE('',*,*,#2465,.F.);
#2535 = ORIENTED_EDGE('',*,*,#2330,.T.);
#2536 = ORIENTED_EDGE('',*,*,#2513,.T.);
#2537 = ORIENTED_EDGE('',*,*,#2538,.F.);
#2538 = EDGE_CURVE('',#2466,#2514,#2539,.T.);
#2539 = LINE('',#2540,#2541);
#2540 = CARTESIAN_POINT('',(1.75E+03,50.,-525.));
#2541 = VECTOR('',#2542,1.);
#2542 = DIRECTION('',(0.,0.,1.));
#2543 = PLANE('',#2544);
#2544 = AXIS2_PLACEMENT_3D('',#2545,#2546,#2547);
#2545 = CARTESIAN_POINT('',(1.7199E+03,50.,-500.));
#2546 = DIRECTION('',(-0.,1.,0.));
#2547 = DIRECTION('',(0.,0.,1.));
#2548 = ADVANCED_FACE('',(#2549,#2555),#2561,.T.);
#2549 = FACE_BOUND('',#2550,.T.);
#2550 = EDGE_LOOP('',(#2551,#2552,#2553,#2554));
#2551 = ORIENTED_EDGE('',*,*,#2377,.F.);
#2552 = ORIENTED_EDGE('',*,*,#2417,.T.);
#2553 = ORIENTED_EDGE('',*,*,#2442,.T.);
#2554 = ORIENTED_EDGE('',*,*,#2393,.F.);
#2555 = FACE_BOUND('',#2556,.T.);
#2556 = EDGE_LOOP('',(#2557,#2558,#2559,#2560));
#2557 = ORIENTED_EDGE('',*,*,#2473,.T.);
#2558 = ORIENTED_EDGE('',*,*,#2538,.T.);
#2559 = ORIENTED_EDGE('',*,*,#2521,.F.);
#2560 = ORIENTED_EDGE('',*,*,#2497,.F.);
#2561 = PLANE('',#2562);
#2562 = AXIS2_PLACEMENT_3D('',#2563,#2564,#2565);
#2563 = CARTESIAN_POINT('',(1.75E+03,0.,-550.));
#2564 = DIRECTION('',(1.,0.,-0.));
#2565 = DIRECTION('',(0.,0.,1.));
#2566 = ( GEOMETRIC_REPRESENTATION_CONTEXT(3) 
GLOBAL_UNCERTAINTY_ASSIGNED_CONTEXT((#2570)) 
GLOBAL_UNIT_ASSIGNED_CONTEXT((#2567,#2568,#2569)) REPRESENTATION_CONTEXT
('Context #1','3D Context with UNIT and UNCERTAINTY') );
#2567 = ( LENGTH_UNIT() NAMED_UNIT(*) SI_UNIT(.MILLI.,.METRE.) );
#2568 = ( NAMED_UNIT(*) PLANE_ANGLE_UNIT() SI_UNIT($,.RADIAN.) );
#2569 = ( NAMED_UNIT(*) SI_UNIT($,.STERADIAN.) SOLID_ANGLE_UNIT() );
#2570 = UNCERTAINTY_MEASURE_WITH_UNIT(LENGTH_MEASURE(1.E-07),#2567,
  'distance_accuracy_value','confusion accuracy');
#2571 = CONTEXT_DEPENDENT_SHAPE_REPRESENTATION(#2572,#2574);
#2572 = ( REPRESENTATION_RELATIONSHIP('','',#2279,#747) 
REPRESENTATION_RELATIONSHIP_WITH_TRANSFORMATION(#2573) 
SHAPE_REPRESENTATION_RELATIONSHIP() );
#2573 = ITEM_DEFINED_TRANSFORMATION('','',#11,#768);
#2574 = PRODUCT_DEFINITION_SHAPE('Placement','Placement of an item',
  #2575);
#2575 = NEXT_ASSEMBLY_USAGE_OCCURRENCE('6',
  'Reference right outlet flange frame','',#742,#2274,$);
#2576 = PRODUCT_RELATED_PRODUCT_CATEGORY('part',$,(#2276));
#2577 = SHAPE_DEFINITION_REPRESENTATION(#2578,#2584);
#2578 = PRODUCT_DEFINITION_SHAPE('','',#2579);
#2579 = PRODUCT_DEFINITION('design','',#2580,#2583);
#2580 = PRODUCT_DEFINITION_FORMATION('','',#2581);
#2581 = PRODUCT('Imported STEP references (visual placement)',
  'Imported STEP references (visual placement)','',(#2582));
#2582 = PRODUCT_CONTEXT('',#2,'mechanical');
#2583 = PRODUCT_DEFINITION_CONTEXT('part definition',#2,'design');
#2584 = SHAPE_REPRESENTATION('',(#11,#2585,#2589,#2593),#2597);
#2585 = AXIS2_PLACEMENT_3D('',#2586,#2587,#2588);
#2586 = CARTESIAN_POINT('',(716.44142182947,6.313908643448E+03,
    1.126056683508E+03));
#2587 = DIRECTION('',(0.,0.,1.));
#2588 = DIRECTION('',(-1.,1.224646799147E-16,0.));
#2589 = AXIS2_PLACEMENT_3D('',#2590,#2591,#2592);
#2590 = CARTESIAN_POINT('',(1.75E+03,-1.1E+03,550.));
#2591 = DIRECTION('',(1.,0.,-2.22044604925E-16));
#2592 = DIRECTION('',(-2.22044604925E-16,0.,-1.));
#2593 = AXIS2_PLACEMENT_3D('',#2594,#2595,#2596);
#2594 = CARTESIAN_POINT('',(1.75E+03,-1.136868377216E-13,550.));
#2595 = DIRECTION('',(1.,0.,-2.22044604925E-16));
#2596 = DIRECTION('',(-2.22044604925E-16,0.,-1.));
#2597 = ( GEOMETRIC_REPRESENTATION_CONTEXT(3) 
GLOBAL_UNCERTAINTY_ASSIGNED_CONTEXT((#2601)) 
GLOBAL_UNIT_ASSIGNED_CONTEXT((#2598,#2599,#2600)) REPRESENTATION_CONTEXT
('Context #1','3D Context with UNIT and UNCERTAINTY') );
#2598 = ( LENGTH_UNIT() NAMED_UNIT(*) SI_UNIT(.MILLI.,.METRE.) );
#2599 = ( NAMED_UNIT(*) PLANE_ANGLE_UNIT() SI_UNIT($,.RADIAN.) );
#2600 = ( NAMED_UNIT(*) SI_UNIT($,.STERADIAN.) SOLID_ANGLE_UNIT() );
#2601 = UNCERTAINTY_MEASURE_WITH_UNIT(LENGTH_MEASURE(1.E-07),#2598,
  'distance_accuracy_value','confusion accuracy');
#2602 = CONTEXT_DEPENDENT_SHAPE_REPRESENTATION(#2603,#2605);
#2603 = ( REPRESENTATION_RELATIONSHIP('','',#2584,#720) 
REPRESENTATION_RELATIONSHIP_WITH_TRANSFORMATION(#2604) 
SHAPE_REPRESENTATION_RELATIONSHIP() );
#2604 = ITEM_DEFINED_TRANSFORMATION('','',#11,#725);
#2605 = PRODUCT_DEFINITION_SHAPE('Placement','Placement of an item',
  #2606);
#2606 = NEXT_ASSEMBLY_USAGE_OCCURRENCE('87',
  'Imported STEP references (visual placement)','',#715,#2579,$);
#2607 = PRODUCT_RELATED_PRODUCT_CATEGORY('part',$,(#2581));
#2608 = SHAPE_DEFINITION_REPRESENTATION(#2609,#2615);
#2609 = PRODUCT_DEFINITION_SHAPE('','',#2610);
#2610 = PRODUCT_DEFINITION('design','',#2611,#2614);
#2611 = PRODUCT_DEFINITION_FORMATION('','',#2612);
#2612 = PRODUCT('Bend 1000x1000 90 deg','Bend 1000x1000 90 deg','',(
    #2613));
#2613 = PRODUCT_CONTEXT('',#2,'mechanical');
#2614 = PRODUCT_DEFINITION_CONTEXT('part definition',#2,'design');
#2615 = ADVANCED_BREP_SHAPE_REPRESENTATION('',(#11,#2616),#3458);
#2616 = MANIFOLD_SOLID_BREP('',#2617);
#2617 = CLOSED_SHELL('',(#2618,#2692,#2723,#2747,#2771,#2788,#2834,#2865
    ,#2896,#2927,#2958,#2991,#3024,#3057,#3090,#3164,#3238,#3260,#3277,
    #3294,#3306,#3328,#3349,#3371,#3392,#3409,#3425,#3442));
#2618 = ADVANCED_FACE('',(#2619,#2653),#2687,.T.);
#2619 = FACE_BOUND('',#2620,.T.);
#2620 = EDGE_LOOP('',(#2621,#2631,#2639,#2647));
#2621 = ORIENTED_EDGE('',*,*,#2622,.T.);
#2622 = EDGE_CURVE('',#2623,#2625,#2627,.T.);
#2623 = VERTEX_POINT('',#2624);
#2624 = CARTESIAN_POINT('',(1.893441421829E+03,5.811908643448E+03,
    -1.735556683508E+03));
#2625 = VERTEX_POINT('',#2626);
#2626 = CARTESIAN_POINT('',(1.893441421829E+03,6.815908643448E+03,
    -1.735556683508E+03));
#2627 = LINE('',#2628,#2629);
#2628 = CARTESIAN_POINT('',(1.893441421829E+03,5.811908643448E+03,
    -1.735556683508E+03));
#2629 = VECTOR('',#2630,1.);
#2630 = DIRECTION('',(-1.97118929808E-31,1.,1.734723475977E-16));
#2631 = ORIENTED_EDGE('',*,*,#2632,.T.);
#2632 = EDGE_CURVE('',#2625,#2633,#2635,.T.);
#2633 = VERTEX_POINT('',#2634);
#2634 = CARTESIAN_POINT('',(889.44142182947,6.815908643448E+03,
    -1.735556683508E+03));
#2635 = LINE('',#2636,#2637);
#2636 = CARTESIAN_POINT('',(1.893441421829E+03,6.815908643448E+03,
    -1.735556683508E+03));
#2637 = VECTOR('',#2638,1.);
#2638 = DIRECTION('',(-1.,-1.995263422385E-31,1.387778780781E-17));
#2639 = ORIENTED_EDGE('',*,*,#2640,.T.);
#2640 = EDGE_CURVE('',#2633,#2641,#2643,.T.);
#2641 = VERTEX_POINT('',#2642);
#2642 = CARTESIAN_POINT('',(889.44142182947,5.811908643448E+03,
    -1.735556683508E+03));
#2643 = LINE('',#2644,#2645);
#2644 = CARTESIAN_POINT('',(889.44142182947,6.815908643448E+03,
    -1.735556683508E+03));
#2645 = VECTOR('',#2646,1.);
#2646 = DIRECTION('',(1.97118929808E-31,-1.,-1.734723475977E-16));
#2647 = ORIENTED_EDGE('',*,*,#2648,.T.);
#2648 = EDGE_CURVE('',#2641,#2623,#2649,.T.);
#2649 = LINE('',#2650,#2651);
#2650 = CARTESIAN_POINT('',(889.44142182947,5.811908643448E+03,
    -1.735556683508E+03));
#2651 = VECTOR('',#2652,1.);
#2652 = DIRECTION('',(1.,1.995263422385E-31,-1.387778780781E-17));
#2653 = FACE_BOUND('',#2654,.T.);
#2654 = EDGE_LOOP('',(#2655,#2665,#2673,#2681));
#2655 = ORIENTED_EDGE('',*,*,#2656,.F.);
#2656 = EDGE_CURVE('',#2657,#2659,#2661,.T.);
#2657 = VERTEX_POINT('',#2658);
#2658 = CARTESIAN_POINT('',(919.44142182947,6.785908643448E+03,
    -1.735556683508E+03));
#2659 = VERTEX_POINT('',#2660);
#2660 = CARTESIAN_POINT('',(919.44142182947,5.841908643448E+03,
    -1.735556683508E+03));
#2661 = LINE('',#2662,#2663);
#2662 = CARTESIAN_POINT('',(919.44142182947,5.841908643448E+03,
    -1.735556683508E+03));
#2663 = VECTOR('',#2664,1.);
#2664 = DIRECTION('',(1.97118929808E-31,-1.,-1.734723475977E-16));
#2665 = ORIENTED_EDGE('',*,*,#2666,.F.);
#2666 = EDGE_CURVE('',#2667,#2657,#2669,.T.);
#2667 = VERTEX_POINT('',#2668);
#2668 = CARTESIAN_POINT('',(1.863441421829E+03,6.785908643448E+03,
    -1.735556683508E+03));
#2669 = LINE('',#2670,#2671);
#2670 = CARTESIAN_POINT('',(919.44142182947,6.785908643448E+03,
    -1.735556683508E+03));
#2671 = VECTOR('',#2672,1.);
#2672 = DIRECTION('',(-1.,-1.889042244772E-31,-4.735455214955E-17));
#2673 = ORIENTED_EDGE('',*,*,#2674,.F.);
#2674 = EDGE_CURVE('',#2675,#2667,#2677,.T.);
#2675 = VERTEX_POINT('',#2676);
#2676 = CARTESIAN_POINT('',(1.863441421829E+03,5.841908643448E+03,
    -1.735556683508E+03));
#2677 = LINE('',#2678,#2679);
#2678 = CARTESIAN_POINT('',(1.863441421829E+03,6.785908643448E+03,
    -1.735556683508E+03));
#2679 = VECTOR('',#2680,1.);
#2680 = DIRECTION('',(-1.97118929808E-31,1.,1.734723475977E-16));
#2681 = ORIENTED_EDGE('',*,*,#2682,.F.);
#2682 = EDGE_CURVE('',#2659,#2675,#2683,.T.);
#2683 = LINE('',#2684,#2685);
#2684 = CARTESIAN_POINT('',(1.863441421829E+03,5.841908643448E+03,
    -1.735556683508E+03));
#2685 = VECTOR('',#2686,1.);
#2686 = DIRECTION('',(1.,1.889042244772E-31,4.735455214955E-17));
#2687 = PLANE('',#2688);
#2688 = AXIS2_PLACEMENT_3D('',#2689,#2690,#2691);
#2689 = CARTESIAN_POINT('',(1.391441421829E+03,6.313908643448E+03,
    -1.735556683508E+03));
#2690 = DIRECTION('',(1.387778780781E-17,-1.734723475977E-16,1.));
#2691 = DIRECTION('',(1.,1.995263422385E-31,-1.387778780781E-17));
#2692 = ADVANCED_FACE('',(#2693),#2718,.F.);
#2693 = FACE_BOUND('',#2694,.T.);
#2694 = EDGE_LOOP('',(#2695,#2696,#2704,#2712));
#2695 = ORIENTED_EDGE('',*,*,#2648,.F.);
#2696 = ORIENTED_EDGE('',*,*,#2697,.T.);
#2697 = EDGE_CURVE('',#2641,#2698,#2700,.T.);
#2698 = VERTEX_POINT('',#2699);
#2699 = CARTESIAN_POINT('',(889.44142182947,5.811908643448E+03,
    -1.738556683508E+03));
#2700 = LINE('',#2701,#2702);
#2701 = CARTESIAN_POINT('',(889.44142182947,5.811908643448E+03,
    -1.735556683508E+03));
#2702 = VECTOR('',#2703,1.);
#2703 = DIRECTION('',(-1.387778780781E-17,1.734723475977E-16,-1.));
#2704 = ORIENTED_EDGE('',*,*,#2705,.T.);
#2705 = EDGE_CURVE('',#2698,#2706,#2708,.T.);
#2706 = VERTEX_POINT('',#2707);
#2707 = CARTESIAN_POINT('',(1.893441421829E+03,5.811908643448E+03,
    -1.738556683508E+03));
#2708 = LINE('',#2709,#2710);
#2709 = CARTESIAN_POINT('',(889.44142182947,5.811908643448E+03,
    -1.738556683508E+03));
#2710 = VECTOR('',#2711,1.);
#2711 = DIRECTION('',(1.,1.995263422385E-31,-1.387778780781E-17));
#2712 = ORIENTED_EDGE('',*,*,#2713,.F.);
#2713 = EDGE_CURVE('',#2623,#2706,#2714,.T.);
#2714 = LINE('',#2715,#2716);
#2715 = CARTESIAN_POINT('',(1.893441421829E+03,5.811908643448E+03,
    -1.735556683508E+03));
#2716 = VECTOR('',#2717,1.);
#2717 = DIRECTION('',(-1.387778780781E-17,1.734723475977E-16,-1.));
#2718 = PLANE('',#2719);
#2719 = AXIS2_PLACEMENT_3D('',#2720,#2721,#2722);
#2720 = CARTESIAN_POINT('',(889.44142182947,5.811908643448E+03,
    -1.735556683508E+03));
#2721 = DIRECTION('',(-1.97118929808E-31,1.,1.734723475977E-16));
#2722 = DIRECTION('',(1.,1.995263422385E-31,-1.387778780781E-17));
#2723 = ADVANCED_FACE('',(#2724),#2742,.F.);
#2724 = FACE_BOUND('',#2725,.T.);
#2725 = EDGE_LOOP('',(#2726,#2727,#2735,#2741));
#2726 = ORIENTED_EDGE('',*,*,#2640,.F.);
#2727 = ORIENTED_EDGE('',*,*,#2728,.T.);
#2728 = EDGE_CURVE('',#2633,#2729,#2731,.T.);
#2729 = VERTEX_POINT('',#2730);
#2730 = CARTESIAN_POINT('',(889.44142182947,6.815908643448E+03,
    -1.738556683508E+03));
#2731 = LINE('',#2732,#2733);
#2732 = CARTESIAN_POINT('',(889.44142182947,6.815908643448E+03,
    -1.735556683508E+03));
#2733 = VECTOR('',#2734,1.);
#2734 = DIRECTION('',(-1.387778780781E-17,1.734723475977E-16,-1.));
#2735 = ORIENTED_EDGE('',*,*,#2736,.T.);
#2736 = EDGE_CURVE('',#2729,#2698,#2737,.T.);
#2737 = LINE('',#2738,#2739);
#2738 = CARTESIAN_POINT('',(889.44142182947,6.815908643448E+03,
    -1.738556683508E+03));
#2739 = VECTOR('',#2740,1.);
#2740 = DIRECTION('',(1.97118929808E-31,-1.,-1.734723475977E-16));
#2741 = ORIENTED_EDGE('',*,*,#2697,.F.);
#2742 = PLANE('',#2743);
#2743 = AXIS2_PLACEMENT_3D('',#2744,#2745,#2746);
#2744 = CARTESIAN_POINT('',(889.44142182947,6.815908643448E+03,
    -1.735556683508E+03));
#2745 = DIRECTION('',(1.,1.995263422385E-31,-1.387778780781E-17));
#2746 = DIRECTION('',(1.97118929808E-31,-1.,-1.734723475977E-16));
#2747 = ADVANCED_FACE('',(#2748),#2766,.F.);
#2748 = FACE_BOUND('',#2749,.T.);
#2749 = EDGE_LOOP('',(#2750,#2751,#2759,#2765));
#2750 = ORIENTED_EDGE('',*,*,#2632,.F.);
#2751 = ORIENTED_EDGE('',*,*,#2752,.T.);
#2752 = EDGE_CURVE('',#2625,#2753,#2755,.T.);
#2753 = VERTEX_POINT('',#2754);
#2754 = CARTESIAN_POINT('',(1.893441421829E+03,6.815908643448E+03,
    -1.738556683508E+03));
#2755 = LINE('',#2756,#2757);
#2756 = CARTESIAN_POINT('',(1.893441421829E+03,6.815908643448E+03,
    -1.735556683508E+03));
#2757 = VECTOR('',#2758,1.);
#2758 = DIRECTION('',(-1.387778780781E-17,1.734723475977E-16,-1.));
#2759 = ORIENTED_EDGE('',*,*,#2760,.T.);
#2760 = EDGE_CURVE('',#2753,#2729,#2761,.T.);
#2761 = LINE('',#2762,#2763);
#2762 = CARTESIAN_POINT('',(1.893441421829E+03,6.815908643448E+03,
    -1.738556683508E+03));
#2763 = VECTOR('',#2764,1.);
#2764 = DIRECTION('',(-1.,-1.995263422385E-31,1.387778780781E-17));
#2765 = ORIENTED_EDGE('',*,*,#2728,.F.);
#2766 = PLANE('',#2767);
#2767 = AXIS2_PLACEMENT_3D('',#2768,#2769,#2770);
#2768 = CARTESIAN_POINT('',(1.893441421829E+03,6.815908643448E+03,
    -1.735556683508E+03));
#2769 = DIRECTION('',(1.97118929808E-31,-1.,-1.734723475977E-16));
#2770 = DIRECTION('',(-1.,-1.995263422385E-31,1.387778780781E-17));
#2771 = ADVANCED_FACE('',(#2772),#2783,.F.);
#2772 = FACE_BOUND('',#2773,.T.);
#2773 = EDGE_LOOP('',(#2774,#2775,#2776,#2782));
#2774 = ORIENTED_EDGE('',*,*,#2622,.F.);
#2775 = ORIENTED_EDGE('',*,*,#2713,.T.);
#2776 = ORIENTED_EDGE('',*,*,#2777,.T.);
#2777 = EDGE_CURVE('',#2706,#2753,#2778,.T.);
#2778 = LINE('',#2779,#2780);
#2779 = CARTESIAN_POINT('',(1.893441421829E+03,5.811908643448E+03,
    -1.738556683508E+03));
#2780 = VECTOR('',#2781,1.);
#2781 = DIRECTION('',(-1.97118929808E-31,1.,1.734723475977E-16));
#2782 = ORIENTED_EDGE('',*,*,#2752,.F.);
#2783 = PLANE('',#2784);
#2784 = AXIS2_PLACEMENT_3D('',#2785,#2786,#2787);
#2785 = CARTESIAN_POINT('',(1.893441421829E+03,5.811908643448E+03,
    -1.735556683508E+03));
#2786 = DIRECTION('',(-1.,-1.995263422385E-31,1.387778780781E-17));
#2787 = DIRECTION('',(-1.97118929808E-31,1.,1.734723475977E-16));
#2788 = ADVANCED_FACE('',(#2789,#2795),#2829,.F.);
#2789 = FACE_BOUND('',#2790,.T.);
#2790 = EDGE_LOOP('',(#2791,#2792,#2793,#2794));
#2791 = ORIENTED_EDGE('',*,*,#2777,.F.);
#2792 = ORIENTED_EDGE('',*,*,#2705,.F.);
#2793 = ORIENTED_EDGE('',*,*,#2736,.F.);
#2794 = ORIENTED_EDGE('',*,*,#2760,.F.);
#2795 = FACE_BOUND('',#2796,.T.);
#2796 = EDGE_LOOP('',(#2797,#2807,#2815,#2823));
#2797 = ORIENTED_EDGE('',*,*,#2798,.F.);
#2798 = EDGE_CURVE('',#2799,#2801,#2803,.T.);
#2799 = VERTEX_POINT('',#2800);
#2800 = CARTESIAN_POINT('',(1.861441421829E+03,5.843908643448E+03,
    -1.738556683508E+03));
#2801 = VERTEX_POINT('',#2802);
#2802 = CARTESIAN_POINT('',(921.44142182947,5.843908643448E+03,
    -1.738556683508E+03));
#2803 = LINE('',#2804,#2805);
#2804 = CARTESIAN_POINT('',(1.861441421829E+03,5.843908643448E+03,
    -1.738556683508E+03));
#2805 = VECTOR('',#2806,1.);
#2806 = DIRECTION('',(-1.,-1.995263422385E-31,1.387778780781E-17));
#2807 = ORIENTED_EDGE('',*,*,#2808,.F.);
#2808 = EDGE_CURVE('',#2809,#2799,#2811,.T.);
#2809 = VERTEX_POINT('',#2810);
#2810 = CARTESIAN_POINT('',(1.861441421829E+03,6.783908643448E+03,
    -1.738556683508E+03));
#2811 = LINE('',#2812,#2813);
#2812 = CARTESIAN_POINT('',(1.861441421829E+03,6.783908643448E+03,
    -1.738556683508E+03));
#2813 = VECTOR('',#2814,1.);
#2814 = DIRECTION('',(1.97118929808E-31,-1.,-1.734723475977E-16));
#2815 = ORIENTED_EDGE('',*,*,#2816,.F.);
#2816 = EDGE_CURVE('',#2817,#2809,#2819,.T.);
#2817 = VERTEX_POINT('',#2818);
#2818 = CARTESIAN_POINT('',(921.44142182947,6.783908643448E+03,
    -1.738556683508E+03));
#2819 = LINE('',#2820,#2821);
#2820 = CARTESIAN_POINT('',(921.44142182947,6.783908643448E+03,
    -1.738556683508E+03));
#2821 = VECTOR('',#2822,1.);
#2822 = DIRECTION('',(1.,1.995263422385E-31,-1.387778780781E-17));
#2823 = ORIENTED_EDGE('',*,*,#2824,.F.);
#2824 = EDGE_CURVE('',#2801,#2817,#2825,.T.);
#2825 = LINE('',#2826,#2827);
#2826 = CARTESIAN_POINT('',(921.44142182947,5.843908643448E+03,
    -1.738556683508E+03));
#2827 = VECTOR('',#2828,1.);
#2828 = DIRECTION('',(-1.97118929808E-31,1.,1.734723475977E-16));
#2829 = PLANE('',#2830);
#2830 = AXIS2_PLACEMENT_3D('',#2831,#2832,#2833);
#2831 = CARTESIAN_POINT('',(1.391441421829E+03,6.313908643448E+03,
    -1.738556683508E+03));
#2832 = DIRECTION('',(1.387778780781E-17,-1.734723475977E-16,1.));
#2833 = DIRECTION('',(1.,1.995263422385E-31,-1.387778780781E-17));
#2834 = ADVANCED_FACE('',(#2835),#2860,.F.);
#2835 = FACE_BOUND('',#2836,.T.);
#2836 = EDGE_LOOP('',(#2837,#2847,#2853,#2854));
#2837 = ORIENTED_EDGE('',*,*,#2838,.F.);
#2838 = EDGE_CURVE('',#2839,#2841,#2843,.T.);
#2839 = VERTEX_POINT('',#2840);
#2840 = CARTESIAN_POINT('',(921.44142182947,5.843908643448E+03,
    -1.635556683508E+03));
#2841 = VERTEX_POINT('',#2842);
#2842 = CARTESIAN_POINT('',(921.44142182947,6.783908643448E+03,
    -1.635556683508E+03));
#2843 = LINE('',#2844,#2845);
#2844 = CARTESIAN_POINT('',(921.44142182947,5.843908643448E+03,
    -1.635556683508E+03));
#2845 = VECTOR('',#2846,1.);
#2846 = DIRECTION('',(-1.97118929808E-31,1.,1.734723475977E-16));
#2847 = ORIENTED_EDGE('',*,*,#2848,.T.);
#2848 = EDGE_CURVE('',#2839,#2801,#2849,.T.);
#2849 = LINE('',#2850,#2851);
#2850 = CARTESIAN_POINT('',(921.44142182947,5.843908643448E+03,
    -1.635556683508E+03));
#2851 = VECTOR('',#2852,1.);
#2852 = DIRECTION('',(-1.387778780781E-17,1.734723475977E-16,-1.));
#2853 = ORIENTED_EDGE('',*,*,#2824,.T.);
#2854 = ORIENTED_EDGE('',*,*,#2855,.F.);
#2855 = EDGE_CURVE('',#2841,#2817,#2856,.T.);
#2856 = LINE('',#2857,#2858);
#2857 = CARTESIAN_POINT('',(921.44142182947,6.783908643448E+03,
    -1.635556683508E+03));
#2858 = VECTOR('',#2859,1.);
#2859 = DIRECTION('',(-1.387778780781E-17,1.734723475977E-16,-1.));
#2860 = PLANE('',#2861);
#2861 = AXIS2_PLACEMENT_3D('',#2862,#2863,#2864);
#2862 = CARTESIAN_POINT('',(921.44142182947,5.843908643448E+03,
    -1.635556683508E+03));
#2863 = DIRECTION('',(-1.,-1.995263422385E-31,1.387778780781E-17));
#2864 = DIRECTION('',(-1.97118929808E-31,1.,1.734723475977E-16));
#2865 = ADVANCED_FACE('',(#2866),#2891,.F.);
#2866 = FACE_BOUND('',#2867,.T.);
#2867 = EDGE_LOOP('',(#2868,#2878,#2884,#2885));
#2868 = ORIENTED_EDGE('',*,*,#2869,.F.);
#2869 = EDGE_CURVE('',#2870,#2872,#2874,.T.);
#2870 = VERTEX_POINT('',#2871);
#2871 = CARTESIAN_POINT('',(1.861441421829E+03,6.783908643448E+03,
    -1.635556683508E+03));
#2872 = VERTEX_POINT('',#2873);
#2873 = CARTESIAN_POINT('',(1.861441421829E+03,5.843908643448E+03,
    -1.635556683508E+03));
#2874 = LINE('',#2875,#2876);
#2875 = CARTESIAN_POINT('',(1.861441421829E+03,6.783908643448E+03,
    -1.635556683508E+03));
#2876 = VECTOR('',#2877,1.);
#2877 = DIRECTION('',(1.97118929808E-31,-1.,-1.734723475977E-16));
#2878 = ORIENTED_EDGE('',*,*,#2879,.T.);
#2879 = EDGE_CURVE('',#2870,#2809,#2880,.T.);
#2880 = LINE('',#2881,#2882);
#2881 = CARTESIAN_POINT('',(1.861441421829E+03,6.783908643448E+03,
    -1.635556683508E+03));
#2882 = VECTOR('',#2883,1.);
#2883 = DIRECTION('',(-1.387778780781E-17,1.734723475977E-16,-1.));
#2884 = ORIENTED_EDGE('',*,*,#2808,.T.);
#2885 = ORIENTED_EDGE('',*,*,#2886,.F.);
#2886 = EDGE_CURVE('',#2872,#2799,#2887,.T.);
#2887 = LINE('',#2888,#2889);
#2888 = CARTESIAN_POINT('',(1.861441421829E+03,5.843908643448E+03,
    -1.635556683508E+03));
#2889 = VECTOR('',#2890,1.);
#2890 = DIRECTION('',(-1.387778780781E-17,1.734723475977E-16,-1.));
#2891 = PLANE('',#2892);
#2892 = AXIS2_PLACEMENT_3D('',#2893,#2894,#2895);
#2893 = CARTESIAN_POINT('',(1.861441421829E+03,6.783908643448E+03,
    -1.635556683508E+03));
#2894 = DIRECTION('',(1.,1.995263422385E-31,-1.387778780781E-17));
#2895 = DIRECTION('',(1.97118929808E-31,-1.,-1.734723475977E-16));
#2896 = ADVANCED_FACE('',(#2897),#2922,.F.);
#2897 = FACE_BOUND('',#2898,.T.);
#2898 = EDGE_LOOP('',(#2899,#2909,#2915,#2916));
#2899 = ORIENTED_EDGE('',*,*,#2900,.F.);
#2900 = EDGE_CURVE('',#2901,#2903,#2905,.T.);
#2901 = VERTEX_POINT('',#2902);
#2902 = CARTESIAN_POINT('',(1.863441421829E+03,5.841908643448E+03,
    -1.635556683508E+03));
#2903 = VERTEX_POINT('',#2904);
#2904 = CARTESIAN_POINT('',(1.863441421829E+03,6.785908643448E+03,
    -1.635556683508E+03));
#2905 = LINE('',#2906,#2907);
#2906 = CARTESIAN_POINT('',(1.863441421829E+03,6.785908643448E+03,
    -1.635556683508E+03));
#2907 = VECTOR('',#2908,1.);
#2908 = DIRECTION('',(-1.97118929808E-31,1.,1.734723475977E-16));
#2909 = ORIENTED_EDGE('',*,*,#2910,.T.);
#2910 = EDGE_CURVE('',#2901,#2675,#2911,.T.);
#2911 = LINE('',#2912,#2913);
#2912 = CARTESIAN_POINT('',(1.863441421829E+03,5.841908643448E+03,
    -1.635556683508E+03));
#2913 = VECTOR('',#2914,1.);
#2914 = DIRECTION('',(-1.387778780781E-17,1.734723475977E-16,-1.));
#2915 = ORIENTED_EDGE('',*,*,#2674,.T.);
#2916 = ORIENTED_EDGE('',*,*,#2917,.F.);
#2917 = EDGE_CURVE('',#2903,#2667,#2918,.T.);
#2918 = LINE('',#2919,#2920);
#2919 = CARTESIAN_POINT('',(1.863441421829E+03,6.785908643448E+03,
    -1.635556683508E+03));
#2920 = VECTOR('',#2921,1.);
#2921 = DIRECTION('',(-1.387778780781E-17,1.734723475977E-16,-1.));
#2922 = PLANE('',#2923);
#2923 = AXIS2_PLACEMENT_3D('',#2924,#2925,#2926);
#2924 = CARTESIAN_POINT('',(1.863441421829E+03,5.841908643448E+03,
    -1.635556683508E+03));
#2925 = DIRECTION('',(-1.,-1.995263422385E-31,1.387778780781E-17));
#2926 = DIRECTION('',(-1.97118929808E-31,1.,1.734723475977E-16));
#2927 = ADVANCED_FACE('',(#2928),#2953,.F.);
#2928 = FACE_BOUND('',#2929,.T.);
#2929 = EDGE_LOOP('',(#2930,#2940,#2946,#2947));
#2930 = ORIENTED_EDGE('',*,*,#2931,.F.);
#2931 = EDGE_CURVE('',#2932,#2934,#2936,.T.);
#2932 = VERTEX_POINT('',#2933);
#2933 = CARTESIAN_POINT('',(919.44142182947,6.785908643448E+03,
    -1.635556683508E+03));
#2934 = VERTEX_POINT('',#2935);
#2935 = CARTESIAN_POINT('',(919.44142182947,5.841908643448E+03,
    -1.635556683508E+03));
#2936 = LINE('',#2937,#2938);
#2937 = CARTESIAN_POINT('',(919.44142182947,5.841908643448E+03,
    -1.635556683508E+03));
#2938 = VECTOR('',#2939,1.);
#2939 = DIRECTION('',(1.97118929808E-31,-1.,-1.734723475977E-16));
#2940 = ORIENTED_EDGE('',*,*,#2941,.T.);
#2941 = EDGE_CURVE('',#2932,#2657,#2942,.T.);
#2942 = LINE('',#2943,#2944);
#2943 = CARTESIAN_POINT('',(919.44142182947,6.785908643448E+03,
    -1.635556683508E+03));
#2944 = VECTOR('',#2945,1.);
#2945 = DIRECTION('',(-1.387778780781E-17,1.734723475977E-16,-1.));
#2946 = ORIENTED_EDGE('',*,*,#2656,.T.);
#2947 = ORIENTED_EDGE('',*,*,#2948,.F.);
#2948 = EDGE_CURVE('',#2934,#2659,#2949,.T.);
#2949 = LINE('',#2950,#2951);
#2950 = CARTESIAN_POINT('',(919.44142182947,5.841908643448E+03,
    -1.635556683508E+03));
#2951 = VECTOR('',#2952,1.);
#2952 = DIRECTION('',(-1.387778780781E-17,1.734723475977E-16,-1.));
#2953 = PLANE('',#2954);
#2954 = AXIS2_PLACEMENT_3D('',#2955,#2956,#2957);
#2955 = CARTESIAN_POINT('',(919.44142182947,6.785908643448E+03,
    -1.635556683508E+03));
#2956 = DIRECTION('',(1.,1.995263422385E-31,-1.387778780781E-17));
#2957 = DIRECTION('',(1.97118929808E-31,-1.,-1.734723475977E-16));
#2958 = ADVANCED_FACE('',(#2959),#2986,.T.);
#2959 = FACE_BOUND('',#2960,.T.);
#2960 = EDGE_LOOP('',(#2961,#2971,#2978,#2979));
#2961 = ORIENTED_EDGE('',*,*,#2962,.F.);
#2962 = EDGE_CURVE('',#2963,#2965,#2967,.T.);
#2963 = VERTEX_POINT('',#2964);
#2964 = CARTESIAN_POINT('',(769.44142182947,5.843908643448E+03,
    -1.483556683508E+03));
#2965 = VERTEX_POINT('',#2966);
#2966 = CARTESIAN_POINT('',(769.44142182947,6.783908643448E+03,
    -1.483556683508E+03));
#2967 = LINE('',#2968,#2969);
#2968 = CARTESIAN_POINT('',(769.44142182947,6.078908643448E+03,
    -1.483556683508E+03));
#2969 = VECTOR('',#2970,1.);
#2970 = DIRECTION('',(1.972152263053E-31,1.,6.938893903907E-18));
#2971 = ORIENTED_EDGE('',*,*,#2972,.T.);
#2972 = EDGE_CURVE('',#2963,#2839,#2973,.T.);
#2973 = CIRCLE('',#2974,152.);
#2974 = AXIS2_PLACEMENT_3D('',#2975,#2976,#2977);
#2975 = CARTESIAN_POINT('',(769.44142182947,5.843908643448E+03,
    -1.635556683508E+03));
#2976 = DIRECTION('',(-1.97118929808E-31,1.,1.734723475977E-16));
#2977 = DIRECTION('',(-1.855971516824E-15,-1.734723475977E-16,1.));
#2978 = ORIENTED_EDGE('',*,*,#2838,.T.);
#2979 = ORIENTED_EDGE('',*,*,#2980,.F.);
#2980 = EDGE_CURVE('',#2965,#2841,#2981,.T.);
#2981 = CIRCLE('',#2982,152.);
#2982 = AXIS2_PLACEMENT_3D('',#2983,#2984,#2985);
#2983 = CARTESIAN_POINT('',(769.44142182947,6.783908643448E+03,
    -1.635556683508E+03));
#2984 = DIRECTION('',(-1.97118929808E-31,1.,1.734723475977E-16));
#2985 = DIRECTION('',(-1.855971516824E-15,-1.734723475977E-16,1.));
#2986 = CYLINDRICAL_SURFACE('',#2987,152.);
#2987 = AXIS2_PLACEMENT_3D('',#2988,#2989,#2990);
#2988 = CARTESIAN_POINT('',(769.44142182947,6.313908643448E+03,
    -1.635556683508E+03));
#2989 = DIRECTION('',(-1.97118929808E-31,1.,1.734723475977E-16));
#2990 = DIRECTION('',(1.387778780781E-17,-1.734723475977E-16,1.));
#2991 = ADVANCED_FACE('',(#2992),#3019,.F.);
#2992 = FACE_BOUND('',#2993,.F.);
#2993 = EDGE_LOOP('',(#2994,#3003,#3004,#3013));
#2994 = ORIENTED_EDGE('',*,*,#2995,.T.);
#2995 = EDGE_CURVE('',#2996,#2872,#2998,.T.);
#2996 = VERTEX_POINT('',#2997);
#2997 = CARTESIAN_POINT('',(769.44142182947,5.843908643448E+03,
    -543.5566835082));
#2998 = CIRCLE('',#2999,1.092E+03);
#2999 = AXIS2_PLACEMENT_3D('',#3000,#3001,#3002);
#3000 = CARTESIAN_POINT('',(769.44142182947,5.843908643448E+03,
    -1.635556683508E+03));
#3001 = DIRECTION('',(-1.97118929808E-31,1.,1.734723475977E-16));
#3002 = DIRECTION('',(-3.765303087637E-16,-1.734723475977E-16,1.));
#3003 = ORIENTED_EDGE('',*,*,#2869,.F.);
#3004 = ORIENTED_EDGE('',*,*,#3005,.F.);
#3005 = EDGE_CURVE('',#3006,#2870,#3008,.T.);
#3006 = VERTEX_POINT('',#3007);
#3007 = CARTESIAN_POINT('',(769.44142182947,6.783908643448E+03,
    -543.5566835082));
#3008 = CIRCLE('',#3009,1.092E+03);
#3009 = AXIS2_PLACEMENT_3D('',#3010,#3011,#3012);
#3010 = CARTESIAN_POINT('',(769.44142182947,6.783908643448E+03,
    -1.635556683508E+03));
#3011 = DIRECTION('',(-1.97118929808E-31,1.,1.734723475977E-16));
#3012 = DIRECTION('',(-3.765303087637E-16,-1.734723475977E-16,1.));
#3013 = ORIENTED_EDGE('',*,*,#3014,.T.);
#3014 = EDGE_CURVE('',#3006,#2996,#3015,.T.);
#3015 = LINE('',#3016,#3017);
#3016 = CARTESIAN_POINT('',(769.44142182947,6.548908643448E+03,
    -543.5566835082));
#3017 = VECTOR('',#3018,1.);
#3018 = DIRECTION('',(-1.972152263053E-31,-1.,-6.938893903907E-18));
#3019 = CYLINDRICAL_SURFACE('',#3020,1.092E+03);
#3020 = AXIS2_PLACEMENT_3D('',#3021,#3022,#3023);
#3021 = CARTESIAN_POINT('',(769.44142182947,6.313908643448E+03,
    -1.635556683508E+03));
#3022 = DIRECTION('',(-1.97118929808E-31,1.,1.734723475977E-16));
#3023 = DIRECTION('',(1.387778780781E-17,-1.734723475977E-16,1.));
#3024 = ADVANCED_FACE('',(#3025),#3052,.T.);
#3025 = FACE_BOUND('',#3026,.T.);
#3026 = EDGE_LOOP('',(#3027,#3037,#3044,#3045));
#3027 = ORIENTED_EDGE('',*,*,#3028,.F.);
#3028 = EDGE_CURVE('',#3029,#3031,#3033,.T.);
#3029 = VERTEX_POINT('',#3030);
#3030 = CARTESIAN_POINT('',(769.44142182947,5.841908643448E+03,
    -541.5566835082));
#3031 = VERTEX_POINT('',#3032);
#3032 = CARTESIAN_POINT('',(769.44142182947,6.785908643448E+03,
    -541.5566835082));
#3033 = LINE('',#3034,#3035);
#3034 = CARTESIAN_POINT('',(769.44142182947,6.077908643448E+03,
    -541.5566835082));
#3035 = VECTOR('',#3036,1.);
#3036 = DIRECTION('',(1.972152263053E-31,1.,6.938893903907E-18));
#3037 = ORIENTED_EDGE('',*,*,#3038,.T.);
#3038 = EDGE_CURVE('',#3029,#2901,#3039,.T.);
#3039 = CIRCLE('',#3040,1.094E+03);
#3040 = AXIS2_PLACEMENT_3D('',#3041,#3042,#3043);
#3041 = CARTESIAN_POINT('',(769.44142182947,5.841908643448E+03,
    -1.635556683508E+03));
#3042 = DIRECTION('',(-1.97118929808E-31,1.,1.734723475977E-16));
#3043 = DIRECTION('',(-1.160203357315E-16,-1.734723475977E-16,1.));
#3044 = ORIENTED_EDGE('',*,*,#2900,.T.);
#3045 = ORIENTED_EDGE('',*,*,#3046,.F.);
#3046 = EDGE_CURVE('',#3031,#2903,#3047,.T.);
#3047 = CIRCLE('',#3048,1.094E+03);
#3048 = AXIS2_PLACEMENT_3D('',#3049,#3050,#3051);
#3049 = CARTESIAN_POINT('',(769.44142182947,6.785908643448E+03,
    -1.635556683508E+03));
#3050 = DIRECTION('',(-1.97118929808E-31,1.,1.734723475977E-16));
#3051 = DIRECTION('',(-1.160203357315E-16,-1.734723475977E-16,1.));
#3052 = CYLINDRICAL_SURFACE('',#3053,1.094E+03);
#3053 = AXIS2_PLACEMENT_3D('',#3054,#3055,#3056);
#3054 = CARTESIAN_POINT('',(769.44142182947,6.313908643448E+03,
    -1.635556683508E+03));
#3055 = DIRECTION('',(-1.97118929808E-31,1.,1.734723475977E-16));
#3056 = DIRECTION('',(1.387778780781E-17,-1.734723475977E-16,1.));
#3057 = ADVANCED_FACE('',(#3058),#3085,.F.);
#3058 = FACE_BOUND('',#3059,.F.);
#3059 = EDGE_LOOP('',(#3060,#3069,#3070,#3079));
#3060 = ORIENTED_EDGE('',*,*,#3061,.T.);
#3061 = EDGE_CURVE('',#3062,#2934,#3064,.T.);
#3062 = VERTEX_POINT('',#3063);
#3063 = CARTESIAN_POINT('',(769.44142182947,5.841908643448E+03,
    -1.485556683508E+03));
#3064 = CIRCLE('',#3065,150.);
#3065 = AXIS2_PLACEMENT_3D('',#3066,#3067,#3068);
#3066 = CARTESIAN_POINT('',(769.44142182947,5.841908643448E+03,
    -1.635556683508E+03));
#3067 = DIRECTION('',(-1.97118929808E-31,1.,1.734723475977E-16));
#3068 = DIRECTION('',(1.387778780781E-17,-1.734723475977E-16,1.));
#3069 = ORIENTED_EDGE('',*,*,#2931,.F.);
#3070 = ORIENTED_EDGE('',*,*,#3071,.F.);
#3071 = EDGE_CURVE('',#3072,#2932,#3074,.T.);
#3072 = VERTEX_POINT('',#3073);
#3073 = CARTESIAN_POINT('',(769.44142182947,6.785908643448E+03,
    -1.485556683508E+03));
#3074 = CIRCLE('',#3075,150.);
#3075 = AXIS2_PLACEMENT_3D('',#3076,#3077,#3078);
#3076 = CARTESIAN_POINT('',(769.44142182947,6.785908643448E+03,
    -1.635556683508E+03));
#3077 = DIRECTION('',(-1.97118929808E-31,1.,1.734723475977E-16));
#3078 = DIRECTION('',(1.387778780781E-17,-1.734723475977E-16,1.));
#3079 = ORIENTED_EDGE('',*,*,#3080,.T.);
#3080 = EDGE_CURVE('',#3072,#3062,#3081,.T.);
#3081 = LINE('',#3082,#3083);
#3082 = CARTESIAN_POINT('',(769.44142182947,6.549908643448E+03,
    -1.485556683508E+03));
#3083 = VECTOR('',#3084,1.);
#3084 = DIRECTION('',(-1.972152263053E-31,-1.,-6.938893903907E-18));
#3085 = CYLINDRICAL_SURFACE('',#3086,150.);
#3086 = AXIS2_PLACEMENT_3D('',#3087,#3088,#3089);
#3087 = CARTESIAN_POINT('',(769.44142182947,6.313908643448E+03,
    -1.635556683508E+03));
#3088 = DIRECTION('',(-1.97118929808E-31,1.,1.734723475977E-16));
#3089 = DIRECTION('',(1.387778780781E-17,-1.734723475977E-16,1.));
#3090 = ADVANCED_FACE('',(#3091,#3125),#3159,.T.);
#3091 = FACE_BOUND('',#3092,.T.);
#3092 = EDGE_LOOP('',(#3093,#3103,#3111,#3119));
#3093 = ORIENTED_EDGE('',*,*,#3094,.T.);
#3094 = EDGE_CURVE('',#3095,#3097,#3099,.T.);
#3095 = VERTEX_POINT('',#3096);
#3096 = CARTESIAN_POINT('',(716.44142182947,6.813908643448E+03,
    -1.513556683508E+03));
#3097 = VERTEX_POINT('',#3098);
#3098 = CARTESIAN_POINT('',(716.44142182947,5.813908643448E+03,
    -1.513556683508E+03));
#3099 = LINE('',#3100,#3101);
#3100 = CARTESIAN_POINT('',(716.44142182947,6.783908643448E+03,
    -1.513556683508E+03));
#3101 = VECTOR('',#3102,1.);
#3102 = DIRECTION('',(1.85728399416E-15,-1.,-6.938893903907E-18));
#3103 = ORIENTED_EDGE('',*,*,#3104,.T.);
#3104 = EDGE_CURVE('',#3097,#3105,#3107,.T.);
#3105 = VERTEX_POINT('',#3106);
#3106 = CARTESIAN_POINT('',(716.44142182947,5.813908643448E+03,
    -513.5566835082));
#3107 = LINE('',#3108,#3109);
#3108 = CARTESIAN_POINT('',(716.44142182947,5.813908643448E+03,
    -1.513556683508E+03));
#3109 = VECTOR('',#3110,1.);
#3110 = DIRECTION('',(1.118092548491E-15,-6.938893903905E-18,1.));
#3111 = ORIENTED_EDGE('',*,*,#3112,.T.);
#3112 = EDGE_CURVE('',#3105,#3113,#3115,.T.);
#3113 = VERTEX_POINT('',#3114);
#3114 = CARTESIAN_POINT('',(716.44142182947,6.813908643448E+03,
    -513.5566835082));
#3115 = LINE('',#3116,#3117);
#3116 = CARTESIAN_POINT('',(716.44142182947,5.813908643448E+03,
    -513.5566835082));
#3117 = VECTOR('',#3118,1.);
#3118 = DIRECTION('',(-1.706104688679E-15,1.,6.938893903907E-18));
#3119 = ORIENTED_EDGE('',*,*,#3120,.T.);
#3120 = EDGE_CURVE('',#3113,#3095,#3121,.T.);
#3121 = LINE('',#3122,#3123);
#3122 = CARTESIAN_POINT('',(716.44142182947,6.813908643448E+03,
    -513.5566835082));
#3123 = VECTOR('',#3124,1.);
#3124 = DIRECTION('',(-1.118092548491E-15,6.938893903905E-18,-1.));
#3125 = FACE_BOUND('',#3126,.T.);
#3126 = EDGE_LOOP('',(#3127,#3137,#3145,#3153));
#3127 = ORIENTED_EDGE('',*,*,#3128,.T.);
#3128 = EDGE_CURVE('',#3129,#3131,#3133,.T.);
#3129 = VERTEX_POINT('',#3130);
#3130 = CARTESIAN_POINT('',(716.44142182947,5.843908643448E+03,
    -543.5566835082));
#3131 = VERTEX_POINT('',#3132);
#3132 = CARTESIAN_POINT('',(716.44142182947,5.843908643448E+03,
    -1.483556683508E+03));
#3133 = LINE('',#3134,#3135);
#3134 = CARTESIAN_POINT('',(716.44142182947,5.843908643448E+03,
    -513.5566835082));
#3135 = VECTOR('',#3136,1.);
#3136 = DIRECTION('',(-1.118092548491E-15,6.938893903905E-18,-1.));
#3137 = ORIENTED_EDGE('',*,*,#3138,.T.);
#3138 = EDGE_CURVE('',#3131,#3139,#3141,.T.);
#3139 = VERTEX_POINT('',#3140);
#3140 = CARTESIAN_POINT('',(716.44142182947,6.783908643448E+03,
    -1.483556683508E+03));
#3141 = LINE('',#3142,#3143);
#3142 = CARTESIAN_POINT('',(716.44142182947,5.843908643448E+03,
    -1.483556683508E+03));
#3143 = VECTOR('',#3144,1.);
#3144 = DIRECTION('',(-1.706104688679E-15,1.,6.938893903907E-18));
#3145 = ORIENTED_EDGE('',*,*,#3146,.T.);
#3146 = EDGE_CURVE('',#3139,#3147,#3149,.T.);
#3147 = VERTEX_POINT('',#3148);
#3148 = CARTESIAN_POINT('',(716.44142182947,6.783908643448E+03,
    -543.5566835082));
#3149 = LINE('',#3150,#3151);
#3150 = CARTESIAN_POINT('',(716.44142182947,6.783908643448E+03,
    -1.513556683508E+03));
#3151 = VECTOR('',#3152,1.);
#3152 = DIRECTION('',(9.759840013387E-16,-6.938893903906E-18,1.));
#3153 = ORIENTED_EDGE('',*,*,#3154,.T.);
#3154 = EDGE_CURVE('',#3147,#3129,#3155,.T.);
#3155 = LINE('',#3156,#3157);
#3156 = CARTESIAN_POINT('',(716.44142182947,6.783908643448E+03,
    -543.5566835082));
#3157 = VECTOR('',#3158,1.);
#3158 = DIRECTION('',(1.554925383198E-15,-1.,-6.938893903907E-18));
#3159 = PLANE('',#3160);
#3160 = AXIS2_PLACEMENT_3D('',#3161,#3162,#3163);
#3161 = CARTESIAN_POINT('',(716.44142182947,6.313908643448E+03,
    -1.013556683508E+03));
#3162 = DIRECTION('',(-1.,-1.706104688679E-15,1.118092548491E-15));
#3163 = DIRECTION('',(-1.706104688679E-15,1.,6.938893903907E-18));
#3164 = ADVANCED_FACE('',(#3165,#3199),#3233,.F.);
#3165 = FACE_BOUND('',#3166,.T.);
#3166 = EDGE_LOOP('',(#3167,#3177,#3185,#3193));
#3167 = ORIENTED_EDGE('',*,*,#3168,.F.);
#3168 = EDGE_CURVE('',#3169,#3171,#3173,.T.);
#3169 = VERTEX_POINT('',#3170);
#3170 = CARTESIAN_POINT('',(719.44142182947,6.813908643448E+03,
    -1.513556683508E+03));
#3171 = VERTEX_POINT('',#3172);
#3172 = CARTESIAN_POINT('',(719.44142182947,5.813908643448E+03,
    -1.513556683508E+03));
#3173 = LINE('',#3174,#3175);
#3174 = CARTESIAN_POINT('',(719.44142182947,6.783908643448E+03,
    -1.513556683508E+03));
#3175 = VECTOR('',#3176,1.);
#3176 = DIRECTION('',(1.85728399416E-15,-1.,-6.938893903907E-18));
#3177 = ORIENTED_EDGE('',*,*,#3178,.F.);
#3178 = EDGE_CURVE('',#3179,#3169,#3181,.T.);
#3179 = VERTEX_POINT('',#3180);
#3180 = CARTESIAN_POINT('',(719.44142182947,6.813908643448E+03,
    -513.5566835082));
#3181 = LINE('',#3182,#3183);
#3182 = CARTESIAN_POINT('',(719.44142182947,6.813908643448E+03,
    -513.5566835082));
#3183 = VECTOR('',#3184,1.);
#3184 = DIRECTION('',(-1.118092548491E-15,6.938893903905E-18,-1.));
#3185 = ORIENTED_EDGE('',*,*,#3186,.F.);
#3186 = EDGE_CURVE('',#3187,#3179,#3189,.T.);
#3187 = VERTEX_POINT('',#3188);
#3188 = CARTESIAN_POINT('',(719.44142182947,5.813908643448E+03,
    -513.5566835082));
#3189 = LINE('',#3190,#3191);
#3190 = CARTESIAN_POINT('',(719.44142182947,5.813908643448E+03,
    -513.5566835082));
#3191 = VECTOR('',#3192,1.);
#3192 = DIRECTION('',(-1.706104688679E-15,1.,6.938893903907E-18));
#3193 = ORIENTED_EDGE('',*,*,#3194,.F.);
#3194 = EDGE_CURVE('',#3171,#3187,#3195,.T.);
#3195 = LINE('',#3196,#3197);
#3196 = CARTESIAN_POINT('',(719.44142182947,5.813908643448E+03,
    -1.513556683508E+03));
#3197 = VECTOR('',#3198,1.);
#3198 = DIRECTION('',(1.118092548491E-15,-6.938893903905E-18,1.));
#3199 = FACE_BOUND('',#3200,.T.);
#3200 = EDGE_LOOP('',(#3201,#3211,#3219,#3227));
#3201 = ORIENTED_EDGE('',*,*,#3202,.F.);
#3202 = EDGE_CURVE('',#3203,#3205,#3207,.T.);
#3203 = VERTEX_POINT('',#3204);
#3204 = CARTESIAN_POINT('',(719.44142182947,6.785908643448E+03,
    -541.5566835082));
#3205 = VERTEX_POINT('',#3206);
#3206 = CARTESIAN_POINT('',(719.44142182947,5.841908643448E+03,
    -541.5566835082));
#3207 = LINE('',#3208,#3209);
#3208 = CARTESIAN_POINT('',(719.44142182947,6.077908643448E+03,
    -541.5566835082));
#3209 = VECTOR('',#3210,1.);
#3210 = DIRECTION('',(-9.629649721936E-35,-1.,-6.938893903907E-18));
#3211 = ORIENTED_EDGE('',*,*,#3212,.F.);
#3212 = EDGE_CURVE('',#3213,#3203,#3215,.T.);
#3213 = VERTEX_POINT('',#3214);
#3214 = CARTESIAN_POINT('',(719.44142182947,6.785908643448E+03,
    -1.485556683508E+03));
#3215 = LINE('',#3216,#3217);
#3216 = CARTESIAN_POINT('',(719.44142182947,6.785908643448E+03,
    -777.5566835082));
#3217 = VECTOR('',#3218,1.);
#3218 = DIRECTION('',(1.387778780781E-17,-6.938893903907E-18,1.));
#3219 = ORIENTED_EDGE('',*,*,#3220,.F.);
#3220 = EDGE_CURVE('',#3221,#3213,#3223,.T.);
#3221 = VERTEX_POINT('',#3222);
#3222 = CARTESIAN_POINT('',(719.44142182947,5.841908643448E+03,
    -1.485556683508E+03));
#3223 = LINE('',#3224,#3225);
#3224 = CARTESIAN_POINT('',(719.44142182947,6.549908643448E+03,
    -1.485556683508E+03));
#3225 = VECTOR('',#3226,1.);
#3226 = DIRECTION('',(9.629649721936E-35,1.,6.938893903907E-18));
#3227 = ORIENTED_EDGE('',*,*,#3228,.F.);
#3228 = EDGE_CURVE('',#3205,#3221,#3229,.T.);
#3229 = LINE('',#3230,#3231);
#3230 = CARTESIAN_POINT('',(719.44142182947,5.841908643448E+03,
    -1.249556683508E+03));
#3231 = VECTOR('',#3232,1.);
#3232 = DIRECTION('',(-1.387778780781E-17,6.938893903907E-18,-1.));
#3233 = PLANE('',#3234);
#3234 = AXIS2_PLACEMENT_3D('',#3235,#3236,#3237);
#3235 = CARTESIAN_POINT('',(719.44142182947,6.313908643448E+03,
    -1.013556683508E+03));
#3236 = DIRECTION('',(-1.,0.,1.387778780781E-17));
#3237 = DIRECTION('',(1.387778780781E-17,-6.938893903907E-18,1.));
#3238 = ADVANCED_FACE('',(#3239),#3255,.F.);
#3239 = FACE_BOUND('',#3240,.T.);
#3240 = EDGE_LOOP('',(#3241,#3242,#3248,#3249));
#3241 = ORIENTED_EDGE('',*,*,#3094,.F.);
#3242 = ORIENTED_EDGE('',*,*,#3243,.T.);
#3243 = EDGE_CURVE('',#3095,#3169,#3244,.T.);
#3244 = LINE('',#3245,#3246);
#3245 = CARTESIAN_POINT('',(716.44142182947,6.813908643448E+03,
    -1.513556683508E+03));
#3246 = VECTOR('',#3247,1.);
#3247 = DIRECTION('',(1.,0.,-1.387778780781E-17));
#3248 = ORIENTED_EDGE('',*,*,#3168,.T.);
#3249 = ORIENTED_EDGE('',*,*,#3250,.F.);
#3250 = EDGE_CURVE('',#3097,#3171,#3251,.T.);
#3251 = LINE('',#3252,#3253);
#3252 = CARTESIAN_POINT('',(716.44142182947,5.813908643448E+03,
    -1.513556683508E+03));
#3253 = VECTOR('',#3254,1.);
#3254 = DIRECTION('',(1.,0.,-1.387778780781E-17));
#3255 = PLANE('',#3256);
#3256 = AXIS2_PLACEMENT_3D('',#3257,#3258,#3259);
#3257 = CARTESIAN_POINT('',(716.44142182947,6.813908643448E+03,
    -1.513556683508E+03));
#3258 = DIRECTION('',(1.387778780781E-17,-6.938893903907E-18,1.));
#3259 = DIRECTION('',(1.85728399416E-15,-1.,-6.938893903907E-18));
#3260 = ADVANCED_FACE('',(#3261),#3272,.F.);
#3261 = FACE_BOUND('',#3262,.T.);
#3262 = EDGE_LOOP('',(#3263,#3264,#3265,#3266));
#3263 = ORIENTED_EDGE('',*,*,#3104,.F.);
#3264 = ORIENTED_EDGE('',*,*,#3250,.T.);
#3265 = ORIENTED_EDGE('',*,*,#3194,.T.);
#3266 = ORIENTED_EDGE('',*,*,#3267,.F.);
#3267 = EDGE_CURVE('',#3105,#3187,#3268,.T.);
#3268 = LINE('',#3269,#3270);
#3269 = CARTESIAN_POINT('',(716.44142182947,5.813908643448E+03,
    -513.5566835082));
#3270 = VECTOR('',#3271,1.);
#3271 = DIRECTION('',(1.,0.,-1.387778780781E-17));
#3272 = PLANE('',#3273);
#3273 = AXIS2_PLACEMENT_3D('',#3274,#3275,#3276);
#3274 = CARTESIAN_POINT('',(716.44142182947,5.813908643448E+03,
    -1.513556683508E+03));
#3275 = DIRECTION('',(9.629649721934E-35,1.,6.938893903905E-18));
#3276 = DIRECTION('',(1.118092548491E-15,-6.938893903905E-18,1.));
#3277 = ADVANCED_FACE('',(#3278),#3289,.F.);
#3278 = FACE_BOUND('',#3279,.T.);
#3279 = EDGE_LOOP('',(#3280,#3281,#3282,#3283));
#3280 = ORIENTED_EDGE('',*,*,#3112,.F.);
#3281 = ORIENTED_EDGE('',*,*,#3267,.T.);
#3282 = ORIENTED_EDGE('',*,*,#3186,.T.);
#3283 = ORIENTED_EDGE('',*,*,#3284,.F.);
#3284 = EDGE_CURVE('',#3113,#3179,#3285,.T.);
#3285 = LINE('',#3286,#3287);
#3286 = CARTESIAN_POINT('',(716.44142182947,6.813908643448E+03,
    -513.5566835082));
#3287 = VECTOR('',#3288,1.);
#3288 = DIRECTION('',(1.,0.,-1.387778780781E-17));
#3289 = PLANE('',#3290);
#3290 = AXIS2_PLACEMENT_3D('',#3291,#3292,#3293);
#3291 = CARTESIAN_POINT('',(716.44142182947,5.813908643448E+03,
    -513.5566835082));
#3292 = DIRECTION('',(-1.387778780781E-17,6.938893903907E-18,-1.));
#3293 = DIRECTION('',(-1.706104688679E-15,1.,6.938893903907E-18));
#3294 = ADVANCED_FACE('',(#3295),#3301,.F.);
#3295 = FACE_BOUND('',#3296,.T.);
#3296 = EDGE_LOOP('',(#3297,#3298,#3299,#3300));
#3297 = ORIENTED_EDGE('',*,*,#3120,.F.);
#3298 = ORIENTED_EDGE('',*,*,#3284,.T.);
#3299 = ORIENTED_EDGE('',*,*,#3178,.T.);
#3300 = ORIENTED_EDGE('',*,*,#3243,.F.);
#3301 = PLANE('',#3302);
#3302 = AXIS2_PLACEMENT_3D('',#3303,#3304,#3305);
#3303 = CARTESIAN_POINT('',(716.44142182947,6.813908643448E+03,
    -513.5566835082));
#3304 = DIRECTION('',(-9.629649721934E-35,-1.,-6.938893903905E-18));
#3305 = DIRECTION('',(-1.118092548491E-15,6.938893903905E-18,-1.));
#3306 = ADVANCED_FACE('',(#3307),#3323,.F.);
#3307 = FACE_BOUND('',#3308,.T.);
#3308 = EDGE_LOOP('',(#3309,#3310,#3316,#3317));
#3309 = ORIENTED_EDGE('',*,*,#2962,.T.);
#3310 = ORIENTED_EDGE('',*,*,#3311,.F.);
#3311 = EDGE_CURVE('',#3139,#2965,#3312,.T.);
#3312 = LINE('',#3313,#3314);
#3313 = CARTESIAN_POINT('',(716.44142182947,6.783908643448E+03,
    -1.483556683508E+03));
#3314 = VECTOR('',#3315,1.);
#3315 = DIRECTION('',(1.,0.,-1.387778780781E-17));
#3316 = ORIENTED_EDGE('',*,*,#3138,.F.);
#3317 = ORIENTED_EDGE('',*,*,#3318,.T.);
#3318 = EDGE_CURVE('',#3131,#2963,#3319,.T.);
#3319 = LINE('',#3320,#3321);
#3320 = CARTESIAN_POINT('',(716.44142182947,5.843908643448E+03,
    -1.483556683508E+03));
#3321 = VECTOR('',#3322,1.);
#3322 = DIRECTION('',(1.,0.,-1.387778780781E-17));
#3323 = PLANE('',#3324);
#3324 = AXIS2_PLACEMENT_3D('',#3325,#3326,#3327);
#3325 = CARTESIAN_POINT('',(716.44142182947,5.843908643448E+03,
    -1.483556683508E+03));
#3326 = DIRECTION('',(-1.387778780781E-17,6.938893903907E-18,-1.));
#3327 = DIRECTION('',(-1.706104688679E-15,1.,6.938893903907E-18));
#3328 = ADVANCED_FACE('',(#3329),#3344,.F.);
#3329 = FACE_BOUND('',#3330,.T.);
#3330 = EDGE_LOOP('',(#3331,#3332,#3333,#3334,#3335,#3336,#3337,#3343));
#3331 = ORIENTED_EDGE('',*,*,#3311,.T.);
#3332 = ORIENTED_EDGE('',*,*,#2980,.T.);
#3333 = ORIENTED_EDGE('',*,*,#2855,.T.);
#3334 = ORIENTED_EDGE('',*,*,#2816,.T.);
#3335 = ORIENTED_EDGE('',*,*,#2879,.F.);
#3336 = ORIENTED_EDGE('',*,*,#3005,.F.);
#3337 = ORIENTED_EDGE('',*,*,#3338,.F.);
#3338 = EDGE_CURVE('',#3147,#3006,#3339,.T.);
#3339 = LINE('',#3340,#3341);
#3340 = CARTESIAN_POINT('',(716.44142182947,6.783908643448E+03,
    -543.5566835082));
#3341 = VECTOR('',#3342,1.);
#3342 = DIRECTION('',(1.,0.,-1.387778780781E-17));
#3343 = ORIENTED_EDGE('',*,*,#3146,.F.);
#3344 = PLANE('',#3345);
#3345 = AXIS2_PLACEMENT_3D('',#3346,#3347,#3348);
#3346 = CARTESIAN_POINT('',(716.44142182947,6.783908643448E+03,
    -1.483556683508E+03));
#3347 = DIRECTION('',(9.629649721934E-35,1.,6.938893903906E-18));
#3348 = DIRECTION('',(9.759840013387E-16,-6.938893903906E-18,1.));
#3349 = ADVANCED_FACE('',(#3350),#3366,.F.);
#3350 = FACE_BOUND('',#3351,.T.);
#3351 = EDGE_LOOP('',(#3352,#3353,#3359,#3360));
#3352 = ORIENTED_EDGE('',*,*,#3080,.T.);
#3353 = ORIENTED_EDGE('',*,*,#3354,.F.);
#3354 = EDGE_CURVE('',#3221,#3062,#3355,.T.);
#3355 = LINE('',#3356,#3357);
#3356 = CARTESIAN_POINT('',(719.44142182947,5.841908643448E+03,
    -1.485556683508E+03));
#3357 = VECTOR('',#3358,1.);
#3358 = DIRECTION('',(1.,0.,-1.387778780781E-17));
#3359 = ORIENTED_EDGE('',*,*,#3220,.T.);
#3360 = ORIENTED_EDGE('',*,*,#3361,.T.);
#3361 = EDGE_CURVE('',#3213,#3072,#3362,.T.);
#3362 = LINE('',#3363,#3364);
#3363 = CARTESIAN_POINT('',(719.44142182947,6.785908643448E+03,
    -1.485556683508E+03));
#3364 = VECTOR('',#3365,1.);
#3365 = DIRECTION('',(1.,0.,-1.387778780781E-17));
#3366 = PLANE('',#3367);
#3367 = AXIS2_PLACEMENT_3D('',#3368,#3369,#3370);
#3368 = CARTESIAN_POINT('',(719.44142182947,6.785908643448E+03,
    -1.485556683508E+03));
#3369 = DIRECTION('',(1.387778780781E-17,-6.938893903907E-18,1.));
#3370 = DIRECTION('',(-9.629649721936E-35,-1.,-6.938893903907E-18));
#3371 = ADVANCED_FACE('',(#3372),#3387,.F.);
#3372 = FACE_BOUND('',#3373,.T.);
#3373 = EDGE_LOOP('',(#3374,#3375,#3376,#3377,#3378,#3379,#3380,#3386));
#3374 = ORIENTED_EDGE('',*,*,#3354,.T.);
#3375 = ORIENTED_EDGE('',*,*,#3061,.T.);
#3376 = ORIENTED_EDGE('',*,*,#2948,.T.);
#3377 = ORIENTED_EDGE('',*,*,#2682,.T.);
#3378 = ORIENTED_EDGE('',*,*,#2910,.F.);
#3379 = ORIENTED_EDGE('',*,*,#3038,.F.);
#3380 = ORIENTED_EDGE('',*,*,#3381,.F.);
#3381 = EDGE_CURVE('',#3205,#3029,#3382,.T.);
#3382 = LINE('',#3383,#3384);
#3383 = CARTESIAN_POINT('',(719.44142182947,5.841908643448E+03,
    -541.5566835082));
#3384 = VECTOR('',#3385,1.);
#3385 = DIRECTION('',(1.,0.,-1.387778780781E-17));
#3386 = ORIENTED_EDGE('',*,*,#3228,.T.);
#3387 = PLANE('',#3388);
#3388 = AXIS2_PLACEMENT_3D('',#3389,#3390,#3391);
#3389 = CARTESIAN_POINT('',(719.44142182947,5.841908643448E+03,
    -1.485556683508E+03));
#3390 = DIRECTION('',(9.629649721936E-35,1.,6.938893903907E-18));
#3391 = DIRECTION('',(1.387778780781E-17,-6.938893903907E-18,1.));
#3392 = ADVANCED_FACE('',(#3393),#3404,.F.);
#3393 = FACE_BOUND('',#3394,.T.);
#3394 = EDGE_LOOP('',(#3395,#3396,#3402,#3403));
#3395 = ORIENTED_EDGE('',*,*,#3014,.T.);
#3396 = ORIENTED_EDGE('',*,*,#3397,.F.);
#3397 = EDGE_CURVE('',#3129,#2996,#3398,.T.);
#3398 = LINE('',#3399,#3400);
#3399 = CARTESIAN_POINT('',(716.44142182947,5.843908643448E+03,
    -543.5566835082));
#3400 = VECTOR('',#3401,1.);
#3401 = DIRECTION('',(1.,0.,-1.387778780781E-17));
#3402 = ORIENTED_EDGE('',*,*,#3154,.F.);
#3403 = ORIENTED_EDGE('',*,*,#3338,.T.);
#3404 = PLANE('',#3405);
#3405 = AXIS2_PLACEMENT_3D('',#3406,#3407,#3408);
#3406 = CARTESIAN_POINT('',(716.44142182947,6.783908643448E+03,
    -543.5566835082));
#3407 = DIRECTION('',(1.387778780781E-17,-6.938893903907E-18,1.));
#3408 = DIRECTION('',(1.554925383198E-15,-1.,-6.938893903907E-18));
#3409 = ADVANCED_FACE('',(#3410),#3420,.F.);
#3410 = FACE_BOUND('',#3411,.T.);
#3411 = EDGE_LOOP('',(#3412,#3413,#3414,#3415,#3416,#3417,#3418,#3419));
#3412 = ORIENTED_EDGE('',*,*,#3397,.T.);
#3413 = ORIENTED_EDGE('',*,*,#2995,.T.);
#3414 = ORIENTED_EDGE('',*,*,#2886,.T.);
#3415 = ORIENTED_EDGE('',*,*,#2798,.T.);
#3416 = ORIENTED_EDGE('',*,*,#2848,.F.);
#3417 = ORIENTED_EDGE('',*,*,#2972,.F.);
#3418 = ORIENTED_EDGE('',*,*,#3318,.F.);
#3419 = ORIENTED_EDGE('',*,*,#3128,.F.);
#3420 = PLANE('',#3421);
#3421 = AXIS2_PLACEMENT_3D('',#3422,#3423,#3424);
#3422 = CARTESIAN_POINT('',(716.44142182947,5.843908643448E+03,
    -543.5566835082));
#3423 = DIRECTION('',(-9.629649721934E-35,-1.,-6.938893903905E-18));
#3424 = DIRECTION('',(-1.118092548491E-15,6.938893903905E-18,-1.));
#3425 = ADVANCED_FACE('',(#3426),#3437,.F.);
#3426 = FACE_BOUND('',#3427,.T.);
#3427 = EDGE_LOOP('',(#3428,#3429,#3435,#3436));
#3428 = ORIENTED_EDGE('',*,*,#3028,.T.);
#3429 = ORIENTED_EDGE('',*,*,#3430,.F.);
#3430 = EDGE_CURVE('',#3203,#3031,#3431,.T.);
#3431 = LINE('',#3432,#3433);
#3432 = CARTESIAN_POINT('',(719.44142182947,6.785908643448E+03,
    -541.5566835082));
#3433 = VECTOR('',#3434,1.);
#3434 = DIRECTION('',(1.,0.,-1.387778780781E-17));
#3435 = ORIENTED_EDGE('',*,*,#3202,.T.);
#3436 = ORIENTED_EDGE('',*,*,#3381,.T.);
#3437 = PLANE('',#3438);
#3438 = AXIS2_PLACEMENT_3D('',#3439,#3440,#3441);
#3439 = CARTESIAN_POINT('',(719.44142182947,5.841908643448E+03,
    -541.5566835082));
#3440 = DIRECTION('',(-1.387778780781E-17,6.938893903907E-18,-1.));
#3441 = DIRECTION('',(9.629649721936E-35,1.,6.938893903907E-18));
#3442 = ADVANCED_FACE('',(#3443),#3453,.F.);
#3443 = FACE_BOUND('',#3444,.T.);
#3444 = EDGE_LOOP('',(#3445,#3446,#3447,#3448,#3449,#3450,#3451,#3452));
#3445 = ORIENTED_EDGE('',*,*,#3430,.T.);
#3446 = ORIENTED_EDGE('',*,*,#3046,.T.);
#3447 = ORIENTED_EDGE('',*,*,#2917,.T.);
#3448 = ORIENTED_EDGE('',*,*,#2666,.T.);
#3449 = ORIENTED_EDGE('',*,*,#2941,.F.);
#3450 = ORIENTED_EDGE('',*,*,#3071,.F.);
#3451 = ORIENTED_EDGE('',*,*,#3361,.F.);
#3452 = ORIENTED_EDGE('',*,*,#3212,.T.);
#3453 = PLANE('',#3454);
#3454 = AXIS2_PLACEMENT_3D('',#3455,#3456,#3457);
#3455 = CARTESIAN_POINT('',(719.44142182947,6.785908643448E+03,
    -541.5566835082));
#3456 = DIRECTION('',(-9.629649721936E-35,-1.,-6.938893903907E-18));
#3457 = DIRECTION('',(-1.387778780781E-17,6.938893903907E-18,-1.));
#3458 = ( GEOMETRIC_REPRESENTATION_CONTEXT(3) 
GLOBAL_UNCERTAINTY_ASSIGNED_CONTEXT((#3462)) 
GLOBAL_UNIT_ASSIGNED_CONTEXT((#3459,#3460,#3461)) REPRESENTATION_CONTEXT
('Context #1','3D Context with UNIT and UNCERTAINTY') );
#3459 = ( LENGTH_UNIT() NAMED_UNIT(*) SI_UNIT(.MILLI.,.METRE.) );
#3460 = ( NAMED_UNIT(*) PLANE_ANGLE_UNIT() SI_UNIT($,.RADIAN.) );
#3461 = ( NAMED_UNIT(*) SI_UNIT($,.STERADIAN.) SOLID_ANGLE_UNIT() );
#3462 = UNCERTAINTY_MEASURE_WITH_UNIT(LENGTH_MEASURE(1.E-07),#3459,
  'distance_accuracy_value','confusion accuracy');
#3463 = CONTEXT_DEPENDENT_SHAPE_REPRESENTATION(#3464,#3466);
#3464 = ( REPRESENTATION_RELATIONSHIP('','',#2615,#2584) 
REPRESENTATION_RELATIONSHIP_WITH_TRANSFORMATION(#3465) 
SHAPE_REPRESENTATION_RELATIONSHIP() );
#3465 = ITEM_DEFINED_TRANSFORMATION('','',#11,#2585);
#3466 = PRODUCT_DEFINITION_SHAPE('Placement','Placement of an item',
  #3467);
#3467 = NEXT_ASSEMBLY_USAGE_OCCURRENCE('8','Bend 1000x1000 90 deg','',
  #2579,#2610,$);
#3468 = PRODUCT_RELATED_PRODUCT_CATEGORY('part',$,(#2612));
#3469 = SHAPE_DEFINITION_REPRESENTATION(#3470,#3476);
#3470 = PRODUCT_DEFINITION_SHAPE('','',#3471);
#3471 = PRODUCT_DEFINITION('design','',#3472,#3475);
#3472 = PRODUCT_DEFINITION_FORMATION('','',#3473);
#3473 = PRODUCT('AirTS left','AirTS left','',(#3474));
#3474 = PRODUCT_CONTEXT('',#2,'mechanical');
#3475 = PRODUCT_DEFINITION_CONTEXT('part definition',#2,'design');
#3476 = SHAPE_REPRESENTATION('',(#11,#3477,#3481,#3485,#3489),#3493);
#3477 = AXIS2_PLACEMENT_3D('',#3478,#3479,#3480);
#3478 = CARTESIAN_POINT('',(0.,0.,0.));
#3479 = DIRECTION('',(0.,0.,1.));
#3480 = DIRECTION('',(1.,0.,0.));
#3481 = AXIS2_PLACEMENT_3D('',#3482,#3483,#3484);
#3482 = CARTESIAN_POINT('',(0.,0.,0.));
#3483 = DIRECTION('',(0.,0.,1.));
#3484 = DIRECTION('',(1.,0.,0.));
#3485 = AXIS2_PLACEMENT_3D('',#3486,#3487,#3488);
#3486 = CARTESIAN_POINT('',(0.,0.,0.));
#3487 = DIRECTION('',(0.,0.,1.));
#3488 = DIRECTION('',(1.,0.,0.));
#3489 = AXIS2_PLACEMENT_3D('',#3490,#3491,#3492);
#3490 = CARTESIAN_POINT('',(-2.273736754432E-12,8.526512829121E-12,
    999.99999999998));
#3491 = DIRECTION('',(0.,0.,1.));
#3492 = DIRECTION('',(1.,0.,0.));
#3493 = ( GEOMETRIC_REPRESENTATION_CONTEXT(3) 
GLOBAL_UNCERTAINTY_ASSIGNED_CONTEXT((#3497)) 
GLOBAL_UNIT_ASSIGNED_CONTEXT((#3494,#3495,#3496)) REPRESENTATION_CONTEXT
('Context #1','3D Context with UNIT and UNCERTAINTY') );
#3494 = ( LENGTH_UNIT() NAMED_UNIT(*) SI_UNIT(.MILLI.,.METRE.) );
#3495 = ( NAMED_UNIT(*) PLANE_ANGLE_UNIT() SI_UNIT($,.RADIAN.) );
#3496 = ( NAMED_UNIT(*) SI_UNIT($,.STERADIAN.) SOLID_ANGLE_UNIT() );
#3497 = UNCERTAINTY_MEASURE_WITH_UNIT(LENGTH_MEASURE(1.E-07),#3494,
  'distance_accuracy_value','confusion accuracy');
#3498 = CONTEXT_DEPENDENT_SHAPE_REPRESENTATION(#3499,#3501);
#3499 = ( REPRESENTATION_RELATIONSHIP('','',#3476,#2584) 
REPRESENTATION_RELATIONSHIP_WITH_TRANSFORMATION(#3500) 
SHAPE_REPRESENTATION_RELATIONSHIP() );
#3500 = ITEM_DEFINED_TRANSFORMATION('','',#11,#2589);
#3501 = PRODUCT_DEFINITION_SHAPE('Placement','Placement of an item',
  #3502);
#3502 = NEXT_ASSEMBLY_USAGE_OCCURRENCE('47','AirTS left','',#2579,#3471,
  $);
#3503 = PRODUCT_RELATED_PRODUCT_CATEGORY('part',$,(#3473));
#3504 = SHAPE_DEFINITION_REPRESENTATION(#3505,#3511);
#3505 = PRODUCT_DEFINITION_SHAPE('','',#3506);
#3506 = PRODUCT_DEFINITION('design','',#3507,#3510);
#3507 = PRODUCT_DEFINITION_FORMATION('','',#3508);
#3508 = PRODUCT('01_Lower_connection','01_Lower_connection','',(#3509));
#3509 = PRODUCT_CONTEXT('',#2,'mechanical');
#3510 = PRODUCT_DEFINITION_CONTEXT('part definition',#2,'design');
#3511 = SHAPE_REPRESENTATION('',(#11,#3512,#3516),#3520);
#3512 = AXIS2_PLACEMENT_3D('',#3513,#3514,#3515);
#3513 = CARTESIAN_POINT('',(0.,0.,0.));
#3514 = DIRECTION('',(0.,0.,1.));
#3515 = DIRECTION('',(1.,0.,0.));
#3516 = AXIS2_PLACEMENT_3D('',#3517,#3518,#3519);
#3517 = CARTESIAN_POINT('',(0.,0.,0.));
#3518 = DIRECTION('',(0.,0.,1.));
#3519 = DIRECTION('',(1.,0.,0.));
#3520 = ( GEOMETRIC_REPRESENTATION_CONTEXT(3) 
GLOBAL_UNCERTAINTY_ASSIGNED_CONTEXT((#3524)) 
GLOBAL_UNIT_ASSIGNED_CONTEXT((#3521,#3522,#3523)) REPRESENTATION_CONTEXT
('Context #1','3D Context with UNIT and UNCERTAINTY') );
#3521 = ( LENGTH_UNIT() NAMED_UNIT(*) SI_UNIT(.MILLI.,.METRE.) );
#3522 = ( NAMED_UNIT(*) PLANE_ANGLE_UNIT() SI_UNIT($,.RADIAN.) );
#3523 = ( NAMED_UNIT(*) SI_UNIT($,.STERADIAN.) SOLID_ANGLE_UNIT() );
#3524 = UNCERTAINTY_MEASURE_WITH_UNIT(LENGTH_MEASURE(1.E-07),#3521,
  'distance_accuracy_value','confusion accuracy');
#3525 = CONTEXT_DEPENDENT_SHAPE_REPRESENTATION(#3526,#3528);
#3526 = ( REPRESENTATION_RELATIONSHIP('','',#3511,#3476) 
REPRESENTATION_RELATIONSHIP_WITH_TRANSFORMATION(#3527) 
SHAPE_REPRESENTATION_RELATIONSHIP() );
#3527 = ITEM_DEFINED_TRANSFORMATION('','',#11,#3477);
#3528 = PRODUCT_DEFINITION_SHAPE('Placement','Placement of an item',
  #3529);
#3529 = NEXT_ASSEMBLY_USAGE_OCCURRENCE('11','01_Lower_connection','',
  #3471,#3506,$);
#3530 = PRODUCT_RELATED_PRODUCT_CATEGORY('part',$,(#3508));
#3531 = SHAPE_DEFINITION_REPRESENTATION(#3532,#3538);
#3532 = PRODUCT_DEFINITION_SHAPE('','',#3533);
#3533 = PRODUCT_DEFINITION('design','',#3534,#3537);
#3534 = PRODUCT_DEFINITION_FORMATION('','',#3535);
#3535 = PRODUCT('Bottom_flange_860_open_800_12xD8',
  'Bottom_flange_860_open_800_12xD8','',(#3536));
#3536 = PRODUCT_CONTEXT('',#2,'mechanical');
#3537 = PRODUCT_DEFINITION_CONTEXT('part definition',#2,'design');
#3538 = ADVANCED_BREP_SHAPE_REPRESENTATION('',(#11,#3539),#4293);
#3539 = MANIFOLD_SOLID_BREP('',#3540);
#3540 = CLOSED_SHELL('',(#3541,#3581,#3612,#3802,#3826,#4009,#4021,#4038
    ,#4055,#4072,#4089,#4106,#4123,#4140,#4157,#4174,#4196,#4213,#4230,
    #4242,#4259,#4276));
#3541 = ADVANCED_FACE('',(#3542),#3576,.F.);
#3542 = FACE_BOUND('',#3543,.T.);
#3543 = EDGE_LOOP('',(#3544,#3554,#3562,#3570));
#3544 = ORIENTED_EDGE('',*,*,#3545,.T.);
#3545 = EDGE_CURVE('',#3546,#3548,#3550,.T.);
#3546 = VERTEX_POINT('',#3547);
#3547 = CARTESIAN_POINT('',(120.,120.,0.));
#3548 = VERTEX_POINT('',#3549);
#3549 = CARTESIAN_POINT('',(120.,120.,1.5));
#3550 = LINE('',#3551,#3552);
#3551 = CARTESIAN_POINT('',(120.,120.,0.));
#3552 = VECTOR('',#3553,1.);
#3553 = DIRECTION('',(0.,0.,1.));
#3554 = ORIENTED_EDGE('',*,*,#3555,.T.);
#3555 = EDGE_CURVE('',#3548,#3556,#3558,.T.);
#3556 = VERTEX_POINT('',#3557);
#3557 = CARTESIAN_POINT('',(120.,980.,1.5));
#3558 = LINE('',#3559,#3560);
#3559 = CARTESIAN_POINT('',(120.,120.,1.5));
#3560 = VECTOR('',#3561,1.);
#3561 = DIRECTION('',(0.,1.,0.));
#3562 = ORIENTED_EDGE('',*,*,#3563,.F.);
#3563 = EDGE_CURVE('',#3564,#3556,#3566,.T.);
#3564 = VERTEX_POINT('',#3565);
#3565 = CARTESIAN_POINT('',(120.,980.,0.));
#3566 = LINE('',#3567,#3568);
#3567 = CARTESIAN_POINT('',(120.,980.,0.));
#3568 = VECTOR('',#3569,1.);
#3569 = DIRECTION('',(0.,0.,1.));
#3570 = ORIENTED_EDGE('',*,*,#3571,.F.);
#3571 = EDGE_CURVE('',#3546,#3564,#3572,.T.);
#3572 = LINE('',#3573,#3574);
#3573 = CARTESIAN_POINT('',(120.,120.,0.));
#3574 = VECTOR('',#3575,1.);
#3575 = DIRECTION('',(0.,1.,0.));
#3576 = PLANE('',#3577);
#3577 = AXIS2_PLACEMENT_3D('',#3578,#3579,#3580);
#3578 = CARTESIAN_POINT('',(120.,120.,0.));
#3579 = DIRECTION('',(1.,0.,0.));
#3580 = DIRECTION('',(0.,0.,1.));
#3581 = ADVANCED_FACE('',(#3582),#3607,.F.);
#3582 = FACE_BOUND('',#3583,.T.);
#3583 = EDGE_LOOP('',(#3584,#3592,#3600,#3606));
#3584 = ORIENTED_EDGE('',*,*,#3585,.T.);
#3585 = EDGE_CURVE('',#3546,#3586,#3588,.T.);
#3586 = VERTEX_POINT('',#3587);
#3587 = CARTESIAN_POINT('',(980.,120.,0.));
#3588 = LINE('',#3589,#3590);
#3589 = CARTESIAN_POINT('',(120.,120.,0.));
#3590 = VECTOR('',#3591,1.);
#3591 = DIRECTION('',(1.,0.,0.));
#3592 = ORIENTED_EDGE('',*,*,#3593,.T.);
#3593 = EDGE_CURVE('',#3586,#3594,#3596,.T.);
#3594 = VERTEX_POINT('',#3595);
#3595 = CARTESIAN_POINT('',(980.,120.,1.5));
#3596 = LINE('',#3597,#3598);
#3597 = CARTESIAN_POINT('',(980.,120.,0.));
#3598 = VECTOR('',#3599,1.);
#3599 = DIRECTION('',(0.,0.,1.));
#3600 = ORIENTED_EDGE('',*,*,#3601,.F.);
#3601 = EDGE_CURVE('',#3548,#3594,#3602,.T.);
#3602 = LINE('',#3603,#3604);
#3603 = CARTESIAN_POINT('',(120.,120.,1.5));
#3604 = VECTOR('',#3605,1.);
#3605 = DIRECTION('',(1.,0.,0.));
#3606 = ORIENTED_EDGE('',*,*,#3545,.F.);
#3607 = PLANE('',#3608);
#3608 = AXIS2_PLACEMENT_3D('',#3609,#3610,#3611);
#3609 = CARTESIAN_POINT('',(120.,120.,0.));
#3610 = DIRECTION('',(0.,1.,0.));
#3611 = DIRECTION('',(0.,-0.,1.));
#3612 = ADVANCED_FACE('',(#3613,#3631,#3642,#3653,#3664,#3675,#3686,
    #3697,#3708,#3719,#3730,#3764,#3775,#3786),#3797,.T.);
#3613 = FACE_BOUND('',#3614,.T.);
#3614 = EDGE_LOOP('',(#3615,#3616,#3617,#3625));
#3615 = ORIENTED_EDGE('',*,*,#3555,.F.);
#3616 = ORIENTED_EDGE('',*,*,#3601,.T.);
#3617 = ORIENTED_EDGE('',*,*,#3618,.T.);
#3618 = EDGE_CURVE('',#3594,#3619,#3621,.T.);
#3619 = VERTEX_POINT('',#3620);
#3620 = CARTESIAN_POINT('',(980.,980.,1.5));
#3621 = LINE('',#3622,#3623);
#3622 = CARTESIAN_POINT('',(980.,120.,1.5));
#3623 = VECTOR('',#3624,1.);
#3624 = DIRECTION('',(0.,1.,0.));
#3625 = ORIENTED_EDGE('',*,*,#3626,.F.);
#3626 = EDGE_CURVE('',#3556,#3619,#3627,.T.);
#3627 = LINE('',#3628,#3629);
#3628 = CARTESIAN_POINT('',(120.,980.,1.5));
#3629 = VECTOR('',#3630,1.);
#3630 = DIRECTION('',(1.,0.,0.));
#3631 = FACE_BOUND('',#3632,.T.);
#3632 = EDGE_LOOP('',(#3633));
#3633 = ORIENTED_EDGE('',*,*,#3634,.F.);
#3634 = EDGE_CURVE('',#3635,#3635,#3637,.T.);
#3635 = VERTEX_POINT('',#3636);
#3636 = CARTESIAN_POINT('',(132.,136.,1.5));
#3637 = CIRCLE('',#3638,4.);
#3638 = AXIS2_PLACEMENT_3D('',#3639,#3640,#3641);
#3639 = CARTESIAN_POINT('',(136.,136.,1.5));
#3640 = DIRECTION('',(0.,0.,1.));
#3641 = DIRECTION('',(1.,0.,-0.));
#3642 = FACE_BOUND('',#3643,.T.);
#3643 = EDGE_LOOP('',(#3644));
#3644 = ORIENTED_EDGE('',*,*,#3645,.F.);
#3645 = EDGE_CURVE('',#3646,#3646,#3648,.T.);
#3646 = VERTEX_POINT('',#3647);
#3647 = CARTESIAN_POINT('',(408.,136.,1.5));
#3648 = CIRCLE('',#3649,4.);
#3649 = AXIS2_PLACEMENT_3D('',#3650,#3651,#3652);
#3650 = CARTESIAN_POINT('',(412.,136.,1.5));
#3651 = DIRECTION('',(0.,0.,1.));
#3652 = DIRECTION('',(1.,0.,-0.));
#3653 = FACE_BOUND('',#3654,.T.);
#3654 = EDGE_LOOP('',(#3655));
#3655 = ORIENTED_EDGE('',*,*,#3656,.F.);
#3656 = EDGE_CURVE('',#3657,#3657,#3659,.T.);
#3657 = VERTEX_POINT('',#3658);
#3658 = CARTESIAN_POINT('',(132.,412.,1.5));
#3659 = CIRCLE('',#3660,4.);
#3660 = AXIS2_PLACEMENT_3D('',#3661,#3662,#3663);
#3661 = CARTESIAN_POINT('',(136.,412.,1.5));
#3662 = DIRECTION('',(0.,0.,1.));
#3663 = DIRECTION('',(1.,0.,-0.));
#3664 = FACE_BOUND('',#3665,.T.);
#3665 = EDGE_LOOP('',(#3666));
#3666 = ORIENTED_EDGE('',*,*,#3667,.F.);
#3667 = EDGE_CURVE('',#3668,#3668,#3670,.T.);
#3668 = VERTEX_POINT('',#3669);
#3669 = CARTESIAN_POINT('',(684.,136.,1.5));
#3670 = CIRCLE('',#3671,4.);
#3671 = AXIS2_PLACEMENT_3D('',#3672,#3673,#3674);
#3672 = CARTESIAN_POINT('',(688.,136.,1.5));
#3673 = DIRECTION('',(0.,0.,1.));
#3674 = DIRECTION('',(1.,0.,-0.));
#3675 = FACE_BOUND('',#3676,.T.);
#3676 = EDGE_LOOP('',(#3677));
#3677 = ORIENTED_EDGE('',*,*,#3678,.F.);
#3678 = EDGE_CURVE('',#3679,#3679,#3681,.T.);
#3679 = VERTEX_POINT('',#3680);
#3680 = CARTESIAN_POINT('',(960.,136.,1.5));
#3681 = CIRCLE('',#3682,4.);
#3682 = AXIS2_PLACEMENT_3D('',#3683,#3684,#3685);
#3683 = CARTESIAN_POINT('',(964.,136.,1.5));
#3684 = DIRECTION('',(0.,0.,1.));
#3685 = DIRECTION('',(1.,0.,-0.));
#3686 = FACE_BOUND('',#3687,.T.);
#3687 = EDGE_LOOP('',(#3688));
#3688 = ORIENTED_EDGE('',*,*,#3689,.F.);
#3689 = EDGE_CURVE('',#3690,#3690,#3692,.T.);
#3690 = VERTEX_POINT('',#3691);
#3691 = CARTESIAN_POINT('',(960.,412.,1.5));
#3692 = CIRCLE('',#3693,4.);
#3693 = AXIS2_PLACEMENT_3D('',#3694,#3695,#3696);
#3694 = CARTESIAN_POINT('',(964.,412.,1.5));
#3695 = DIRECTION('',(0.,0.,1.));
#3696 = DIRECTION('',(1.,0.,-0.));
#3697 = FACE_BOUND('',#3698,.T.);
#3698 = EDGE_LOOP('',(#3699));
#3699 = ORIENTED_EDGE('',*,*,#3700,.F.);
#3700 = EDGE_CURVE('',#3701,#3701,#3703,.T.);
#3701 = VERTEX_POINT('',#3702);
#3702 = CARTESIAN_POINT('',(132.,688.,1.5));
#3703 = CIRCLE('',#3704,4.);
#3704 = AXIS2_PLACEMENT_3D('',#3705,#3706,#3707);
#3705 = CARTESIAN_POINT('',(136.,688.,1.5));
#3706 = DIRECTION('',(0.,0.,1.));
#3707 = DIRECTION('',(1.,0.,-0.));
#3708 = FACE_BOUND('',#3709,.T.);
#3709 = EDGE_LOOP('',(#3710));
#3710 = ORIENTED_EDGE('',*,*,#3711,.F.);
#3711 = EDGE_CURVE('',#3712,#3712,#3714,.T.);
#3712 = VERTEX_POINT('',#3713);
#3713 = CARTESIAN_POINT('',(132.,964.,1.5));
#3714 = CIRCLE('',#3715,4.);
#3715 = AXIS2_PLACEMENT_3D('',#3716,#3717,#3718);
#3716 = CARTESIAN_POINT('',(136.,964.,1.5));
#3717 = DIRECTION('',(0.,0.,1.));
#3718 = DIRECTION('',(1.,0.,-0.));
#3719 = FACE_BOUND('',#3720,.T.);
#3720 = EDGE_LOOP('',(#3721));
#3721 = ORIENTED_EDGE('',*,*,#3722,.F.);
#3722 = EDGE_CURVE('',#3723,#3723,#3725,.T.);
#3723 = VERTEX_POINT('',#3724);
#3724 = CARTESIAN_POINT('',(408.,964.,1.5));
#3725 = CIRCLE('',#3726,4.);
#3726 = AXIS2_PLACEMENT_3D('',#3727,#3728,#3729);
#3727 = CARTESIAN_POINT('',(412.,964.,1.5));
#3728 = DIRECTION('',(0.,0.,1.));
#3729 = DIRECTION('',(1.,0.,-0.));
#3730 = FACE_BOUND('',#3731,.T.);
#3731 = EDGE_LOOP('',(#3732,#3742,#3750,#3758));
#3732 = ORIENTED_EDGE('',*,*,#3733,.T.);
#3733 = EDGE_CURVE('',#3734,#3736,#3738,.T.);
#3734 = VERTEX_POINT('',#3735);
#3735 = CARTESIAN_POINT('',(950.,150.,1.5));
#3736 = VERTEX_POINT('',#3737);
#3737 = CARTESIAN_POINT('',(150.,150.,1.5));
#3738 = LINE('',#3739,#3740);
#3739 = CARTESIAN_POINT('',(135.,150.,1.5));
#3740 = VECTOR('',#3741,1.);
#3741 = DIRECTION('',(-1.,0.,0.));
#3742 = ORIENTED_EDGE('',*,*,#3743,.T.);
#3743 = EDGE_CURVE('',#3736,#3744,#3746,.T.);
#3744 = VERTEX_POINT('',#3745);
#3745 = CARTESIAN_POINT('',(150.,950.,1.5));
#3746 = LINE('',#3747,#3748);
#3747 = CARTESIAN_POINT('',(150.,135.,1.5));
#3748 = VECTOR('',#3749,1.);
#3749 = DIRECTION('',(0.,1.,0.));
#3750 = ORIENTED_EDGE('',*,*,#3751,.F.);
#3751 = EDGE_CURVE('',#3752,#3744,#3754,.T.);
#3752 = VERTEX_POINT('',#3753);
#3753 = CARTESIAN_POINT('',(950.,950.,1.5));
#3754 = LINE('',#3755,#3756);
#3755 = CARTESIAN_POINT('',(135.,950.,1.5));
#3756 = VECTOR('',#3757,1.);
#3757 = DIRECTION('',(-1.,0.,0.));
#3758 = ORIENTED_EDGE('',*,*,#3759,.F.);
#3759 = EDGE_CURVE('',#3734,#3752,#3760,.T.);
#3760 = LINE('',#3761,#3762);
#3761 = CARTESIAN_POINT('',(950.,135.,1.5));
#3762 = VECTOR('',#3763,1.);
#3763 = DIRECTION('',(0.,1.,0.));
#3764 = FACE_BOUND('',#3765,.T.);
#3765 = EDGE_LOOP('',(#3766));
#3766 = ORIENTED_EDGE('',*,*,#3767,.F.);
#3767 = EDGE_CURVE('',#3768,#3768,#3770,.T.);
#3768 = VERTEX_POINT('',#3769);
#3769 = CARTESIAN_POINT('',(960.,688.,1.5));
#3770 = CIRCLE('',#3771,4.);
#3771 = AXIS2_PLACEMENT_3D('',#3772,#3773,#3774);
#3772 = CARTESIAN_POINT('',(964.,688.,1.5));
#3773 = DIRECTION('',(0.,0.,1.));
#3774 = DIRECTION('',(1.,0.,-0.));
#3775 = FACE_BOUND('',#3776,.T.);
#3776 = EDGE_LOOP('',(#3777));
#3777 = ORIENTED_EDGE('',*,*,#3778,.F.);
#3778 = EDGE_CURVE('',#3779,#3779,#3781,.T.);
#3779 = VERTEX_POINT('',#3780);
#3780 = CARTESIAN_POINT('',(684.,964.,1.5));
#3781 = CIRCLE('',#3782,4.);
#3782 = AXIS2_PLACEMENT_3D('',#3783,#3784,#3785);
#3783 = CARTESIAN_POINT('',(688.,964.,1.5));
#3784 = DIRECTION('',(0.,0.,1.));
#3785 = DIRECTION('',(1.,0.,-0.));
#3786 = FACE_BOUND('',#3787,.T.);
#3787 = EDGE_LOOP('',(#3788));
#3788 = ORIENTED_EDGE('',*,*,#3789,.F.);
#3789 = EDGE_CURVE('',#3790,#3790,#3792,.T.);
#3790 = VERTEX_POINT('',#3791);
#3791 = CARTESIAN_POINT('',(960.,964.,1.5));
#3792 = CIRCLE('',#3793,4.);
#3793 = AXIS2_PLACEMENT_3D('',#3794,#3795,#3796);
#3794 = CARTESIAN_POINT('',(964.,964.,1.5));
#3795 = DIRECTION('',(0.,0.,1.));
#3796 = DIRECTION('',(1.,0.,-0.));
#3797 = PLANE('',#3798);
#3798 = AXIS2_PLACEMENT_3D('',#3799,#3800,#3801);
#3799 = CARTESIAN_POINT('',(120.,120.,1.5));
#3800 = DIRECTION('',(0.,0.,1.));
#3801 = DIRECTION('',(1.,0.,-0.));
#3802 = ADVANCED_FACE('',(#3803),#3821,.T.);
#3803 = FACE_BOUND('',#3804,.T.);
#3804 = EDGE_LOOP('',(#3805,#3813,#3814,#3815));
#3805 = ORIENTED_EDGE('',*,*,#3806,.F.);
#3806 = EDGE_CURVE('',#3564,#3807,#3809,.T.);
#3807 = VERTEX_POINT('',#3808);
#3808 = CARTESIAN_POINT('',(980.,980.,0.));
#3809 = LINE('',#3810,#3811);
#3810 = CARTESIAN_POINT('',(120.,980.,0.));
#3811 = VECTOR('',#3812,1.);
#3812 = DIRECTION('',(1.,0.,0.));
#3813 = ORIENTED_EDGE('',*,*,#3563,.T.);
#3814 = ORIENTED_EDGE('',*,*,#3626,.T.);
#3815 = ORIENTED_EDGE('',*,*,#3816,.F.);
#3816 = EDGE_CURVE('',#3807,#3619,#3817,.T.);
#3817 = LINE('',#3818,#3819);
#3818 = CARTESIAN_POINT('',(980.,980.,0.));
#3819 = VECTOR('',#3820,1.);
#3820 = DIRECTION('',(0.,0.,1.));
#3821 = PLANE('',#3822);
#3822 = AXIS2_PLACEMENT_3D('',#3823,#3824,#3825);
#3823 = CARTESIAN_POINT('',(120.,980.,0.));
#3824 = DIRECTION('',(0.,1.,0.));
#3825 = DIRECTION('',(0.,-0.,1.));
#3826 = ADVANCED_FACE('',(#3827,#3838,#3849,#3860,#3871,#3882,#3893,
    #3904,#3915,#3926,#3937,#3971,#3982,#3993),#4004,.F.);
#3827 = FACE_BOUND('',#3828,.T.);
#3828 = EDGE_LOOP('',(#3829,#3830,#3831,#3837));
#3829 = ORIENTED_EDGE('',*,*,#3571,.T.);
#3830 = ORIENTED_EDGE('',*,*,#3806,.T.);
#3831 = ORIENTED_EDGE('',*,*,#3832,.F.);
#3832 = EDGE_CURVE('',#3586,#3807,#3833,.T.);
#3833 = LINE('',#3834,#3835);
#3834 = CARTESIAN_POINT('',(980.,120.,0.));
#3835 = VECTOR('',#3836,1.);
#3836 = DIRECTION('',(0.,1.,0.));
#3837 = ORIENTED_EDGE('',*,*,#3585,.F.);
#3838 = FACE_BOUND('',#3839,.T.);
#3839 = EDGE_LOOP('',(#3840));
#3840 = ORIENTED_EDGE('',*,*,#3841,.T.);
#3841 = EDGE_CURVE('',#3842,#3842,#3844,.T.);
#3842 = VERTEX_POINT('',#3843);
#3843 = CARTESIAN_POINT('',(132.,136.,0.));
#3844 = CIRCLE('',#3845,4.);
#3845 = AXIS2_PLACEMENT_3D('',#3846,#3847,#3848);
#3846 = CARTESIAN_POINT('',(136.,136.,0.));
#3847 = DIRECTION('',(0.,0.,1.));
#3848 = DIRECTION('',(1.,0.,-0.));
#3849 = FACE_BOUND('',#3850,.T.);
#3850 = EDGE_LOOP('',(#3851));
#3851 = ORIENTED_EDGE('',*,*,#3852,.T.);
#3852 = EDGE_CURVE('',#3853,#3853,#3855,.T.);
#3853 = VERTEX_POINT('',#3854);
#3854 = CARTESIAN_POINT('',(408.,136.,0.));
#3855 = CIRCLE('',#3856,4.);
#3856 = AXIS2_PLACEMENT_3D('',#3857,#3858,#3859);
#3857 = CARTESIAN_POINT('',(412.,136.,0.));
#3858 = DIRECTION('',(0.,0.,1.));
#3859 = DIRECTION('',(1.,0.,-0.));
#3860 = FACE_BOUND('',#3861,.T.);
#3861 = EDGE_LOOP('',(#3862));
#3862 = ORIENTED_EDGE('',*,*,#3863,.T.);
#3863 = EDGE_CURVE('',#3864,#3864,#3866,.T.);
#3864 = VERTEX_POINT('',#3865);
#3865 = CARTESIAN_POINT('',(132.,412.,0.));
#3866 = CIRCLE('',#3867,4.);
#3867 = AXIS2_PLACEMENT_3D('',#3868,#3869,#3870);
#3868 = CARTESIAN_POINT('',(136.,412.,0.));
#3869 = DIRECTION('',(0.,0.,1.));
#3870 = DIRECTION('',(1.,0.,-0.));
#3871 = FACE_BOUND('',#3872,.T.);
#3872 = EDGE_LOOP('',(#3873));
#3873 = ORIENTED_EDGE('',*,*,#3874,.T.);
#3874 = EDGE_CURVE('',#3875,#3875,#3877,.T.);
#3875 = VERTEX_POINT('',#3876);
#3876 = CARTESIAN_POINT('',(684.,136.,0.));
#3877 = CIRCLE('',#3878,4.);
#3878 = AXIS2_PLACEMENT_3D('',#3879,#3880,#3881);
#3879 = CARTESIAN_POINT('',(688.,136.,0.));
#3880 = DIRECTION('',(0.,0.,1.));
#3881 = DIRECTION('',(1.,0.,-0.));
#3882 = FACE_BOUND('',#3883,.T.);
#3883 = EDGE_LOOP('',(#3884));
#3884 = ORIENTED_EDGE('',*,*,#3885,.T.);
#3885 = EDGE_CURVE('',#3886,#3886,#3888,.T.);
#3886 = VERTEX_POINT('',#3887);
#3887 = CARTESIAN_POINT('',(960.,136.,0.));
#3888 = CIRCLE('',#3889,4.);
#3889 = AXIS2_PLACEMENT_3D('',#3890,#3891,#3892);
#3890 = CARTESIAN_POINT('',(964.,136.,0.));
#3891 = DIRECTION('',(0.,0.,1.));
#3892 = DIRECTION('',(1.,0.,-0.));
#3893 = FACE_BOUND('',#3894,.T.);
#3894 = EDGE_LOOP('',(#3895));
#3895 = ORIENTED_EDGE('',*,*,#3896,.T.);
#3896 = EDGE_CURVE('',#3897,#3897,#3899,.T.);
#3897 = VERTEX_POINT('',#3898);
#3898 = CARTESIAN_POINT('',(960.,412.,0.));
#3899 = CIRCLE('',#3900,4.);
#3900 = AXIS2_PLACEMENT_3D('',#3901,#3902,#3903);
#3901 = CARTESIAN_POINT('',(964.,412.,0.));
#3902 = DIRECTION('',(0.,0.,1.));
#3903 = DIRECTION('',(1.,0.,-0.));
#3904 = FACE_BOUND('',#3905,.T.);
#3905 = EDGE_LOOP('',(#3906));
#3906 = ORIENTED_EDGE('',*,*,#3907,.T.);
#3907 = EDGE_CURVE('',#3908,#3908,#3910,.T.);
#3908 = VERTEX_POINT('',#3909);
#3909 = CARTESIAN_POINT('',(132.,688.,0.));
#3910 = CIRCLE('',#3911,4.);
#3911 = AXIS2_PLACEMENT_3D('',#3912,#3913,#3914);
#3912 = CARTESIAN_POINT('',(136.,688.,0.));
#3913 = DIRECTION('',(0.,0.,1.));
#3914 = DIRECTION('',(1.,0.,-0.));
#3915 = FACE_BOUND('',#3916,.T.);
#3916 = EDGE_LOOP('',(#3917));
#3917 = ORIENTED_EDGE('',*,*,#3918,.T.);
#3918 = EDGE_CURVE('',#3919,#3919,#3921,.T.);
#3919 = VERTEX_POINT('',#3920);
#3920 = CARTESIAN_POINT('',(132.,964.,0.));
#3921 = CIRCLE('',#3922,4.);
#3922 = AXIS2_PLACEMENT_3D('',#3923,#3924,#3925);
#3923 = CARTESIAN_POINT('',(136.,964.,0.));
#3924 = DIRECTION('',(0.,0.,1.));
#3925 = DIRECTION('',(1.,0.,-0.));
#3926 = FACE_BOUND('',#3927,.T.);
#3927 = EDGE_LOOP('',(#3928));
#3928 = ORIENTED_EDGE('',*,*,#3929,.T.);
#3929 = EDGE_CURVE('',#3930,#3930,#3932,.T.);
#3930 = VERTEX_POINT('',#3931);
#3931 = CARTESIAN_POINT('',(408.,964.,0.));
#3932 = CIRCLE('',#3933,4.);
#3933 = AXIS2_PLACEMENT_3D('',#3934,#3935,#3936);
#3934 = CARTESIAN_POINT('',(412.,964.,0.));
#3935 = DIRECTION('',(0.,0.,1.));
#3936 = DIRECTION('',(1.,0.,-0.));
#3937 = FACE_BOUND('',#3938,.T.);
#3938 = EDGE_LOOP('',(#3939,#3949,#3957,#3965));
#3939 = ORIENTED_EDGE('',*,*,#3940,.F.);
#3940 = EDGE_CURVE('',#3941,#3943,#3945,.T.);
#3941 = VERTEX_POINT('',#3942);
#3942 = CARTESIAN_POINT('',(950.,150.,0.));
#3943 = VERTEX_POINT('',#3944);
#3944 = CARTESIAN_POINT('',(150.,150.,0.));
#3945 = LINE('',#3946,#3947);
#3946 = CARTESIAN_POINT('',(135.,150.,0.));
#3947 = VECTOR('',#3948,1.);
#3948 = DIRECTION('',(-1.,0.,0.));
#3949 = ORIENTED_EDGE('',*,*,#3950,.T.);
#3950 = EDGE_CURVE('',#3941,#3951,#3953,.T.);
#3951 = VERTEX_POINT('',#3952);
#3952 = CARTESIAN_POINT('',(950.,950.,0.));
#3953 = LINE('',#3954,#3955);
#3954 = CARTESIAN_POINT('',(950.,135.,0.));
#3955 = VECTOR('',#3956,1.);
#3956 = DIRECTION('',(0.,1.,0.));
#3957 = ORIENTED_EDGE('',*,*,#3958,.T.);
#3958 = EDGE_CURVE('',#3951,#3959,#3961,.T.);
#3959 = VERTEX_POINT('',#3960);
#3960 = CARTESIAN_POINT('',(150.,950.,0.));
#3961 = LINE('',#3962,#3963);
#3962 = CARTESIAN_POINT('',(135.,950.,0.));
#3963 = VECTOR('',#3964,1.);
#3964 = DIRECTION('',(-1.,0.,0.));
#3965 = ORIENTED_EDGE('',*,*,#3966,.F.);
#3966 = EDGE_CURVE('',#3943,#3959,#3967,.T.);
#3967 = LINE('',#3968,#3969);
#3968 = CARTESIAN_POINT('',(150.,135.,0.));
#3969 = VECTOR('',#3970,1.);
#3970 = DIRECTION('',(0.,1.,0.));
#3971 = FACE_BOUND('',#3972,.T.);
#3972 = EDGE_LOOP('',(#3973));
#3973 = ORIENTED_EDGE('',*,*,#3974,.T.);
#3974 = EDGE_CURVE('',#3975,#3975,#3977,.T.);
#3975 = VERTEX_POINT('',#3976);
#3976 = CARTESIAN_POINT('',(960.,688.,0.));
#3977 = CIRCLE('',#3978,4.);
#3978 = AXIS2_PLACEMENT_3D('',#3979,#3980,#3981);
#3979 = CARTESIAN_POINT('',(964.,688.,0.));
#3980 = DIRECTION('',(0.,0.,1.));
#3981 = DIRECTION('',(1.,0.,-0.));
#3982 = FACE_BOUND('',#3983,.T.);
#3983 = EDGE_LOOP('',(#3984));
#3984 = ORIENTED_EDGE('',*,*,#3985,.T.);
#3985 = EDGE_CURVE('',#3986,#3986,#3988,.T.);
#3986 = VERTEX_POINT('',#3987);
#3987 = CARTESIAN_POINT('',(684.,964.,0.));
#3988 = CIRCLE('',#3989,4.);
#3989 = AXIS2_PLACEMENT_3D('',#3990,#3991,#3992);
#3990 = CARTESIAN_POINT('',(688.,964.,0.));
#3991 = DIRECTION('',(0.,0.,1.));
#3992 = DIRECTION('',(1.,0.,-0.));
#3993 = FACE_BOUND('',#3994,.T.);
#3994 = EDGE_LOOP('',(#3995));
#3995 = ORIENTED_EDGE('',*,*,#3996,.T.);
#3996 = EDGE_CURVE('',#3997,#3997,#3999,.T.);
#3997 = VERTEX_POINT('',#3998);
#3998 = CARTESIAN_POINT('',(960.,964.,0.));
#3999 = CIRCLE('',#4000,4.);
#4000 = AXIS2_PLACEMENT_3D('',#4001,#4002,#4003);
#4001 = CARTESIAN_POINT('',(964.,964.,0.));
#4002 = DIRECTION('',(0.,0.,1.));
#4003 = DIRECTION('',(1.,0.,-0.));
#4004 = PLANE('',#4005);
#4005 = AXIS2_PLACEMENT_3D('',#4006,#4007,#4008);
#4006 = CARTESIAN_POINT('',(120.,120.,0.));
#4007 = DIRECTION('',(0.,0.,1.));
#4008 = DIRECTION('',(1.,0.,-0.));
#4009 = ADVANCED_FACE('',(#4010),#4016,.T.);
#4010 = FACE_BOUND('',#4011,.T.);
#4011 = EDGE_LOOP('',(#4012,#4013,#4014,#4015));
#4012 = ORIENTED_EDGE('',*,*,#3593,.F.);
#4013 = ORIENTED_EDGE('',*,*,#3832,.T.);
#4014 = ORIENTED_EDGE('',*,*,#3816,.T.);
#4015 = ORIENTED_EDGE('',*,*,#3618,.F.);
#4016 = PLANE('',#4017);
#4017 = AXIS2_PLACEMENT_3D('',#4018,#4019,#4020);
#4018 = CARTESIAN_POINT('',(980.,120.,0.));
#4019 = DIRECTION('',(1.,0.,0.));
#4020 = DIRECTION('',(0.,0.,1.));
#4021 = ADVANCED_FACE('',(#4022),#4033,.F.);
#4022 = FACE_BOUND('',#4023,.F.);
#4023 = EDGE_LOOP('',(#4024,#4030,#4031,#4032));
#4024 = ORIENTED_EDGE('',*,*,#4025,.T.);
#4025 = EDGE_CURVE('',#3842,#3635,#4026,.T.);
#4026 = LINE('',#4027,#4028);
#4027 = CARTESIAN_POINT('',(132.,136.,-1.));
#4028 = VECTOR('',#4029,1.);
#4029 = DIRECTION('',(0.,0.,1.));
#4030 = ORIENTED_EDGE('',*,*,#3634,.F.);
#4031 = ORIENTED_EDGE('',*,*,#4025,.F.);
#4032 = ORIENTED_EDGE('',*,*,#3841,.T.);
#4033 = CYLINDRICAL_SURFACE('',#4034,4.);
#4034 = AXIS2_PLACEMENT_3D('',#4035,#4036,#4037);
#4035 = CARTESIAN_POINT('',(136.,136.,-1.));
#4036 = DIRECTION('',(0.,0.,1.));
#4037 = DIRECTION('',(1.,0.,-0.));
#4038 = ADVANCED_FACE('',(#4039),#4050,.F.);
#4039 = FACE_BOUND('',#4040,.F.);
#4040 = EDGE_LOOP('',(#4041,#4047,#4048,#4049));
#4041 = ORIENTED_EDGE('',*,*,#4042,.T.);
#4042 = EDGE_CURVE('',#3853,#3646,#4043,.T.);
#4043 = LINE('',#4044,#4045);
#4044 = CARTESIAN_POINT('',(408.,136.,-1.));
#4045 = VECTOR('',#4046,1.);
#4046 = DIRECTION('',(0.,0.,1.));
#4047 = ORIENTED_EDGE('',*,*,#3645,.F.);
#4048 = ORIENTED_EDGE('',*,*,#4042,.F.);
#4049 = ORIENTED_EDGE('',*,*,#3852,.T.);
#4050 = CYLINDRICAL_SURFACE('',#4051,4.);
#4051 = AXIS2_PLACEMENT_3D('',#4052,#4053,#4054);
#4052 = CARTESIAN_POINT('',(412.,136.,-1.));
#4053 = DIRECTION('',(0.,0.,1.));
#4054 = DIRECTION('',(1.,0.,-0.));
#4055 = ADVANCED_FACE('',(#4056),#4067,.F.);
#4056 = FACE_BOUND('',#4057,.F.);
#4057 = EDGE_LOOP('',(#4058,#4064,#4065,#4066));
#4058 = ORIENTED_EDGE('',*,*,#4059,.T.);
#4059 = EDGE_CURVE('',#3864,#3657,#4060,.T.);
#4060 = LINE('',#4061,#4062);
#4061 = CARTESIAN_POINT('',(132.,412.,-1.));
#4062 = VECTOR('',#4063,1.);
#4063 = DIRECTION('',(0.,0.,1.));
#4064 = ORIENTED_EDGE('',*,*,#3656,.F.);
#4065 = ORIENTED_EDGE('',*,*,#4059,.F.);
#4066 = ORIENTED_EDGE('',*,*,#3863,.T.);
#4067 = CYLINDRICAL_SURFACE('',#4068,4.);
#4068 = AXIS2_PLACEMENT_3D('',#4069,#4070,#4071);
#4069 = CARTESIAN_POINT('',(136.,412.,-1.));
#4070 = DIRECTION('',(0.,0.,1.));
#4071 = DIRECTION('',(1.,0.,-0.));
#4072 = ADVANCED_FACE('',(#4073),#4084,.F.);
#4073 = FACE_BOUND('',#4074,.F.);
#4074 = EDGE_LOOP('',(#4075,#4081,#4082,#4083));
#4075 = ORIENTED_EDGE('',*,*,#4076,.T.);
#4076 = EDGE_CURVE('',#3875,#3668,#4077,.T.);
#4077 = LINE('',#4078,#4079);
#4078 = CARTESIAN_POINT('',(684.,136.,-1.));
#4079 = VECTOR('',#4080,1.);
#4080 = DIRECTION('',(0.,0.,1.));
#4081 = ORIENTED_EDGE('',*,*,#3667,.F.);
#4082 = ORIENTED_EDGE('',*,*,#4076,.F.);
#4083 = ORIENTED_EDGE('',*,*,#3874,.T.);
#4084 = CYLINDRICAL_SURFACE('',#4085,4.);
#4085 = AXIS2_PLACEMENT_3D('',#4086,#4087,#4088);
#4086 = CARTESIAN_POINT('',(688.,136.,-1.));
#4087 = DIRECTION('',(0.,0.,1.));
#4088 = DIRECTION('',(1.,0.,-0.));
#4089 = ADVANCED_FACE('',(#4090),#4101,.F.);
#4090 = FACE_BOUND('',#4091,.F.);
#4091 = EDGE_LOOP('',(#4092,#4098,#4099,#4100));
#4092 = ORIENTED_EDGE('',*,*,#4093,.T.);
#4093 = EDGE_CURVE('',#3886,#3679,#4094,.T.);
#4094 = LINE('',#4095,#4096);
#4095 = CARTESIAN_POINT('',(960.,136.,-1.));
#4096 = VECTOR('',#4097,1.);
#4097 = DIRECTION('',(0.,0.,1.));
#4098 = ORIENTED_EDGE('',*,*,#3678,.F.);
#4099 = ORIENTED_EDGE('',*,*,#4093,.F.);
#4100 = ORIENTED_EDGE('',*,*,#3885,.T.);
#4101 = CYLINDRICAL_SURFACE('',#4102,4.);
#4102 = AXIS2_PLACEMENT_3D('',#4103,#4104,#4105);
#4103 = CARTESIAN_POINT('',(964.,136.,-1.));
#4104 = DIRECTION('',(0.,0.,1.));
#4105 = DIRECTION('',(1.,0.,-0.));
#4106 = ADVANCED_FACE('',(#4107),#4118,.F.);
#4107 = FACE_BOUND('',#4108,.F.);
#4108 = EDGE_LOOP('',(#4109,#4115,#4116,#4117));
#4109 = ORIENTED_EDGE('',*,*,#4110,.T.);
#4110 = EDGE_CURVE('',#3897,#3690,#4111,.T.);
#4111 = LINE('',#4112,#4113);
#4112 = CARTESIAN_POINT('',(960.,412.,-1.));
#4113 = VECTOR('',#4114,1.);
#4114 = DIRECTION('',(0.,0.,1.));
#4115 = ORIENTED_EDGE('',*,*,#3689,.F.);
#4116 = ORIENTED_EDGE('',*,*,#4110,.F.);
#4117 = ORIENTED_EDGE('',*,*,#3896,.T.);
#4118 = CYLINDRICAL_SURFACE('',#4119,4.);
#4119 = AXIS2_PLACEMENT_3D('',#4120,#4121,#4122);
#4120 = CARTESIAN_POINT('',(964.,412.,-1.));
#4121 = DIRECTION('',(0.,0.,1.));
#4122 = DIRECTION('',(1.,0.,-0.));
#4123 = ADVANCED_FACE('',(#4124),#4135,.F.);
#4124 = FACE_BOUND('',#4125,.F.);
#4125 = EDGE_LOOP('',(#4126,#4132,#4133,#4134));
#4126 = ORIENTED_EDGE('',*,*,#4127,.T.);
#4127 = EDGE_CURVE('',#3908,#3701,#4128,.T.);
#4128 = LINE('',#4129,#4130);
#4129 = CARTESIAN_POINT('',(132.,688.,-1.));
#4130 = VECTOR('',#4131,1.);
#4131 = DIRECTION('',(0.,0.,1.));
#4132 = ORIENTED_EDGE('',*,*,#3700,.F.);
#4133 = ORIENTED_EDGE('',*,*,#4127,.F.);
#4134 = ORIENTED_EDGE('',*,*,#3907,.T.);
#4135 = CYLINDRICAL_SURFACE('',#4136,4.);
#4136 = AXIS2_PLACEMENT_3D('',#4137,#4138,#4139);
#4137 = CARTESIAN_POINT('',(136.,688.,-1.));
#4138 = DIRECTION('',(0.,0.,1.));
#4139 = DIRECTION('',(1.,0.,-0.));
#4140 = ADVANCED_FACE('',(#4141),#4152,.F.);
#4141 = FACE_BOUND('',#4142,.F.);
#4142 = EDGE_LOOP('',(#4143,#4149,#4150,#4151));
#4143 = ORIENTED_EDGE('',*,*,#4144,.T.);
#4144 = EDGE_CURVE('',#3919,#3712,#4145,.T.);
#4145 = LINE('',#4146,#4147);
#4146 = CARTESIAN_POINT('',(132.,964.,-1.));
#4147 = VECTOR('',#4148,1.);
#4148 = DIRECTION('',(0.,0.,1.));
#4149 = ORIENTED_EDGE('',*,*,#3711,.F.);
#4150 = ORIENTED_EDGE('',*,*,#4144,.F.);
#4151 = ORIENTED_EDGE('',*,*,#3918,.T.);
#4152 = CYLINDRICAL_SURFACE('',#4153,4.);
#4153 = AXIS2_PLACEMENT_3D('',#4154,#4155,#4156);
#4154 = CARTESIAN_POINT('',(136.,964.,-1.));
#4155 = DIRECTION('',(0.,0.,1.));
#4156 = DIRECTION('',(1.,0.,-0.));
#4157 = ADVANCED_FACE('',(#4158),#4169,.F.);
#4158 = FACE_BOUND('',#4159,.F.);
#4159 = EDGE_LOOP('',(#4160,#4166,#4167,#4168));
#4160 = ORIENTED_EDGE('',*,*,#4161,.T.);
#4161 = EDGE_CURVE('',#3930,#3723,#4162,.T.);
#4162 = LINE('',#4163,#4164);
#4163 = CARTESIAN_POINT('',(408.,964.,-1.));
#4164 = VECTOR('',#4165,1.);
#4165 = DIRECTION('',(0.,0.,1.));
#4166 = ORIENTED_EDGE('',*,*,#3722,.F.);
#4167 = ORIENTED_EDGE('',*,*,#4161,.F.);
#4168 = ORIENTED_EDGE('',*,*,#3929,.T.);
#4169 = CYLINDRICAL_SURFACE('',#4170,4.);
#4170 = AXIS2_PLACEMENT_3D('',#4171,#4172,#4173);
#4171 = CARTESIAN_POINT('',(412.,964.,-1.));
#4172 = DIRECTION('',(0.,0.,1.));
#4173 = DIRECTION('',(1.,0.,-0.));
#4174 = ADVANCED_FACE('',(#4175),#4191,.T.);
#4175 = FACE_BOUND('',#4176,.T.);
#4176 = EDGE_LOOP('',(#4177,#4183,#4184,#4190));
#4177 = ORIENTED_EDGE('',*,*,#4178,.F.);
#4178 = EDGE_CURVE('',#3941,#3734,#4179,.T.);
#4179 = LINE('',#4180,#4181);
#4180 = CARTESIAN_POINT('',(950.,150.,-1.));
#4181 = VECTOR('',#4182,1.);
#4182 = DIRECTION('',(0.,0.,1.));
#4183 = ORIENTED_EDGE('',*,*,#3940,.T.);
#4184 = ORIENTED_EDGE('',*,*,#4185,.T.);
#4185 = EDGE_CURVE('',#3943,#3736,#4186,.T.);
#4186 = LINE('',#4187,#4188);
#4187 = CARTESIAN_POINT('',(150.,150.,-1.));
#4188 = VECTOR('',#4189,1.);
#4189 = DIRECTION('',(0.,0.,1.));
#4190 = ORIENTED_EDGE('',*,*,#3733,.F.);
#4191 = PLANE('',#4192);
#4192 = AXIS2_PLACEMENT_3D('',#4193,#4194,#4195);
#4193 = CARTESIAN_POINT('',(150.,150.,-1.));
#4194 = DIRECTION('',(0.,1.,0.));
#4195 = DIRECTION('',(0.,-0.,1.));
#4196 = ADVANCED_FACE('',(#4197),#4208,.F.);
#4197 = FACE_BOUND('',#4198,.T.);
#4198 = EDGE_LOOP('',(#4199,#4200,#4201,#4207));
#4199 = ORIENTED_EDGE('',*,*,#4178,.T.);
#4200 = ORIENTED_EDGE('',*,*,#3759,.T.);
#4201 = ORIENTED_EDGE('',*,*,#4202,.F.);
#4202 = EDGE_CURVE('',#3951,#3752,#4203,.T.);
#4203 = LINE('',#4204,#4205);
#4204 = CARTESIAN_POINT('',(950.,950.,-1.));
#4205 = VECTOR('',#4206,1.);
#4206 = DIRECTION('',(0.,0.,1.));
#4207 = ORIENTED_EDGE('',*,*,#3950,.F.);
#4208 = PLANE('',#4209);
#4209 = AXIS2_PLACEMENT_3D('',#4210,#4211,#4212);
#4210 = CARTESIAN_POINT('',(950.,150.,-1.));
#4211 = DIRECTION('',(1.,0.,0.));
#4212 = DIRECTION('',(0.,0.,1.));
#4213 = ADVANCED_FACE('',(#4214),#4225,.T.);
#4214 = FACE_BOUND('',#4215,.T.);
#4215 = EDGE_LOOP('',(#4216,#4217,#4218,#4224));
#4216 = ORIENTED_EDGE('',*,*,#4185,.F.);
#4217 = ORIENTED_EDGE('',*,*,#3966,.T.);
#4218 = ORIENTED_EDGE('',*,*,#4219,.T.);
#4219 = EDGE_CURVE('',#3959,#3744,#4220,.T.);
#4220 = LINE('',#4221,#4222);
#4221 = CARTESIAN_POINT('',(150.,950.,-1.));
#4222 = VECTOR('',#4223,1.);
#4223 = DIRECTION('',(0.,0.,1.));
#4224 = ORIENTED_EDGE('',*,*,#3743,.F.);
#4225 = PLANE('',#4226);
#4226 = AXIS2_PLACEMENT_3D('',#4227,#4228,#4229);
#4227 = CARTESIAN_POINT('',(150.,150.,-1.));
#4228 = DIRECTION('',(1.,0.,0.));
#4229 = DIRECTION('',(0.,0.,1.));
#4230 = ADVANCED_FACE('',(#4231),#4237,.F.);
#4231 = FACE_BOUND('',#4232,.T.);
#4232 = EDGE_LOOP('',(#4233,#4234,#4235,#4236));
#4233 = ORIENTED_EDGE('',*,*,#4202,.T.);
#4234 = ORIENTED_EDGE('',*,*,#3751,.T.);
#4235 = ORIENTED_EDGE('',*,*,#4219,.F.);
#4236 = ORIENTED_EDGE('',*,*,#3958,.F.);
#4237 = PLANE('',#4238);
#4238 = AXIS2_PLACEMENT_3D('',#4239,#4240,#4241);
#4239 = CARTESIAN_POINT('',(150.,950.,-1.));
#4240 = DIRECTION('',(0.,1.,0.));
#4241 = DIRECTION('',(0.,-0.,1.));
#4242 = ADVANCED_FACE('',(#4243),#4254,.F.);
#4243 = FACE_BOUND('',#4244,.F.);
#4244 = EDGE_LOOP('',(#4245,#4251,#4252,#4253));
#4245 = ORIENTED_EDGE('',*,*,#4246,.T.);
#4246 = EDGE_CURVE('',#3975,#3768,#4247,.T.);
#4247 = LINE('',#4248,#4249);
#4248 = CARTESIAN_POINT('',(960.,688.,-1.));
#4249 = VECTOR('',#4250,1.);
#4250 = DIRECTION('',(0.,0.,1.));
#4251 = ORIENTED_EDGE('',*,*,#3767,.F.);
#4252 = ORIENTED_EDGE('',*,*,#4246,.F.);
#4253 = ORIENTED_EDGE('',*,*,#3974,.T.);
#4254 = CYLINDRICAL_SURFACE('',#4255,4.);
#4255 = AXIS2_PLACEMENT_3D('',#4256,#4257,#4258);
#4256 = CARTESIAN_POINT('',(964.,688.,-1.));
#4257 = DIRECTION('',(0.,0.,1.));
#4258 = DIRECTION('',(1.,0.,-0.));
#4259 = ADVANCED_FACE('',(#4260),#4271,.F.);
#4260 = FACE_BOUND('',#4261,.F.);
#4261 = EDGE_LOOP('',(#4262,#4268,#4269,#4270));
#4262 = ORIENTED_EDGE('',*,*,#4263,.T.);
#4263 = EDGE_CURVE('',#3986,#3779,#4264,.T.);
#4264 = LINE('',#4265,#4266);
#4265 = CARTESIAN_POINT('',(684.,964.,-1.));
#4266 = VECTOR('',#4267,1.);
#4267 = DIRECTION('',(0.,0.,1.));
#4268 = ORIENTED_EDGE('',*,*,#3778,.F.);
#4269 = ORIENTED_EDGE('',*,*,#4263,.F.);
#4270 = ORIENTED_EDGE('',*,*,#3985,.T.);
#4271 = CYLINDRICAL_SURFACE('',#4272,4.);
#4272 = AXIS2_PLACEMENT_3D('',#4273,#4274,#4275);
#4273 = CARTESIAN_POINT('',(688.,964.,-1.));
#4274 = DIRECTION('',(0.,0.,1.));
#4275 = DIRECTION('',(1.,0.,-0.));
#4276 = ADVANCED_FACE('',(#4277),#4288,.F.);
#4277 = FACE_BOUND('',#4278,.F.);
#4278 = EDGE_LOOP('',(#4279,#4285,#4286,#4287));
#4279 = ORIENTED_EDGE('',*,*,#4280,.T.);
#4280 = EDGE_CURVE('',#3997,#3790,#4281,.T.);
#4281 = LINE('',#4282,#4283);
#4282 = CARTESIAN_POINT('',(960.,964.,-1.));
#4283 = VECTOR('',#4284,1.);
#4284 = DIRECTION('',(0.,0.,1.));
#4285 = ORIENTED_EDGE('',*,*,#3789,.F.);
#4286 = ORIENTED_EDGE('',*,*,#4280,.F.);
#4287 = ORIENTED_EDGE('',*,*,#3996,.T.);
#4288 = CYLINDRICAL_SURFACE('',#4289,4.);
#4289 = AXIS2_PLACEMENT_3D('',#4290,#4291,#4292);
#4290 = CARTESIAN_POINT('',(964.,964.,-1.));
#4291 = DIRECTION('',(0.,0.,1.));
#4292 = DIRECTION('',(1.,0.,-0.));
#4293 = ( GEOMETRIC_REPRESENTATION_CONTEXT(3) 
GLOBAL_UNCERTAINTY_ASSIGNED_CONTEXT((#4297)) 
GLOBAL_UNIT_ASSIGNED_CONTEXT((#4294,#4295,#4296)) REPRESENTATION_CONTEXT
('Context #1','3D Context with UNIT and UNCERTAINTY') );
#4294 = ( LENGTH_UNIT() NAMED_UNIT(*) SI_UNIT(.MILLI.,.METRE.) );
#4295 = ( NAMED_UNIT(*) PLANE_ANGLE_UNIT() SI_UNIT($,.RADIAN.) );
#4296 = ( NAMED_UNIT(*) SI_UNIT($,.STERADIAN.) SOLID_ANGLE_UNIT() );
#4297 = UNCERTAINTY_MEASURE_WITH_UNIT(LENGTH_MEASURE(1.E-07),#4294,
  'distance_accuracy_value','confusion accuracy');
#4298 = CONTEXT_DEPENDENT_SHAPE_REPRESENTATION(#4299,#4301);
#4299 = ( REPRESENTATION_RELATIONSHIP('','',#3538,#3511) 
REPRESENTATION_RELATIONSHIP_WITH_TRANSFORMATION(#4300) 
SHAPE_REPRESENTATION_RELATIONSHIP() );
#4300 = ITEM_DEFINED_TRANSFORMATION('','',#11,#3512);
#4301 = PRODUCT_DEFINITION_SHAPE('Placement','Placement of an item',
  #4302);
#4302 = NEXT_ASSEMBLY_USAGE_OCCURRENCE('9',
  'Bottom_flange_860_open_800_12xD8','',#3506,#3533,$);
#4303 = PRODUCT_RELATED_PRODUCT_CATEGORY('part',$,(#3535));
#4304 = SHAPE_DEFINITION_REPRESENTATION(#4305,#4311);
#4305 = PRODUCT_DEFINITION_SHAPE('','',#4306);
#4306 = PRODUCT_DEFINITION('design','',#4307,#4310);
#4307 = PRODUCT_DEFINITION_FORMATION('','',#4308);
#4308 = PRODUCT('Bottom_neck_800_clear','Bottom_neck_800_clear','',(
    #4309));
#4309 = PRODUCT_CONTEXT('',#2,'mechanical');
#4310 = PRODUCT_DEFINITION_CONTEXT('part definition',#2,'design');
#4311 = ADVANCED_BREP_SHAPE_REPRESENTATION('',(#11,#4312),#4598);
#4312 = MANIFOLD_SOLID_BREP('',#4313);
#4313 = CLOSED_SHELL('',(#4314,#4354,#4385,#4443,#4467,#4518,#4530,#4552
    ,#4569,#4586));
#4314 = ADVANCED_FACE('',(#4315),#4349,.F.);
#4315 = FACE_BOUND('',#4316,.T.);
#4316 = EDGE_LOOP('',(#4317,#4327,#4335,#4343));
#4317 = ORIENTED_EDGE('',*,*,#4318,.T.);
#4318 = EDGE_CURVE('',#4319,#4321,#4323,.T.);
#4319 = VERTEX_POINT('',#4320);
#4320 = CARTESIAN_POINT('',(148.5,148.5,1.5));
#4321 = VERTEX_POINT('',#4322);
#4322 = CARTESIAN_POINT('',(148.5,148.5,30.));
#4323 = LINE('',#4324,#4325);
#4324 = CARTESIAN_POINT('',(148.5,148.5,1.5));
#4325 = VECTOR('',#4326,1.);
#4326 = DIRECTION('',(0.,0.,1.));
#4327 = ORIENTED_EDGE('',*,*,#4328,.T.);
#4328 = EDGE_CURVE('',#4321,#4329,#4331,.T.);
#4329 = VERTEX_POINT('',#4330);
#4330 = CARTESIAN_POINT('',(148.5,951.5,30.));
#4331 = LINE('',#4332,#4333);
#4332 = CARTESIAN_POINT('',(148.5,148.5,30.));
#4333 = VECTOR('',#4334,1.);
#4334 = DIRECTION('',(0.,1.,0.));
#4335 = ORIENTED_EDGE('',*,*,#4336,.F.);
#4336 = EDGE_CURVE('',#4337,#4329,#4339,.T.);
#4337 = VERTEX_POINT('',#4338);
#4338 = CARTESIAN_POINT('',(148.5,951.5,1.5));
#4339 = LINE('',#4340,#4341);
#4340 = CARTESIAN_POINT('',(148.5,951.5,1.5));
#4341 = VECTOR('',#4342,1.);
#4342 = DIRECTION('',(0.,0.,1.));
#4343 = ORIENTED_EDGE('',*,*,#4344,.F.);
#4344 = EDGE_CURVE('',#4319,#4337,#4345,.T.);
#4345 = LINE('',#4346,#4347);
#4346 = CARTESIAN_POINT('',(148.5,148.5,1.5));
#4347 = VECTOR('',#4348,1.);
#4348 = DIRECTION('',(0.,1.,0.));
#4349 = PLANE('',#4350);
#4350 = AXIS2_PLACEMENT_3D('',#4351,#4352,#4353);
#4351 = CARTESIAN_POINT('',(148.5,148.5,1.5));
#4352 = DIRECTION('',(1.,0.,0.));
#4353 = DIRECTION('',(0.,0.,1.));
#4354 = ADVANCED_FACE('',(#4355),#4380,.F.);
#4355 = FACE_BOUND('',#4356,.T.);
#4356 = EDGE_LOOP('',(#4357,#4365,#4373,#4379));
#4357 = ORIENTED_EDGE('',*,*,#4358,.T.);
#4358 = EDGE_CURVE('',#4319,#4359,#4361,.T.);
#4359 = VERTEX_POINT('',#4360);
#4360 = CARTESIAN_POINT('',(951.5,148.5,1.5));
#4361 = LINE('',#4362,#4363);
#4362 = CARTESIAN_POINT('',(148.5,148.5,1.5));
#4363 = VECTOR('',#4364,1.);
#4364 = DIRECTION('',(1.,0.,0.));
#4365 = ORIENTED_EDGE('',*,*,#4366,.T.);
#4366 = EDGE_CURVE('',#4359,#4367,#4369,.T.);
#4367 = VERTEX_POINT('',#4368);
#4368 = CARTESIAN_POINT('',(951.5,148.5,30.));
#4369 = LINE('',#4370,#4371);
#4370 = CARTESIAN_POINT('',(951.5,148.5,1.5));
#4371 = VECTOR('',#4372,1.);
#4372 = DIRECTION('',(0.,0.,1.));
#4373 = ORIENTED_EDGE('',*,*,#4374,.F.);
#4374 = EDGE_CURVE('',#4321,#4367,#4375,.T.);
#4375 = LINE('',#4376,#4377);
#4376 = CARTESIAN_POINT('',(148.5,148.5,30.));
#4377 = VECTOR('',#4378,1.);
#4378 = DIRECTION('',(1.,0.,0.));
#4379 = ORIENTED_EDGE('',*,*,#4318,.F.);
#4380 = PLANE('',#4381);
#4381 = AXIS2_PLACEMENT_3D('',#4382,#4383,#4384);
#4382 = CARTESIAN_POINT('',(148.5,148.5,1.5));
#4383 = DIRECTION('',(0.,1.,0.));
#4384 = DIRECTION('',(0.,-0.,1.));
#4385 = ADVANCED_FACE('',(#4386,#4404),#4438,.T.);
#4386 = FACE_BOUND('',#4387,.T.);
#4387 = EDGE_LOOP('',(#4388,#4389,#4390,#4398));
#4388 = ORIENTED_EDGE('',*,*,#4328,.F.);
#4389 = ORIENTED_EDGE('',*,*,#4374,.T.);
#4390 = ORIENTED_EDGE('',*,*,#4391,.T.);
#4391 = EDGE_CURVE('',#4367,#4392,#4394,.T.);
#4392 = VERTEX_POINT('',#4393);
#4393 = CARTESIAN_POINT('',(951.5,951.5,30.));
#4394 = LINE('',#4395,#4396);
#4395 = CARTESIAN_POINT('',(951.5,148.5,30.));
#4396 = VECTOR('',#4397,1.);
#4397 = DIRECTION('',(0.,1.,0.));
#4398 = ORIENTED_EDGE('',*,*,#4399,.F.);
#4399 = EDGE_CURVE('',#4329,#4392,#4400,.T.);
#4400 = LINE('',#4401,#4402);
#4401 = CARTESIAN_POINT('',(148.5,951.5,30.));
#4402 = VECTOR('',#4403,1.);
#4403 = DIRECTION('',(1.,0.,0.));
#4404 = FACE_BOUND('',#4405,.T.);
#4405 = EDGE_LOOP('',(#4406,#4416,#4424,#4432));
#4406 = ORIENTED_EDGE('',*,*,#4407,.T.);
#4407 = EDGE_CURVE('',#4408,#4410,#4412,.T.);
#4408 = VERTEX_POINT('',#4409);
#4409 = CARTESIAN_POINT('',(950.,150.,30.));
#4410 = VERTEX_POINT('',#4411);
#4411 = CARTESIAN_POINT('',(150.,150.,30.));
#4412 = LINE('',#4413,#4414);
#4413 = CARTESIAN_POINT('',(149.25,150.,30.));
#4414 = VECTOR('',#4415,1.);
#4415 = DIRECTION('',(-1.,0.,0.));
#4416 = ORIENTED_EDGE('',*,*,#4417,.T.);
#4417 = EDGE_CURVE('',#4410,#4418,#4420,.T.);
#4418 = VERTEX_POINT('',#4419);
#4419 = CARTESIAN_POINT('',(150.,950.,30.));
#4420 = LINE('',#4421,#4422);
#4421 = CARTESIAN_POINT('',(150.,149.25,30.));
#4422 = VECTOR('',#4423,1.);
#4423 = DIRECTION('',(0.,1.,0.));
#4424 = ORIENTED_EDGE('',*,*,#4425,.F.);
#4425 = EDGE_CURVE('',#4426,#4418,#4428,.T.);
#4426 = VERTEX_POINT('',#4427);
#4427 = CARTESIAN_POINT('',(950.,950.,30.));
#4428 = LINE('',#4429,#4430);
#4429 = CARTESIAN_POINT('',(149.25,950.,30.));
#4430 = VECTOR('',#4431,1.);
#4431 = DIRECTION('',(-1.,0.,0.));
#4432 = ORIENTED_EDGE('',*,*,#4433,.F.);
#4433 = EDGE_CURVE('',#4408,#4426,#4434,.T.);
#4434 = LINE('',#4435,#4436);
#4435 = CARTESIAN_POINT('',(950.,149.25,30.));
#4436 = VECTOR('',#4437,1.);
#4437 = DIRECTION('',(0.,1.,0.));
#4438 = PLANE('',#4439);
#4439 = AXIS2_PLACEMENT_3D('',#4440,#4441,#4442);
#4440 = CARTESIAN_POINT('',(148.5,148.5,30.));
#4441 = DIRECTION('',(0.,0.,1.));
#4442 = DIRECTION('',(1.,0.,-0.));
#4443 = ADVANCED_FACE('',(#4444),#4462,.T.);
#4444 = FACE_BOUND('',#4445,.T.);
#4445 = EDGE_LOOP('',(#4446,#4454,#4455,#4456));
#4446 = ORIENTED_EDGE('',*,*,#4447,.F.);
#4447 = EDGE_CURVE('',#4337,#4448,#4450,.T.);
#4448 = VERTEX_POINT('',#4449);
#4449 = CARTESIAN_POINT('',(951.5,951.5,1.5));
#4450 = LINE('',#4451,#4452);
#4451 = CARTESIAN_POINT('',(148.5,951.5,1.5));
#4452 = VECTOR('',#4453,1.);
#4453 = DIRECTION('',(1.,0.,0.));
#4454 = ORIENTED_EDGE('',*,*,#4336,.T.);
#4455 = ORIENTED_EDGE('',*,*,#4399,.T.);
#4456 = ORIENTED_EDGE('',*,*,#4457,.F.);
#4457 = EDGE_CURVE('',#4448,#4392,#4458,.T.);
#4458 = LINE('',#4459,#4460);
#4459 = CARTESIAN_POINT('',(951.5,951.5,1.5));
#4460 = VECTOR('',#4461,1.);
#4461 = DIRECTION('',(0.,0.,1.));
#4462 = PLANE('',#4463);
#4463 = AXIS2_PLACEMENT_3D('',#4464,#4465,#4466);
#4464 = CARTESIAN_POINT('',(148.5,951.5,1.5));
#4465 = DIRECTION('',(0.,1.,0.));
#4466 = DIRECTION('',(0.,-0.,1.));
#4467 = ADVANCED_FACE('',(#4468,#4479),#4513,.F.);
#4468 = FACE_BOUND('',#4469,.T.);
#4469 = EDGE_LOOP('',(#4470,#4471,#4472,#4478));
#4470 = ORIENTED_EDGE('',*,*,#4344,.T.);
#4471 = ORIENTED_EDGE('',*,*,#4447,.T.);
#4472 = ORIENTED_EDGE('',*,*,#4473,.F.);
#4473 = EDGE_CURVE('',#4359,#4448,#4474,.T.);
#4474 = LINE('',#4475,#4476);
#4475 = CARTESIAN_POINT('',(951.5,148.5,1.5));
#4476 = VECTOR('',#4477,1.);
#4477 = DIRECTION('',(0.,1.,0.));
#4478 = ORIENTED_EDGE('',*,*,#4358,.F.);
#4479 = FACE_BOUND('',#4480,.T.);
#4480 = EDGE_LOOP('',(#4481,#4491,#4499,#4507));
#4481 = ORIENTED_EDGE('',*,*,#4482,.F.);
#4482 = EDGE_CURVE('',#4483,#4485,#4487,.T.);
#4483 = VERTEX_POINT('',#4484);
#4484 = CARTESIAN_POINT('',(950.,150.,1.5));
#4485 = VERTEX_POINT('',#4486);
#4486 = CARTESIAN_POINT('',(150.,150.,1.5));
#4487 = LINE('',#4488,#4489);
#4488 = CARTESIAN_POINT('',(149.25,150.,1.5));
#4489 = VECTOR('',#4490,1.);
#4490 = DIRECTION('',(-1.,0.,0.));
#4491 = ORIENTED_EDGE('',*,*,#4492,.T.);
#4492 = EDGE_CURVE('',#4483,#4493,#4495,.T.);
#4493 = VERTEX_POINT('',#4494);
#4494 = CARTESIAN_POINT('',(950.,950.,1.5));
#4495 = LINE('',#4496,#4497);
#4496 = CARTESIAN_POINT('',(950.,149.25,1.5));
#4497 = VECTOR('',#4498,1.);
#4498 = DIRECTION('',(0.,1.,0.));
#4499 = ORIENTED_EDGE('',*,*,#4500,.T.);
#4500 = EDGE_CURVE('',#4493,#4501,#4503,.T.);
#4501 = VERTEX_POINT('',#4502);
#4502 = CARTESIAN_POINT('',(150.,950.,1.5));
#4503 = LINE('',#4504,#4505);
#4504 = CARTESIAN_POINT('',(149.25,950.,1.5));
#4505 = VECTOR('',#4506,1.);
#4506 = DIRECTION('',(-1.,0.,0.));
#4507 = ORIENTED_EDGE('',*,*,#4508,.F.);
#4508 = EDGE_CURVE('',#4485,#4501,#4509,.T.);
#4509 = LINE('',#4510,#4511);
#4510 = CARTESIAN_POINT('',(150.,149.25,1.5));
#4511 = VECTOR('',#4512,1.);
#4512 = DIRECTION('',(0.,1.,0.));
#4513 = PLANE('',#4514);
#4514 = AXIS2_PLACEMENT_3D('',#4515,#4516,#4517);
#4515 = CARTESIAN_POINT('',(148.5,148.5,1.5));
#4516 = DIRECTION('',(0.,0.,1.));
#4517 = DIRECTION('',(1.,0.,-0.));
#4518 = ADVANCED_FACE('',(#4519),#4525,.T.);
#4519 = FACE_BOUND('',#4520,.T.);
#4520 = EDGE_LOOP('',(#4521,#4522,#4523,#4524));
#4521 = ORIENTED_EDGE('',*,*,#4366,.F.);
#4522 = ORIENTED_EDGE('',*,*,#4473,.T.);
#4523 = ORIENTED_EDGE('',*,*,#4457,.T.);
#4524 = ORIENTED_EDGE('',*,*,#4391,.F.);
#4525 = PLANE('',#4526);
#4526 = AXIS2_PLACEMENT_3D('',#4527,#4528,#4529);
#4527 = CARTESIAN_POINT('',(951.5,148.5,1.5));
#4528 = DIRECTION('',(1.,0.,0.));
#4529 = DIRECTION('',(0.,0.,1.));
#4530 = ADVANCED_FACE('',(#4531),#4547,.T.);
#4531 = FACE_BOUND('',#4532,.T.);
#4532 = EDGE_LOOP('',(#4533,#4539,#4540,#4546));
#4533 = ORIENTED_EDGE('',*,*,#4534,.F.);
#4534 = EDGE_CURVE('',#4483,#4408,#4535,.T.);
#4535 = LINE('',#4536,#4537);
#4536 = CARTESIAN_POINT('',(950.,150.,0.5));
#4537 = VECTOR('',#4538,1.);
#4538 = DIRECTION('',(0.,0.,1.));
#4539 = ORIENTED_EDGE('',*,*,#4482,.T.);
#4540 = ORIENTED_EDGE('',*,*,#4541,.T.);
#4541 = EDGE_CURVE('',#4485,#4410,#4542,.T.);
#4542 = LINE('',#4543,#4544);
#4543 = CARTESIAN_POINT('',(150.,150.,0.5));
#4544 = VECTOR('',#4545,1.);
#4545 = DIRECTION('',(0.,0.,1.));
#4546 = ORIENTED_EDGE('',*,*,#4407,.F.);
#4547 = PLANE('',#4548);
#4548 = AXIS2_PLACEMENT_3D('',#4549,#4550,#4551);
#4549 = CARTESIAN_POINT('',(150.,150.,0.5));
#4550 = DIRECTION('',(0.,1.,0.));
#4551 = DIRECTION('',(0.,-0.,1.));
#4552 = ADVANCED_FACE('',(#4553),#4564,.F.);
#4553 = FACE_BOUND('',#4554,.T.);
#4554 = EDGE_LOOP('',(#4555,#4556,#4557,#4563));
#4555 = ORIENTED_EDGE('',*,*,#4534,.T.);
#4556 = ORIENTED_EDGE('',*,*,#4433,.T.);
#4557 = ORIENTED_EDGE('',*,*,#4558,.F.);
#4558 = EDGE_CURVE('',#4493,#4426,#4559,.T.);
#4559 = LINE('',#4560,#4561);
#4560 = CARTESIAN_POINT('',(950.,950.,0.5));
#4561 = VECTOR('',#4562,1.);
#4562 = DIRECTION('',(0.,0.,1.));
#4563 = ORIENTED_EDGE('',*,*,#4492,.F.);
#4564 = PLANE('',#4565);
#4565 = AXIS2_PLACEMENT_3D('',#4566,#4567,#4568);
#4566 = CARTESIAN_POINT('',(950.,150.,0.5));
#4567 = DIRECTION('',(1.,0.,0.));
#4568 = DIRECTION('',(0.,0.,1.));
#4569 = ADVANCED_FACE('',(#4570),#4581,.F.);
#4570 = FACE_BOUND('',#4571,.T.);
#4571 = EDGE_LOOP('',(#4572,#4573,#4574,#4580));
#4572 = ORIENTED_EDGE('',*,*,#4558,.T.);
#4573 = ORIENTED_EDGE('',*,*,#4425,.T.);
#4574 = ORIENTED_EDGE('',*,*,#4575,.F.);
#4575 = EDGE_CURVE('',#4501,#4418,#4576,.T.);
#4576 = LINE('',#4577,#4578);
#4577 = CARTESIAN_POINT('',(150.,950.,0.5));
#4578 = VECTOR('',#4579,1.);
#4579 = DIRECTION('',(0.,0.,1.));
#4580 = ORIENTED_EDGE('',*,*,#4500,.F.);
#4581 = PLANE('',#4582);
#4582 = AXIS2_PLACEMENT_3D('',#4583,#4584,#4585);
#4583 = CARTESIAN_POINT('',(150.,950.,0.5));
#4584 = DIRECTION('',(0.,1.,0.));
#4585 = DIRECTION('',(0.,-0.,1.));
#4586 = ADVANCED_FACE('',(#4587),#4593,.T.);
#4587 = FACE_BOUND('',#4588,.T.);
#4588 = EDGE_LOOP('',(#4589,#4590,#4591,#4592));
#4589 = ORIENTED_EDGE('',*,*,#4541,.F.);
#4590 = ORIENTED_EDGE('',*,*,#4508,.T.);
#4591 = ORIENTED_EDGE('',*,*,#4575,.T.);
#4592 = ORIENTED_EDGE('',*,*,#4417,.F.);
#4593 = PLANE('',#4594);
#4594 = AXIS2_PLACEMENT_3D('',#4595,#4596,#4597);
#4595 = CARTESIAN_POINT('',(150.,150.,0.5));
#4596 = DIRECTION('',(1.,0.,0.));
#4597 = DIRECTION('',(0.,0.,1.));
#4598 = ( GEOMETRIC_REPRESENTATION_CONTEXT(3) 
GLOBAL_UNCERTAINTY_ASSIGNED_CONTEXT((#4602)) 
GLOBAL_UNIT_ASSIGNED_CONTEXT((#4599,#4600,#4601)) REPRESENTATION_CONTEXT
('Context #1','3D Context with UNIT and UNCERTAINTY') );
#4599 = ( LENGTH_UNIT() NAMED_UNIT(*) SI_UNIT(.MILLI.,.METRE.) );
#4600 = ( NAMED_UNIT(*) PLANE_ANGLE_UNIT() SI_UNIT($,.RADIAN.) );
#4601 = ( NAMED_UNIT(*) SI_UNIT($,.STERADIAN.) SOLID_ANGLE_UNIT() );
#4602 = UNCERTAINTY_MEASURE_WITH_UNIT(LENGTH_MEASURE(1.E-07),#4599,
  'distance_accuracy_value','confusion accuracy');
#4603 = CONTEXT_DEPENDENT_SHAPE_REPRESENTATION(#4604,#4606);
#4604 = ( REPRESENTATION_RELATIONSHIP('','',#4311,#3511) 
REPRESENTATION_RELATIONSHIP_WITH_TRANSFORMATION(#4605) 
SHAPE_REPRESENTATION_RELATIONSHIP() );
#4605 = ITEM_DEFINED_TRANSFORMATION('','',#11,#3516);
#4606 = PRODUCT_DEFINITION_SHAPE('Placement','Placement of an item',
  #4607);
#4607 = NEXT_ASSEMBLY_USAGE_OCCURRENCE('10','Bottom_neck_800_clear','',
  #3506,#4306,$);
#4608 = PRODUCT_RELATED_PRODUCT_CATEGORY('part',$,(#4308));
#4609 = SHAPE_DEFINITION_REPRESENTATION(#4610,#4616);
#4610 = PRODUCT_DEFINITION_SHAPE('','',#4611);
#4611 = PRODUCT_DEFINITION('design','',#4612,#4615);
#4612 = PRODUCT_DEFINITION_FORMATION('','',#4613);
#4613 = PRODUCT('02_Housing','02_Housing','',(#4614));
#4614 = PRODUCT_CONTEXT('',#2,'mechanical');
#4615 = PRODUCT_DEFINITION_CONTEXT('part definition',#2,'design');
#4616 = SHAPE_REPRESENTATION('',(#11,#4617,#4621,#4625,#4629,#4633,#4637
    ),#4641);
#4617 = AXIS2_PLACEMENT_3D('',#4618,#4619,#4620);
#4618 = CARTESIAN_POINT('',(0.,0.,0.));
#4619 = DIRECTION('',(0.,0.,1.));
#4620 = DIRECTION('',(1.,0.,0.));
#4621 = AXIS2_PLACEMENT_3D('',#4622,#4623,#4624);
#4622 = CARTESIAN_POINT('',(0.,0.,0.));
#4623 = DIRECTION('',(0.,0.,1.));
#4624 = DIRECTION('',(1.,0.,0.));
#4625 = AXIS2_PLACEMENT_3D('',#4626,#4627,#4628);
#4626 = CARTESIAN_POINT('',(0.,0.,0.));
#4627 = DIRECTION('',(0.,0.,1.));
#4628 = DIRECTION('',(1.,0.,0.));
#4629 = AXIS2_PLACEMENT_3D('',#4630,#4631,#4632);
#4630 = CARTESIAN_POINT('',(0.,0.,0.));
#4631 = DIRECTION('',(0.,0.,1.));
#4632 = DIRECTION('',(1.,0.,0.));
#4633 = AXIS2_PLACEMENT_3D('',#4634,#4635,#4636);
#4634 = CARTESIAN_POINT('',(0.,0.,0.));
#4635 = DIRECTION('',(0.,0.,1.));
#4636 = DIRECTION('',(1.,0.,0.));
#4637 = AXIS2_PLACEMENT_3D('',#4638,#4639,#4640);
#4638 = CARTESIAN_POINT('',(0.,0.,0.));
#4639 = DIRECTION('',(0.,0.,1.));
#4640 = DIRECTION('',(1.,0.,0.));
#4641 = ( GEOMETRIC_REPRESENTATION_CONTEXT(3) 
GLOBAL_UNCERTAINTY_ASSIGNED_CONTEXT((#4645)) 
GLOBAL_UNIT_ASSIGNED_CONTEXT((#4642,#4643,#4644)) REPRESENTATION_CONTEXT
('Context #1','3D Context with UNIT and UNCERTAINTY') );
#4642 = ( LENGTH_UNIT() NAMED_UNIT(*) SI_UNIT(.MILLI.,.METRE.) );
#4643 = ( NAMED_UNIT(*) PLANE_ANGLE_UNIT() SI_UNIT($,.RADIAN.) );
#4644 = ( NAMED_UNIT(*) SI_UNIT($,.STERADIAN.) SOLID_ANGLE_UNIT() );
#4645 = UNCERTAINTY_MEASURE_WITH_UNIT(LENGTH_MEASURE(1.E-07),#4642,
  'distance_accuracy_value','confusion accuracy');
#4646 = CONTEXT_DEPENDENT_SHAPE_REPRESENTATION(#4647,#4649);
#4647 = ( REPRESENTATION_RELATIONSHIP('','',#4616,#3476) 
REPRESENTATION_RELATIONSHIP_WITH_TRANSFORMATION(#4648) 
SHAPE_REPRESENTATION_RELATIONSHIP() );
#4648 = ITEM_DEFINED_TRANSFORMATION('','',#11,#3481);
#4649 = PRODUCT_DEFINITION_SHAPE('Placement','Placement of an item',
  #4650);
#4650 = NEXT_ASSEMBLY_USAGE_OCCURRENCE('20','02_Housing','',#3471,#4611,
  $);
#4651 = PRODUCT_RELATED_PRODUCT_CATEGORY('part',$,(#4613));
#4652 = SHAPE_DEFINITION_REPRESENTATION(#4653,#4659);
#4653 = PRODUCT_DEFINITION_SHAPE('','',#4654);
#4654 = PRODUCT_DEFINITION('design','',#4655,#4658);
#4655 = PRODUCT_DEFINITION_FORMATION('','',#4656);
#4656 = PRODUCT('Housing_bottom_panel002','Housing_bottom_panel002','',(
    #4657));
#4657 = PRODUCT_CONTEXT('',#2,'mechanical');
#4658 = PRODUCT_DEFINITION_CONTEXT('part definition',#2,'design');
#4659 = SHAPE_REPRESENTATION('',(#11,#4660,#4664),#4668);
#4660 = AXIS2_PLACEMENT_3D('',#4661,#4662,#4663);
#4661 = CARTESIAN_POINT('',(0.,0.,0.));
#4662 = DIRECTION('',(0.,0.,1.));
#4663 = DIRECTION('',(1.,0.,0.));
#4664 = AXIS2_PLACEMENT_3D('',#4665,#4666,#4667);
#4665 = CARTESIAN_POINT('',(0.,0.,0.));
#4666 = DIRECTION('',(0.,0.,1.));
#4667 = DIRECTION('',(1.,0.,0.));
#4668 = ( GEOMETRIC_REPRESENTATION_CONTEXT(3) 
GLOBAL_UNCERTAINTY_ASSIGNED_CONTEXT((#4672)) 
GLOBAL_UNIT_ASSIGNED_CONTEXT((#4669,#4670,#4671)) REPRESENTATION_CONTEXT
('Context #1','3D Context with UNIT and UNCERTAINTY') );
#4669 = ( LENGTH_UNIT() NAMED_UNIT(*) SI_UNIT(.MILLI.,.METRE.) );
#4670 = ( NAMED_UNIT(*) PLANE_ANGLE_UNIT() SI_UNIT($,.RADIAN.) );
#4671 = ( NAMED_UNIT(*) SI_UNIT($,.STERADIAN.) SOLID_ANGLE_UNIT() );
#4672 = UNCERTAINTY_MEASURE_WITH_UNIT(LENGTH_MEASURE(1.E-07),#4669,
  'distance_accuracy_value','confusion accuracy');
#4673 = CONTEXT_DEPENDENT_SHAPE_REPRESENTATION(#4674,#4676);
#4674 = ( REPRESENTATION_RELATIONSHIP('','',#4659,#4616) 
REPRESENTATION_RELATIONSHIP_WITH_TRANSFORMATION(#4675) 
SHAPE_REPRESENTATION_RELATIONSHIP() );
#4675 = ITEM_DEFINED_TRANSFORMATION('','',#11,#4617);
#4676 = PRODUCT_DEFINITION_SHAPE('Placement','Placement of an item',
  #4677);
#4677 = NEXT_ASSEMBLY_USAGE_OCCURRENCE('14','Housing_bottom_panel002',''
  ,#4611,#4654,$);
#4678 = PRODUCT_RELATED_PRODUCT_CATEGORY('part',$,(#4656));
#4679 = SHAPE_DEFINITION_REPRESENTATION(#4680,#4686);
#4680 = PRODUCT_DEFINITION_SHAPE('','',#4681);
#4681 = PRODUCT_DEFINITION('design','',#4682,#4685);
#4682 = PRODUCT_DEFINITION_FORMATION('','',#4683);
#4683 = PRODUCT('Housing_bottom_panel','Housing_bottom_panel','',(#4684)
  );
#4684 = PRODUCT_CONTEXT('',#2,'mechanical');
#4685 = PRODUCT_DEFINITION_CONTEXT('part definition',#2,'design');
#4686 = ADVANCED_BREP_SHAPE_REPRESENTATION('',(#11,#4687),#4973);
#4687 = MANIFOLD_SOLID_BREP('',#4688);
#4688 = CLOSED_SHELL('',(#4689,#4729,#4760,#4818,#4842,#4893,#4905,#4927
    ,#4944,#4961));
#4689 = ADVANCED_FACE('',(#4690),#4724,.F.);
#4690 = FACE_BOUND('',#4691,.T.);
#4691 = EDGE_LOOP('',(#4692,#4702,#4710,#4718));
#4692 = ORIENTED_EDGE('',*,*,#4693,.T.);
#4693 = EDGE_CURVE('',#4694,#4696,#4698,.T.);
#4694 = VERTEX_POINT('',#4695);
#4695 = CARTESIAN_POINT('',(0.,0.,30.));
#4696 = VERTEX_POINT('',#4697);
#4697 = CARTESIAN_POINT('',(0.,0.,31.5));
#4698 = LINE('',#4699,#4700);
#4699 = CARTESIAN_POINT('',(0.,0.,30.));
#4700 = VECTOR('',#4701,1.);
#4701 = DIRECTION('',(0.,0.,1.));
#4702 = ORIENTED_EDGE('',*,*,#4703,.T.);
#4703 = EDGE_CURVE('',#4696,#4704,#4706,.T.);
#4704 = VERTEX_POINT('',#4705);
#4705 = CARTESIAN_POINT('',(0.,1.1E+03,31.5));
#4706 = LINE('',#4707,#4708);
#4707 = CARTESIAN_POINT('',(0.,0.,31.5));
#4708 = VECTOR('',#4709,1.);
#4709 = DIRECTION('',(0.,1.,0.));
#4710 = ORIENTED_EDGE('',*,*,#4711,.F.);
#4711 = EDGE_CURVE('',#4712,#4704,#4714,.T.);
#4712 = VERTEX_POINT('',#4713);
#4713 = CARTESIAN_POINT('',(0.,1.1E+03,30.));
#4714 = LINE('',#4715,#4716);
#4715 = CARTESIAN_POINT('',(0.,1.1E+03,30.));
#4716 = VECTOR('',#4717,1.);
#4717 = DIRECTION('',(0.,0.,1.));
#4718 = ORIENTED_EDGE('',*,*,#4719,.F.);
#4719 = EDGE_CURVE('',#4694,#4712,#4720,.T.);
#4720 = LINE('',#4721,#4722);
#4721 = CARTESIAN_POINT('',(0.,0.,30.));
#4722 = VECTOR('',#4723,1.);
#4723 = DIRECTION('',(0.,1.,0.));
#4724 = PLANE('',#4725);
#4725 = AXIS2_PLACEMENT_3D('',#4726,#4727,#4728);
#4726 = CARTESIAN_POINT('',(0.,0.,30.));
#4727 = DIRECTION('',(1.,0.,0.));
#4728 = DIRECTION('',(0.,0.,1.));
#4729 = ADVANCED_FACE('',(#4730),#4755,.F.);
#4730 = FACE_BOUND('',#4731,.T.);
#4731 = EDGE_LOOP('',(#4732,#4740,#4748,#4754));
#4732 = ORIENTED_EDGE('',*,*,#4733,.T.);
#4733 = EDGE_CURVE('',#4694,#4734,#4736,.T.);
#4734 = VERTEX_POINT('',#4735);
#4735 = CARTESIAN_POINT('',(1.1E+03,0.,30.));
#4736 = LINE('',#4737,#4738);
#4737 = CARTESIAN_POINT('',(0.,0.,30.));
#4738 = VECTOR('',#4739,1.);
#4739 = DIRECTION('',(1.,0.,0.));
#4740 = ORIENTED_EDGE('',*,*,#4741,.T.);
#4741 = EDGE_CURVE('',#4734,#4742,#4744,.T.);
#4742 = VERTEX_POINT('',#4743);
#4743 = CARTESIAN_POINT('',(1.1E+03,0.,31.5));
#4744 = LINE('',#4745,#4746);
#4745 = CARTESIAN_POINT('',(1.1E+03,0.,30.));
#4746 = VECTOR('',#4747,1.);
#4747 = DIRECTION('',(0.,0.,1.));
#4748 = ORIENTED_EDGE('',*,*,#4749,.F.);
#4749 = EDGE_CURVE('',#4696,#4742,#4750,.T.);
#4750 = LINE('',#4751,#4752);
#4751 = CARTESIAN_POINT('',(0.,0.,31.5));
#4752 = VECTOR('',#4753,1.);
#4753 = DIRECTION('',(1.,0.,0.));
#4754 = ORIENTED_EDGE('',*,*,#4693,.F.);
#4755 = PLANE('',#4756);
#4756 = AXIS2_PLACEMENT_3D('',#4757,#4758,#4759);
#4757 = CARTESIAN_POINT('',(0.,0.,30.));
#4758 = DIRECTION('',(0.,1.,0.));
#4759 = DIRECTION('',(0.,-0.,1.));
#4760 = ADVANCED_FACE('',(#4761,#4779),#4813,.T.);
#4761 = FACE_BOUND('',#4762,.T.);
#4762 = EDGE_LOOP('',(#4763,#4764,#4765,#4773));
#4763 = ORIENTED_EDGE('',*,*,#4703,.F.);
#4764 = ORIENTED_EDGE('',*,*,#4749,.T.);
#4765 = ORIENTED_EDGE('',*,*,#4766,.T.);
#4766 = EDGE_CURVE('',#4742,#4767,#4769,.T.);
#4767 = VERTEX_POINT('',#4768);
#4768 = CARTESIAN_POINT('',(1.1E+03,1.1E+03,31.5));
#4769 = LINE('',#4770,#4771);
#4770 = CARTESIAN_POINT('',(1.1E+03,0.,31.5));
#4771 = VECTOR('',#4772,1.);
#4772 = DIRECTION('',(0.,1.,0.));
#4773 = ORIENTED_EDGE('',*,*,#4774,.F.);
#4774 = EDGE_CURVE('',#4704,#4767,#4775,.T.);
#4775 = LINE('',#4776,#4777);
#4776 = CARTESIAN_POINT('',(0.,1.1E+03,31.5));
#4777 = VECTOR('',#4778,1.);
#4778 = DIRECTION('',(1.,0.,0.));
#4779 = FACE_BOUND('',#4780,.T.);
#4780 = EDGE_LOOP('',(#4781,#4791,#4799,#4807));
#4781 = ORIENTED_EDGE('',*,*,#4782,.T.);
#4782 = EDGE_CURVE('',#4783,#4785,#4787,.T.);
#4783 = VERTEX_POINT('',#4784);
#4784 = CARTESIAN_POINT('',(950.,150.,31.5));
#4785 = VERTEX_POINT('',#4786);
#4786 = CARTESIAN_POINT('',(150.,150.,31.5));
#4787 = LINE('',#4788,#4789);
#4788 = CARTESIAN_POINT('',(75.,150.,31.5));
#4789 = VECTOR('',#4790,1.);
#4790 = DIRECTION('',(-1.,0.,0.));
#4791 = ORIENTED_EDGE('',*,*,#4792,.T.);
#4792 = EDGE_CURVE('',#4785,#4793,#4795,.T.);
#4793 = VERTEX_POINT('',#4794);
#4794 = CARTESIAN_POINT('',(150.,950.,31.5));
#4795 = LINE('',#4796,#4797);
#4796 = CARTESIAN_POINT('',(150.,75.,31.5));
#4797 = VECTOR('',#4798,1.);
#4798 = DIRECTION('',(0.,1.,0.));
#4799 = ORIENTED_EDGE('',*,*,#4800,.F.);
#4800 = EDGE_CURVE('',#4801,#4793,#4803,.T.);
#4801 = VERTEX_POINT('',#4802);
#4802 = CARTESIAN_POINT('',(950.,950.,31.5));
#4803 = LINE('',#4804,#4805);
#4804 = CARTESIAN_POINT('',(75.,950.,31.5));
#4805 = VECTOR('',#4806,1.);
#4806 = DIRECTION('',(-1.,0.,0.));
#4807 = ORIENTED_EDGE('',*,*,#4808,.F.);
#4808 = EDGE_CURVE('',#4783,#4801,#4809,.T.);
#4809 = LINE('',#4810,#4811);
#4810 = CARTESIAN_POINT('',(950.,75.,31.5));
#4811 = VECTOR('',#4812,1.);
#4812 = DIRECTION('',(0.,1.,0.));
#4813 = PLANE('',#4814);
#4814 = AXIS2_PLACEMENT_3D('',#4815,#4816,#4817);
#4815 = CARTESIAN_POINT('',(0.,0.,31.5));
#4816 = DIRECTION('',(0.,0.,1.));
#4817 = DIRECTION('',(1.,0.,-0.));
#4818 = ADVANCED_FACE('',(#4819),#4837,.T.);
#4819 = FACE_BOUND('',#4820,.T.);
#4820 = EDGE_LOOP('',(#4821,#4829,#4830,#4831));
#4821 = ORIENTED_EDGE('',*,*,#4822,.F.);
#4822 = EDGE_CURVE('',#4712,#4823,#4825,.T.);
#4823 = VERTEX_POINT('',#4824);
#4824 = CARTESIAN_POINT('',(1.1E+03,1.1E+03,30.));
#4825 = LINE('',#4826,#4827);
#4826 = CARTESIAN_POINT('',(0.,1.1E+03,30.));
#4827 = VECTOR('',#4828,1.);
#4828 = DIRECTION('',(1.,0.,0.));
#4829 = ORIENTED_EDGE('',*,*,#4711,.T.);
#4830 = ORIENTED_EDGE('',*,*,#4774,.T.);
#4831 = ORIENTED_EDGE('',*,*,#4832,.F.);
#4832 = EDGE_CURVE('',#4823,#4767,#4833,.T.);
#4833 = LINE('',#4834,#4835);
#4834 = CARTESIAN_POINT('',(1.1E+03,1.1E+03,30.));
#4835 = VECTOR('',#4836,1.);
#4836 = DIRECTION('',(0.,0.,1.));
#4837 = PLANE('',#4838);
#4838 = AXIS2_PLACEMENT_3D('',#4839,#4840,#4841);
#4839 = CARTESIAN_POINT('',(0.,1.1E+03,30.));
#4840 = DIRECTION('',(0.,1.,0.));
#4841 = DIRECTION('',(0.,-0.,1.));
#4842 = ADVANCED_FACE('',(#4843,#4854),#4888,.F.);
#4843 = FACE_BOUND('',#4844,.T.);
#4844 = EDGE_LOOP('',(#4845,#4846,#4847,#4853));
#4845 = ORIENTED_EDGE('',*,*,#4719,.T.);
#4846 = ORIENTED_EDGE('',*,*,#4822,.T.);
#4847 = ORIENTED_EDGE('',*,*,#4848,.F.);
#4848 = EDGE_CURVE('',#4734,#4823,#4849,.T.);
#4849 = LINE('',#4850,#4851);
#4850 = CARTESIAN_POINT('',(1.1E+03,0.,30.));
#4851 = VECTOR('',#4852,1.);
#4852 = DIRECTION('',(0.,1.,0.));
#4853 = ORIENTED_EDGE('',*,*,#4733,.F.);
#4854 = FACE_BOUND('',#4855,.T.);
#4855 = EDGE_LOOP('',(#4856,#4866,#4874,#4882));
#4856 = ORIENTED_EDGE('',*,*,#4857,.F.);
#4857 = EDGE_CURVE('',#4858,#4860,#4862,.T.);
#4858 = VERTEX_POINT('',#4859);
#4859 = CARTESIAN_POINT('',(950.,150.,30.));
#4860 = VERTEX_POINT('',#4861);
#4861 = CARTESIAN_POINT('',(150.,150.,30.));
#4862 = LINE('',#4863,#4864);
#4863 = CARTESIAN_POINT('',(75.,150.,30.));
#4864 = VECTOR('',#4865,1.);
#4865 = DIRECTION('',(-1.,0.,0.));
#4866 = ORIENTED_EDGE('',*,*,#4867,.T.);
#4867 = EDGE_CURVE('',#4858,#4868,#4870,.T.);
#4868 = VERTEX_POINT('',#4869);
#4869 = CARTESIAN_POINT('',(950.,950.,30.));
#4870 = LINE('',#4871,#4872);
#4871 = CARTESIAN_POINT('',(950.,75.,30.));
#4872 = VECTOR('',#4873,1.);
#4873 = DIRECTION('',(0.,1.,0.));
#4874 = ORIENTED_EDGE('',*,*,#4875,.T.);
#4875 = EDGE_CURVE('',#4868,#4876,#4878,.T.);
#4876 = VERTEX_POINT('',#4877);
#4877 = CARTESIAN_POINT('',(150.,950.,30.));
#4878 = LINE('',#4879,#4880);
#4879 = CARTESIAN_POINT('',(75.,950.,30.));
#4880 = VECTOR('',#4881,1.);
#4881 = DIRECTION('',(-1.,0.,0.));
#4882 = ORIENTED_EDGE('',*,*,#4883,.F.);
#4883 = EDGE_CURVE('',#4860,#4876,#4884,.T.);
#4884 = LINE('',#4885,#4886);
#4885 = CARTESIAN_POINT('',(150.,75.,30.));
#4886 = VECTOR('',#4887,1.);
#4887 = DIRECTION('',(0.,1.,0.));
#4888 = PLANE('',#4889);
#4889 = AXIS2_PLACEMENT_3D('',#4890,#4891,#4892);
#4890 = CARTESIAN_POINT('',(0.,0.,30.));
#4891 = DIRECTION('',(0.,0.,1.));
#4892 = DIRECTION('',(1.,0.,-0.));
#4893 = ADVANCED_FACE('',(#4894),#4900,.T.);
#4894 = FACE_BOUND('',#4895,.T.);
#4895 = EDGE_LOOP('',(#4896,#4897,#4898,#4899));
#4896 = ORIENTED_EDGE('',*,*,#4741,.F.);
#4897 = ORIENTED_EDGE('',*,*,#4848,.T.);
#4898 = ORIENTED_EDGE('',*,*,#4832,.T.);
#4899 = ORIENTED_EDGE('',*,*,#4766,.F.);
#4900 = PLANE('',#4901);
#4901 = AXIS2_PLACEMENT_3D('',#4902,#4903,#4904);
#4902 = CARTESIAN_POINT('',(1.1E+03,0.,30.));
#4903 = DIRECTION('',(1.,0.,0.));
#4904 = DIRECTION('',(0.,0.,1.));
#4905 = ADVANCED_FACE('',(#4906),#4922,.T.);
#4906 = FACE_BOUND('',#4907,.T.);
#4907 = EDGE_LOOP('',(#4908,#4914,#4915,#4921));
#4908 = ORIENTED_EDGE('',*,*,#4909,.F.);
#4909 = EDGE_CURVE('',#4858,#4783,#4910,.T.);
#4910 = LINE('',#4911,#4912);
#4911 = CARTESIAN_POINT('',(950.,150.,29.));
#4912 = VECTOR('',#4913,1.);
#4913 = DIRECTION('',(0.,0.,1.));
#4914 = ORIENTED_EDGE('',*,*,#4857,.T.);
#4915 = ORIENTED_EDGE('',*,*,#4916,.T.);
#4916 = EDGE_CURVE('',#4860,#4785,#4917,.T.);
#4917 = LINE('',#4918,#4919);
#4918 = CARTESIAN_POINT('',(150.,150.,29.));
#4919 = VECTOR('',#4920,1.);
#4920 = DIRECTION('',(0.,0.,1.));
#4921 = ORIENTED_EDGE('',*,*,#4782,.F.);
#4922 = PLANE('',#4923);
#4923 = AXIS2_PLACEMENT_3D('',#4924,#4925,#4926);
#4924 = CARTESIAN_POINT('',(150.,150.,29.));
#4925 = DIRECTION('',(0.,1.,0.));
#4926 = DIRECTION('',(0.,-0.,1.));
#4927 = ADVANCED_FACE('',(#4928),#4939,.F.);
#4928 = FACE_BOUND('',#4929,.T.);
#4929 = EDGE_LOOP('',(#4930,#4931,#4932,#4938));
#4930 = ORIENTED_EDGE('',*,*,#4909,.T.);
#4931 = ORIENTED_EDGE('',*,*,#4808,.T.);
#4932 = ORIENTED_EDGE('',*,*,#4933,.F.);
#4933 = EDGE_CURVE('',#4868,#4801,#4934,.T.);
#4934 = LINE('',#4935,#4936);
#4935 = CARTESIAN_POINT('',(950.,950.,29.));
#4936 = VECTOR('',#4937,1.);
#4937 = DIRECTION('',(0.,0.,1.));
#4938 = ORIENTED_EDGE('',*,*,#4867,.F.);
#4939 = PLANE('',#4940);
#4940 = AXIS2_PLACEMENT_3D('',#4941,#4942,#4943);
#4941 = CARTESIAN_POINT('',(950.,150.,29.));
#4942 = DIRECTION('',(1.,0.,0.));
#4943 = DIRECTION('',(0.,0.,1.));
#4944 = ADVANCED_FACE('',(#4945),#4956,.F.);
#4945 = FACE_BOUND('',#4946,.T.);
#4946 = EDGE_LOOP('',(#4947,#4948,#4949,#4955));
#4947 = ORIENTED_EDGE('',*,*,#4933,.T.);
#4948 = ORIENTED_EDGE('',*,*,#4800,.T.);
#4949 = ORIENTED_EDGE('',*,*,#4950,.F.);
#4950 = EDGE_CURVE('',#4876,#4793,#4951,.T.);
#4951 = LINE('',#4952,#4953);
#4952 = CARTESIAN_POINT('',(150.,950.,29.));
#4953 = VECTOR('',#4954,1.);
#4954 = DIRECTION('',(0.,0.,1.));
#4955 = ORIENTED_EDGE('',*,*,#4875,.F.);
#4956 = PLANE('',#4957);
#4957 = AXIS2_PLACEMENT_3D('',#4958,#4959,#4960);
#4958 = CARTESIAN_POINT('',(150.,950.,29.));
#4959 = DIRECTION('',(0.,1.,0.));
#4960 = DIRECTION('',(0.,-0.,1.));
#4961 = ADVANCED_FACE('',(#4962),#4968,.T.);
#4962 = FACE_BOUND('',#4963,.T.);
#4963 = EDGE_LOOP('',(#4964,#4965,#4966,#4967));
#4964 = ORIENTED_EDGE('',*,*,#4916,.F.);
#4965 = ORIENTED_EDGE('',*,*,#4883,.T.);
#4966 = ORIENTED_EDGE('',*,*,#4950,.T.);
#4967 = ORIENTED_EDGE('',*,*,#4792,.F.);
#4968 = PLANE('',#4969);
#4969 = AXIS2_PLACEMENT_3D('',#4970,#4971,#4972);
#4970 = CARTESIAN_POINT('',(150.,150.,29.));
#4971 = DIRECTION('',(1.,0.,0.));
#4972 = DIRECTION('',(0.,0.,1.));
#4973 = ( GEOMETRIC_REPRESENTATION_CONTEXT(3) 
GLOBAL_UNCERTAINTY_ASSIGNED_CONTEXT((#4977)) 
GLOBAL_UNIT_ASSIGNED_CONTEXT((#4974,#4975,#4976)) REPRESENTATION_CONTEXT
('Context #1','3D Context with UNIT and UNCERTAINTY') );
#4974 = ( LENGTH_UNIT() NAMED_UNIT(*) SI_UNIT(.MILLI.,.METRE.) );
#4975 = ( NAMED_UNIT(*) PLANE_ANGLE_UNIT() SI_UNIT($,.RADIAN.) );
#4976 = ( NAMED_UNIT(*) SI_UNIT($,.STERADIAN.) SOLID_ANGLE_UNIT() );
#4977 = UNCERTAINTY_MEASURE_WITH_UNIT(LENGTH_MEASURE(1.E-07),#4974,
  'distance_accuracy_value','confusion accuracy');
#4978 = CONTEXT_DEPENDENT_SHAPE_REPRESENTATION(#4979,#4981);
#4979 = ( REPRESENTATION_RELATIONSHIP('','',#4686,#4659) 
REPRESENTATION_RELATIONSHIP_WITH_TRANSFORMATION(#4980) 
SHAPE_REPRESENTATION_RELATIONSHIP() );
#4980 = ITEM_DEFINED_TRANSFORMATION('','',#11,#4660);
#4981 = PRODUCT_DEFINITION_SHAPE('Placement','Placement of an item',
  #4982);
#4982 = NEXT_ASSEMBLY_USAGE_OCCURRENCE('12','Housing_bottom_panel','',
  #4654,#4681,$);
#4983 = PRODUCT_RELATED_PRODUCT_CATEGORY('part',$,(#4683));
#4984 = SHAPE_DEFINITION_REPRESENTATION(#4985,#4991);
#4985 = PRODUCT_DEFINITION_SHAPE('','',#4986);
#4986 = PRODUCT_DEFINITION('design','',#4987,#4990);
#4987 = PRODUCT_DEFINITION_FORMATION('','',#4988);
#4988 = PRODUCT('Housing_bottom_panel001','Housing_bottom_panel001','',(
    #4989));
#4989 = PRODUCT_CONTEXT('',#2,'mechanical');
#4990 = PRODUCT_DEFINITION_CONTEXT('part definition',#2,'design');
#4991 = ADVANCED_BREP_SHAPE_REPRESENTATION('',(#11,#4992),#5278);
#4992 = MANIFOLD_SOLID_BREP('',#4993);
#4993 = CLOSED_SHELL('',(#4994,#5034,#5065,#5123,#5147,#5198,#5210,#5232
    ,#5249,#5266));
#4994 = ADVANCED_FACE('',(#4995),#5029,.T.);
#4995 = FACE_BOUND('',#4996,.T.);
#4996 = EDGE_LOOP('',(#4997,#5007,#5015,#5023));
#4997 = ORIENTED_EDGE('',*,*,#4998,.F.);
#4998 = EDGE_CURVE('',#4999,#5001,#5003,.T.);
#4999 = VERTEX_POINT('',#5000);
#5000 = CARTESIAN_POINT('',(0.,0.,970.));
#5001 = VERTEX_POINT('',#5002);
#5002 = CARTESIAN_POINT('',(0.,0.,968.5));
#5003 = LINE('',#5004,#5005);
#5004 = CARTESIAN_POINT('',(0.,0.,970.));
#5005 = VECTOR('',#5006,1.);
#5006 = DIRECTION('',(0.,0.,-1.));
#5007 = ORIENTED_EDGE('',*,*,#5008,.T.);
#5008 = EDGE_CURVE('',#4999,#5009,#5011,.T.);
#5009 = VERTEX_POINT('',#5010);
#5010 = CARTESIAN_POINT('',(0.,1.1E+03,970.));
#5011 = LINE('',#5012,#5013);
#5012 = CARTESIAN_POINT('',(0.,0.,970.));
#5013 = VECTOR('',#5014,1.);
#5014 = DIRECTION('',(0.,1.,0.));
#5015 = ORIENTED_EDGE('',*,*,#5016,.T.);
#5016 = EDGE_CURVE('',#5009,#5017,#5019,.T.);
#5017 = VERTEX_POINT('',#5018);
#5018 = CARTESIAN_POINT('',(0.,1.1E+03,968.5));
#5019 = LINE('',#5020,#5021);
#5020 = CARTESIAN_POINT('',(0.,1.1E+03,970.));
#5021 = VECTOR('',#5022,1.);
#5022 = DIRECTION('',(0.,0.,-1.));
#5023 = ORIENTED_EDGE('',*,*,#5024,.F.);
#5024 = EDGE_CURVE('',#5001,#5017,#5025,.T.);
#5025 = LINE('',#5026,#5027);
#5026 = CARTESIAN_POINT('',(0.,0.,968.5));
#5027 = VECTOR('',#5028,1.);
#5028 = DIRECTION('',(0.,1.,0.));
#5029 = PLANE('',#5030);
#5030 = AXIS2_PLACEMENT_3D('',#5031,#5032,#5033);
#5031 = CARTESIAN_POINT('',(0.,0.,970.));
#5032 = DIRECTION('',(-1.,0.,0.));
#5033 = DIRECTION('',(0.,0.,-1.));
#5034 = ADVANCED_FACE('',(#5035),#5060,.T.);
#5035 = FACE_BOUND('',#5036,.T.);
#5036 = EDGE_LOOP('',(#5037,#5045,#5046,#5054));
#5037 = ORIENTED_EDGE('',*,*,#5038,.F.);
#5038 = EDGE_CURVE('',#4999,#5039,#5041,.T.);
#5039 = VERTEX_POINT('',#5040);
#5040 = CARTESIAN_POINT('',(1.1E+03,0.,970.));
#5041 = LINE('',#5042,#5043);
#5042 = CARTESIAN_POINT('',(0.,0.,970.));
#5043 = VECTOR('',#5044,1.);
#5044 = DIRECTION('',(1.,0.,0.));
#5045 = ORIENTED_EDGE('',*,*,#4998,.T.);
#5046 = ORIENTED_EDGE('',*,*,#5047,.T.);
#5047 = EDGE_CURVE('',#5001,#5048,#5050,.T.);
#5048 = VERTEX_POINT('',#5049);
#5049 = CARTESIAN_POINT('',(1.1E+03,0.,968.5));
#5050 = LINE('',#5051,#5052);
#5051 = CARTESIAN_POINT('',(0.,0.,968.5));
#5052 = VECTOR('',#5053,1.);
#5053 = DIRECTION('',(1.,0.,0.));
#5054 = ORIENTED_EDGE('',*,*,#5055,.F.);
#5055 = EDGE_CURVE('',#5039,#5048,#5056,.T.);
#5056 = LINE('',#5057,#5058);
#5057 = CARTESIAN_POINT('',(1.1E+03,0.,970.));
#5058 = VECTOR('',#5059,1.);
#5059 = DIRECTION('',(0.,0.,-1.));
#5060 = PLANE('',#5061);
#5061 = AXIS2_PLACEMENT_3D('',#5062,#5063,#5064);
#5062 = CARTESIAN_POINT('',(0.,0.,970.));
#5063 = DIRECTION('',(0.,-1.,0.));
#5064 = DIRECTION('',(0.,0.,-1.));
#5065 = ADVANCED_FACE('',(#5066,#5084),#5118,.F.);
#5066 = FACE_BOUND('',#5067,.T.);
#5067 = EDGE_LOOP('',(#5068,#5069,#5077,#5083));
#5068 = ORIENTED_EDGE('',*,*,#5024,.T.);
#5069 = ORIENTED_EDGE('',*,*,#5070,.T.);
#5070 = EDGE_CURVE('',#5017,#5071,#5073,.T.);
#5071 = VERTEX_POINT('',#5072);
#5072 = CARTESIAN_POINT('',(1.1E+03,1.1E+03,968.5));
#5073 = LINE('',#5074,#5075);
#5074 = CARTESIAN_POINT('',(0.,1.1E+03,968.5));
#5075 = VECTOR('',#5076,1.);
#5076 = DIRECTION('',(1.,0.,0.));
#5077 = ORIENTED_EDGE('',*,*,#5078,.F.);
#5078 = EDGE_CURVE('',#5048,#5071,#5079,.T.);
#5079 = LINE('',#5080,#5081);
#5080 = CARTESIAN_POINT('',(1.1E+03,0.,968.5));
#5081 = VECTOR('',#5082,1.);
#5082 = DIRECTION('',(0.,1.,0.));
#5083 = ORIENTED_EDGE('',*,*,#5047,.F.);
#5084 = FACE_BOUND('',#5085,.T.);
#5085 = EDGE_LOOP('',(#5086,#5096,#5104,#5112));
#5086 = ORIENTED_EDGE('',*,*,#5087,.F.);
#5087 = EDGE_CURVE('',#5088,#5090,#5092,.T.);
#5088 = VERTEX_POINT('',#5089);
#5089 = CARTESIAN_POINT('',(950.,150.,968.5));
#5090 = VERTEX_POINT('',#5091);
#5091 = CARTESIAN_POINT('',(150.,150.,968.5));
#5092 = LINE('',#5093,#5094);
#5093 = CARTESIAN_POINT('',(75.,150.,968.5));
#5094 = VECTOR('',#5095,1.);
#5095 = DIRECTION('',(-1.,0.,0.));
#5096 = ORIENTED_EDGE('',*,*,#5097,.T.);
#5097 = EDGE_CURVE('',#5088,#5098,#5100,.T.);
#5098 = VERTEX_POINT('',#5099);
#5099 = CARTESIAN_POINT('',(950.,950.,968.5));
#5100 = LINE('',#5101,#5102);
#5101 = CARTESIAN_POINT('',(950.,75.,968.5));
#5102 = VECTOR('',#5103,1.);
#5103 = DIRECTION('',(0.,1.,0.));
#5104 = ORIENTED_EDGE('',*,*,#5105,.T.);
#5105 = EDGE_CURVE('',#5098,#5106,#5108,.T.);
#5106 = VERTEX_POINT('',#5107);
#5107 = CARTESIAN_POINT('',(150.,950.,968.5));
#5108 = LINE('',#5109,#5110);
#5109 = CARTESIAN_POINT('',(75.,950.,968.5));
#5110 = VECTOR('',#5111,1.);
#5111 = DIRECTION('',(-1.,0.,0.));
#5112 = ORIENTED_EDGE('',*,*,#5113,.F.);
#5113 = EDGE_CURVE('',#5090,#5106,#5114,.T.);
#5114 = LINE('',#5115,#5116);
#5115 = CARTESIAN_POINT('',(150.,75.,968.5));
#5116 = VECTOR('',#5117,1.);
#5117 = DIRECTION('',(0.,1.,0.));
#5118 = PLANE('',#5119);
#5119 = AXIS2_PLACEMENT_3D('',#5120,#5121,#5122);
#5120 = CARTESIAN_POINT('',(0.,0.,968.5));
#5121 = DIRECTION('',(0.,0.,1.));
#5122 = DIRECTION('',(1.,0.,-0.));
#5123 = ADVANCED_FACE('',(#5124),#5142,.F.);
#5124 = FACE_BOUND('',#5125,.T.);
#5125 = EDGE_LOOP('',(#5126,#5134,#5140,#5141));
#5126 = ORIENTED_EDGE('',*,*,#5127,.T.);
#5127 = EDGE_CURVE('',#5009,#5128,#5130,.T.);
#5128 = VERTEX_POINT('',#5129);
#5129 = CARTESIAN_POINT('',(1.1E+03,1.1E+03,970.));
#5130 = LINE('',#5131,#5132);
#5131 = CARTESIAN_POINT('',(0.,1.1E+03,970.));
#5132 = VECTOR('',#5133,1.);
#5133 = DIRECTION('',(1.,0.,0.));
#5134 = ORIENTED_EDGE('',*,*,#5135,.T.);
#5135 = EDGE_CURVE('',#5128,#5071,#5136,.T.);
#5136 = LINE('',#5137,#5138);
#5137 = CARTESIAN_POINT('',(1.1E+03,1.1E+03,970.));
#5138 = VECTOR('',#5139,1.);
#5139 = DIRECTION('',(0.,0.,-1.));
#5140 = ORIENTED_EDGE('',*,*,#5070,.F.);
#5141 = ORIENTED_EDGE('',*,*,#5016,.F.);
#5142 = PLANE('',#5143);
#5143 = AXIS2_PLACEMENT_3D('',#5144,#5145,#5146);
#5144 = CARTESIAN_POINT('',(0.,1.1E+03,970.));
#5145 = DIRECTION('',(0.,-1.,0.));
#5146 = DIRECTION('',(0.,0.,-1.));
#5147 = ADVANCED_FACE('',(#5148,#5159),#5193,.T.);
#5148 = FACE_BOUND('',#5149,.T.);
#5149 = EDGE_LOOP('',(#5150,#5151,#5152,#5158));
#5150 = ORIENTED_EDGE('',*,*,#5008,.F.);
#5151 = ORIENTED_EDGE('',*,*,#5038,.T.);
#5152 = ORIENTED_EDGE('',*,*,#5153,.T.);
#5153 = EDGE_CURVE('',#5039,#5128,#5154,.T.);
#5154 = LINE('',#5155,#5156);
#5155 = CARTESIAN_POINT('',(1.1E+03,0.,970.));
#5156 = VECTOR('',#5157,1.);
#5157 = DIRECTION('',(0.,1.,0.));
#5158 = ORIENTED_EDGE('',*,*,#5127,.F.);
#5159 = FACE_BOUND('',#5160,.T.);
#5160 = EDGE_LOOP('',(#5161,#5171,#5179,#5187));
#5161 = ORIENTED_EDGE('',*,*,#5162,.T.);
#5162 = EDGE_CURVE('',#5163,#5165,#5167,.T.);
#5163 = VERTEX_POINT('',#5164);
#5164 = CARTESIAN_POINT('',(950.,150.,970.));
#5165 = VERTEX_POINT('',#5166);
#5166 = CARTESIAN_POINT('',(150.,150.,970.));
#5167 = LINE('',#5168,#5169);
#5168 = CARTESIAN_POINT('',(75.,150.,970.));
#5169 = VECTOR('',#5170,1.);
#5170 = DIRECTION('',(-1.,0.,0.));
#5171 = ORIENTED_EDGE('',*,*,#5172,.T.);
#5172 = EDGE_CURVE('',#5165,#5173,#5175,.T.);
#5173 = VERTEX_POINT('',#5174);
#5174 = CARTESIAN_POINT('',(150.,950.,970.));
#5175 = LINE('',#5176,#5177);
#5176 = CARTESIAN_POINT('',(150.,75.,970.));
#5177 = VECTOR('',#5178,1.);
#5178 = DIRECTION('',(0.,1.,0.));
#5179 = ORIENTED_EDGE('',*,*,#5180,.F.);
#5180 = EDGE_CURVE('',#5181,#5173,#5183,.T.);
#5181 = VERTEX_POINT('',#5182);
#5182 = CARTESIAN_POINT('',(950.,950.,970.));
#5183 = LINE('',#5184,#5185);
#5184 = CARTESIAN_POINT('',(75.,950.,970.));
#5185 = VECTOR('',#5186,1.);
#5186 = DIRECTION('',(-1.,0.,0.));
#5187 = ORIENTED_EDGE('',*,*,#5188,.F.);
#5188 = EDGE_CURVE('',#5163,#5181,#5189,.T.);
#5189 = LINE('',#5190,#5191);
#5190 = CARTESIAN_POINT('',(950.,75.,970.));
#5191 = VECTOR('',#5192,1.);
#5192 = DIRECTION('',(0.,1.,0.));
#5193 = PLANE('',#5194);
#5194 = AXIS2_PLACEMENT_3D('',#5195,#5196,#5197);
#5195 = CARTESIAN_POINT('',(0.,0.,970.));
#5196 = DIRECTION('',(0.,0.,1.));
#5197 = DIRECTION('',(1.,0.,-0.));
#5198 = ADVANCED_FACE('',(#5199),#5205,.F.);
#5199 = FACE_BOUND('',#5200,.T.);
#5200 = EDGE_LOOP('',(#5201,#5202,#5203,#5204));
#5201 = ORIENTED_EDGE('',*,*,#5055,.T.);
#5202 = ORIENTED_EDGE('',*,*,#5078,.T.);
#5203 = ORIENTED_EDGE('',*,*,#5135,.F.);
#5204 = ORIENTED_EDGE('',*,*,#5153,.F.);
#5205 = PLANE('',#5206);
#5206 = AXIS2_PLACEMENT_3D('',#5207,#5208,#5209);
#5207 = CARTESIAN_POINT('',(1.1E+03,0.,970.));
#5208 = DIRECTION('',(-1.,0.,0.));
#5209 = DIRECTION('',(0.,0.,-1.));
#5210 = ADVANCED_FACE('',(#5211),#5227,.F.);
#5211 = FACE_BOUND('',#5212,.T.);
#5212 = EDGE_LOOP('',(#5213,#5219,#5220,#5226));
#5213 = ORIENTED_EDGE('',*,*,#5214,.T.);
#5214 = EDGE_CURVE('',#5163,#5088,#5215,.T.);
#5215 = LINE('',#5216,#5217);
#5216 = CARTESIAN_POINT('',(950.,150.,971.));
#5217 = VECTOR('',#5218,1.);
#5218 = DIRECTION('',(0.,0.,-1.));
#5219 = ORIENTED_EDGE('',*,*,#5087,.T.);
#5220 = ORIENTED_EDGE('',*,*,#5221,.F.);
#5221 = EDGE_CURVE('',#5165,#5090,#5222,.T.);
#5222 = LINE('',#5223,#5224);
#5223 = CARTESIAN_POINT('',(150.,150.,971.));
#5224 = VECTOR('',#5225,1.);
#5225 = DIRECTION('',(0.,0.,-1.));
#5226 = ORIENTED_EDGE('',*,*,#5162,.F.);
#5227 = PLANE('',#5228);
#5228 = AXIS2_PLACEMENT_3D('',#5229,#5230,#5231);
#5229 = CARTESIAN_POINT('',(150.,150.,971.));
#5230 = DIRECTION('',(0.,-1.,0.));
#5231 = DIRECTION('',(0.,0.,-1.));
#5232 = ADVANCED_FACE('',(#5233),#5244,.T.);
#5233 = FACE_BOUND('',#5234,.T.);
#5234 = EDGE_LOOP('',(#5235,#5236,#5237,#5243));
#5235 = ORIENTED_EDGE('',*,*,#5214,.F.);
#5236 = ORIENTED_EDGE('',*,*,#5188,.T.);
#5237 = ORIENTED_EDGE('',*,*,#5238,.T.);
#5238 = EDGE_CURVE('',#5181,#5098,#5239,.T.);
#5239 = LINE('',#5240,#5241);
#5240 = CARTESIAN_POINT('',(950.,950.,971.));
#5241 = VECTOR('',#5242,1.);
#5242 = DIRECTION('',(0.,0.,-1.));
#5243 = ORIENTED_EDGE('',*,*,#5097,.F.);
#5244 = PLANE('',#5245);
#5245 = AXIS2_PLACEMENT_3D('',#5246,#5247,#5248);
#5246 = CARTESIAN_POINT('',(950.,150.,971.));
#5247 = DIRECTION('',(-1.,0.,0.));
#5248 = DIRECTION('',(0.,0.,-1.));
#5249 = ADVANCED_FACE('',(#5250),#5261,.T.);
#5250 = FACE_BOUND('',#5251,.T.);
#5251 = EDGE_LOOP('',(#5252,#5253,#5254,#5260));
#5252 = ORIENTED_EDGE('',*,*,#5238,.F.);
#5253 = ORIENTED_EDGE('',*,*,#5180,.T.);
#5254 = ORIENTED_EDGE('',*,*,#5255,.T.);
#5255 = EDGE_CURVE('',#5173,#5106,#5256,.T.);
#5256 = LINE('',#5257,#5258);
#5257 = CARTESIAN_POINT('',(150.,950.,971.));
#5258 = VECTOR('',#5259,1.);
#5259 = DIRECTION('',(0.,0.,-1.));
#5260 = ORIENTED_EDGE('',*,*,#5105,.F.);
#5261 = PLANE('',#5262);
#5262 = AXIS2_PLACEMENT_3D('',#5263,#5264,#5265);
#5263 = CARTESIAN_POINT('',(150.,950.,971.));
#5264 = DIRECTION('',(0.,-1.,0.));
#5265 = DIRECTION('',(0.,0.,-1.));
#5266 = ADVANCED_FACE('',(#5267),#5273,.F.);
#5267 = FACE_BOUND('',#5268,.T.);
#5268 = EDGE_LOOP('',(#5269,#5270,#5271,#5272));
#5269 = ORIENTED_EDGE('',*,*,#5221,.T.);
#5270 = ORIENTED_EDGE('',*,*,#5113,.T.);
#5271 = ORIENTED_EDGE('',*,*,#5255,.F.);
#5272 = ORIENTED_EDGE('',*,*,#5172,.F.);
#5273 = PLANE('',#5274);
#5274 = AXIS2_PLACEMENT_3D('',#5275,#5276,#5277);
#5275 = CARTESIAN_POINT('',(150.,150.,971.));
#5276 = DIRECTION('',(-1.,0.,0.));
#5277 = DIRECTION('',(0.,0.,-1.));
#5278 = ( GEOMETRIC_REPRESENTATION_CONTEXT(3) 
GLOBAL_UNCERTAINTY_ASSIGNED_CONTEXT((#5282)) 
GLOBAL_UNIT_ASSIGNED_CONTEXT((#5279,#5280,#5281)) REPRESENTATION_CONTEXT
('Context #1','3D Context with UNIT and UNCERTAINTY') );
#5279 = ( LENGTH_UNIT() NAMED_UNIT(*) SI_UNIT(.MILLI.,.METRE.) );
#5280 = ( NAMED_UNIT(*) PLANE_ANGLE_UNIT() SI_UNIT($,.RADIAN.) );
#5281 = ( NAMED_UNIT(*) SI_UNIT($,.STERADIAN.) SOLID_ANGLE_UNIT() );
#5282 = UNCERTAINTY_MEASURE_WITH_UNIT(LENGTH_MEASURE(1.E-07),#5279,
  'distance_accuracy_value','confusion accuracy');
#5283 = CONTEXT_DEPENDENT_SHAPE_REPRESENTATION(#5284,#5286);
#5284 = ( REPRESENTATION_RELATIONSHIP('','',#4991,#4659) 
REPRESENTATION_RELATIONSHIP_WITH_TRANSFORMATION(#5285) 
SHAPE_REPRESENTATION_RELATIONSHIP() );
#5285 = ITEM_DEFINED_TRANSFORMATION('','',#11,#4664);
#5286 = PRODUCT_DEFINITION_SHAPE('Placement','Placement of an item',
  #5287);
#5287 = NEXT_ASSEMBLY_USAGE_OCCURRENCE('13','Housing_bottom_panel001',''
  ,#4654,#4986,$);
#5288 = PRODUCT_RELATED_PRODUCT_CATEGORY('part',$,(#4988));
#5289 = SHAPE_DEFINITION_REPRESENTATION(#5290,#5296);
#5290 = PRODUCT_DEFINITION_SHAPE('','',#5291);
#5291 = PRODUCT_DEFINITION('design','',#5292,#5295);
#5292 = PRODUCT_DEFINITION_FORMATION('','',#5293);
#5293 = PRODUCT('Housing_top_rim','Housing_top_rim','',(#5294));
#5294 = PRODUCT_CONTEXT('',#2,'mechanical');
#5295 = PRODUCT_DEFINITION_CONTEXT('part definition',#2,'design');
#5296 = ADVANCED_BREP_SHAPE_REPRESENTATION('',(#11,#5297),#5583);
#5297 = MANIFOLD_SOLID_BREP('',#5298);
#5298 = CLOSED_SHELL('',(#5299,#5339,#5370,#5428,#5452,#5503,#5515,#5537
    ,#5554,#5571));
#5299 = ADVANCED_FACE('',(#5300),#5334,.F.);
#5300 = FACE_BOUND('',#5301,.T.);
#5301 = EDGE_LOOP('',(#5302,#5312,#5320,#5328));
#5302 = ORIENTED_EDGE('',*,*,#5303,.T.);
#5303 = EDGE_CURVE('',#5304,#5306,#5308,.T.);
#5304 = VERTEX_POINT('',#5305);
#5305 = CARTESIAN_POINT('',(0.,0.,968.5));
#5306 = VERTEX_POINT('',#5307);
#5307 = CARTESIAN_POINT('',(0.,0.,970.));
#5308 = LINE('',#5309,#5310);
#5309 = CARTESIAN_POINT('',(0.,0.,968.5));
#5310 = VECTOR('',#5311,1.);
#5311 = DIRECTION('',(0.,0.,1.));
#5312 = ORIENTED_EDGE('',*,*,#5313,.T.);
#5313 = EDGE_CURVE('',#5306,#5314,#5316,.T.);
#5314 = VERTEX_POINT('',#5315);
#5315 = CARTESIAN_POINT('',(0.,1.1E+03,970.));
#5316 = LINE('',#5317,#5318);
#5317 = CARTESIAN_POINT('',(0.,0.,970.));
#5318 = VECTOR('',#5319,1.);
#5319 = DIRECTION('',(0.,1.,0.));
#5320 = ORIENTED_EDGE('',*,*,#5321,.F.);
#5321 = EDGE_CURVE('',#5322,#5314,#5324,.T.);
#5322 = VERTEX_POINT('',#5323);
#5323 = CARTESIAN_POINT('',(0.,1.1E+03,968.5));
#5324 = LINE('',#5325,#5326);
#5325 = CARTESIAN_POINT('',(0.,1.1E+03,968.5));
#5326 = VECTOR('',#5327,1.);
#5327 = DIRECTION('',(0.,0.,1.));
#5328 = ORIENTED_EDGE('',*,*,#5329,.F.);
#5329 = EDGE_CURVE('',#5304,#5322,#5330,.T.);
#5330 = LINE('',#5331,#5332);
#5331 = CARTESIAN_POINT('',(0.,0.,968.5));
#5332 = VECTOR('',#5333,1.);
#5333 = DIRECTION('',(0.,1.,0.));
#5334 = PLANE('',#5335);
#5335 = AXIS2_PLACEMENT_3D('',#5336,#5337,#5338);
#5336 = CARTESIAN_POINT('',(0.,0.,968.5));
#5337 = DIRECTION('',(1.,0.,0.));
#5338 = DIRECTION('',(0.,0.,1.));
#5339 = ADVANCED_FACE('',(#5340),#5365,.F.);
#5340 = FACE_BOUND('',#5341,.T.);
#5341 = EDGE_LOOP('',(#5342,#5350,#5358,#5364));
#5342 = ORIENTED_EDGE('',*,*,#5343,.T.);
#5343 = EDGE_CURVE('',#5304,#5344,#5346,.T.);
#5344 = VERTEX_POINT('',#5345);
#5345 = CARTESIAN_POINT('',(1.1E+03,0.,968.5));
#5346 = LINE('',#5347,#5348);
#5347 = CARTESIAN_POINT('',(0.,0.,968.5));
#5348 = VECTOR('',#5349,1.);
#5349 = DIRECTION('',(1.,0.,0.));
#5350 = ORIENTED_EDGE('',*,*,#5351,.T.);
#5351 = EDGE_CURVE('',#5344,#5352,#5354,.T.);
#5352 = VERTEX_POINT('',#5353);
#5353 = CARTESIAN_POINT('',(1.1E+03,0.,970.));
#5354 = LINE('',#5355,#5356);
#5355 = CARTESIAN_POINT('',(1.1E+03,0.,968.5));
#5356 = VECTOR('',#5357,1.);
#5357 = DIRECTION('',(0.,0.,1.));
#5358 = ORIENTED_EDGE('',*,*,#5359,.F.);
#5359 = EDGE_CURVE('',#5306,#5352,#5360,.T.);
#5360 = LINE('',#5361,#5362);
#5361 = CARTESIAN_POINT('',(0.,0.,970.));
#5362 = VECTOR('',#5363,1.);
#5363 = DIRECTION('',(1.,0.,0.));
#5364 = ORIENTED_EDGE('',*,*,#5303,.F.);
#5365 = PLANE('',#5366);
#5366 = AXIS2_PLACEMENT_3D('',#5367,#5368,#5369);
#5367 = CARTESIAN_POINT('',(0.,0.,968.5));
#5368 = DIRECTION('',(0.,1.,0.));
#5369 = DIRECTION('',(0.,-0.,1.));
#5370 = ADVANCED_FACE('',(#5371,#5389),#5423,.T.);
#5371 = FACE_BOUND('',#5372,.T.);
#5372 = EDGE_LOOP('',(#5373,#5374,#5375,#5383));
#5373 = ORIENTED_EDGE('',*,*,#5313,.F.);
#5374 = ORIENTED_EDGE('',*,*,#5359,.T.);
#5375 = ORIENTED_EDGE('',*,*,#5376,.T.);
#5376 = EDGE_CURVE('',#5352,#5377,#5379,.T.);
#5377 = VERTEX_POINT('',#5378);
#5378 = CARTESIAN_POINT('',(1.1E+03,1.1E+03,970.));
#5379 = LINE('',#5380,#5381);
#5380 = CARTESIAN_POINT('',(1.1E+03,0.,970.));
#5381 = VECTOR('',#5382,1.);
#5382 = DIRECTION('',(0.,1.,0.));
#5383 = ORIENTED_EDGE('',*,*,#5384,.F.);
#5384 = EDGE_CURVE('',#5314,#5377,#5385,.T.);
#5385 = LINE('',#5386,#5387);
#5386 = CARTESIAN_POINT('',(0.,1.1E+03,970.));
#5387 = VECTOR('',#5388,1.);
#5388 = DIRECTION('',(1.,0.,0.));
#5389 = FACE_BOUND('',#5390,.T.);
#5390 = EDGE_LOOP('',(#5391,#5401,#5409,#5417));
#5391 = ORIENTED_EDGE('',*,*,#5392,.T.);
#5392 = EDGE_CURVE('',#5393,#5395,#5397,.T.);
#5393 = VERTEX_POINT('',#5394);
#5394 = CARTESIAN_POINT('',(1.086E+03,14.,970.));
#5395 = VERTEX_POINT('',#5396);
#5396 = CARTESIAN_POINT('',(14.,14.,970.));
#5397 = LINE('',#5398,#5399);
#5398 = CARTESIAN_POINT('',(7.,14.,970.));
#5399 = VECTOR('',#5400,1.);
#5400 = DIRECTION('',(-1.,0.,0.));
#5401 = ORIENTED_EDGE('',*,*,#5402,.T.);
#5402 = EDGE_CURVE('',#5395,#5403,#5405,.T.);
#5403 = VERTEX_POINT('',#5404);
#5404 = CARTESIAN_POINT('',(14.,1.086E+03,970.));
#5405 = LINE('',#5406,#5407);
#5406 = CARTESIAN_POINT('',(14.,7.,970.));
#5407 = VECTOR('',#5408,1.);
#5408 = DIRECTION('',(0.,1.,0.));
#5409 = ORIENTED_EDGE('',*,*,#5410,.F.);
#5410 = EDGE_CURVE('',#5411,#5403,#5413,.T.);
#5411 = VERTEX_POINT('',#5412);
#5412 = CARTESIAN_POINT('',(1.086E+03,1.086E+03,970.));
#5413 = LINE('',#5414,#5415);
#5414 = CARTESIAN_POINT('',(7.,1.086E+03,970.));
#5415 = VECTOR('',#5416,1.);
#5416 = DIRECTION('',(-1.,0.,0.));
#5417 = ORIENTED_EDGE('',*,*,#5418,.F.);
#5418 = EDGE_CURVE('',#5393,#5411,#5419,.T.);
#5419 = LINE('',#5420,#5421);
#5420 = CARTESIAN_POINT('',(1.086E+03,7.,970.));
#5421 = VECTOR('',#5422,1.);
#5422 = DIRECTION('',(0.,1.,0.));
#5423 = PLANE('',#5424);
#5424 = AXIS2_PLACEMENT_3D('',#5425,#5426,#5427);
#5425 = CARTESIAN_POINT('',(0.,0.,970.));
#5426 = DIRECTION('',(0.,0.,1.));
#5427 = DIRECTION('',(1.,0.,-0.));
#5428 = ADVANCED_FACE('',(#5429),#5447,.T.);
#5429 = FACE_BOUND('',#5430,.T.);
#5430 = EDGE_LOOP('',(#5431,#5439,#5440,#5441));
#5431 = ORIENTED_EDGE('',*,*,#5432,.F.);
#5432 = EDGE_CURVE('',#5322,#5433,#5435,.T.);
#5433 = VERTEX_POINT('',#5434);
#5434 = CARTESIAN_POINT('',(1.1E+03,1.1E+03,968.5));
#5435 = LINE('',#5436,#5437);
#5436 = CARTESIAN_POINT('',(0.,1.1E+03,968.5));
#5437 = VECTOR('',#5438,1.);
#5438 = DIRECTION('',(1.,0.,0.));
#5439 = ORIENTED_EDGE('',*,*,#5321,.T.);
#5440 = ORIENTED_EDGE('',*,*,#5384,.T.);
#5441 = ORIENTED_EDGE('',*,*,#5442,.F.);
#5442 = EDGE_CURVE('',#5433,#5377,#5443,.T.);
#5443 = LINE('',#5444,#5445);
#5444 = CARTESIAN_POINT('',(1.1E+03,1.1E+03,968.5));
#5445 = VECTOR('',#5446,1.);
#5446 = DIRECTION('',(0.,0.,1.));
#5447 = PLANE('',#5448);
#5448 = AXIS2_PLACEMENT_3D('',#5449,#5450,#5451);
#5449 = CARTESIAN_POINT('',(0.,1.1E+03,968.5));
#5450 = DIRECTION('',(0.,1.,0.));
#5451 = DIRECTION('',(0.,-0.,1.));
#5452 = ADVANCED_FACE('',(#5453,#5464),#5498,.F.);
#5453 = FACE_BOUND('',#5454,.T.);
#5454 = EDGE_LOOP('',(#5455,#5456,#5457,#5463));
#5455 = ORIENTED_EDGE('',*,*,#5329,.T.);
#5456 = ORIENTED_EDGE('',*,*,#5432,.T.);
#5457 = ORIENTED_EDGE('',*,*,#5458,.F.);
#5458 = EDGE_CURVE('',#5344,#5433,#5459,.T.);
#5459 = LINE('',#5460,#5461);
#5460 = CARTESIAN_POINT('',(1.1E+03,0.,968.5));
#5461 = VECTOR('',#5462,1.);
#5462 = DIRECTION('',(0.,1.,0.));
#5463 = ORIENTED_EDGE('',*,*,#5343,.F.);
#5464 = FACE_BOUND('',#5465,.T.);
#5465 = EDGE_LOOP('',(#5466,#5476,#5484,#5492));
#5466 = ORIENTED_EDGE('',*,*,#5467,.F.);
#5467 = EDGE_CURVE('',#5468,#5470,#5472,.T.);
#5468 = VERTEX_POINT('',#5469);
#5469 = CARTESIAN_POINT('',(1.086E+03,14.,968.5));
#5470 = VERTEX_POINT('',#5471);
#5471 = CARTESIAN_POINT('',(14.,14.,968.5));
#5472 = LINE('',#5473,#5474);
#5473 = CARTESIAN_POINT('',(7.,14.,968.5));
#5474 = VECTOR('',#5475,1.);
#5475 = DIRECTION('',(-1.,0.,0.));
#5476 = ORIENTED_EDGE('',*,*,#5477,.T.);
#5477 = EDGE_CURVE('',#5468,#5478,#5480,.T.);
#5478 = VERTEX_POINT('',#5479);
#5479 = CARTESIAN_POINT('',(1.086E+03,1.086E+03,968.5));
#5480 = LINE('',#5481,#5482);
#5481 = CARTESIAN_POINT('',(1.086E+03,7.,968.5));
#5482 = VECTOR('',#5483,1.);
#5483 = DIRECTION('',(0.,1.,0.));
#5484 = ORIENTED_EDGE('',*,*,#5485,.T.);
#5485 = EDGE_CURVE('',#5478,#5486,#5488,.T.);
#5486 = VERTEX_POINT('',#5487);
#5487 = CARTESIAN_POINT('',(14.,1.086E+03,968.5));
#5488 = LINE('',#5489,#5490);
#5489 = CARTESIAN_POINT('',(7.,1.086E+03,968.5));
#5490 = VECTOR('',#5491,1.);
#5491 = DIRECTION('',(-1.,0.,0.));
#5492 = ORIENTED_EDGE('',*,*,#5493,.F.);
#5493 = EDGE_CURVE('',#5470,#5486,#5494,.T.);
#5494 = LINE('',#5495,#5496);
#5495 = CARTESIAN_POINT('',(14.,7.,968.5));
#5496 = VECTOR('',#5497,1.);
#5497 = DIRECTION('',(0.,1.,0.));
#5498 = PLANE('',#5499);
#5499 = AXIS2_PLACEMENT_3D('',#5500,#5501,#5502);
#5500 = CARTESIAN_POINT('',(0.,0.,968.5));
#5501 = DIRECTION('',(0.,0.,1.));
#5502 = DIRECTION('',(1.,0.,-0.));
#5503 = ADVANCED_FACE('',(#5504),#5510,.T.);
#5504 = FACE_BOUND('',#5505,.T.);
#5505 = EDGE_LOOP('',(#5506,#5507,#5508,#5509));
#5506 = ORIENTED_EDGE('',*,*,#5351,.F.);
#5507 = ORIENTED_EDGE('',*,*,#5458,.T.);
#5508 = ORIENTED_EDGE('',*,*,#5442,.T.);
#5509 = ORIENTED_EDGE('',*,*,#5376,.F.);
#5510 = PLANE('',#5511);
#5511 = AXIS2_PLACEMENT_3D('',#5512,#5513,#5514);
#5512 = CARTESIAN_POINT('',(1.1E+03,0.,968.5));
#5513 = DIRECTION('',(1.,0.,0.));
#5514 = DIRECTION('',(0.,0.,1.));
#5515 = ADVANCED_FACE('',(#5516),#5532,.T.);
#5516 = FACE_BOUND('',#5517,.T.);
#5517 = EDGE_LOOP('',(#5518,#5524,#5525,#5531));
#5518 = ORIENTED_EDGE('',*,*,#5519,.F.);
#5519 = EDGE_CURVE('',#5468,#5393,#5520,.T.);
#5520 = LINE('',#5521,#5522);
#5521 = CARTESIAN_POINT('',(1.086E+03,14.,967.5));
#5522 = VECTOR('',#5523,1.);
#5523 = DIRECTION('',(0.,0.,1.));
#5524 = ORIENTED_EDGE('',*,*,#5467,.T.);
#5525 = ORIENTED_EDGE('',*,*,#5526,.T.);
#5526 = EDGE_CURVE('',#5470,#5395,#5527,.T.);
#5527 = LINE('',#5528,#5529);
#5528 = CARTESIAN_POINT('',(14.,14.,967.5));
#5529 = VECTOR('',#5530,1.);
#5530 = DIRECTION('',(0.,0.,1.));
#5531 = ORIENTED_EDGE('',*,*,#5392,.F.);
#5532 = PLANE('',#5533);
#5533 = AXIS2_PLACEMENT_3D('',#5534,#5535,#5536);
#5534 = CARTESIAN_POINT('',(14.,14.,967.5));
#5535 = DIRECTION('',(0.,1.,0.));
#5536 = DIRECTION('',(0.,-0.,1.));
#5537 = ADVANCED_FACE('',(#5538),#5549,.F.);
#5538 = FACE_BOUND('',#5539,.T.);
#5539 = EDGE_LOOP('',(#5540,#5541,#5542,#5548));
#5540 = ORIENTED_EDGE('',*,*,#5519,.T.);
#5541 = ORIENTED_EDGE('',*,*,#5418,.T.);
#5542 = ORIENTED_EDGE('',*,*,#5543,.F.);
#5543 = EDGE_CURVE('',#5478,#5411,#5544,.T.);
#5544 = LINE('',#5545,#5546);
#5545 = CARTESIAN_POINT('',(1.086E+03,1.086E+03,967.5));
#5546 = VECTOR('',#5547,1.);
#5547 = DIRECTION('',(0.,0.,1.));
#5548 = ORIENTED_EDGE('',*,*,#5477,.F.);
#5549 = PLANE('',#5550);
#5550 = AXIS2_PLACEMENT_3D('',#5551,#5552,#5553);
#5551 = CARTESIAN_POINT('',(1.086E+03,14.,967.5));
#5552 = DIRECTION('',(1.,0.,0.));
#5553 = DIRECTION('',(0.,0.,1.));
#5554 = ADVANCED_FACE('',(#5555),#5566,.F.);
#5555 = FACE_BOUND('',#5556,.T.);
#5556 = EDGE_LOOP('',(#5557,#5558,#5559,#5565));
#5557 = ORIENTED_EDGE('',*,*,#5543,.T.);
#5558 = ORIENTED_EDGE('',*,*,#5410,.T.);
#5559 = ORIENTED_EDGE('',*,*,#5560,.F.);
#5560 = EDGE_CURVE('',#5486,#5403,#5561,.T.);
#5561 = LINE('',#5562,#5563);
#5562 = CARTESIAN_POINT('',(14.,1.086E+03,967.5));
#5563 = VECTOR('',#5564,1.);
#5564 = DIRECTION('',(0.,0.,1.));
#5565 = ORIENTED_EDGE('',*,*,#5485,.F.);
#5566 = PLANE('',#5567);
#5567 = AXIS2_PLACEMENT_3D('',#5568,#5569,#5570);
#5568 = CARTESIAN_POINT('',(14.,1.086E+03,967.5));
#5569 = DIRECTION('',(0.,1.,0.));
#5570 = DIRECTION('',(0.,-0.,1.));
#5571 = ADVANCED_FACE('',(#5572),#5578,.T.);
#5572 = FACE_BOUND('',#5573,.T.);
#5573 = EDGE_LOOP('',(#5574,#5575,#5576,#5577));
#5574 = ORIENTED_EDGE('',*,*,#5526,.F.);
#5575 = ORIENTED_EDGE('',*,*,#5493,.T.);
#5576 = ORIENTED_EDGE('',*,*,#5560,.T.);
#5577 = ORIENTED_EDGE('',*,*,#5402,.F.);
#5578 = PLANE('',#5579);
#5579 = AXIS2_PLACEMENT_3D('',#5580,#5581,#5582);
#5580 = CARTESIAN_POINT('',(14.,14.,967.5));
#5581 = DIRECTION('',(1.,0.,0.));
#5582 = DIRECTION('',(0.,0.,1.));
#5583 = ( GEOMETRIC_REPRESENTATION_CONTEXT(3) 
GLOBAL_UNCERTAINTY_ASSIGNED_CONTEXT((#5587)) 
GLOBAL_UNIT_ASSIGNED_CONTEXT((#5584,#5585,#5586)) REPRESENTATION_CONTEXT
('Context #1','3D Context with UNIT and UNCERTAINTY') );
#5584 = ( LENGTH_UNIT() NAMED_UNIT(*) SI_UNIT(.MILLI.,.METRE.) );
#5585 = ( NAMED_UNIT(*) PLANE_ANGLE_UNIT() SI_UNIT($,.RADIAN.) );
#5586 = ( NAMED_UNIT(*) SI_UNIT($,.STERADIAN.) SOLID_ANGLE_UNIT() );
#5587 = UNCERTAINTY_MEASURE_WITH_UNIT(LENGTH_MEASURE(1.E-07),#5584,
  'distance_accuracy_value','confusion accuracy');
#5588 = CONTEXT_DEPENDENT_SHAPE_REPRESENTATION(#5589,#5591);
#5589 = ( REPRESENTATION_RELATIONSHIP('','',#5296,#4616) 
REPRESENTATION_RELATIONSHIP_WITH_TRANSFORMATION(#5590) 
SHAPE_REPRESENTATION_RELATIONSHIP() );
#5590 = ITEM_DEFINED_TRANSFORMATION('','',#11,#4621);
#5591 = PRODUCT_DEFINITION_SHAPE('Placement','Placement of an item',
  #5592);
#5592 = NEXT_ASSEMBLY_USAGE_OCCURRENCE('15','Housing_top_rim','',#4611,
  #5291,$);
#5593 = PRODUCT_RELATED_PRODUCT_CATEGORY('part',$,(#5293));
#5594 = SHAPE_DEFINITION_REPRESENTATION(#5595,#5601);
#5595 = PRODUCT_DEFINITION_SHAPE('','',#5596);
#5596 = PRODUCT_DEFINITION('design','',#5597,#5600);
#5597 = PRODUCT_DEFINITION_FORMATION('','',#5598);
#5598 = PRODUCT('Front_panel_D90_opening','Front_panel_D90_opening','',(
    #5599));
#5599 = PRODUCT_CONTEXT('',#2,'mechanical');
#5600 = PRODUCT_DEFINITION_CONTEXT('part definition',#2,'design');
#5601 = ADVANCED_BREP_SHAPE_REPRESENTATION('',(#11,#5602),#5791);
#5602 = MANIFOLD_SOLID_BREP('',#5603);
#5603 = CLOSED_SHELL('',(#5604,#5644,#5686,#5710,#5745,#5762,#5774));
#5604 = ADVANCED_FACE('',(#5605),#5639,.F.);
#5605 = FACE_BOUND('',#5606,.T.);
#5606 = EDGE_LOOP('',(#5607,#5617,#5625,#5633));
#5607 = ORIENTED_EDGE('',*,*,#5608,.T.);
#5608 = EDGE_CURVE('',#5609,#5611,#5613,.T.);
#5609 = VERTEX_POINT('',#5610);
#5610 = CARTESIAN_POINT('',(0.,0.,31.5));
#5611 = VERTEX_POINT('',#5612);
#5612 = CARTESIAN_POINT('',(0.,0.,968.5));
#5613 = LINE('',#5614,#5615);
#5614 = CARTESIAN_POINT('',(0.,0.,31.5));
#5615 = VECTOR('',#5616,1.);
#5616 = DIRECTION('',(0.,0.,1.));
#5617 = ORIENTED_EDGE('',*,*,#5618,.T.);
#5618 = EDGE_CURVE('',#5611,#5619,#5621,.T.);
#5619 = VERTEX_POINT('',#5620);
#5620 = CARTESIAN_POINT('',(0.,1.5,968.5));
#5621 = LINE('',#5622,#5623);
#5622 = CARTESIAN_POINT('',(0.,0.,968.5));
#5623 = VECTOR('',#5624,1.);
#5624 = DIRECTION('',(0.,1.,0.));
#5625 = ORIENTED_EDGE('',*,*,#5626,.F.);
#5626 = EDGE_CURVE('',#5627,#5619,#5629,.T.);
#5627 = VERTEX_POINT('',#5628);
#5628 = CARTESIAN_POINT('',(0.,1.5,31.5));
#5629 = LINE('',#5630,#5631);
#5630 = CARTESIAN_POINT('',(0.,1.5,31.5));
#5631 = VECTOR('',#5632,1.);
#5632 = DIRECTION('',(0.,0.,1.));
#5633 = ORIENTED_EDGE('',*,*,#5634,.F.);
#5634 = EDGE_CURVE('',#5609,#5627,#5635,.T.);
#5635 = LINE('',#5636,#5637);
#5636 = CARTESIAN_POINT('',(0.,0.,31.5));
#5637 = VECTOR('',#5638,1.);
#5638 = DIRECTION('',(0.,1.,0.));
#5639 = PLANE('',#5640);
#5640 = AXIS2_PLACEMENT_3D('',#5641,#5642,#5643);
#5641 = CARTESIAN_POINT('',(0.,0.,31.5));
#5642 = DIRECTION('',(1.,0.,0.));
#5643 = DIRECTION('',(0.,0.,1.));
#5644 = ADVANCED_FACE('',(#5645,#5670),#5681,.F.);
#5645 = FACE_BOUND('',#5646,.T.);
#5646 = EDGE_LOOP('',(#5647,#5655,#5663,#5669));
#5647 = ORIENTED_EDGE('',*,*,#5648,.T.);
#5648 = EDGE_CURVE('',#5609,#5649,#5651,.T.);
#5649 = VERTEX_POINT('',#5650);
#5650 = CARTESIAN_POINT('',(1.1E+03,0.,31.5));
#5651 = LINE('',#5652,#5653);
#5652 = CARTESIAN_POINT('',(0.,0.,31.5));
#5653 = VECTOR('',#5654,1.);
#5654 = DIRECTION('',(1.,0.,0.));
#5655 = ORIENTED_EDGE('',*,*,#5656,.T.);
#5656 = EDGE_CURVE('',#5649,#5657,#5659,.T.);
#5657 = VERTEX_POINT('',#5658);
#5658 = CARTESIAN_POINT('',(1.1E+03,0.,968.5));
#5659 = LINE('',#5660,#5661);
#5660 = CARTESIAN_POINT('',(1.1E+03,0.,31.5));
#5661 = VECTOR('',#5662,1.);
#5662 = DIRECTION('',(0.,0.,1.));
#5663 = ORIENTED_EDGE('',*,*,#5664,.F.);
#5664 = EDGE_CURVE('',#5611,#5657,#5665,.T.);
#5665 = LINE('',#5666,#5667);
#5666 = CARTESIAN_POINT('',(0.,0.,968.5));
#5667 = VECTOR('',#5668,1.);
#5668 = DIRECTION('',(1.,0.,0.));
#5669 = ORIENTED_EDGE('',*,*,#5608,.F.);
#5670 = FACE_BOUND('',#5671,.T.);
#5671 = EDGE_LOOP('',(#5672));
#5672 = ORIENTED_EDGE('',*,*,#5673,.T.);
#5673 = EDGE_CURVE('',#5674,#5674,#5676,.T.);
#5674 = VERTEX_POINT('',#5675);
#5675 = CARTESIAN_POINT('',(985.0000005,0.,734.4993));
#5676 = CIRCLE('',#5677,45.);
#5677 = AXIS2_PLACEMENT_3D('',#5678,#5679,#5680);
#5678 = CARTESIAN_POINT('',(985.0000005,0.,779.4993));
#5679 = DIRECTION('',(0.,1.,0.));
#5680 = DIRECTION('',(0.,-0.,1.));
#5681 = PLANE('',#5682);
#5682 = AXIS2_PLACEMENT_3D('',#5683,#5684,#5685);
#5683 = CARTESIAN_POINT('',(0.,0.,31.5));
#5684 = DIRECTION('',(0.,1.,0.));
#5685 = DIRECTION('',(0.,-0.,1.));
#5686 = ADVANCED_FACE('',(#5687),#5705,.T.);
#5687 = FACE_BOUND('',#5688,.T.);
#5688 = EDGE_LOOP('',(#5689,#5690,#5691,#5699));
#5689 = ORIENTED_EDGE('',*,*,#5618,.F.);
#5690 = ORIENTED_EDGE('',*,*,#5664,.T.);
#5691 = ORIENTED_EDGE('',*,*,#5692,.T.);
#5692 = EDGE_CURVE('',#5657,#5693,#5695,.T.);
#5693 = VERTEX_POINT('',#5694);
#5694 = CARTESIAN_POINT('',(1.1E+03,1.5,968.5));
#5695 = LINE('',#5696,#5697);
#5696 = CARTESIAN_POINT('',(1.1E+03,0.,968.5));
#5697 = VECTOR('',#5698,1.);
#5698 = DIRECTION('',(0.,1.,0.));
#5699 = ORIENTED_EDGE('',*,*,#5700,.F.);
#5700 = EDGE_CURVE('',#5619,#5693,#5701,.T.);
#5701 = LINE('',#5702,#5703);
#5702 = CARTESIAN_POINT('',(0.,1.5,968.5));
#5703 = VECTOR('',#5704,1.);
#5704 = DIRECTION('',(1.,0.,0.));
#5705 = PLANE('',#5706);
#5706 = AXIS2_PLACEMENT_3D('',#5707,#5708,#5709);
#5707 = CARTESIAN_POINT('',(0.,0.,968.5));
#5708 = DIRECTION('',(0.,0.,1.));
#5709 = DIRECTION('',(1.,0.,-0.));
#5710 = ADVANCED_FACE('',(#5711,#5729),#5740,.T.);
#5711 = FACE_BOUND('',#5712,.T.);
#5712 = EDGE_LOOP('',(#5713,#5721,#5722,#5723));
#5713 = ORIENTED_EDGE('',*,*,#5714,.F.);
#5714 = EDGE_CURVE('',#5627,#5715,#5717,.T.);
#5715 = VERTEX_POINT('',#5716);
#5716 = CARTESIAN_POINT('',(1.1E+03,1.5,31.5));
#5717 = LINE('',#5718,#5719);
#5718 = CARTESIAN_POINT('',(0.,1.5,31.5));
#5719 = VECTOR('',#5720,1.);
#5720 = DIRECTION('',(1.,0.,0.));
#5721 = ORIENTED_EDGE('',*,*,#5626,.T.);
#5722 = ORIENTED_EDGE('',*,*,#5700,.T.);
#5723 = ORIENTED_EDGE('',*,*,#5724,.F.);
#5724 = EDGE_CURVE('',#5715,#5693,#5725,.T.);
#5725 = LINE('',#5726,#5727);
#5726 = CARTESIAN_POINT('',(1.1E+03,1.5,31.5));
#5727 = VECTOR('',#5728,1.);
#5728 = DIRECTION('',(0.,0.,1.));
#5729 = FACE_BOUND('',#5730,.T.);
#5730 = EDGE_LOOP('',(#5731));
#5731 = ORIENTED_EDGE('',*,*,#5732,.F.);
#5732 = EDGE_CURVE('',#5733,#5733,#5735,.T.);
#5733 = VERTEX_POINT('',#5734);
#5734 = CARTESIAN_POINT('',(985.0000005,1.5,734.4993));
#5735 = CIRCLE('',#5736,45.);
#5736 = AXIS2_PLACEMENT_3D('',#5737,#5738,#5739);
#5737 = CARTESIAN_POINT('',(985.0000005,1.5,779.4993));
#5738 = DIRECTION('',(0.,1.,0.));
#5739 = DIRECTION('',(0.,-0.,1.));
#5740 = PLANE('',#5741);
#5741 = AXIS2_PLACEMENT_3D('',#5742,#5743,#5744);
#5742 = CARTESIAN_POINT('',(0.,1.5,31.5));
#5743 = DIRECTION('',(0.,1.,0.));
#5744 = DIRECTION('',(0.,-0.,1.));
#5745 = ADVANCED_FACE('',(#5746),#5757,.F.);
#5746 = FACE_BOUND('',#5747,.T.);
#5747 = EDGE_LOOP('',(#5748,#5749,#5750,#5756));
#5748 = ORIENTED_EDGE('',*,*,#5634,.T.);
#5749 = ORIENTED_EDGE('',*,*,#5714,.T.);
#5750 = ORIENTED_EDGE('',*,*,#5751,.F.);
#5751 = EDGE_CURVE('',#5649,#5715,#5752,.T.);
#5752 = LINE('',#5753,#5754);
#5753 = CARTESIAN_POINT('',(1.1E+03,0.,31.5));
#5754 = VECTOR('',#5755,1.);
#5755 = DIRECTION('',(0.,1.,0.));
#5756 = ORIENTED_EDGE('',*,*,#5648,.F.);
#5757 = PLANE('',#5758);
#5758 = AXIS2_PLACEMENT_3D('',#5759,#5760,#5761);
#5759 = CARTESIAN_POINT('',(0.,0.,31.5));
#5760 = DIRECTION('',(0.,0.,1.));
#5761 = DIRECTION('',(1.,0.,-0.));
#5762 = ADVANCED_FACE('',(#5763),#5769,.T.);
#5763 = FACE_BOUND('',#5764,.T.);
#5764 = EDGE_LOOP('',(#5765,#5766,#5767,#5768));
#5765 = ORIENTED_EDGE('',*,*,#5656,.F.);
#5766 = ORIENTED_EDGE('',*,*,#5751,.T.);
#5767 = ORIENTED_EDGE('',*,*,#5724,.T.);
#5768 = ORIENTED_EDGE('',*,*,#5692,.F.);
#5769 = PLANE('',#5770);
#5770 = AXIS2_PLACEMENT_3D('',#5771,#5772,#5773);
#5771 = CARTESIAN_POINT('',(1.1E+03,0.,31.5));
#5772 = DIRECTION('',(1.,0.,0.));
#5773 = DIRECTION('',(0.,0.,1.));
#5774 = ADVANCED_FACE('',(#5775),#5786,.F.);
#5775 = FACE_BOUND('',#5776,.F.);
#5776 = EDGE_LOOP('',(#5777,#5783,#5784,#5785));
#5777 = ORIENTED_EDGE('',*,*,#5778,.T.);
#5778 = EDGE_CURVE('',#5674,#5733,#5779,.T.);
#5779 = LINE('',#5780,#5781);
#5780 = CARTESIAN_POINT('',(985.0000005,-1.,734.4993));
#5781 = VECTOR('',#5782,1.);
#5782 = DIRECTION('',(0.,1.,0.));
#5783 = ORIENTED_EDGE('',*,*,#5732,.F.);
#5784 = ORIENTED_EDGE('',*,*,#5778,.F.);
#5785 = ORIENTED_EDGE('',*,*,#5673,.T.);
#5786 = CYLINDRICAL_SURFACE('',#5787,45.);
#5787 = AXIS2_PLACEMENT_3D('',#5788,#5789,#5790);
#5788 = CARTESIAN_POINT('',(985.0000005,-1.,779.4993));
#5789 = DIRECTION('',(0.,1.,0.));
#5790 = DIRECTION('',(0.,-0.,1.));
#5791 = ( GEOMETRIC_REPRESENTATION_CONTEXT(3) 
GLOBAL_UNCERTAINTY_ASSIGNED_CONTEXT((#5795)) 
GLOBAL_UNIT_ASSIGNED_CONTEXT((#5792,#5793,#5794)) REPRESENTATION_CONTEXT
('Context #1','3D Context with UNIT and UNCERTAINTY') );
#5792 = ( LENGTH_UNIT() NAMED_UNIT(*) SI_UNIT(.MILLI.,.METRE.) );
#5793 = ( NAMED_UNIT(*) PLANE_ANGLE_UNIT() SI_UNIT($,.RADIAN.) );
#5794 = ( NAMED_UNIT(*) SI_UNIT($,.STERADIAN.) SOLID_ANGLE_UNIT() );
#5795 = UNCERTAINTY_MEASURE_WITH_UNIT(LENGTH_MEASURE(1.E-07),#5792,
  'distance_accuracy_value','confusion accuracy');
#5796 = CONTEXT_DEPENDENT_SHAPE_REPRESENTATION(#5797,#5799);
#5797 = ( REPRESENTATION_RELATIONSHIP('','',#5601,#4616) 
REPRESENTATION_RELATIONSHIP_WITH_TRANSFORMATION(#5798) 
SHAPE_REPRESENTATION_RELATIONSHIP() );
#5798 = ITEM_DEFINED_TRANSFORMATION('','',#11,#4625);
#5799 = PRODUCT_DEFINITION_SHAPE('Placement','Placement of an item',
  #5800);
#5800 = NEXT_ASSEMBLY_USAGE_OCCURRENCE('16','Front_panel_D90_opening',''
  ,#4611,#5596,$);
#5801 = PRODUCT_RELATED_PRODUCT_CATEGORY('part',$,(#5598));
#5802 = SHAPE_DEFINITION_REPRESENTATION(#5803,#5809);
#5803 = PRODUCT_DEFINITION_SHAPE('','',#5804);
#5804 = PRODUCT_DEFINITION('design','',#5805,#5808);
#5805 = PRODUCT_DEFINITION_FORMATION('','',#5806);
#5806 = PRODUCT('Right_panel_two_D104_openings',
  'Right_panel_two_D104_openings','',(#5807));
#5807 = PRODUCT_CONTEXT('',#2,'mechanical');
#5808 = PRODUCT_DEFINITION_CONTEXT('part definition',#2,'design');
#5809 = ADVANCED_BREP_SHAPE_REPRESENTATION('',(#11,#5810),#6038);
#5810 = MANIFOLD_SOLID_BREP('',#5811);
#5811 = CLOSED_SHELL('',(#5812,#5874,#5905,#5929,#5953,#5970,#5995,#6020
    ));
#5812 = ADVANCED_FACE('',(#5813,#5847,#5858),#5869,.F.);
#5813 = FACE_BOUND('',#5814,.T.);
#5814 = EDGE_LOOP('',(#5815,#5825,#5833,#5841));
#5815 = ORIENTED_EDGE('',*,*,#5816,.T.);
#5816 = EDGE_CURVE('',#5817,#5819,#5821,.T.);
#5817 = VERTEX_POINT('',#5818);
#5818 = CARTESIAN_POINT('',(1.0985E+03,1.5,31.5));
#5819 = VERTEX_POINT('',#5820);
#5820 = CARTESIAN_POINT('',(1.0985E+03,1.5,968.5));
#5821 = LINE('',#5822,#5823);
#5822 = CARTESIAN_POINT('',(1.0985E+03,1.5,31.5));
#5823 = VECTOR('',#5824,1.);
#5824 = DIRECTION('',(0.,0.,1.));
#5825 = ORIENTED_EDGE('',*,*,#5826,.T.);
#5826 = EDGE_CURVE('',#5819,#5827,#5829,.T.);
#5827 = VERTEX_POINT('',#5828);
#5828 = CARTESIAN_POINT('',(1.0985E+03,1.0985E+03,968.5));
#5829 = LINE('',#5830,#5831);
#5830 = CARTESIAN_POINT('',(1.0985E+03,1.5,968.5));
#5831 = VECTOR('',#5832,1.);
#5832 = DIRECTION('',(0.,1.,0.));
#5833 = ORIENTED_EDGE('',*,*,#5834,.F.);
#5834 = EDGE_CURVE('',#5835,#5827,#5837,.T.);
#5835 = VERTEX_POINT('',#5836);
#5836 = CARTESIAN_POINT('',(1.0985E+03,1.0985E+03,31.5));
#5837 = LINE('',#5838,#5839);
#5838 = CARTESIAN_POINT('',(1.0985E+03,1.0985E+03,31.5));
#5839 = VECTOR('',#5840,1.);
#5840 = DIRECTION('',(0.,0.,1.));
#5841 = ORIENTED_EDGE('',*,*,#5842,.F.);
#5842 = EDGE_CURVE('',#5817,#5835,#5843,.T.);
#5843 = LINE('',#5844,#5845);
#5844 = CARTESIAN_POINT('',(1.0985E+03,1.5,31.5));
#5845 = VECTOR('',#5846,1.);
#5846 = DIRECTION('',(0.,1.,0.));
#5847 = FACE_BOUND('',#5848,.T.);
#5848 = EDGE_LOOP('',(#5849));
#5849 = ORIENTED_EDGE('',*,*,#5850,.T.);
#5850 = EDGE_CURVE('',#5851,#5851,#5853,.T.);
#5851 = VERTEX_POINT('',#5852);
#5852 = CARTESIAN_POINT('',(1.0985E+03,920.29075,776.49749870373));
#5853 = CIRCLE('',#5854,52.);
#5854 = AXIS2_PLACEMENT_3D('',#5855,#5856,#5857);
#5855 = CARTESIAN_POINT('',(1.0985E+03,920.29075,828.49749870373));
#5856 = DIRECTION('',(1.,0.,-0.));
#5857 = DIRECTION('',(0.,0.,1.));
#5858 = FACE_BOUND('',#5859,.T.);
#5859 = EDGE_LOOP('',(#5860));
#5860 = ORIENTED_EDGE('',*,*,#5861,.T.);
#5861 = EDGE_CURVE('',#5862,#5862,#5864,.T.);
#5862 = VERTEX_POINT('',#5863);
#5863 = CARTESIAN_POINT('',(1.0985E+03,225.29075,712.49749870373));
#5864 = CIRCLE('',#5865,52.);
#5865 = AXIS2_PLACEMENT_3D('',#5866,#5867,#5868);
#5866 = CARTESIAN_POINT('',(1.0985E+03,225.29075,764.49749870373));
#5867 = DIRECTION('',(1.,0.,-0.));
#5868 = DIRECTION('',(0.,0.,1.));
#5869 = PLANE('',#5870);
#5870 = AXIS2_PLACEMENT_3D('',#5871,#5872,#5873);
#5871 = CARTESIAN_POINT('',(1.0985E+03,1.5,31.5));
#5872 = DIRECTION('',(1.,0.,0.));
#5873 = DIRECTION('',(0.,0.,1.));
#5874 = ADVANCED_FACE('',(#5875),#5900,.F.);
#5875 = FACE_BOUND('',#5876,.T.);
#5876 = EDGE_LOOP('',(#5877,#5885,#5893,#5899));
#5877 = ORIENTED_EDGE('',*,*,#5878,.T.);
#5878 = EDGE_CURVE('',#5817,#5879,#5881,.T.);
#5879 = VERTEX_POINT('',#5880);
#5880 = CARTESIAN_POINT('',(1.1E+03,1.5,31.5));
#5881 = LINE('',#5882,#5883);
#5882 = CARTESIAN_POINT('',(1.0985E+03,1.5,31.5));
#5883 = VECTOR('',#5884,1.);
#5884 = DIRECTION('',(1.,0.,0.));
#5885 = ORIENTED_EDGE('',*,*,#5886,.T.);
#5886 = EDGE_CURVE('',#5879,#5887,#5889,.T.);
#5887 = VERTEX_POINT('',#5888);
#5888 = CARTESIAN_POINT('',(1.1E+03,1.5,968.5));
#5889 = LINE('',#5890,#5891);
#5890 = CARTESIAN_POINT('',(1.1E+03,1.5,31.5));
#5891 = VECTOR('',#5892,1.);
#5892 = DIRECTION('',(0.,0.,1.));
#5893 = ORIENTED_EDGE('',*,*,#5894,.F.);
#5894 = EDGE_CURVE('',#5819,#5887,#5895,.T.);
#5895 = LINE('',#5896,#5897);
#5896 = CARTESIAN_POINT('',(1.0985E+03,1.5,968.5));
#5897 = VECTOR('',#5898,1.);
#5898 = DIRECTION('',(1.,0.,0.));
#5899 = ORIENTED_EDGE('',*,*,#5816,.F.);
#5900 = PLANE('',#5901);
#5901 = AXIS2_PLACEMENT_3D('',#5902,#5903,#5904);
#5902 = CARTESIAN_POINT('',(1.0985E+03,1.5,31.5));
#5903 = DIRECTION('',(0.,1.,0.));
#5904 = DIRECTION('',(0.,-0.,1.));
#5905 = ADVANCED_FACE('',(#5906),#5924,.T.);
#5906 = FACE_BOUND('',#5907,.T.);
#5907 = EDGE_LOOP('',(#5908,#5909,#5910,#5918));
#5908 = ORIENTED_EDGE('',*,*,#5826,.F.);
#5909 = ORIENTED_EDGE('',*,*,#5894,.T.);
#5910 = ORIENTED_EDGE('',*,*,#5911,.T.);
#5911 = EDGE_CURVE('',#5887,#5912,#5914,.T.);
#5912 = VERTEX_POINT('',#5913);
#5913 = CARTESIAN_POINT('',(1.1E+03,1.0985E+03,968.5));
#5914 = LINE('',#5915,#5916);
#5915 = CARTESIAN_POINT('',(1.1E+03,1.5,968.5));
#5916 = VECTOR('',#5917,1.);
#5917 = DIRECTION('',(0.,1.,0.));
#5918 = ORIENTED_EDGE('',*,*,#5919,.F.);
#5919 = EDGE_CURVE('',#5827,#5912,#5920,.T.);
#5920 = LINE('',#5921,#5922);
#5921 = CARTESIAN_POINT('',(1.0985E+03,1.0985E+03,968.5));
#5922 = VECTOR('',#5923,1.);
#5923 = DIRECTION('',(1.,0.,0.));
#5924 = PLANE('',#5925);
#5925 = AXIS2_PLACEMENT_3D('',#5926,#5927,#5928);
#5926 = CARTESIAN_POINT('',(1.0985E+03,1.5,968.5));
#5927 = DIRECTION('',(0.,0.,1.));
#5928 = DIRECTION('',(1.,0.,-0.));
#5929 = ADVANCED_FACE('',(#5930),#5948,.F.);
#5930 = FACE_BOUND('',#5931,.T.);
#5931 = EDGE_LOOP('',(#5932,#5933,#5941,#5947));
#5932 = ORIENTED_EDGE('',*,*,#5842,.T.);
#5933 = ORIENTED_EDGE('',*,*,#5934,.T.);
#5934 = EDGE_CURVE('',#5835,#5935,#5937,.T.);
#5935 = VERTEX_POINT('',#5936);
#5936 = CARTESIAN_POINT('',(1.1E+03,1.0985E+03,31.5));
#5937 = LINE('',#5938,#5939);
#5938 = CARTESIAN_POINT('',(1.0985E+03,1.0985E+03,31.5));
#5939 = VECTOR('',#5940,1.);
#5940 = DIRECTION('',(1.,0.,0.));
#5941 = ORIENTED_EDGE('',*,*,#5942,.F.);
#5942 = EDGE_CURVE('',#5879,#5935,#5943,.T.);
#5943 = LINE('',#5944,#5945);
#5944 = CARTESIAN_POINT('',(1.1E+03,1.5,31.5));
#5945 = VECTOR('',#5946,1.);
#5946 = DIRECTION('',(0.,1.,0.));
#5947 = ORIENTED_EDGE('',*,*,#5878,.F.);
#5948 = PLANE('',#5949);
#5949 = AXIS2_PLACEMENT_3D('',#5950,#5951,#5952);
#5950 = CARTESIAN_POINT('',(1.0985E+03,1.5,31.5));
#5951 = DIRECTION('',(0.,0.,1.));
#5952 = DIRECTION('',(1.,0.,-0.));
#5953 = ADVANCED_FACE('',(#5954),#5965,.T.);
#5954 = FACE_BOUND('',#5955,.T.);
#5955 = EDGE_LOOP('',(#5956,#5957,#5958,#5959));
#5956 = ORIENTED_EDGE('',*,*,#5934,.F.);
#5957 = ORIENTED_EDGE('',*,*,#5834,.T.);
#5958 = ORIENTED_EDGE('',*,*,#5919,.T.);
#5959 = ORIENTED_EDGE('',*,*,#5960,.F.);
#5960 = EDGE_CURVE('',#5935,#5912,#5961,.T.);
#5961 = LINE('',#5962,#5963);
#5962 = CARTESIAN_POINT('',(1.1E+03,1.0985E+03,31.5));
#5963 = VECTOR('',#5964,1.);
#5964 = DIRECTION('',(0.,0.,1.));
#5965 = PLANE('',#5966);
#5966 = AXIS2_PLACEMENT_3D('',#5967,#5968,#5969);
#5967 = CARTESIAN_POINT('',(1.0985E+03,1.0985E+03,31.5));
#5968 = DIRECTION('',(0.,1.,0.));
#5969 = DIRECTION('',(0.,-0.,1.));
#5970 = ADVANCED_FACE('',(#5971),#5990,.F.);
#5971 = FACE_BOUND('',#5972,.F.);
#5972 = EDGE_LOOP('',(#5973,#5981,#5988,#5989));
#5973 = ORIENTED_EDGE('',*,*,#5974,.T.);
#5974 = EDGE_CURVE('',#5851,#5975,#5977,.T.);
#5975 = VERTEX_POINT('',#5976);
#5976 = CARTESIAN_POINT('',(1.1E+03,920.29075,776.49749870373));
#5977 = LINE('',#5978,#5979);
#5978 = CARTESIAN_POINT('',(1.0975E+03,920.29075,776.49749870373));
#5979 = VECTOR('',#5980,1.);
#5980 = DIRECTION('',(1.,0.,0.));
#5981 = ORIENTED_EDGE('',*,*,#5982,.F.);
#5982 = EDGE_CURVE('',#5975,#5975,#5983,.T.);
#5983 = CIRCLE('',#5984,52.);
#5984 = AXIS2_PLACEMENT_3D('',#5985,#5986,#5987);
#5985 = CARTESIAN_POINT('',(1.1E+03,920.29075,828.49749870373));
#5986 = DIRECTION('',(1.,0.,-0.));
#5987 = DIRECTION('',(0.,0.,1.));
#5988 = ORIENTED_EDGE('',*,*,#5974,.F.);
#5989 = ORIENTED_EDGE('',*,*,#5850,.T.);
#5990 = CYLINDRICAL_SURFACE('',#5991,52.);
#5991 = AXIS2_PLACEMENT_3D('',#5992,#5993,#5994);
#5992 = CARTESIAN_POINT('',(1.0975E+03,920.29075,828.49749870373));
#5993 = DIRECTION('',(1.,0.,0.));
#5994 = DIRECTION('',(0.,0.,1.));
#5995 = ADVANCED_FACE('',(#5996),#6015,.F.);
#5996 = FACE_BOUND('',#5997,.F.);
#5997 = EDGE_LOOP('',(#5998,#6006,#6013,#6014));
#5998 = ORIENTED_EDGE('',*,*,#5999,.T.);
#5999 = EDGE_CURVE('',#5862,#6000,#6002,.T.);
#6000 = VERTEX_POINT('',#6001);
#6001 = CARTESIAN_POINT('',(1.1E+03,225.29075,712.49749870373));
#6002 = LINE('',#6003,#6004);
#6003 = CARTESIAN_POINT('',(1.0975E+03,225.29075,712.49749870373));
#6004 = VECTOR('',#6005,1.);
#6005 = DIRECTION('',(1.,0.,0.));
#6006 = ORIENTED_EDGE('',*,*,#6007,.F.);
#6007 = EDGE_CURVE('',#6000,#6000,#6008,.T.);
#6008 = CIRCLE('',#6009,52.);
#6009 = AXIS2_PLACEMENT_3D('',#6010,#6011,#6012);
#6010 = CARTESIAN_POINT('',(1.1E+03,225.29075,764.49749870373));
#6011 = DIRECTION('',(1.,0.,-0.));
#6012 = DIRECTION('',(0.,0.,1.));
#6013 = ORIENTED_EDGE('',*,*,#5999,.F.);
#6014 = ORIENTED_EDGE('',*,*,#5861,.T.);
#6015 = CYLINDRICAL_SURFACE('',#6016,52.);
#6016 = AXIS2_PLACEMENT_3D('',#6017,#6018,#6019);
#6017 = CARTESIAN_POINT('',(1.0975E+03,225.29075,764.49749870373));
#6018 = DIRECTION('',(1.,0.,0.));
#6019 = DIRECTION('',(0.,0.,1.));
#6020 = ADVANCED_FACE('',(#6021,#6027,#6030),#6033,.T.);
#6021 = FACE_BOUND('',#6022,.T.);
#6022 = EDGE_LOOP('',(#6023,#6024,#6025,#6026));
#6023 = ORIENTED_EDGE('',*,*,#5886,.F.);
#6024 = ORIENTED_EDGE('',*,*,#5942,.T.);
#6025 = ORIENTED_EDGE('',*,*,#5960,.T.);
#6026 = ORIENTED_EDGE('',*,*,#5911,.F.);
#6027 = FACE_BOUND('',#6028,.T.);
#6028 = EDGE_LOOP('',(#6029));
#6029 = ORIENTED_EDGE('',*,*,#5982,.F.);
#6030 = FACE_BOUND('',#6031,.T.);
#6031 = EDGE_LOOP('',(#6032));
#6032 = ORIENTED_EDGE('',*,*,#6007,.F.);
#6033 = PLANE('',#6034);
#6034 = AXIS2_PLACEMENT_3D('',#6035,#6036,#6037);
#6035 = CARTESIAN_POINT('',(1.1E+03,1.5,31.5));
#6036 = DIRECTION('',(1.,0.,0.));
#6037 = DIRECTION('',(0.,0.,1.));
#6038 = ( GEOMETRIC_REPRESENTATION_CONTEXT(3) 
GLOBAL_UNCERTAINTY_ASSIGNED_CONTEXT((#6042)) 
GLOBAL_UNIT_ASSIGNED_CONTEXT((#6039,#6040,#6041)) REPRESENTATION_CONTEXT
('Context #1','3D Context with UNIT and UNCERTAINTY') );
#6039 = ( LENGTH_UNIT() NAMED_UNIT(*) SI_UNIT(.MILLI.,.METRE.) );
#6040 = ( NAMED_UNIT(*) PLANE_ANGLE_UNIT() SI_UNIT($,.RADIAN.) );
#6041 = ( NAMED_UNIT(*) SI_UNIT($,.STERADIAN.) SOLID_ANGLE_UNIT() );
#6042 = UNCERTAINTY_MEASURE_WITH_UNIT(LENGTH_MEASURE(1.E-07),#6039,
  'distance_accuracy_value','confusion accuracy');
#6043 = CONTEXT_DEPENDENT_SHAPE_REPRESENTATION(#6044,#6046);
#6044 = ( REPRESENTATION_RELATIONSHIP('','',#5809,#4616) 
REPRESENTATION_RELATIONSHIP_WITH_TRANSFORMATION(#6045) 
SHAPE_REPRESENTATION_RELATIONSHIP() );
#6045 = ITEM_DEFINED_TRANSFORMATION('','',#11,#4629);
#6046 = PRODUCT_DEFINITION_SHAPE('Placement','Placement of an item',
  #6047);
#6047 = NEXT_ASSEMBLY_USAGE_OCCURRENCE('17',
  'Right_panel_two_D104_openings','',#4611,#5804,$);
#6048 = PRODUCT_RELATED_PRODUCT_CATEGORY('part',$,(#5806));
#6049 = SHAPE_DEFINITION_REPRESENTATION(#6050,#6056);
#6050 = PRODUCT_DEFINITION_SHAPE('','',#6051);
#6051 = PRODUCT_DEFINITION('design','',#6052,#6055);
#6052 = PRODUCT_DEFINITION_FORMATION('','',#6053);
#6053 = PRODUCT('Left_panel_cabinet_side','Left_panel_cabinet_side','',(
    #6054));
#6054 = PRODUCT_CONTEXT('',#2,'mechanical');
#6055 = PRODUCT_DEFINITION_CONTEXT('part definition',#2,'design');
#6056 = ADVANCED_BREP_SHAPE_REPRESENTATION('',(#11,#6057),#6207);
#6057 = MANIFOLD_SOLID_BREP('',#6058);
#6058 = CLOSED_SHELL('',(#6059,#6099,#6139,#6161,#6183,#6195));
#6059 = ADVANCED_FACE('',(#6060),#6094,.F.);
#6060 = FACE_BOUND('',#6061,.T.);
#6061 = EDGE_LOOP('',(#6062,#6072,#6080,#6088));
#6062 = ORIENTED_EDGE('',*,*,#6063,.T.);
#6063 = EDGE_CURVE('',#6064,#6066,#6068,.T.);
#6064 = VERTEX_POINT('',#6065);
#6065 = CARTESIAN_POINT('',(0.,1.5,31.5));
#6066 = VERTEX_POINT('',#6067);
#6067 = CARTESIAN_POINT('',(0.,1.5,968.5));
#6068 = LINE('',#6069,#6070);
#6069 = CARTESIAN_POINT('',(0.,1.5,31.5));
#6070 = VECTOR('',#6071,1.);
#6071 = DIRECTION('',(0.,0.,1.));
#6072 = ORIENTED_EDGE('',*,*,#6073,.T.);
#6073 = EDGE_CURVE('',#6066,#6074,#6076,.T.);
#6074 = VERTEX_POINT('',#6075);
#6075 = CARTESIAN_POINT('',(0.,1.0985E+03,968.5));
#6076 = LINE('',#6077,#6078);
#6077 = CARTESIAN_POINT('',(0.,1.5,968.5));
#6078 = VECTOR('',#6079,1.);
#6079 = DIRECTION('',(0.,1.,0.));
#6080 = ORIENTED_EDGE('',*,*,#6081,.F.);
#6081 = EDGE_CURVE('',#6082,#6074,#6084,.T.);
#6082 = VERTEX_POINT('',#6083);
#6083 = CARTESIAN_POINT('',(0.,1.0985E+03,31.5));
#6084 = LINE('',#6085,#6086);
#6085 = CARTESIAN_POINT('',(0.,1.0985E+03,31.5));
#6086 = VECTOR('',#6087,1.);
#6087 = DIRECTION('',(0.,0.,1.));
#6088 = ORIENTED_EDGE('',*,*,#6089,.F.);
#6089 = EDGE_CURVE('',#6064,#6082,#6090,.T.);
#6090 = LINE('',#6091,#6092);
#6091 = CARTESIAN_POINT('',(0.,1.5,31.5));
#6092 = VECTOR('',#6093,1.);
#6093 = DIRECTION('',(0.,1.,0.));
#6094 = PLANE('',#6095);
#6095 = AXIS2_PLACEMENT_3D('',#6096,#6097,#6098);
#6096 = CARTESIAN_POINT('',(0.,1.5,31.5));
#6097 = DIRECTION('',(1.,0.,0.));
#6098 = DIRECTION('',(0.,0.,1.));
#6099 = ADVANCED_FACE('',(#6100),#6134,.T.);
#6100 = FACE_BOUND('',#6101,.T.);
#6101 = EDGE_LOOP('',(#6102,#6112,#6120,#6128));
#6102 = ORIENTED_EDGE('',*,*,#6103,.F.);
#6103 = EDGE_CURVE('',#6104,#6106,#6108,.T.);
#6104 = VERTEX_POINT('',#6105);
#6105 = CARTESIAN_POINT('',(1.5,1.5,31.5));
#6106 = VERTEX_POINT('',#6107);
#6107 = CARTESIAN_POINT('',(1.5,1.5,968.5));
#6108 = LINE('',#6109,#6110);
#6109 = CARTESIAN_POINT('',(1.5,1.5,31.5));
#6110 = VECTOR('',#6111,1.);
#6111 = DIRECTION('',(0.,0.,1.));
#6112 = ORIENTED_EDGE('',*,*,#6113,.T.);
#6113 = EDGE_CURVE('',#6104,#6114,#6116,.T.);
#6114 = VERTEX_POINT('',#6115);
#6115 = CARTESIAN_POINT('',(1.5,1.0985E+03,31.5));
#6116 = LINE('',#6117,#6118);
#6117 = CARTESIAN_POINT('',(1.5,1.5,31.5));
#6118 = VECTOR('',#6119,1.);
#6119 = DIRECTION('',(0.,1.,0.));
#6120 = ORIENTED_EDGE('',*,*,#6121,.T.);
#6121 = EDGE_CURVE('',#6114,#6122,#6124,.T.);
#6122 = VERTEX_POINT('',#6123);
#6123 = CARTESIAN_POINT('',(1.5,1.0985E+03,968.5));
#6124 = LINE('',#6125,#6126);
#6125 = CARTESIAN_POINT('',(1.5,1.0985E+03,31.5));
#6126 = VECTOR('',#6127,1.);
#6127 = DIRECTION('',(0.,0.,1.));
#6128 = ORIENTED_EDGE('',*,*,#6129,.F.);
#6129 = EDGE_CURVE('',#6106,#6122,#6130,.T.);
#6130 = LINE('',#6131,#6132);
#6131 = CARTESIAN_POINT('',(1.5,1.5,968.5));
#6132 = VECTOR('',#6133,1.);
#6133 = DIRECTION('',(0.,1.,0.));
#6134 = PLANE('',#6135);
#6135 = AXIS2_PLACEMENT_3D('',#6136,#6137,#6138);
#6136 = CARTESIAN_POINT('',(1.5,1.5,31.5));
#6137 = DIRECTION('',(1.,0.,0.));
#6138 = DIRECTION('',(0.,0.,1.));
#6139 = ADVANCED_FACE('',(#6140),#6156,.F.);
#6140 = FACE_BOUND('',#6141,.T.);
#6141 = EDGE_LOOP('',(#6142,#6148,#6149,#6155));
#6142 = ORIENTED_EDGE('',*,*,#6143,.T.);
#6143 = EDGE_CURVE('',#6064,#6104,#6144,.T.);
#6144 = LINE('',#6145,#6146);
#6145 = CARTESIAN_POINT('',(0.,1.5,31.5));
#6146 = VECTOR('',#6147,1.);
#6147 = DIRECTION('',(1.,0.,0.));
#6148 = ORIENTED_EDGE('',*,*,#6103,.T.);
#6149 = ORIENTED_EDGE('',*,*,#6150,.F.);
#6150 = EDGE_CURVE('',#6066,#6106,#6151,.T.);
#6151 = LINE('',#6152,#6153);
#6152 = CARTESIAN_POINT('',(0.,1.5,968.5));
#6153 = VECTOR('',#6154,1.);
#6154 = DIRECTION('',(1.,0.,0.));
#6155 = ORIENTED_EDGE('',*,*,#6063,.F.);
#6156 = PLANE('',#6157);
#6157 = AXIS2_PLACEMENT_3D('',#6158,#6159,#6160);
#6158 = CARTESIAN_POINT('',(0.,1.5,31.5));
#6159 = DIRECTION('',(0.,1.,0.));
#6160 = DIRECTION('',(0.,-0.,1.));
#6161 = ADVANCED_FACE('',(#6162),#6178,.T.);
#6162 = FACE_BOUND('',#6163,.T.);
#6163 = EDGE_LOOP('',(#6164,#6170,#6171,#6177));
#6164 = ORIENTED_EDGE('',*,*,#6165,.F.);
#6165 = EDGE_CURVE('',#6082,#6114,#6166,.T.);
#6166 = LINE('',#6167,#6168);
#6167 = CARTESIAN_POINT('',(0.,1.0985E+03,31.5));
#6168 = VECTOR('',#6169,1.);
#6169 = DIRECTION('',(1.,0.,0.));
#6170 = ORIENTED_EDGE('',*,*,#6081,.T.);
#6171 = ORIENTED_EDGE('',*,*,#6172,.T.);
#6172 = EDGE_CURVE('',#6074,#6122,#6173,.T.);
#6173 = LINE('',#6174,#6175);
#6174 = CARTESIAN_POINT('',(0.,1.0985E+03,968.5));
#6175 = VECTOR('',#6176,1.);
#6176 = DIRECTION('',(1.,0.,0.));
#6177 = ORIENTED_EDGE('',*,*,#6121,.F.);
#6178 = PLANE('',#6179);
#6179 = AXIS2_PLACEMENT_3D('',#6180,#6181,#6182);
#6180 = CARTESIAN_POINT('',(0.,1.0985E+03,31.5));
#6181 = DIRECTION('',(0.,1.,0.));
#6182 = DIRECTION('',(0.,-0.,1.));
#6183 = ADVANCED_FACE('',(#6184),#6190,.F.);
#6184 = FACE_BOUND('',#6185,.T.);
#6185 = EDGE_LOOP('',(#6186,#6187,#6188,#6189));
#6186 = ORIENTED_EDGE('',*,*,#6089,.T.);
#6187 = ORIENTED_EDGE('',*,*,#6165,.T.);
#6188 = ORIENTED_EDGE('',*,*,#6113,.F.);
#6189 = ORIENTED_EDGE('',*,*,#6143,.F.);
#6190 = PLANE('',#6191);
#6191 = AXIS2_PLACEMENT_3D('',#6192,#6193,#6194);
#6192 = CARTESIAN_POINT('',(0.,1.5,31.5));
#6193 = DIRECTION('',(0.,0.,1.));
#6194 = DIRECTION('',(1.,0.,-0.));
#6195 = ADVANCED_FACE('',(#6196),#6202,.T.);
#6196 = FACE_BOUND('',#6197,.T.);
#6197 = EDGE_LOOP('',(#6198,#6199,#6200,#6201));
#6198 = ORIENTED_EDGE('',*,*,#6073,.F.);
#6199 = ORIENTED_EDGE('',*,*,#6150,.T.);
#6200 = ORIENTED_EDGE('',*,*,#6129,.T.);
#6201 = ORIENTED_EDGE('',*,*,#6172,.F.);
#6202 = PLANE('',#6203);
#6203 = AXIS2_PLACEMENT_3D('',#6204,#6205,#6206);
#6204 = CARTESIAN_POINT('',(0.,1.5,968.5));
#6205 = DIRECTION('',(0.,0.,1.));
#6206 = DIRECTION('',(1.,0.,-0.));
#6207 = ( GEOMETRIC_REPRESENTATION_CONTEXT(3) 
GLOBAL_UNCERTAINTY_ASSIGNED_CONTEXT((#6211)) 
GLOBAL_UNIT_ASSIGNED_CONTEXT((#6208,#6209,#6210)) REPRESENTATION_CONTEXT
('Context #1','3D Context with UNIT and UNCERTAINTY') );
#6208 = ( LENGTH_UNIT() NAMED_UNIT(*) SI_UNIT(.MILLI.,.METRE.) );
#6209 = ( NAMED_UNIT(*) PLANE_ANGLE_UNIT() SI_UNIT($,.RADIAN.) );
#6210 = ( NAMED_UNIT(*) SI_UNIT($,.STERADIAN.) SOLID_ANGLE_UNIT() );
#6211 = UNCERTAINTY_MEASURE_WITH_UNIT(LENGTH_MEASURE(1.E-07),#6208,
  'distance_accuracy_value','confusion accuracy');
#6212 = CONTEXT_DEPENDENT_SHAPE_REPRESENTATION(#6213,#6215);
#6213 = ( REPRESENTATION_RELATIONSHIP('','',#6056,#4616) 
REPRESENTATION_RELATIONSHIP_WITH_TRANSFORMATION(#6214) 
SHAPE_REPRESENTATION_RELATIONSHIP() );
#6214 = ITEM_DEFINED_TRANSFORMATION('','',#11,#4633);
#6215 = PRODUCT_DEFINITION_SHAPE('Placement','Placement of an item',
  #6216);
#6216 = NEXT_ASSEMBLY_USAGE_OCCURRENCE('18','Left_panel_cabinet_side',''
  ,#4611,#6051,$);
#6217 = PRODUCT_RELATED_PRODUCT_CATEGORY('part',$,(#6053));
#6218 = SHAPE_DEFINITION_REPRESENTATION(#6219,#6225);
#6219 = PRODUCT_DEFINITION_SHAPE('','',#6220);
#6220 = PRODUCT_DEFINITION('design','',#6221,#6224);
#6221 = PRODUCT_DEFINITION_FORMATION('','',#6222);
#6222 = PRODUCT('Rear_panel_simplified','Rear_panel_simplified','',(
    #6223));
#6223 = PRODUCT_CONTEXT('',#2,'mechanical');
#6224 = PRODUCT_DEFINITION_CONTEXT('part definition',#2,'design');
#6225 = ADVANCED_BREP_SHAPE_REPRESENTATION('',(#11,#6226),#6376);
#6226 = MANIFOLD_SOLID_BREP('',#6227);
#6227 = CLOSED_SHELL('',(#6228,#6268,#6308,#6330,#6352,#6364));
#6228 = ADVANCED_FACE('',(#6229),#6263,.F.);
#6229 = FACE_BOUND('',#6230,.T.);
#6230 = EDGE_LOOP('',(#6231,#6241,#6249,#6257));
#6231 = ORIENTED_EDGE('',*,*,#6232,.T.);
#6232 = EDGE_CURVE('',#6233,#6235,#6237,.T.);
#6233 = VERTEX_POINT('',#6234);
#6234 = CARTESIAN_POINT('',(0.,1.0985E+03,31.5));
#6235 = VERTEX_POINT('',#6236);
#6236 = CARTESIAN_POINT('',(0.,1.0985E+03,968.5));
#6237 = LINE('',#6238,#6239);
#6238 = CARTESIAN_POINT('',(0.,1.0985E+03,31.5));
#6239 = VECTOR('',#6240,1.);
#6240 = DIRECTION('',(0.,0.,1.));
#6241 = ORIENTED_EDGE('',*,*,#6242,.T.);
#6242 = EDGE_CURVE('',#6235,#6243,#6245,.T.);
#6243 = VERTEX_POINT('',#6244);
#6244 = CARTESIAN_POINT('',(0.,1.1E+03,968.5));
#6245 = LINE('',#6246,#6247);
#6246 = CARTESIAN_POINT('',(0.,1.0985E+03,968.5));
#6247 = VECTOR('',#6248,1.);
#6248 = DIRECTION('',(0.,1.,0.));
#6249 = ORIENTED_EDGE('',*,*,#6250,.F.);
#6250 = EDGE_CURVE('',#6251,#6243,#6253,.T.);
#6251 = VERTEX_POINT('',#6252);
#6252 = CARTESIAN_POINT('',(0.,1.1E+03,31.5));
#6253 = LINE('',#6254,#6255);
#6254 = CARTESIAN_POINT('',(0.,1.1E+03,31.5));
#6255 = VECTOR('',#6256,1.);
#6256 = DIRECTION('',(0.,0.,1.));
#6257 = ORIENTED_EDGE('',*,*,#6258,.F.);
#6258 = EDGE_CURVE('',#6233,#6251,#6259,.T.);
#6259 = LINE('',#6260,#6261);
#6260 = CARTESIAN_POINT('',(0.,1.0985E+03,31.5));
#6261 = VECTOR('',#6262,1.);
#6262 = DIRECTION('',(0.,1.,0.));
#6263 = PLANE('',#6264);
#6264 = AXIS2_PLACEMENT_3D('',#6265,#6266,#6267);
#6265 = CARTESIAN_POINT('',(0.,1.0985E+03,31.5));
#6266 = DIRECTION('',(1.,0.,0.));
#6267 = DIRECTION('',(0.,0.,1.));
#6268 = ADVANCED_FACE('',(#6269),#6303,.T.);
#6269 = FACE_BOUND('',#6270,.T.);
#6270 = EDGE_LOOP('',(#6271,#6281,#6289,#6297));
#6271 = ORIENTED_EDGE('',*,*,#6272,.F.);
#6272 = EDGE_CURVE('',#6273,#6275,#6277,.T.);
#6273 = VERTEX_POINT('',#6274);
#6274 = CARTESIAN_POINT('',(1.1E+03,1.0985E+03,31.5));
#6275 = VERTEX_POINT('',#6276);
#6276 = CARTESIAN_POINT('',(1.1E+03,1.0985E+03,968.5));
#6277 = LINE('',#6278,#6279);
#6278 = CARTESIAN_POINT('',(1.1E+03,1.0985E+03,31.5));
#6279 = VECTOR('',#6280,1.);
#6280 = DIRECTION('',(0.,0.,1.));
#6281 = ORIENTED_EDGE('',*,*,#6282,.T.);
#6282 = EDGE_CURVE('',#6273,#6283,#6285,.T.);
#6283 = VERTEX_POINT('',#6284);
#6284 = CARTESIAN_POINT('',(1.1E+03,1.1E+03,31.5));
#6285 = LINE('',#6286,#6287);
#6286 = CARTESIAN_POINT('',(1.1E+03,1.0985E+03,31.5));
#6287 = VECTOR('',#6288,1.);
#6288 = DIRECTION('',(0.,1.,0.));
#6289 = ORIENTED_EDGE('',*,*,#6290,.T.);
#6290 = EDGE_CURVE('',#6283,#6291,#6293,.T.);
#6291 = VERTEX_POINT('',#6292);
#6292 = CARTESIAN_POINT('',(1.1E+03,1.1E+03,968.5));
#6293 = LINE('',#6294,#6295);
#6294 = CARTESIAN_POINT('',(1.1E+03,1.1E+03,31.5));
#6295 = VECTOR('',#6296,1.);
#6296 = DIRECTION('',(0.,0.,1.));
#6297 = ORIENTED_EDGE('',*,*,#6298,.F.);
#6298 = EDGE_CURVE('',#6275,#6291,#6299,.T.);
#6299 = LINE('',#6300,#6301);
#6300 = CARTESIAN_POINT('',(1.1E+03,1.0985E+03,968.5));
#6301 = VECTOR('',#6302,1.);
#6302 = DIRECTION('',(0.,1.,0.));
#6303 = PLANE('',#6304);
#6304 = AXIS2_PLACEMENT_3D('',#6305,#6306,#6307);
#6305 = CARTESIAN_POINT('',(1.1E+03,1.0985E+03,31.5));
#6306 = DIRECTION('',(1.,0.,0.));
#6307 = DIRECTION('',(0.,0.,1.));
#6308 = ADVANCED_FACE('',(#6309),#6325,.F.);
#6309 = FACE_BOUND('',#6310,.T.);
#6310 = EDGE_LOOP('',(#6311,#6317,#6318,#6324));
#6311 = ORIENTED_EDGE('',*,*,#6312,.T.);
#6312 = EDGE_CURVE('',#6233,#6273,#6313,.T.);
#6313 = LINE('',#6314,#6315);
#6314 = CARTESIAN_POINT('',(0.,1.0985E+03,31.5));
#6315 = VECTOR('',#6316,1.);
#6316 = DIRECTION('',(1.,0.,0.));
#6317 = ORIENTED_EDGE('',*,*,#6272,.T.);
#6318 = ORIENTED_EDGE('',*,*,#6319,.F.);
#6319 = EDGE_CURVE('',#6235,#6275,#6320,.T.);
#6320 = LINE('',#6321,#6322);
#6321 = CARTESIAN_POINT('',(0.,1.0985E+03,968.5));
#6322 = VECTOR('',#6323,1.);
#6323 = DIRECTION('',(1.,0.,0.));
#6324 = ORIENTED_EDGE('',*,*,#6232,.F.);
#6325 = PLANE('',#6326);
#6326 = AXIS2_PLACEMENT_3D('',#6327,#6328,#6329);
#6327 = CARTESIAN_POINT('',(0.,1.0985E+03,31.5));
#6328 = DIRECTION('',(0.,1.,0.));
#6329 = DIRECTION('',(0.,-0.,1.));
#6330 = ADVANCED_FACE('',(#6331),#6347,.T.);
#6331 = FACE_BOUND('',#6332,.T.);
#6332 = EDGE_LOOP('',(#6333,#6339,#6340,#6346));
#6333 = ORIENTED_EDGE('',*,*,#6334,.F.);
#6334 = EDGE_CURVE('',#6251,#6283,#6335,.T.);
#6335 = LINE('',#6336,#6337);
#6336 = CARTESIAN_POINT('',(0.,1.1E+03,31.5));
#6337 = VECTOR('',#6338,1.);
#6338 = DIRECTION('',(1.,0.,0.));
#6339 = ORIENTED_EDGE('',*,*,#6250,.T.);
#6340 = ORIENTED_EDGE('',*,*,#6341,.T.);
#6341 = EDGE_CURVE('',#6243,#6291,#6342,.T.);
#6342 = LINE('',#6343,#6344);
#6343 = CARTESIAN_POINT('',(0.,1.1E+03,968.5));
#6344 = VECTOR('',#6345,1.);
#6345 = DIRECTION('',(1.,0.,0.));
#6346 = ORIENTED_EDGE('',*,*,#6290,.F.);
#6347 = PLANE('',#6348);
#6348 = AXIS2_PLACEMENT_3D('',#6349,#6350,#6351);
#6349 = CARTESIAN_POINT('',(0.,1.1E+03,31.5));
#6350 = DIRECTION('',(0.,1.,0.));
#6351 = DIRECTION('',(0.,-0.,1.));
#6352 = ADVANCED_FACE('',(#6353),#6359,.F.);
#6353 = FACE_BOUND('',#6354,.T.);
#6354 = EDGE_LOOP('',(#6355,#6356,#6357,#6358));
#6355 = ORIENTED_EDGE('',*,*,#6258,.T.);
#6356 = ORIENTED_EDGE('',*,*,#6334,.T.);
#6357 = ORIENTED_EDGE('',*,*,#6282,.F.);
#6358 = ORIENTED_EDGE('',*,*,#6312,.F.);
#6359 = PLANE('',#6360);
#6360 = AXIS2_PLACEMENT_3D('',#6361,#6362,#6363);
#6361 = CARTESIAN_POINT('',(0.,1.0985E+03,31.5));
#6362 = DIRECTION('',(0.,0.,1.));
#6363 = DIRECTION('',(1.,0.,-0.));
#6364 = ADVANCED_FACE('',(#6365),#6371,.T.);
#6365 = FACE_BOUND('',#6366,.T.);
#6366 = EDGE_LOOP('',(#6367,#6368,#6369,#6370));
#6367 = ORIENTED_EDGE('',*,*,#6242,.F.);
#6368 = ORIENTED_EDGE('',*,*,#6319,.T.);
#6369 = ORIENTED_EDGE('',*,*,#6298,.T.);
#6370 = ORIENTED_EDGE('',*,*,#6341,.F.);
#6371 = PLANE('',#6372);
#6372 = AXIS2_PLACEMENT_3D('',#6373,#6374,#6375);
#6373 = CARTESIAN_POINT('',(0.,1.0985E+03,968.5));
#6374 = DIRECTION('',(0.,0.,1.));
#6375 = DIRECTION('',(1.,0.,-0.));
#6376 = ( GEOMETRIC_REPRESENTATION_CONTEXT(3) 
GLOBAL_UNCERTAINTY_ASSIGNED_CONTEXT((#6380)) 
GLOBAL_UNIT_ASSIGNED_CONTEXT((#6377,#6378,#6379)) REPRESENTATION_CONTEXT
('Context #1','3D Context with UNIT and UNCERTAINTY') );
#6377 = ( LENGTH_UNIT() NAMED_UNIT(*) SI_UNIT(.MILLI.,.METRE.) );
#6378 = ( NAMED_UNIT(*) PLANE_ANGLE_UNIT() SI_UNIT($,.RADIAN.) );
#6379 = ( NAMED_UNIT(*) SI_UNIT($,.STERADIAN.) SOLID_ANGLE_UNIT() );
#6380 = UNCERTAINTY_MEASURE_WITH_UNIT(LENGTH_MEASURE(1.E-07),#6377,
  'distance_accuracy_value','confusion accuracy');
#6381 = CONTEXT_DEPENDENT_SHAPE_REPRESENTATION(#6382,#6384);
#6382 = ( REPRESENTATION_RELATIONSHIP('','',#6225,#4616) 
REPRESENTATION_RELATIONSHIP_WITH_TRANSFORMATION(#6383) 
SHAPE_REPRESENTATION_RELATIONSHIP() );
#6383 = ITEM_DEFINED_TRANSFORMATION('','',#11,#4637);
#6384 = PRODUCT_DEFINITION_SHAPE('Placement','Placement of an item',
  #6385);
#6385 = NEXT_ASSEMBLY_USAGE_OCCURRENCE('19','Rear_panel_simplified','',
  #4611,#6220,$);
#6386 = PRODUCT_RELATED_PRODUCT_CATEGORY('part',$,(#6222));
#6387 = SHAPE_DEFINITION_REPRESENTATION(#6388,#6394);
#6388 = PRODUCT_DEFINITION_SHAPE('','',#6389);
#6389 = PRODUCT_DEFINITION('design','',#6390,#6393);
#6390 = PRODUCT_DEFINITION_FORMATION('','',#6391);
#6391 = PRODUCT('06_Fittings','06_Fittings','',(#6392));
#6392 = PRODUCT_CONTEXT('',#2,'mechanical');
#6393 = PRODUCT_DEFINITION_CONTEXT('part definition',#2,'design');
#6394 = SHAPE_REPRESENTATION('',(#11,#6395),#6399);
#6395 = AXIS2_PLACEMENT_3D('',#6396,#6397,#6398);
#6396 = CARTESIAN_POINT('',(0.,0.,0.));
#6397 = DIRECTION('',(0.,0.,1.));
#6398 = DIRECTION('',(1.,0.,0.));
#6399 = ( GEOMETRIC_REPRESENTATION_CONTEXT(3) 
GLOBAL_UNCERTAINTY_ASSIGNED_CONTEXT((#6403)) 
GLOBAL_UNIT_ASSIGNED_CONTEXT((#6400,#6401,#6402)) REPRESENTATION_CONTEXT
('Context #1','3D Context with UNIT and UNCERTAINTY') );
#6400 = ( LENGTH_UNIT() NAMED_UNIT(*) SI_UNIT(.MILLI.,.METRE.) );
#6401 = ( NAMED_UNIT(*) PLANE_ANGLE_UNIT() SI_UNIT($,.RADIAN.) );
#6402 = ( NAMED_UNIT(*) SI_UNIT($,.STERADIAN.) SOLID_ANGLE_UNIT() );
#6403 = UNCERTAINTY_MEASURE_WITH_UNIT(LENGTH_MEASURE(1.E-07),#6400,
  'distance_accuracy_value','confusion accuracy');
#6404 = CONTEXT_DEPENDENT_SHAPE_REPRESENTATION(#6405,#6407);
#6405 = ( REPRESENTATION_RELATIONSHIP('','',#6394,#3476) 
REPRESENTATION_RELATIONSHIP_WITH_TRANSFORMATION(#6406) 
SHAPE_REPRESENTATION_RELATIONSHIP() );
#6406 = ITEM_DEFINED_TRANSFORMATION('','',#11,#3485);
#6407 = PRODUCT_DEFINITION_SHAPE('Placement','Placement of an item',
  #6408);
#6408 = NEXT_ASSEMBLY_USAGE_OCCURRENCE('43','06_Fittings','',#3471,#6389
  ,$);
#6409 = PRODUCT_RELATED_PRODUCT_CATEGORY('part',$,(#6391));
#6410 = SHAPE_DEFINITION_REPRESENTATION(#6411,#6417);
#6411 = PRODUCT_DEFINITION_SHAPE('','',#6412);
#6412 = PRODUCT_DEFINITION('design','',#6413,#6416);
#6413 = PRODUCT_DEFINITION_FORMATION('','',#6414);
#6414 = PRODUCT('Flush_round_fittings_schematic021',
  'Flush_round_fittings_schematic021','',(#6415));
#6415 = PRODUCT_CONTEXT('',#2,'mechanical');
#6416 = PRODUCT_DEFINITION_CONTEXT('part definition',#2,'design');
#6417 = SHAPE_REPRESENTATION('',(#11,#6418,#6422,#6426,#6430,#6434,#6438
    ,#6442,#6446,#6450,#6454,#6458,#6462,#6466,#6470,#6474,#6478,#6482,
    #6486,#6490,#6494,#6498),#6502);
#6418 = AXIS2_PLACEMENT_3D('',#6419,#6420,#6421);
#6419 = CARTESIAN_POINT('',(0.,0.,0.));
#6420 = DIRECTION('',(0.,0.,1.));
#6421 = DIRECTION('',(1.,0.,0.));
#6422 = AXIS2_PLACEMENT_3D('',#6423,#6424,#6425);
#6423 = CARTESIAN_POINT('',(0.,0.,0.));
#6424 = DIRECTION('',(0.,0.,1.));
#6425 = DIRECTION('',(1.,0.,0.));
#6426 = AXIS2_PLACEMENT_3D('',#6427,#6428,#6429);
#6427 = CARTESIAN_POINT('',(0.,0.,0.));
#6428 = DIRECTION('',(0.,0.,1.));
#6429 = DIRECTION('',(1.,0.,0.));
#6430 = AXIS2_PLACEMENT_3D('',#6431,#6432,#6433);
#6431 = CARTESIAN_POINT('',(0.,0.,0.));
#6432 = DIRECTION('',(0.,0.,1.));
#6433 = DIRECTION('',(1.,0.,0.));
#6434 = AXIS2_PLACEMENT_3D('',#6435,#6436,#6437);
#6435 = CARTESIAN_POINT('',(0.,0.,0.));
#6436 = DIRECTION('',(0.,0.,1.));
#6437 = DIRECTION('',(1.,0.,0.));
#6438 = AXIS2_PLACEMENT_3D('',#6439,#6440,#6441);
#6439 = CARTESIAN_POINT('',(0.,0.,0.));
#6440 = DIRECTION('',(0.,0.,1.));
#6441 = DIRECTION('',(1.,0.,0.));
#6442 = AXIS2_PLACEMENT_3D('',#6443,#6444,#6445);
#6443 = CARTESIAN_POINT('',(0.,0.,0.));
#6444 = DIRECTION('',(0.,0.,1.));
#6445 = DIRECTION('',(1.,0.,0.));
#6446 = AXIS2_PLACEMENT_3D('',#6447,#6448,#6449);
#6447 = CARTESIAN_POINT('',(0.,0.,0.));
#6448 = DIRECTION('',(0.,0.,1.));
#6449 = DIRECTION('',(1.,0.,0.));
#6450 = AXIS2_PLACEMENT_3D('',#6451,#6452,#6453);
#6451 = CARTESIAN_POINT('',(0.,0.,0.));
#6452 = DIRECTION('',(0.,0.,1.));
#6453 = DIRECTION('',(1.,0.,0.));
#6454 = AXIS2_PLACEMENT_3D('',#6455,#6456,#6457);
#6455 = CARTESIAN_POINT('',(0.,0.,0.));
#6456 = DIRECTION('',(0.,0.,1.));
#6457 = DIRECTION('',(1.,0.,0.));
#6458 = AXIS2_PLACEMENT_3D('',#6459,#6460,#6461);
#6459 = CARTESIAN_POINT('',(0.,0.,0.));
#6460 = DIRECTION('',(0.,0.,1.));
#6461 = DIRECTION('',(1.,0.,0.));
#6462 = AXIS2_PLACEMENT_3D('',#6463,#6464,#6465);
#6463 = CARTESIAN_POINT('',(0.,0.,0.));
#6464 = DIRECTION('',(0.,0.,1.));
#6465 = DIRECTION('',(1.,0.,0.));
#6466 = AXIS2_PLACEMENT_3D('',#6467,#6468,#6469);
#6467 = CARTESIAN_POINT('',(0.,0.,0.));
#6468 = DIRECTION('',(0.,0.,1.));
#6469 = DIRECTION('',(1.,0.,0.));
#6470 = AXIS2_PLACEMENT_3D('',#6471,#6472,#6473);
#6471 = CARTESIAN_POINT('',(0.,0.,0.));
#6472 = DIRECTION('',(0.,0.,1.));
#6473 = DIRECTION('',(1.,0.,0.));
#6474 = AXIS2_PLACEMENT_3D('',#6475,#6476,#6477);
#6475 = CARTESIAN_POINT('',(0.,0.,0.));
#6476 = DIRECTION('',(0.,0.,1.));
#6477 = DIRECTION('',(1.,0.,0.));
#6478 = AXIS2_PLACEMENT_3D('',#6479,#6480,#6481);
#6479 = CARTESIAN_POINT('',(0.,0.,0.));
#6480 = DIRECTION('',(0.,0.,1.));
#6481 = DIRECTION('',(1.,0.,0.));
#6482 = AXIS2_PLACEMENT_3D('',#6483,#6484,#6485);
#6483 = CARTESIAN_POINT('',(0.,0.,0.));
#6484 = DIRECTION('',(0.,0.,1.));
#6485 = DIRECTION('',(1.,0.,0.));
#6486 = AXIS2_PLACEMENT_3D('',#6487,#6488,#6489);
#6487 = CARTESIAN_POINT('',(0.,0.,0.));
#6488 = DIRECTION('',(0.,0.,1.));
#6489 = DIRECTION('',(1.,0.,0.));
#6490 = AXIS2_PLACEMENT_3D('',#6491,#6492,#6493);
#6491 = CARTESIAN_POINT('',(0.,0.,0.));
#6492 = DIRECTION('',(0.,0.,1.));
#6493 = DIRECTION('',(1.,0.,0.));
#6494 = AXIS2_PLACEMENT_3D('',#6495,#6496,#6497);
#6495 = CARTESIAN_POINT('',(0.,0.,0.));
#6496 = DIRECTION('',(0.,0.,1.));
#6497 = DIRECTION('',(1.,0.,0.));
#6498 = AXIS2_PLACEMENT_3D('',#6499,#6500,#6501);
#6499 = CARTESIAN_POINT('',(0.,0.,0.));
#6500 = DIRECTION('',(0.,0.,1.));
#6501 = DIRECTION('',(1.,0.,0.));
#6502 = ( GEOMETRIC_REPRESENTATION_CONTEXT(3) 
GLOBAL_UNCERTAINTY_ASSIGNED_CONTEXT((#6506)) 
GLOBAL_UNIT_ASSIGNED_CONTEXT((#6503,#6504,#6505)) REPRESENTATION_CONTEXT
('Context #1','3D Context with UNIT and UNCERTAINTY') );
#6503 = ( LENGTH_UNIT() NAMED_UNIT(*) SI_UNIT(.MILLI.,.METRE.) );
#6504 = ( NAMED_UNIT(*) PLANE_ANGLE_UNIT() SI_UNIT($,.RADIAN.) );
#6505 = ( NAMED_UNIT(*) SI_UNIT($,.STERADIAN.) SOLID_ANGLE_UNIT() );
#6506 = UNCERTAINTY_MEASURE_WITH_UNIT(LENGTH_MEASURE(1.E-07),#6503,
  'distance_accuracy_value','confusion accuracy');
#6507 = CONTEXT_DEPENDENT_SHAPE_REPRESENTATION(#6508,#6510);
#6508 = ( REPRESENTATION_RELATIONSHIP('','',#6417,#6394) 
REPRESENTATION_RELATIONSHIP_WITH_TRANSFORMATION(#6509) 
SHAPE_REPRESENTATION_RELATIONSHIP() );
#6509 = ITEM_DEFINED_TRANSFORMATION('','',#11,#6395);
#6510 = PRODUCT_DEFINITION_SHAPE('Placement','Placement of an item',
  #6511);
#6511 = NEXT_ASSEMBLY_USAGE_OCCURRENCE('42',
  'Flush_round_fittings_schematic021','',#6389,#6412,$);
#6512 = PRODUCT_RELATED_PRODUCT_CATEGORY('part',$,(#6414));
#6513 = SHAPE_DEFINITION_REPRESENTATION(#6514,#6520);
#6514 = PRODUCT_DEFINITION_SHAPE('','',#6515);
#6515 = PRODUCT_DEFINITION('design','',#6516,#6519);
#6516 = PRODUCT_DEFINITION_FORMATION('','',#6517);
#6517 = PRODUCT('Flush_round_fittings_schematic',
  'Flush_round_fittings_schematic','',(#6518));
#6518 = PRODUCT_CONTEXT('',#2,'mechanical');
#6519 = PRODUCT_DEFINITION_CONTEXT('part definition',#2,'design');
#6520 = ADVANCED_BREP_SHAPE_REPRESENTATION('',(#11,#6521),#6574);
#6521 = MANIFOLD_SOLID_BREP('',#6522);
#6522 = CLOSED_SHELL('',(#6523,#6556,#6565));
#6523 = ADVANCED_FACE('',(#6524),#6551,.T.);
#6524 = FACE_BOUND('',#6525,.T.);
#6525 = EDGE_LOOP('',(#6526,#6535,#6543,#6550));
#6526 = ORIENTED_EDGE('',*,*,#6527,.F.);
#6527 = EDGE_CURVE('',#6528,#6528,#6530,.T.);
#6528 = VERTEX_POINT('',#6529);
#6529 = CARTESIAN_POINT('',(60.,0.4,39.));
#6530 = CIRCLE('',#6531,8.);
#6531 = AXIS2_PLACEMENT_3D('',#6532,#6533,#6534);
#6532 = CARTESIAN_POINT('',(60.,0.4,47.));
#6533 = DIRECTION('',(0.,1.,0.));
#6534 = DIRECTION('',(0.,-0.,1.));
#6535 = ORIENTED_EDGE('',*,*,#6536,.T.);
#6536 = EDGE_CURVE('',#6528,#6537,#6539,.T.);
#6537 = VERTEX_POINT('',#6538);
#6538 = CARTESIAN_POINT('',(60.,0.,39.));
#6539 = LINE('',#6540,#6541);
#6540 = CARTESIAN_POINT('',(60.,0.,39.));
#6541 = VECTOR('',#6542,1.);
#6542 = DIRECTION('',(0.,-1.,0.));
#6543 = ORIENTED_EDGE('',*,*,#6544,.T.);
#6544 = EDGE_CURVE('',#6537,#6537,#6545,.T.);
#6545 = CIRCLE('',#6546,8.);
#6546 = AXIS2_PLACEMENT_3D('',#6547,#6548,#6549);
#6547 = CARTESIAN_POINT('',(60.,0.,47.));
#6548 = DIRECTION('',(0.,1.,0.));
#6549 = DIRECTION('',(0.,-0.,1.));
#6550 = ORIENTED_EDGE('',*,*,#6536,.F.);
#6551 = CYLINDRICAL_SURFACE('',#6552,8.);
#6552 = AXIS2_PLACEMENT_3D('',#6553,#6554,#6555);
#6553 = CARTESIAN_POINT('',(60.,0.,47.));
#6554 = DIRECTION('',(0.,1.,0.));
#6555 = DIRECTION('',(0.,-0.,1.));
#6556 = ADVANCED_FACE('',(#6557),#6560,.T.);
#6557 = FACE_BOUND('',#6558,.T.);
#6558 = EDGE_LOOP('',(#6559));
#6559 = ORIENTED_EDGE('',*,*,#6527,.T.);
#6560 = PLANE('',#6561);
#6561 = AXIS2_PLACEMENT_3D('',#6562,#6563,#6564);
#6562 = CARTESIAN_POINT('',(60.,0.4,47.));
#6563 = DIRECTION('',(0.,1.,0.));
#6564 = DIRECTION('',(0.,-0.,1.));
#6565 = ADVANCED_FACE('',(#6566),#6569,.F.);
#6566 = FACE_BOUND('',#6567,.T.);
#6567 = EDGE_LOOP('',(#6568));
#6568 = ORIENTED_EDGE('',*,*,#6544,.F.);
#6569 = PLANE('',#6570);
#6570 = AXIS2_PLACEMENT_3D('',#6571,#6572,#6573);
#6571 = CARTESIAN_POINT('',(60.,0.,47.));
#6572 = DIRECTION('',(0.,1.,0.));
#6573 = DIRECTION('',(0.,-0.,1.));
#6574 = ( GEOMETRIC_REPRESENTATION_CONTEXT(3) 
GLOBAL_UNCERTAINTY_ASSIGNED_CONTEXT((#6578)) 
GLOBAL_UNIT_ASSIGNED_CONTEXT((#6575,#6576,#6577)) REPRESENTATION_CONTEXT
('Context #1','3D Context with UNIT and UNCERTAINTY') );
#6575 = ( LENGTH_UNIT() NAMED_UNIT(*) SI_UNIT(.MILLI.,.METRE.) );
#6576 = ( NAMED_UNIT(*) PLANE_ANGLE_UNIT() SI_UNIT($,.RADIAN.) );
#6577 = ( NAMED_UNIT(*) SI_UNIT($,.STERADIAN.) SOLID_ANGLE_UNIT() );
#6578 = UNCERTAINTY_MEASURE_WITH_UNIT(LENGTH_MEASURE(1.E-07),#6575,
  'distance_accuracy_value','confusion accuracy');
#6579 = CONTEXT_DEPENDENT_SHAPE_REPRESENTATION(#6580,#6582);
#6580 = ( REPRESENTATION_RELATIONSHIP('','',#6520,#6417) 
REPRESENTATION_RELATIONSHIP_WITH_TRANSFORMATION(#6581) 
SHAPE_REPRESENTATION_RELATIONSHIP() );
#6581 = ITEM_DEFINED_TRANSFORMATION('','',#11,#6418);
#6582 = PRODUCT_DEFINITION_SHAPE('Placement','Placement of an item',
  #6583);
#6583 = NEXT_ASSEMBLY_USAGE_OCCURRENCE('21',
  'Flush_round_fittings_schematic','',#6412,#6515,$);
#6584 = PRODUCT_RELATED_PRODUCT_CATEGORY('part',$,(#6517));
#6585 = SHAPE_DEFINITION_REPRESENTATION(#6586,#6592);
#6586 = PRODUCT_DEFINITION_SHAPE('','',#6587);
#6587 = PRODUCT_DEFINITION('design','',#6588,#6591);
#6588 = PRODUCT_DEFINITION_FORMATION('','',#6589);
#6589 = PRODUCT('Flush_round_fittings_schematic001',
  'Flush_round_fittings_schematic001','',(#6590));
#6590 = PRODUCT_CONTEXT('',#2,'mechanical');
#6591 = PRODUCT_DEFINITION_CONTEXT('part definition',#2,'design');
#6592 = ADVANCED_BREP_SHAPE_REPRESENTATION('',(#11,#6593),#6646);
#6593 = MANIFOLD_SOLID_BREP('',#6594);
#6594 = CLOSED_SHELL('',(#6595,#6628,#6637));
#6595 = ADVANCED_FACE('',(#6596),#6623,.T.);
#6596 = FACE_BOUND('',#6597,.T.);
#6597 = EDGE_LOOP('',(#6598,#6607,#6615,#6622));
#6598 = ORIENTED_EDGE('',*,*,#6599,.F.);
#6599 = EDGE_CURVE('',#6600,#6600,#6602,.T.);
#6600 = VERTEX_POINT('',#6601);
#6601 = CARTESIAN_POINT('',(1.1E+03,60.,39.));
#6602 = CIRCLE('',#6603,8.);
#6603 = AXIS2_PLACEMENT_3D('',#6604,#6605,#6606);
#6604 = CARTESIAN_POINT('',(1.1E+03,60.,47.));
#6605 = DIRECTION('',(1.,0.,-0.));
#6606 = DIRECTION('',(0.,0.,1.));
#6607 = ORIENTED_EDGE('',*,*,#6608,.T.);
#6608 = EDGE_CURVE('',#6600,#6609,#6611,.T.);
#6609 = VERTEX_POINT('',#6610);
#6610 = CARTESIAN_POINT('',(1.0996E+03,60.,39.));
#6611 = LINE('',#6612,#6613);
#6612 = CARTESIAN_POINT('',(1.0996E+03,60.,39.));
#6613 = VECTOR('',#6614,1.);
#6614 = DIRECTION('',(-1.,0.,0.));
#6615 = ORIENTED_EDGE('',*,*,#6616,.T.);
#6616 = EDGE_CURVE('',#6609,#6609,#6617,.T.);
#6617 = CIRCLE('',#6618,8.);
#6618 = AXIS2_PLACEMENT_3D('',#6619,#6620,#6621);
#6619 = CARTESIAN_POINT('',(1.0996E+03,60.,47.));
#6620 = DIRECTION('',(1.,0.,-0.));
#6621 = DIRECTION('',(0.,0.,1.));
#6622 = ORIENTED_EDGE('',*,*,#6608,.F.);
#6623 = CYLINDRICAL_SURFACE('',#6624,8.);
#6624 = AXIS2_PLACEMENT_3D('',#6625,#6626,#6627);
#6625 = CARTESIAN_POINT('',(1.0996E+03,60.,47.));
#6626 = DIRECTION('',(1.,0.,0.));
#6627 = DIRECTION('',(0.,0.,1.));
#6628 = ADVANCED_FACE('',(#6629),#6632,.T.);
#6629 = FACE_BOUND('',#6630,.T.);
#6630 = EDGE_LOOP('',(#6631));
#6631 = ORIENTED_EDGE('',*,*,#6599,.T.);
#6632 = PLANE('',#6633);
#6633 = AXIS2_PLACEMENT_3D('',#6634,#6635,#6636);
#6634 = CARTESIAN_POINT('',(1.1E+03,60.,47.));
#6635 = DIRECTION('',(1.,0.,0.));
#6636 = DIRECTION('',(0.,0.,1.));
#6637 = ADVANCED_FACE('',(#6638),#6641,.F.);
#6638 = FACE_BOUND('',#6639,.T.);
#6639 = EDGE_LOOP('',(#6640));
#6640 = ORIENTED_EDGE('',*,*,#6616,.F.);
#6641 = PLANE('',#6642);
#6642 = AXIS2_PLACEMENT_3D('',#6643,#6644,#6645);
#6643 = CARTESIAN_POINT('',(1.0996E+03,60.,47.));
#6644 = DIRECTION('',(1.,0.,0.));
#6645 = DIRECTION('',(0.,0.,1.));
#6646 = ( GEOMETRIC_REPRESENTATION_CONTEXT(3) 
GLOBAL_UNCERTAINTY_ASSIGNED_CONTEXT((#6650)) 
GLOBAL_UNIT_ASSIGNED_CONTEXT((#6647,#6648,#6649)) REPRESENTATION_CONTEXT
('Context #1','3D Context with UNIT and UNCERTAINTY') );
#6647 = ( LENGTH_UNIT() NAMED_UNIT(*) SI_UNIT(.MILLI.,.METRE.) );
#6648 = ( NAMED_UNIT(*) PLANE_ANGLE_UNIT() SI_UNIT($,.RADIAN.) );
#6649 = ( NAMED_UNIT(*) SI_UNIT($,.STERADIAN.) SOLID_ANGLE_UNIT() );
#6650 = UNCERTAINTY_MEASURE_WITH_UNIT(LENGTH_MEASURE(1.E-07),#6647,
  'distance_accuracy_value','confusion accuracy');
#6651 = CONTEXT_DEPENDENT_SHAPE_REPRESENTATION(#6652,#6654);
#6652 = ( REPRESENTATION_RELATIONSHIP('','',#6592,#6417) 
REPRESENTATION_RELATIONSHIP_WITH_TRANSFORMATION(#6653) 
SHAPE_REPRESENTATION_RELATIONSHIP() );
#6653 = ITEM_DEFINED_TRANSFORMATION('','',#11,#6422);
#6654 = PRODUCT_DEFINITION_SHAPE('Placement','Placement of an item',
  #6655);
#6655 = NEXT_ASSEMBLY_USAGE_OCCURRENCE('22',
  'Flush_round_fittings_schematic001','',#6412,#6587,$);
#6656 = PRODUCT_RELATED_PRODUCT_CATEGORY('part',$,(#6589));
#6657 = SHAPE_DEFINITION_REPRESENTATION(#6658,#6664);
#6658 = PRODUCT_DEFINITION_SHAPE('','',#6659);
#6659 = PRODUCT_DEFINITION('design','',#6660,#6663);
#6660 = PRODUCT_DEFINITION_FORMATION('','',#6661);
#6661 = PRODUCT('Flush_round_fittings_schematic002',
  'Flush_round_fittings_schematic002','',(#6662));
#6662 = PRODUCT_CONTEXT('',#2,'mechanical');
#6663 = PRODUCT_DEFINITION_CONTEXT('part definition',#2,'design');
#6664 = ADVANCED_BREP_SHAPE_REPRESENTATION('',(#11,#6665),#6718);
#6665 = MANIFOLD_SOLID_BREP('',#6666);
#6666 = CLOSED_SHELL('',(#6667,#6700,#6709));
#6667 = ADVANCED_FACE('',(#6668),#6695,.T.);
#6668 = FACE_BOUND('',#6669,.T.);
#6669 = EDGE_LOOP('',(#6670,#6679,#6687,#6694));
#6670 = ORIENTED_EDGE('',*,*,#6671,.F.);
#6671 = EDGE_CURVE('',#6672,#6672,#6674,.T.);
#6672 = VERTEX_POINT('',#6673);
#6673 = CARTESIAN_POINT('',(0.4,1.04E+03,39.));
#6674 = CIRCLE('',#6675,8.);
#6675 = AXIS2_PLACEMENT_3D('',#6676,#6677,#6678);
#6676 = CARTESIAN_POINT('',(0.4,1.04E+03,47.));
#6677 = DIRECTION('',(1.,0.,-0.));
#6678 = DIRECTION('',(0.,0.,1.));
#6679 = ORIENTED_EDGE('',*,*,#6680,.T.);
#6680 = EDGE_CURVE('',#6672,#6681,#6683,.T.);
#6681 = VERTEX_POINT('',#6682);
#6682 = CARTESIAN_POINT('',(0.,1.04E+03,39.));
#6683 = LINE('',#6684,#6685);
#6684 = CARTESIAN_POINT('',(0.,1.04E+03,39.));
#6685 = VECTOR('',#6686,1.);
#6686 = DIRECTION('',(-1.,0.,0.));
#6687 = ORIENTED_EDGE('',*,*,#6688,.T.);
#6688 = EDGE_CURVE('',#6681,#6681,#6689,.T.);
#6689 = CIRCLE('',#6690,8.);
#6690 = AXIS2_PLACEMENT_3D('',#6691,#6692,#6693);
#6691 = CARTESIAN_POINT('',(0.,1.04E+03,47.));
#6692 = DIRECTION('',(1.,0.,-0.));
#6693 = DIRECTION('',(0.,0.,1.));
#6694 = ORIENTED_EDGE('',*,*,#6680,.F.);
#6695 = CYLINDRICAL_SURFACE('',#6696,8.);
#6696 = AXIS2_PLACEMENT_3D('',#6697,#6698,#6699);
#6697 = CARTESIAN_POINT('',(0.,1.04E+03,47.));
#6698 = DIRECTION('',(1.,0.,0.));
#6699 = DIRECTION('',(0.,0.,1.));
#6700 = ADVANCED_FACE('',(#6701),#6704,.T.);
#6701 = FACE_BOUND('',#6702,.T.);
#6702 = EDGE_LOOP('',(#6703));
#6703 = ORIENTED_EDGE('',*,*,#6671,.T.);
#6704 = PLANE('',#6705);
#6705 = AXIS2_PLACEMENT_3D('',#6706,#6707,#6708);
#6706 = CARTESIAN_POINT('',(0.4,1.04E+03,47.));
#6707 = DIRECTION('',(1.,0.,0.));
#6708 = DIRECTION('',(0.,0.,1.));
#6709 = ADVANCED_FACE('',(#6710),#6713,.F.);
#6710 = FACE_BOUND('',#6711,.T.);
#6711 = EDGE_LOOP('',(#6712));
#6712 = ORIENTED_EDGE('',*,*,#6688,.F.);
#6713 = PLANE('',#6714);
#6714 = AXIS2_PLACEMENT_3D('',#6715,#6716,#6717);
#6715 = CARTESIAN_POINT('',(0.,1.04E+03,47.));
#6716 = DIRECTION('',(1.,0.,0.));
#6717 = DIRECTION('',(0.,0.,1.));
#6718 = ( GEOMETRIC_REPRESENTATION_CONTEXT(3) 
GLOBAL_UNCERTAINTY_ASSIGNED_CONTEXT((#6722)) 
GLOBAL_UNIT_ASSIGNED_CONTEXT((#6719,#6720,#6721)) REPRESENTATION_CONTEXT
('Context #1','3D Context with UNIT and UNCERTAINTY') );
#6719 = ( LENGTH_UNIT() NAMED_UNIT(*) SI_UNIT(.MILLI.,.METRE.) );
#6720 = ( NAMED_UNIT(*) PLANE_ANGLE_UNIT() SI_UNIT($,.RADIAN.) );
#6721 = ( NAMED_UNIT(*) SI_UNIT($,.STERADIAN.) SOLID_ANGLE_UNIT() );
#6722 = UNCERTAINTY_MEASURE_WITH_UNIT(LENGTH_MEASURE(1.E-07),#6719,
  'distance_accuracy_value','confusion accuracy');
#6723 = CONTEXT_DEPENDENT_SHAPE_REPRESENTATION(#6724,#6726);
#6724 = ( REPRESENTATION_RELATIONSHIP('','',#6664,#6417) 
REPRESENTATION_RELATIONSHIP_WITH_TRANSFORMATION(#6725) 
SHAPE_REPRESENTATION_RELATIONSHIP() );
#6725 = ITEM_DEFINED_TRANSFORMATION('','',#11,#6426);
#6726 = PRODUCT_DEFINITION_SHAPE('Placement','Placement of an item',
  #6727);
#6727 = NEXT_ASSEMBLY_USAGE_OCCURRENCE('23',
  'Flush_round_fittings_schematic002','',#6412,#6659,$);
#6728 = PRODUCT_RELATED_PRODUCT_CATEGORY('part',$,(#6661));
#6729 = SHAPE_DEFINITION_REPRESENTATION(#6730,#6736);
#6730 = PRODUCT_DEFINITION_SHAPE('','',#6731);
#6731 = PRODUCT_DEFINITION('design','',#6732,#6735);
#6732 = PRODUCT_DEFINITION_FORMATION('','',#6733);
#6733 = PRODUCT('Flush_round_fittings_schematic003',
  'Flush_round_fittings_schematic003','',(#6734));
#6734 = PRODUCT_CONTEXT('',#2,'mechanical');
#6735 = PRODUCT_DEFINITION_CONTEXT('part definition',#2,'design');
#6736 = ADVANCED_BREP_SHAPE_REPRESENTATION('',(#11,#6737),#6790);
#6737 = MANIFOLD_SOLID_BREP('',#6738);
#6738 = CLOSED_SHELL('',(#6739,#6772,#6781));
#6739 = ADVANCED_FACE('',(#6740),#6767,.T.);
#6740 = FACE_BOUND('',#6741,.T.);
#6741 = EDGE_LOOP('',(#6742,#6751,#6759,#6766));
#6742 = ORIENTED_EDGE('',*,*,#6743,.F.);
#6743 = EDGE_CURVE('',#6744,#6744,#6746,.T.);
#6744 = VERTEX_POINT('',#6745);
#6745 = CARTESIAN_POINT('',(550.,0.4,39.));
#6746 = CIRCLE('',#6747,8.);
#6747 = AXIS2_PLACEMENT_3D('',#6748,#6749,#6750);
#6748 = CARTESIAN_POINT('',(550.,0.4,47.));
#6749 = DIRECTION('',(0.,1.,0.));
#6750 = DIRECTION('',(0.,-0.,1.));
#6751 = ORIENTED_EDGE('',*,*,#6752,.T.);
#6752 = EDGE_CURVE('',#6744,#6753,#6755,.T.);
#6753 = VERTEX_POINT('',#6754);
#6754 = CARTESIAN_POINT('',(550.,0.,39.));
#6755 = LINE('',#6756,#6757);
#6756 = CARTESIAN_POINT('',(550.,0.,39.));
#6757 = VECTOR('',#6758,1.);
#6758 = DIRECTION('',(0.,-1.,0.));
#6759 = ORIENTED_EDGE('',*,*,#6760,.T.);
#6760 = EDGE_CURVE('',#6753,#6753,#6761,.T.);
#6761 = CIRCLE('',#6762,8.);
#6762 = AXIS2_PLACEMENT_3D('',#6763,#6764,#6765);
#6763 = CARTESIAN_POINT('',(550.,0.,47.));
#6764 = DIRECTION('',(0.,1.,0.));
#6765 = DIRECTION('',(0.,-0.,1.));
#6766 = ORIENTED_EDGE('',*,*,#6752,.F.);
#6767 = CYLINDRICAL_SURFACE('',#6768,8.);
#6768 = AXIS2_PLACEMENT_3D('',#6769,#6770,#6771);
#6769 = CARTESIAN_POINT('',(550.,0.,47.));
#6770 = DIRECTION('',(0.,1.,0.));
#6771 = DIRECTION('',(0.,-0.,1.));
#6772 = ADVANCED_FACE('',(#6773),#6776,.T.);
#6773 = FACE_BOUND('',#6774,.T.);
#6774 = EDGE_LOOP('',(#6775));
#6775 = ORIENTED_EDGE('',*,*,#6743,.T.);
#6776 = PLANE('',#6777);
#6777 = AXIS2_PLACEMENT_3D('',#6778,#6779,#6780);
#6778 = CARTESIAN_POINT('',(550.,0.4,47.));
#6779 = DIRECTION('',(0.,1.,0.));
#6780 = DIRECTION('',(0.,-0.,1.));
#6781 = ADVANCED_FACE('',(#6782),#6785,.F.);
#6782 = FACE_BOUND('',#6783,.T.);
#6783 = EDGE_LOOP('',(#6784));
#6784 = ORIENTED_EDGE('',*,*,#6760,.F.);
#6785 = PLANE('',#6786);
#6786 = AXIS2_PLACEMENT_3D('',#6787,#6788,#6789);
#6787 = CARTESIAN_POINT('',(550.,0.,47.));
#6788 = DIRECTION('',(0.,1.,0.));
#6789 = DIRECTION('',(0.,-0.,1.));
#6790 = ( GEOMETRIC_REPRESENTATION_CONTEXT(3) 
GLOBAL_UNCERTAINTY_ASSIGNED_CONTEXT((#6794)) 
GLOBAL_UNIT_ASSIGNED_CONTEXT((#6791,#6792,#6793)) REPRESENTATION_CONTEXT
('Context #1','3D Context with UNIT and UNCERTAINTY') );
#6791 = ( LENGTH_UNIT() NAMED_UNIT(*) SI_UNIT(.MILLI.,.METRE.) );
#6792 = ( NAMED_UNIT(*) PLANE_ANGLE_UNIT() SI_UNIT($,.RADIAN.) );
#6793 = ( NAMED_UNIT(*) SI_UNIT($,.STERADIAN.) SOLID_ANGLE_UNIT() );
#6794 = UNCERTAINTY_MEASURE_WITH_UNIT(LENGTH_MEASURE(1.E-07),#6791,
  'distance_accuracy_value','confusion accuracy');
#6795 = CONTEXT_DEPENDENT_SHAPE_REPRESENTATION(#6796,#6798);
#6796 = ( REPRESENTATION_RELATIONSHIP('','',#6736,#6417) 
REPRESENTATION_RELATIONSHIP_WITH_TRANSFORMATION(#6797) 
SHAPE_REPRESENTATION_RELATIONSHIP() );
#6797 = ITEM_DEFINED_TRANSFORMATION('','',#11,#6430);
#6798 = PRODUCT_DEFINITION_SHAPE('Placement','Placement of an item',
  #6799);
#6799 = NEXT_ASSEMBLY_USAGE_OCCURRENCE('24',
  'Flush_round_fittings_schematic003','',#6412,#6731,$);
#6800 = PRODUCT_RELATED_PRODUCT_CATEGORY('part',$,(#6733));
#6801 = SHAPE_DEFINITION_REPRESENTATION(#6802,#6808);
#6802 = PRODUCT_DEFINITION_SHAPE('','',#6803);
#6803 = PRODUCT_DEFINITION('design','',#6804,#6807);
#6804 = PRODUCT_DEFINITION_FORMATION('','',#6805);
#6805 = PRODUCT('Flush_round_fittings_schematic004',
  'Flush_round_fittings_schematic004','',(#6806));
#6806 = PRODUCT_CONTEXT('',#2,'mechanical');
#6807 = PRODUCT_DEFINITION_CONTEXT('part definition',#2,'design');
#6808 = ADVANCED_BREP_SHAPE_REPRESENTATION('',(#11,#6809),#6862);
#6809 = MANIFOLD_SOLID_BREP('',#6810);
#6810 = CLOSED_SHELL('',(#6811,#6844,#6853));
#6811 = ADVANCED_FACE('',(#6812),#6839,.T.);
#6812 = FACE_BOUND('',#6813,.T.);
#6813 = EDGE_LOOP('',(#6814,#6823,#6831,#6838));
#6814 = ORIENTED_EDGE('',*,*,#6815,.F.);
#6815 = EDGE_CURVE('',#6816,#6816,#6818,.T.);
#6816 = VERTEX_POINT('',#6817);
#6817 = CARTESIAN_POINT('',(1.1E+03,550.,39.));
#6818 = CIRCLE('',#6819,8.);
#6819 = AXIS2_PLACEMENT_3D('',#6820,#6821,#6822);
#6820 = CARTESIAN_POINT('',(1.1E+03,550.,47.));
#6821 = DIRECTION('',(1.,0.,-0.));
#6822 = DIRECTION('',(0.,0.,1.));
#6823 = ORIENTED_EDGE('',*,*,#6824,.T.);
#6824 = EDGE_CURVE('',#6816,#6825,#6827,.T.);
#6825 = VERTEX_POINT('',#6826);
#6826 = CARTESIAN_POINT('',(1.0996E+03,550.,39.));
#6827 = LINE('',#6828,#6829);
#6828 = CARTESIAN_POINT('',(1.0996E+03,550.,39.));
#6829 = VECTOR('',#6830,1.);
#6830 = DIRECTION('',(-1.,0.,0.));
#6831 = ORIENTED_EDGE('',*,*,#6832,.T.);
#6832 = EDGE_CURVE('',#6825,#6825,#6833,.T.);
#6833 = CIRCLE('',#6834,8.);
#6834 = AXIS2_PLACEMENT_3D('',#6835,#6836,#6837);
#6835 = CARTESIAN_POINT('',(1.0996E+03,550.,47.));
#6836 = DIRECTION('',(1.,0.,-0.));
#6837 = DIRECTION('',(0.,0.,1.));
#6838 = ORIENTED_EDGE('',*,*,#6824,.F.);
#6839 = CYLINDRICAL_SURFACE('',#6840,8.);
#6840 = AXIS2_PLACEMENT_3D('',#6841,#6842,#6843);
#6841 = CARTESIAN_POINT('',(1.0996E+03,550.,47.));
#6842 = DIRECTION('',(1.,0.,0.));
#6843 = DIRECTION('',(0.,0.,1.));
#6844 = ADVANCED_FACE('',(#6845),#6848,.T.);
#6845 = FACE_BOUND('',#6846,.T.);
#6846 = EDGE_LOOP('',(#6847));
#6847 = ORIENTED_EDGE('',*,*,#6815,.T.);
#6848 = PLANE('',#6849);
#6849 = AXIS2_PLACEMENT_3D('',#6850,#6851,#6852);
#6850 = CARTESIAN_POINT('',(1.1E+03,550.,47.));
#6851 = DIRECTION('',(1.,0.,0.));
#6852 = DIRECTION('',(0.,0.,1.));
#6853 = ADVANCED_FACE('',(#6854),#6857,.F.);
#6854 = FACE_BOUND('',#6855,.T.);
#6855 = EDGE_LOOP('',(#6856));
#6856 = ORIENTED_EDGE('',*,*,#6832,.F.);
#6857 = PLANE('',#6858);
#6858 = AXIS2_PLACEMENT_3D('',#6859,#6860,#6861);
#6859 = CARTESIAN_POINT('',(1.0996E+03,550.,47.));
#6860 = DIRECTION('',(1.,0.,0.));
#6861 = DIRECTION('',(0.,0.,1.));
#6862 = ( GEOMETRIC_REPRESENTATION_CONTEXT(3) 
GLOBAL_UNCERTAINTY_ASSIGNED_CONTEXT((#6866)) 
GLOBAL_UNIT_ASSIGNED_CONTEXT((#6863,#6864,#6865)) REPRESENTATION_CONTEXT
('Context #1','3D Context with UNIT and UNCERTAINTY') );
#6863 = ( LENGTH_UNIT() NAMED_UNIT(*) SI_UNIT(.MILLI.,.METRE.) );
#6864 = ( NAMED_UNIT(*) PLANE_ANGLE_UNIT() SI_UNIT($,.RADIAN.) );
#6865 = ( NAMED_UNIT(*) SI_UNIT($,.STERADIAN.) SOLID_ANGLE_UNIT() );
#6866 = UNCERTAINTY_MEASURE_WITH_UNIT(LENGTH_MEASURE(1.E-07),#6863,
  'distance_accuracy_value','confusion accuracy');
#6867 = CONTEXT_DEPENDENT_SHAPE_REPRESENTATION(#6868,#6870);
#6868 = ( REPRESENTATION_RELATIONSHIP('','',#6808,#6417) 
REPRESENTATION_RELATIONSHIP_WITH_TRANSFORMATION(#6869) 
SHAPE_REPRESENTATION_RELATIONSHIP() );
#6869 = ITEM_DEFINED_TRANSFORMATION('','',#11,#6434);
#6870 = PRODUCT_DEFINITION_SHAPE('Placement','Placement of an item',
  #6871);
#6871 = NEXT_ASSEMBLY_USAGE_OCCURRENCE('25',
  'Flush_round_fittings_schematic004','',#6412,#6803,$);
#6872 = PRODUCT_RELATED_PRODUCT_CATEGORY('part',$,(#6805));
#6873 = SHAPE_DEFINITION_REPRESENTATION(#6874,#6880);
#6874 = PRODUCT_DEFINITION_SHAPE('','',#6875);
#6875 = PRODUCT_DEFINITION('design','',#6876,#6879);
#6876 = PRODUCT_DEFINITION_FORMATION('','',#6877);
#6877 = PRODUCT('Flush_round_fittings_schematic005',
  'Flush_round_fittings_schematic005','',(#6878));
#6878 = PRODUCT_CONTEXT('',#2,'mechanical');
#6879 = PRODUCT_DEFINITION_CONTEXT('part definition',#2,'design');
#6880 = ADVANCED_BREP_SHAPE_REPRESENTATION('',(#11,#6881),#6934);
#6881 = MANIFOLD_SOLID_BREP('',#6882);
#6882 = CLOSED_SHELL('',(#6883,#6916,#6925));
#6883 = ADVANCED_FACE('',(#6884),#6911,.T.);
#6884 = FACE_BOUND('',#6885,.T.);
#6885 = EDGE_LOOP('',(#6886,#6895,#6903,#6910));
#6886 = ORIENTED_EDGE('',*,*,#6887,.F.);
#6887 = EDGE_CURVE('',#6888,#6888,#6890,.T.);
#6888 = VERTEX_POINT('',#6889);
#6889 = CARTESIAN_POINT('',(0.4,550.,39.));
#6890 = CIRCLE('',#6891,8.);
#6891 = AXIS2_PLACEMENT_3D('',#6892,#6893,#6894);
#6892 = CARTESIAN_POINT('',(0.4,550.,47.));
#6893 = DIRECTION('',(1.,0.,-0.));
#6894 = DIRECTION('',(0.,0.,1.));
#6895 = ORIENTED_EDGE('',*,*,#6896,.T.);
#6896 = EDGE_CURVE('',#6888,#6897,#6899,.T.);
#6897 = VERTEX_POINT('',#6898);
#6898 = CARTESIAN_POINT('',(0.,550.,39.));
#6899 = LINE('',#6900,#6901);
#6900 = CARTESIAN_POINT('',(0.,550.,39.));
#6901 = VECTOR('',#6902,1.);
#6902 = DIRECTION('',(-1.,0.,0.));
#6903 = ORIENTED_EDGE('',*,*,#6904,.T.);
#6904 = EDGE_CURVE('',#6897,#6897,#6905,.T.);
#6905 = CIRCLE('',#6906,8.);
#6906 = AXIS2_PLACEMENT_3D('',#6907,#6908,#6909);
#6907 = CARTESIAN_POINT('',(0.,550.,47.));
#6908 = DIRECTION('',(1.,0.,-0.));
#6909 = DIRECTION('',(0.,0.,1.));
#6910 = ORIENTED_EDGE('',*,*,#6896,.F.);
#6911 = CYLINDRICAL_SURFACE('',#6912,8.);
#6912 = AXIS2_PLACEMENT_3D('',#6913,#6914,#6915);
#6913 = CARTESIAN_POINT('',(0.,550.,47.));
#6914 = DIRECTION('',(1.,0.,0.));
#6915 = DIRECTION('',(0.,0.,1.));
#6916 = ADVANCED_FACE('',(#6917),#6920,.T.);
#6917 = FACE_BOUND('',#6918,.T.);
#6918 = EDGE_LOOP('',(#6919));
#6919 = ORIENTED_EDGE('',*,*,#6887,.T.);
#6920 = PLANE('',#6921);
#6921 = AXIS2_PLACEMENT_3D('',#6922,#6923,#6924);
#6922 = CARTESIAN_POINT('',(0.4,550.,47.));
#6923 = DIRECTION('',(1.,0.,0.));
#6924 = DIRECTION('',(0.,0.,1.));
#6925 = ADVANCED_FACE('',(#6926),#6929,.F.);
#6926 = FACE_BOUND('',#6927,.T.);
#6927 = EDGE_LOOP('',(#6928));
#6928 = ORIENTED_EDGE('',*,*,#6904,.F.);
#6929 = PLANE('',#6930);
#6930 = AXIS2_PLACEMENT_3D('',#6931,#6932,#6933);
#6931 = CARTESIAN_POINT('',(0.,550.,47.));
#6932 = DIRECTION('',(1.,0.,0.));
#6933 = DIRECTION('',(0.,0.,1.));
#6934 = ( GEOMETRIC_REPRESENTATION_CONTEXT(3) 
GLOBAL_UNCERTAINTY_ASSIGNED_CONTEXT((#6938)) 
GLOBAL_UNIT_ASSIGNED_CONTEXT((#6935,#6936,#6937)) REPRESENTATION_CONTEXT
('Context #1','3D Context with UNIT and UNCERTAINTY') );
#6935 = ( LENGTH_UNIT() NAMED_UNIT(*) SI_UNIT(.MILLI.,.METRE.) );
#6936 = ( NAMED_UNIT(*) PLANE_ANGLE_UNIT() SI_UNIT($,.RADIAN.) );
#6937 = ( NAMED_UNIT(*) SI_UNIT($,.STERADIAN.) SOLID_ANGLE_UNIT() );
#6938 = UNCERTAINTY_MEASURE_WITH_UNIT(LENGTH_MEASURE(1.E-07),#6935,
  'distance_accuracy_value','confusion accuracy');
#6939 = CONTEXT_DEPENDENT_SHAPE_REPRESENTATION(#6940,#6942);
#6940 = ( REPRESENTATION_RELATIONSHIP('','',#6880,#6417) 
REPRESENTATION_RELATIONSHIP_WITH_TRANSFORMATION(#6941) 
SHAPE_REPRESENTATION_RELATIONSHIP() );
#6941 = ITEM_DEFINED_TRANSFORMATION('','',#11,#6438);
#6942 = PRODUCT_DEFINITION_SHAPE('Placement','Placement of an item',
  #6943);
#6943 = NEXT_ASSEMBLY_USAGE_OCCURRENCE('26',
  'Flush_round_fittings_schematic005','',#6412,#6875,$);
#6944 = PRODUCT_RELATED_PRODUCT_CATEGORY('part',$,(#6877));
#6945 = SHAPE_DEFINITION_REPRESENTATION(#6946,#6952);
#6946 = PRODUCT_DEFINITION_SHAPE('','',#6947);
#6947 = PRODUCT_DEFINITION('design','',#6948,#6951);
#6948 = PRODUCT_DEFINITION_FORMATION('','',#6949);
#6949 = PRODUCT('Flush_round_fittings_schematic006',
  'Flush_round_fittings_schematic006','',(#6950));
#6950 = PRODUCT_CONTEXT('',#2,'mechanical');
#6951 = PRODUCT_DEFINITION_CONTEXT('part definition',#2,'design');
#6952 = ADVANCED_BREP_SHAPE_REPRESENTATION('',(#11,#6953),#7006);
#6953 = MANIFOLD_SOLID_BREP('',#6954);
#6954 = CLOSED_SHELL('',(#6955,#6988,#6997));
#6955 = ADVANCED_FACE('',(#6956),#6983,.T.);
#6956 = FACE_BOUND('',#6957,.T.);
#6957 = EDGE_LOOP('',(#6958,#6967,#6975,#6982));
#6958 = ORIENTED_EDGE('',*,*,#6959,.F.);
#6959 = EDGE_CURVE('',#6960,#6960,#6962,.T.);
#6960 = VERTEX_POINT('',#6961);
#6961 = CARTESIAN_POINT('',(1.04E+03,0.4,39.));
#6962 = CIRCLE('',#6963,8.);
#6963 = AXIS2_PLACEMENT_3D('',#6964,#6965,#6966);
#6964 = CARTESIAN_POINT('',(1.04E+03,0.4,47.));
#6965 = DIRECTION('',(0.,1.,0.));
#6966 = DIRECTION('',(0.,-0.,1.));
#6967 = ORIENTED_EDGE('',*,*,#6968,.T.);
#6968 = EDGE_CURVE('',#6960,#6969,#6971,.T.);
#6969 = VERTEX_POINT('',#6970);
#6970 = CARTESIAN_POINT('',(1.04E+03,0.,39.));
#6971 = LINE('',#6972,#6973);
#6972 = CARTESIAN_POINT('',(1.04E+03,0.,39.));
#6973 = VECTOR('',#6974,1.);
#6974 = DIRECTION('',(0.,-1.,0.));
#6975 = ORIENTED_EDGE('',*,*,#6976,.T.);
#6976 = EDGE_CURVE('',#6969,#6969,#6977,.T.);
#6977 = CIRCLE('',#6978,8.);
#6978 = AXIS2_PLACEMENT_3D('',#6979,#6980,#6981);
#6979 = CARTESIAN_POINT('',(1.04E+03,0.,47.));
#6980 = DIRECTION('',(0.,1.,0.));
#6981 = DIRECTION('',(0.,-0.,1.));
#6982 = ORIENTED_EDGE('',*,*,#6968,.F.);
#6983 = CYLINDRICAL_SURFACE('',#6984,8.);
#6984 = AXIS2_PLACEMENT_3D('',#6985,#6986,#6987);
#6985 = CARTESIAN_POINT('',(1.04E+03,0.,47.));
#6986 = DIRECTION('',(0.,1.,0.));
#6987 = DIRECTION('',(0.,-0.,1.));
#6988 = ADVANCED_FACE('',(#6989),#6992,.T.);
#6989 = FACE_BOUND('',#6990,.T.);
#6990 = EDGE_LOOP('',(#6991));
#6991 = ORIENTED_EDGE('',*,*,#6959,.T.);
#6992 = PLANE('',#6993);
#6993 = AXIS2_PLACEMENT_3D('',#6994,#6995,#6996);
#6994 = CARTESIAN_POINT('',(1.04E+03,0.4,47.));
#6995 = DIRECTION('',(0.,1.,0.));
#6996 = DIRECTION('',(0.,-0.,1.));
#6997 = ADVANCED_FACE('',(#6998),#7001,.F.);
#6998 = FACE_BOUND('',#6999,.T.);
#6999 = EDGE_LOOP('',(#7000));
#7000 = ORIENTED_EDGE('',*,*,#6976,.F.);
#7001 = PLANE('',#7002);
#7002 = AXIS2_PLACEMENT_3D('',#7003,#7004,#7005);
#7003 = CARTESIAN_POINT('',(1.04E+03,0.,47.));
#7004 = DIRECTION('',(0.,1.,0.));
#7005 = DIRECTION('',(0.,-0.,1.));
#7006 = ( GEOMETRIC_REPRESENTATION_CONTEXT(3) 
GLOBAL_UNCERTAINTY_ASSIGNED_CONTEXT((#7010)) 
GLOBAL_UNIT_ASSIGNED_CONTEXT((#7007,#7008,#7009)) REPRESENTATION_CONTEXT
('Context #1','3D Context with UNIT and UNCERTAINTY') );
#7007 = ( LENGTH_UNIT() NAMED_UNIT(*) SI_UNIT(.MILLI.,.METRE.) );
#7008 = ( NAMED_UNIT(*) PLANE_ANGLE_UNIT() SI_UNIT($,.RADIAN.) );
#7009 = ( NAMED_UNIT(*) SI_UNIT($,.STERADIAN.) SOLID_ANGLE_UNIT() );
#7010 = UNCERTAINTY_MEASURE_WITH_UNIT(LENGTH_MEASURE(1.E-07),#7007,
  'distance_accuracy_value','confusion accuracy');
#7011 = CONTEXT_DEPENDENT_SHAPE_REPRESENTATION(#7012,#7014);
#7012 = ( REPRESENTATION_RELATIONSHIP('','',#6952,#6417) 
REPRESENTATION_RELATIONSHIP_WITH_TRANSFORMATION(#7013) 
SHAPE_REPRESENTATION_RELATIONSHIP() );
#7013 = ITEM_DEFINED_TRANSFORMATION('','',#11,#6442);
#7014 = PRODUCT_DEFINITION_SHAPE('Placement','Placement of an item',
  #7015);
#7015 = NEXT_ASSEMBLY_USAGE_OCCURRENCE('27',
  'Flush_round_fittings_schematic006','',#6412,#6947,$);
#7016 = PRODUCT_RELATED_PRODUCT_CATEGORY('part',$,(#6949));
#7017 = SHAPE_DEFINITION_REPRESENTATION(#7018,#7024);
#7018 = PRODUCT_DEFINITION_SHAPE('','',#7019);
#7019 = PRODUCT_DEFINITION('design','',#7020,#7023);
#7020 = PRODUCT_DEFINITION_FORMATION('','',#7021);
#7021 = PRODUCT('Flush_round_fittings_schematic007',
  'Flush_round_fittings_schematic007','',(#7022));
#7022 = PRODUCT_CONTEXT('',#2,'mechanical');
#7023 = PRODUCT_DEFINITION_CONTEXT('part definition',#2,'design');
#7024 = ADVANCED_BREP_SHAPE_REPRESENTATION('',(#11,#7025),#7078);
#7025 = MANIFOLD_SOLID_BREP('',#7026);
#7026 = CLOSED_SHELL('',(#7027,#7060,#7069));
#7027 = ADVANCED_FACE('',(#7028),#7055,.T.);
#7028 = FACE_BOUND('',#7029,.T.);
#7029 = EDGE_LOOP('',(#7030,#7039,#7047,#7054));
#7030 = ORIENTED_EDGE('',*,*,#7031,.F.);
#7031 = EDGE_CURVE('',#7032,#7032,#7034,.T.);
#7032 = VERTEX_POINT('',#7033);
#7033 = CARTESIAN_POINT('',(1.1E+03,1.04E+03,39.));
#7034 = CIRCLE('',#7035,8.);
#7035 = AXIS2_PLACEMENT_3D('',#7036,#7037,#7038);
#7036 = CARTESIAN_POINT('',(1.1E+03,1.04E+03,47.));
#7037 = DIRECTION('',(1.,0.,-0.));
#7038 = DIRECTION('',(0.,0.,1.));
#7039 = ORIENTED_EDGE('',*,*,#7040,.T.);
#7040 = EDGE_CURVE('',#7032,#7041,#7043,.T.);
#7041 = VERTEX_POINT('',#7042);
#7042 = CARTESIAN_POINT('',(1.0996E+03,1.04E+03,39.));
#7043 = LINE('',#7044,#7045);
#7044 = CARTESIAN_POINT('',(1.0996E+03,1.04E+03,39.));
#7045 = VECTOR('',#7046,1.);
#7046 = DIRECTION('',(-1.,0.,0.));
#7047 = ORIENTED_EDGE('',*,*,#7048,.T.);
#7048 = EDGE_CURVE('',#7041,#7041,#7049,.T.);
#7049 = CIRCLE('',#7050,8.);
#7050 = AXIS2_PLACEMENT_3D('',#7051,#7052,#7053);
#7051 = CARTESIAN_POINT('',(1.0996E+03,1.04E+03,47.));
#7052 = DIRECTION('',(1.,0.,-0.));
#7053 = DIRECTION('',(0.,0.,1.));
#7054 = ORIENTED_EDGE('',*,*,#7040,.F.);
#7055 = CYLINDRICAL_SURFACE('',#7056,8.);
#7056 = AXIS2_PLACEMENT_3D('',#7057,#7058,#7059);
#7057 = CARTESIAN_POINT('',(1.0996E+03,1.04E+03,47.));
#7058 = DIRECTION('',(1.,0.,0.));
#7059 = DIRECTION('',(0.,0.,1.));
#7060 = ADVANCED_FACE('',(#7061),#7064,.T.);
#7061 = FACE_BOUND('',#7062,.T.);
#7062 = EDGE_LOOP('',(#7063));
#7063 = ORIENTED_EDGE('',*,*,#7031,.T.);
#7064 = PLANE('',#7065);
#7065 = AXIS2_PLACEMENT_3D('',#7066,#7067,#7068);
#7066 = CARTESIAN_POINT('',(1.1E+03,1.04E+03,47.));
#7067 = DIRECTION('',(1.,0.,0.));
#7068 = DIRECTION('',(0.,0.,1.));
#7069 = ADVANCED_FACE('',(#7070),#7073,.F.);
#7070 = FACE_BOUND('',#7071,.T.);
#7071 = EDGE_LOOP('',(#7072));
#7072 = ORIENTED_EDGE('',*,*,#7048,.F.);
#7073 = PLANE('',#7074);
#7074 = AXIS2_PLACEMENT_3D('',#7075,#7076,#7077);
#7075 = CARTESIAN_POINT('',(1.0996E+03,1.04E+03,47.));
#7076 = DIRECTION('',(1.,0.,0.));
#7077 = DIRECTION('',(0.,0.,1.));
#7078 = ( GEOMETRIC_REPRESENTATION_CONTEXT(3) 
GLOBAL_UNCERTAINTY_ASSIGNED_CONTEXT((#7082)) 
GLOBAL_UNIT_ASSIGNED_CONTEXT((#7079,#7080,#7081)) REPRESENTATION_CONTEXT
('Context #1','3D Context with UNIT and UNCERTAINTY') );
#7079 = ( LENGTH_UNIT() NAMED_UNIT(*) SI_UNIT(.MILLI.,.METRE.) );
#7080 = ( NAMED_UNIT(*) PLANE_ANGLE_UNIT() SI_UNIT($,.RADIAN.) );
#7081 = ( NAMED_UNIT(*) SI_UNIT($,.STERADIAN.) SOLID_ANGLE_UNIT() );
#7082 = UNCERTAINTY_MEASURE_WITH_UNIT(LENGTH_MEASURE(1.E-07),#7079,
  'distance_accuracy_value','confusion accuracy');
#7083 = CONTEXT_DEPENDENT_SHAPE_REPRESENTATION(#7084,#7086);
#7084 = ( REPRESENTATION_RELATIONSHIP('','',#7024,#6417) 
REPRESENTATION_RELATIONSHIP_WITH_TRANSFORMATION(#7085) 
SHAPE_REPRESENTATION_RELATIONSHIP() );
#7085 = ITEM_DEFINED_TRANSFORMATION('','',#11,#6446);
#7086 = PRODUCT_DEFINITION_SHAPE('Placement','Placement of an item',
  #7087);
#7087 = NEXT_ASSEMBLY_USAGE_OCCURRENCE('28',
  'Flush_round_fittings_schematic007','',#6412,#7019,$);
#7088 = PRODUCT_RELATED_PRODUCT_CATEGORY('part',$,(#7021));
#7089 = SHAPE_DEFINITION_REPRESENTATION(#7090,#7096);
#7090 = PRODUCT_DEFINITION_SHAPE('','',#7091);
#7091 = PRODUCT_DEFINITION('design','',#7092,#7095);
#7092 = PRODUCT_DEFINITION_FORMATION('','',#7093);
#7093 = PRODUCT('Flush_round_fittings_schematic008',
  'Flush_round_fittings_schematic008','',(#7094));
#7094 = PRODUCT_CONTEXT('',#2,'mechanical');
#7095 = PRODUCT_DEFINITION_CONTEXT('part definition',#2,'design');
#7096 = ADVANCED_BREP_SHAPE_REPRESENTATION('',(#11,#7097),#7150);
#7097 = MANIFOLD_SOLID_BREP('',#7098);
#7098 = CLOSED_SHELL('',(#7099,#7132,#7141));
#7099 = ADVANCED_FACE('',(#7100),#7127,.T.);
#7100 = FACE_BOUND('',#7101,.T.);
#7101 = EDGE_LOOP('',(#7102,#7111,#7119,#7126));
#7102 = ORIENTED_EDGE('',*,*,#7103,.F.);
#7103 = EDGE_CURVE('',#7104,#7104,#7106,.T.);
#7104 = VERTEX_POINT('',#7105);
#7105 = CARTESIAN_POINT('',(0.4,60.,39.));
#7106 = CIRCLE('',#7107,8.);
#7107 = AXIS2_PLACEMENT_3D('',#7108,#7109,#7110);
#7108 = CARTESIAN_POINT('',(0.4,60.,47.));
#7109 = DIRECTION('',(1.,0.,-0.));
#7110 = DIRECTION('',(0.,0.,1.));
#7111 = ORIENTED_EDGE('',*,*,#7112,.T.);
#7112 = EDGE_CURVE('',#7104,#7113,#7115,.T.);
#7113 = VERTEX_POINT('',#7114);
#7114 = CARTESIAN_POINT('',(0.,60.,39.));
#7115 = LINE('',#7116,#7117);
#7116 = CARTESIAN_POINT('',(0.,60.,39.));
#7117 = VECTOR('',#7118,1.);
#7118 = DIRECTION('',(-1.,0.,0.));
#7119 = ORIENTED_EDGE('',*,*,#7120,.T.);
#7120 = EDGE_CURVE('',#7113,#7113,#7121,.T.);
#7121 = CIRCLE('',#7122,8.);
#7122 = AXIS2_PLACEMENT_3D('',#7123,#7124,#7125);
#7123 = CARTESIAN_POINT('',(0.,60.,47.));
#7124 = DIRECTION('',(1.,0.,-0.));
#7125 = DIRECTION('',(0.,0.,1.));
#7126 = ORIENTED_EDGE('',*,*,#7112,.F.);
#7127 = CYLINDRICAL_SURFACE('',#7128,8.);
#7128 = AXIS2_PLACEMENT_3D('',#7129,#7130,#7131);
#7129 = CARTESIAN_POINT('',(0.,60.,47.));
#7130 = DIRECTION('',(1.,0.,0.));
#7131 = DIRECTION('',(0.,0.,1.));
#7132 = ADVANCED_FACE('',(#7133),#7136,.T.);
#7133 = FACE_BOUND('',#7134,.T.);
#7134 = EDGE_LOOP('',(#7135));
#7135 = ORIENTED_EDGE('',*,*,#7103,.T.);
#7136 = PLANE('',#7137);
#7137 = AXIS2_PLACEMENT_3D('',#7138,#7139,#7140);
#7138 = CARTESIAN_POINT('',(0.4,60.,47.));
#7139 = DIRECTION('',(1.,0.,0.));
#7140 = DIRECTION('',(0.,0.,1.));
#7141 = ADVANCED_FACE('',(#7142),#7145,.F.);
#7142 = FACE_BOUND('',#7143,.T.);
#7143 = EDGE_LOOP('',(#7144));
#7144 = ORIENTED_EDGE('',*,*,#7120,.F.);
#7145 = PLANE('',#7146);
#7146 = AXIS2_PLACEMENT_3D('',#7147,#7148,#7149);
#7147 = CARTESIAN_POINT('',(0.,60.,47.));
#7148 = DIRECTION('',(1.,0.,0.));
#7149 = DIRECTION('',(0.,0.,1.));
#7150 = ( GEOMETRIC_REPRESENTATION_CONTEXT(3) 
GLOBAL_UNCERTAINTY_ASSIGNED_CONTEXT((#7154)) 
GLOBAL_UNIT_ASSIGNED_CONTEXT((#7151,#7152,#7153)) REPRESENTATION_CONTEXT
('Context #1','3D Context with UNIT and UNCERTAINTY') );
#7151 = ( LENGTH_UNIT() NAMED_UNIT(*) SI_UNIT(.MILLI.,.METRE.) );
#7152 = ( NAMED_UNIT(*) PLANE_ANGLE_UNIT() SI_UNIT($,.RADIAN.) );
#7153 = ( NAMED_UNIT(*) SI_UNIT($,.STERADIAN.) SOLID_ANGLE_UNIT() );
#7154 = UNCERTAINTY_MEASURE_WITH_UNIT(LENGTH_MEASURE(1.E-07),#7151,
  'distance_accuracy_value','confusion accuracy');
#7155 = CONTEXT_DEPENDENT_SHAPE_REPRESENTATION(#7156,#7158);
#7156 = ( REPRESENTATION_RELATIONSHIP('','',#7096,#6417) 
REPRESENTATION_RELATIONSHIP_WITH_TRANSFORMATION(#7157) 
SHAPE_REPRESENTATION_RELATIONSHIP() );
#7157 = ITEM_DEFINED_TRANSFORMATION('','',#11,#6450);
#7158 = PRODUCT_DEFINITION_SHAPE('Placement','Placement of an item',
  #7159);
#7159 = NEXT_ASSEMBLY_USAGE_OCCURRENCE('29',
  'Flush_round_fittings_schematic008','',#6412,#7091,$);
#7160 = PRODUCT_RELATED_PRODUCT_CATEGORY('part',$,(#7093));
#7161 = SHAPE_DEFINITION_REPRESENTATION(#7162,#7168);
#7162 = PRODUCT_DEFINITION_SHAPE('','',#7163);
#7163 = PRODUCT_DEFINITION('design','',#7164,#7167);
#7164 = PRODUCT_DEFINITION_FORMATION('','',#7165);
#7165 = PRODUCT('Flush_round_fittings_schematic009',
  'Flush_round_fittings_schematic009','',(#7166));
#7166 = PRODUCT_CONTEXT('',#2,'mechanical');
#7167 = PRODUCT_DEFINITION_CONTEXT('part definition',#2,'design');
#7168 = ADVANCED_BREP_SHAPE_REPRESENTATION('',(#11,#7169),#7222);
#7169 = MANIFOLD_SOLID_BREP('',#7170);
#7170 = CLOSED_SHELL('',(#7171,#7204,#7213));
#7171 = ADVANCED_FACE('',(#7172),#7199,.T.);
#7172 = FACE_BOUND('',#7173,.T.);
#7173 = EDGE_LOOP('',(#7174,#7183,#7191,#7198));
#7174 = ORIENTED_EDGE('',*,*,#7175,.F.);
#7175 = EDGE_CURVE('',#7176,#7176,#7178,.T.);
#7176 = VERTEX_POINT('',#7177);
#7177 = CARTESIAN_POINT('',(250.,0.4,496.8037));
#7178 = CIRCLE('',#7179,3.2);
#7179 = AXIS2_PLACEMENT_3D('',#7180,#7181,#7182);
#7180 = CARTESIAN_POINT('',(250.,0.4,500.0037));
#7181 = DIRECTION('',(0.,1.,0.));
#7182 = DIRECTION('',(0.,-0.,1.));
#7183 = ORIENTED_EDGE('',*,*,#7184,.T.);
#7184 = EDGE_CURVE('',#7176,#7185,#7187,.T.);
#7185 = VERTEX_POINT('',#7186);
#7186 = CARTESIAN_POINT('',(250.,0.,496.8037));
#7187 = LINE('',#7188,#7189);
#7188 = CARTESIAN_POINT('',(250.,0.,496.8037));
#7189 = VECTOR('',#7190,1.);
#7190 = DIRECTION('',(0.,-1.,0.));
#7191 = ORIENTED_EDGE('',*,*,#7192,.T.);
#7192 = EDGE_CURVE('',#7185,#7185,#7193,.T.);
#7193 = CIRCLE('',#7194,3.2);
#7194 = AXIS2_PLACEMENT_3D('',#7195,#7196,#7197);
#7195 = CARTESIAN_POINT('',(250.,0.,500.0037));
#7196 = DIRECTION('',(0.,1.,0.));
#7197 = DIRECTION('',(0.,-0.,1.));
#7198 = ORIENTED_EDGE('',*,*,#7184,.F.);
#7199 = CYLINDRICAL_SURFACE('',#7200,3.2);
#7200 = AXIS2_PLACEMENT_3D('',#7201,#7202,#7203);
#7201 = CARTESIAN_POINT('',(250.,0.,500.0037));
#7202 = DIRECTION('',(0.,1.,0.));
#7203 = DIRECTION('',(0.,-0.,1.));
#7204 = ADVANCED_FACE('',(#7205),#7208,.T.);
#7205 = FACE_BOUND('',#7206,.T.);
#7206 = EDGE_LOOP('',(#7207));
#7207 = ORIENTED_EDGE('',*,*,#7175,.T.);
#7208 = PLANE('',#7209);
#7209 = AXIS2_PLACEMENT_3D('',#7210,#7211,#7212);
#7210 = CARTESIAN_POINT('',(250.,0.4,500.0037));
#7211 = DIRECTION('',(0.,1.,0.));
#7212 = DIRECTION('',(0.,-0.,1.));
#7213 = ADVANCED_FACE('',(#7214),#7217,.F.);
#7214 = FACE_BOUND('',#7215,.T.);
#7215 = EDGE_LOOP('',(#7216));
#7216 = ORIENTED_EDGE('',*,*,#7192,.F.);
#7217 = PLANE('',#7218);
#7218 = AXIS2_PLACEMENT_3D('',#7219,#7220,#7221);
#7219 = CARTESIAN_POINT('',(250.,0.,500.0037));
#7220 = DIRECTION('',(0.,1.,0.));
#7221 = DIRECTION('',(0.,-0.,1.));
#7222 = ( GEOMETRIC_REPRESENTATION_CONTEXT(3) 
GLOBAL_UNCERTAINTY_ASSIGNED_CONTEXT((#7226)) 
GLOBAL_UNIT_ASSIGNED_CONTEXT((#7223,#7224,#7225)) REPRESENTATION_CONTEXT
('Context #1','3D Context with UNIT and UNCERTAINTY') );
#7223 = ( LENGTH_UNIT() NAMED_UNIT(*) SI_UNIT(.MILLI.,.METRE.) );
#7224 = ( NAMED_UNIT(*) PLANE_ANGLE_UNIT() SI_UNIT($,.RADIAN.) );
#7225 = ( NAMED_UNIT(*) SI_UNIT($,.STERADIAN.) SOLID_ANGLE_UNIT() );
#7226 = UNCERTAINTY_MEASURE_WITH_UNIT(LENGTH_MEASURE(1.E-07),#7223,
  'distance_accuracy_value','confusion accuracy');
#7227 = CONTEXT_DEPENDENT_SHAPE_REPRESENTATION(#7228,#7230);
#7228 = ( REPRESENTATION_RELATIONSHIP('','',#7168,#6417) 
REPRESENTATION_RELATIONSHIP_WITH_TRANSFORMATION(#7229) 
SHAPE_REPRESENTATION_RELATIONSHIP() );
#7229 = ITEM_DEFINED_TRANSFORMATION('','',#11,#6454);
#7230 = PRODUCT_DEFINITION_SHAPE('Placement','Placement of an item',
  #7231);
#7231 = NEXT_ASSEMBLY_USAGE_OCCURRENCE('30',
  'Flush_round_fittings_schematic009','',#6412,#7163,$);
#7232 = PRODUCT_RELATED_PRODUCT_CATEGORY('part',$,(#7165));
#7233 = SHAPE_DEFINITION_REPRESENTATION(#7234,#7240);
#7234 = PRODUCT_DEFINITION_SHAPE('','',#7235);
#7235 = PRODUCT_DEFINITION('design','',#7236,#7239);
#7236 = PRODUCT_DEFINITION_FORMATION('','',#7237);
#7237 = PRODUCT('Flush_round_fittings_schematic010',
  'Flush_round_fittings_schematic010','',(#7238));
#7238 = PRODUCT_CONTEXT('',#2,'mechanical');
#7239 = PRODUCT_DEFINITION_CONTEXT('part definition',#2,'design');
#7240 = ADVANCED_BREP_SHAPE_REPRESENTATION('',(#11,#7241),#7294);
#7241 = MANIFOLD_SOLID_BREP('',#7242);
#7242 = CLOSED_SHELL('',(#7243,#7276,#7285));
#7243 = ADVANCED_FACE('',(#7244),#7271,.T.);
#7244 = FACE_BOUND('',#7245,.T.);
#7245 = EDGE_LOOP('',(#7246,#7255,#7263,#7270));
#7246 = ORIENTED_EDGE('',*,*,#7247,.F.);
#7247 = EDGE_CURVE('',#7248,#7248,#7250,.T.);
#7248 = VERTEX_POINT('',#7249);
#7249 = CARTESIAN_POINT('',(1.1E+03,250.,496.8037));
#7250 = CIRCLE('',#7251,3.2);
#7251 = AXIS2_PLACEMENT_3D('',#7252,#7253,#7254);
#7252 = CARTESIAN_POINT('',(1.1E+03,250.,500.0037));
#7253 = DIRECTION('',(1.,0.,-0.));
#7254 = DIRECTION('',(0.,0.,1.));
#7255 = ORIENTED_EDGE('',*,*,#7256,.T.);
#7256 = EDGE_CURVE('',#7248,#7257,#7259,.T.);
#7257 = VERTEX_POINT('',#7258);
#7258 = CARTESIAN_POINT('',(1.0996E+03,250.,496.8037));
#7259 = LINE('',#7260,#7261);
#7260 = CARTESIAN_POINT('',(1.0996E+03,250.,496.8037));
#7261 = VECTOR('',#7262,1.);
#7262 = DIRECTION('',(-1.,0.,0.));
#7263 = ORIENTED_EDGE('',*,*,#7264,.T.);
#7264 = EDGE_CURVE('',#7257,#7257,#7265,.T.);
#7265 = CIRCLE('',#7266,3.2);
#7266 = AXIS2_PLACEMENT_3D('',#7267,#7268,#7269);
#7267 = CARTESIAN_POINT('',(1.0996E+03,250.,500.0037));
#7268 = DIRECTION('',(1.,0.,-0.));
#7269 = DIRECTION('',(0.,0.,1.));
#7270 = ORIENTED_EDGE('',*,*,#7256,.F.);
#7271 = CYLINDRICAL_SURFACE('',#7272,3.2);
#7272 = AXIS2_PLACEMENT_3D('',#7273,#7274,#7275);
#7273 = CARTESIAN_POINT('',(1.0996E+03,250.,500.0037));
#7274 = DIRECTION('',(1.,0.,0.));
#7275 = DIRECTION('',(0.,0.,1.));
#7276 = ADVANCED_FACE('',(#7277),#7280,.T.);
#7277 = FACE_BOUND('',#7278,.T.);
#7278 = EDGE_LOOP('',(#7279));
#7279 = ORIENTED_EDGE('',*,*,#7247,.T.);
#7280 = PLANE('',#7281);
#7281 = AXIS2_PLACEMENT_3D('',#7282,#7283,#7284);
#7282 = CARTESIAN_POINT('',(1.1E+03,250.,500.0037));
#7283 = DIRECTION('',(1.,0.,0.));
#7284 = DIRECTION('',(0.,0.,1.));
#7285 = ADVANCED_FACE('',(#7286),#7289,.F.);
#7286 = FACE_BOUND('',#7287,.T.);
#7287 = EDGE_LOOP('',(#7288));
#7288 = ORIENTED_EDGE('',*,*,#7264,.F.);
#7289 = PLANE('',#7290);
#7290 = AXIS2_PLACEMENT_3D('',#7291,#7292,#7293);
#7291 = CARTESIAN_POINT('',(1.0996E+03,250.,500.0037));
#7292 = DIRECTION('',(1.,0.,0.));
#7293 = DIRECTION('',(0.,0.,1.));
#7294 = ( GEOMETRIC_REPRESENTATION_CONTEXT(3) 
GLOBAL_UNCERTAINTY_ASSIGNED_CONTEXT((#7298)) 
GLOBAL_UNIT_ASSIGNED_CONTEXT((#7295,#7296,#7297)) REPRESENTATION_CONTEXT
('Context #1','3D Context with UNIT and UNCERTAINTY') );
#7295 = ( LENGTH_UNIT() NAMED_UNIT(*) SI_UNIT(.MILLI.,.METRE.) );
#7296 = ( NAMED_UNIT(*) PLANE_ANGLE_UNIT() SI_UNIT($,.RADIAN.) );
#7297 = ( NAMED_UNIT(*) SI_UNIT($,.STERADIAN.) SOLID_ANGLE_UNIT() );
#7298 = UNCERTAINTY_MEASURE_WITH_UNIT(LENGTH_MEASURE(1.E-07),#7295,
  'distance_accuracy_value','confusion accuracy');
#7299 = CONTEXT_DEPENDENT_SHAPE_REPRESENTATION(#7300,#7302);
#7300 = ( REPRESENTATION_RELATIONSHIP('','',#7240,#6417) 
REPRESENTATION_RELATIONSHIP_WITH_TRANSFORMATION(#7301) 
SHAPE_REPRESENTATION_RELATIONSHIP() );
#7301 = ITEM_DEFINED_TRANSFORMATION('','',#11,#6458);
#7302 = PRODUCT_DEFINITION_SHAPE('Placement','Placement of an item',
  #7303);
#7303 = NEXT_ASSEMBLY_USAGE_OCCURRENCE('31',
  'Flush_round_fittings_schematic010','',#6412,#7235,$);
#7304 = PRODUCT_RELATED_PRODUCT_CATEGORY('part',$,(#7237));
#7305 = SHAPE_DEFINITION_REPRESENTATION(#7306,#7312);
#7306 = PRODUCT_DEFINITION_SHAPE('','',#7307);
#7307 = PRODUCT_DEFINITION('design','',#7308,#7311);
#7308 = PRODUCT_DEFINITION_FORMATION('','',#7309);
#7309 = PRODUCT('Flush_round_fittings_schematic011',
  'Flush_round_fittings_schematic011','',(#7310));
#7310 = PRODUCT_CONTEXT('',#2,'mechanical');
#7311 = PRODUCT_DEFINITION_CONTEXT('part definition',#2,'design');
#7312 = ADVANCED_BREP_SHAPE_REPRESENTATION('',(#11,#7313),#7366);
#7313 = MANIFOLD_SOLID_BREP('',#7314);
#7314 = CLOSED_SHELL('',(#7315,#7348,#7357));
#7315 = ADVANCED_FACE('',(#7316),#7343,.T.);
#7316 = FACE_BOUND('',#7317,.T.);
#7317 = EDGE_LOOP('',(#7318,#7327,#7335,#7342));
#7318 = ORIENTED_EDGE('',*,*,#7319,.F.);
#7319 = EDGE_CURVE('',#7320,#7320,#7322,.T.);
#7320 = VERTEX_POINT('',#7321);
#7321 = CARTESIAN_POINT('',(0.4,850.,496.8037));
#7322 = CIRCLE('',#7323,3.2);
#7323 = AXIS2_PLACEMENT_3D('',#7324,#7325,#7326);
#7324 = CARTESIAN_POINT('',(0.4,850.,500.0037));
#7325 = DIRECTION('',(1.,0.,-0.));
#7326 = DIRECTION('',(0.,0.,1.));
#7327 = ORIENTED_EDGE('',*,*,#7328,.T.);
#7328 = EDGE_CURVE('',#7320,#7329,#7331,.T.);
#7329 = VERTEX_POINT('',#7330);
#7330 = CARTESIAN_POINT('',(0.,850.,496.8037));
#7331 = LINE('',#7332,#7333);
#7332 = CARTESIAN_POINT('',(0.,850.,496.8037));
#7333 = VECTOR('',#7334,1.);
#7334 = DIRECTION('',(-1.,0.,0.));
#7335 = ORIENTED_EDGE('',*,*,#7336,.T.);
#7336 = EDGE_CURVE('',#7329,#7329,#7337,.T.);
#7337 = CIRCLE('',#7338,3.2);
#7338 = AXIS2_PLACEMENT_3D('',#7339,#7340,#7341);
#7339 = CARTESIAN_POINT('',(0.,850.,500.0037));
#7340 = DIRECTION('',(1.,0.,-0.));
#7341 = DIRECTION('',(0.,0.,1.));
#7342 = ORIENTED_EDGE('',*,*,#7328,.F.);
#7343 = CYLINDRICAL_SURFACE('',#7344,3.2);
#7344 = AXIS2_PLACEMENT_3D('',#7345,#7346,#7347);
#7345 = CARTESIAN_POINT('',(0.,850.,500.0037));
#7346 = DIRECTION('',(1.,0.,0.));
#7347 = DIRECTION('',(0.,0.,1.));
#7348 = ADVANCED_FACE('',(#7349),#7352,.T.);
#7349 = FACE_BOUND('',#7350,.T.);
#7350 = EDGE_LOOP('',(#7351));
#7351 = ORIENTED_EDGE('',*,*,#7319,.T.);
#7352 = PLANE('',#7353);
#7353 = AXIS2_PLACEMENT_3D('',#7354,#7355,#7356);
#7354 = CARTESIAN_POINT('',(0.4,850.,500.0037));
#7355 = DIRECTION('',(1.,0.,0.));
#7356 = DIRECTION('',(0.,0.,1.));
#7357 = ADVANCED_FACE('',(#7358),#7361,.F.);
#7358 = FACE_BOUND('',#7359,.T.);
#7359 = EDGE_LOOP('',(#7360));
#7360 = ORIENTED_EDGE('',*,*,#7336,.F.);
#7361 = PLANE('',#7362);
#7362 = AXIS2_PLACEMENT_3D('',#7363,#7364,#7365);
#7363 = CARTESIAN_POINT('',(0.,850.,500.0037));
#7364 = DIRECTION('',(1.,0.,0.));
#7365 = DIRECTION('',(0.,0.,1.));
#7366 = ( GEOMETRIC_REPRESENTATION_CONTEXT(3) 
GLOBAL_UNCERTAINTY_ASSIGNED_CONTEXT((#7370)) 
GLOBAL_UNIT_ASSIGNED_CONTEXT((#7367,#7368,#7369)) REPRESENTATION_CONTEXT
('Context #1','3D Context with UNIT and UNCERTAINTY') );
#7367 = ( LENGTH_UNIT() NAMED_UNIT(*) SI_UNIT(.MILLI.,.METRE.) );
#7368 = ( NAMED_UNIT(*) PLANE_ANGLE_UNIT() SI_UNIT($,.RADIAN.) );
#7369 = ( NAMED_UNIT(*) SI_UNIT($,.STERADIAN.) SOLID_ANGLE_UNIT() );
#7370 = UNCERTAINTY_MEASURE_WITH_UNIT(LENGTH_MEASURE(1.E-07),#7367,
  'distance_accuracy_value','confusion accuracy');
#7371 = CONTEXT_DEPENDENT_SHAPE_REPRESENTATION(#7372,#7374);
#7372 = ( REPRESENTATION_RELATIONSHIP('','',#7312,#6417) 
REPRESENTATION_RELATIONSHIP_WITH_TRANSFORMATION(#7373) 
SHAPE_REPRESENTATION_RELATIONSHIP() );
#7373 = ITEM_DEFINED_TRANSFORMATION('','',#11,#6462);
#7374 = PRODUCT_DEFINITION_SHAPE('Placement','Placement of an item',
  #7375);
#7375 = NEXT_ASSEMBLY_USAGE_OCCURRENCE('32',
  'Flush_round_fittings_schematic011','',#6412,#7307,$);
#7376 = PRODUCT_RELATED_PRODUCT_CATEGORY('part',$,(#7309));
#7377 = SHAPE_DEFINITION_REPRESENTATION(#7378,#7384);
#7378 = PRODUCT_DEFINITION_SHAPE('','',#7379);
#7379 = PRODUCT_DEFINITION('design','',#7380,#7383);
#7380 = PRODUCT_DEFINITION_FORMATION('','',#7381);
#7381 = PRODUCT('Flush_round_fittings_schematic012',
  'Flush_round_fittings_schematic012','',(#7382));
#7382 = PRODUCT_CONTEXT('',#2,'mechanical');
#7383 = PRODUCT_DEFINITION_CONTEXT('part definition',#2,'design');
#7384 = ADVANCED_BREP_SHAPE_REPRESENTATION('',(#11,#7385),#7438);
#7385 = MANIFOLD_SOLID_BREP('',#7386);
#7386 = CLOSED_SHELL('',(#7387,#7420,#7429));
#7387 = ADVANCED_FACE('',(#7388),#7415,.T.);
#7388 = FACE_BOUND('',#7389,.T.);
#7389 = EDGE_LOOP('',(#7390,#7399,#7407,#7414));
#7390 = ORIENTED_EDGE('',*,*,#7391,.F.);
#7391 = EDGE_CURVE('',#7392,#7392,#7394,.T.);
#7392 = VERTEX_POINT('',#7393);
#7393 = CARTESIAN_POINT('',(450.,0.4,496.8037));
#7394 = CIRCLE('',#7395,3.2);
#7395 = AXIS2_PLACEMENT_3D('',#7396,#7397,#7398);
#7396 = CARTESIAN_POINT('',(450.,0.4,500.0037));
#7397 = DIRECTION('',(0.,1.,0.));
#7398 = DIRECTION('',(0.,-0.,1.));
#7399 = ORIENTED_EDGE('',*,*,#7400,.T.);
#7400 = EDGE_CURVE('',#7392,#7401,#7403,.T.);
#7401 = VERTEX_POINT('',#7402);
#7402 = CARTESIAN_POINT('',(450.,0.,496.8037));
#7403 = LINE('',#7404,#7405);
#7404 = CARTESIAN_POINT('',(450.,0.,496.8037));
#7405 = VECTOR('',#7406,1.);
#7406 = DIRECTION('',(0.,-1.,0.));
#7407 = ORIENTED_EDGE('',*,*,#7408,.T.);
#7408 = EDGE_CURVE('',#7401,#7401,#7409,.T.);
#7409 = CIRCLE('',#7410,3.2);
#7410 = AXIS2_PLACEMENT_3D('',#7411,#7412,#7413);
#7411 = CARTESIAN_POINT('',(450.,0.,500.0037));
#7412 = DIRECTION('',(0.,1.,0.));
#7413 = DIRECTION('',(0.,-0.,1.));
#7414 = ORIENTED_EDGE('',*,*,#7400,.F.);
#7415 = CYLINDRICAL_SURFACE('',#7416,3.2);
#7416 = AXIS2_PLACEMENT_3D('',#7417,#7418,#7419);
#7417 = CARTESIAN_POINT('',(450.,0.,500.0037));
#7418 = DIRECTION('',(0.,1.,0.));
#7419 = DIRECTION('',(0.,-0.,1.));
#7420 = ADVANCED_FACE('',(#7421),#7424,.T.);
#7421 = FACE_BOUND('',#7422,.T.);
#7422 = EDGE_LOOP('',(#7423));
#7423 = ORIENTED_EDGE('',*,*,#7391,.T.);
#7424 = PLANE('',#7425);
#7425 = AXIS2_PLACEMENT_3D('',#7426,#7427,#7428);
#7426 = CARTESIAN_POINT('',(450.,0.4,500.0037));
#7427 = DIRECTION('',(0.,1.,0.));
#7428 = DIRECTION('',(0.,-0.,1.));
#7429 = ADVANCED_FACE('',(#7430),#7433,.F.);
#7430 = FACE_BOUND('',#7431,.T.);
#7431 = EDGE_LOOP('',(#7432));
#7432 = ORIENTED_EDGE('',*,*,#7408,.F.);
#7433 = PLANE('',#7434);
#7434 = AXIS2_PLACEMENT_3D('',#7435,#7436,#7437);
#7435 = CARTESIAN_POINT('',(450.,0.,500.0037));
#7436 = DIRECTION('',(0.,1.,0.));
#7437 = DIRECTION('',(0.,-0.,1.));
#7438 = ( GEOMETRIC_REPRESENTATION_CONTEXT(3) 
GLOBAL_UNCERTAINTY_ASSIGNED_CONTEXT((#7442)) 
GLOBAL_UNIT_ASSIGNED_CONTEXT((#7439,#7440,#7441)) REPRESENTATION_CONTEXT
('Context #1','3D Context with UNIT and UNCERTAINTY') );
#7439 = ( LENGTH_UNIT() NAMED_UNIT(*) SI_UNIT(.MILLI.,.METRE.) );
#7440 = ( NAMED_UNIT(*) PLANE_ANGLE_UNIT() SI_UNIT($,.RADIAN.) );
#7441 = ( NAMED_UNIT(*) SI_UNIT($,.STERADIAN.) SOLID_ANGLE_UNIT() );
#7442 = UNCERTAINTY_MEASURE_WITH_UNIT(LENGTH_MEASURE(1.E-07),#7439,
  'distance_accuracy_value','confusion accuracy');
#7443 = CONTEXT_DEPENDENT_SHAPE_REPRESENTATION(#7444,#7446);
#7444 = ( REPRESENTATION_RELATIONSHIP('','',#7384,#6417) 
REPRESENTATION_RELATIONSHIP_WITH_TRANSFORMATION(#7445) 
SHAPE_REPRESENTATION_RELATIONSHIP() );
#7445 = ITEM_DEFINED_TRANSFORMATION('','',#11,#6466);
#7446 = PRODUCT_DEFINITION_SHAPE('Placement','Placement of an item',
  #7447);
#7447 = NEXT_ASSEMBLY_USAGE_OCCURRENCE('33',
  'Flush_round_fittings_schematic012','',#6412,#7379,$);
#7448 = PRODUCT_RELATED_PRODUCT_CATEGORY('part',$,(#7381));
#7449 = SHAPE_DEFINITION_REPRESENTATION(#7450,#7456);
#7450 = PRODUCT_DEFINITION_SHAPE('','',#7451);
#7451 = PRODUCT_DEFINITION('design','',#7452,#7455);
#7452 = PRODUCT_DEFINITION_FORMATION('','',#7453);
#7453 = PRODUCT('Flush_round_fittings_schematic013',
  'Flush_round_fittings_schematic013','',(#7454));
#7454 = PRODUCT_CONTEXT('',#2,'mechanical');
#7455 = PRODUCT_DEFINITION_CONTEXT('part definition',#2,'design');
#7456 = ADVANCED_BREP_SHAPE_REPRESENTATION('',(#11,#7457),#7510);
#7457 = MANIFOLD_SOLID_BREP('',#7458);
#7458 = CLOSED_SHELL('',(#7459,#7492,#7501));
#7459 = ADVANCED_FACE('',(#7460),#7487,.T.);
#7460 = FACE_BOUND('',#7461,.T.);
#7461 = EDGE_LOOP('',(#7462,#7471,#7479,#7486));
#7462 = ORIENTED_EDGE('',*,*,#7463,.F.);
#7463 = EDGE_CURVE('',#7464,#7464,#7466,.T.);
#7464 = VERTEX_POINT('',#7465);
#7465 = CARTESIAN_POINT('',(1.1E+03,450.,496.8037));
#7466 = CIRCLE('',#7467,3.2);
#7467 = AXIS2_PLACEMENT_3D('',#7468,#7469,#7470);
#7468 = CARTESIAN_POINT('',(1.1E+03,450.,500.0037));
#7469 = DIRECTION('',(1.,0.,-0.));
#7470 = DIRECTION('',(0.,0.,1.));
#7471 = ORIENTED_EDGE('',*,*,#7472,.T.);
#7472 = EDGE_CURVE('',#7464,#7473,#7475,.T.);
#7473 = VERTEX_POINT('',#7474);
#7474 = CARTESIAN_POINT('',(1.0996E+03,450.,496.8037));
#7475 = LINE('',#7476,#7477);
#7476 = CARTESIAN_POINT('',(1.0996E+03,450.,496.8037));
#7477 = VECTOR('',#7478,1.);
#7478 = DIRECTION('',(-1.,0.,0.));
#7479 = ORIENTED_EDGE('',*,*,#7480,.T.);
#7480 = EDGE_CURVE('',#7473,#7473,#7481,.T.);
#7481 = CIRCLE('',#7482,3.2);
#7482 = AXIS2_PLACEMENT_3D('',#7483,#7484,#7485);
#7483 = CARTESIAN_POINT('',(1.0996E+03,450.,500.0037));
#7484 = DIRECTION('',(1.,0.,-0.));
#7485 = DIRECTION('',(0.,0.,1.));
#7486 = ORIENTED_EDGE('',*,*,#7472,.F.);
#7487 = CYLINDRICAL_SURFACE('',#7488,3.2);
#7488 = AXIS2_PLACEMENT_3D('',#7489,#7490,#7491);
#7489 = CARTESIAN_POINT('',(1.0996E+03,450.,500.0037));
#7490 = DIRECTION('',(1.,0.,0.));
#7491 = DIRECTION('',(0.,0.,1.));
#7492 = ADVANCED_FACE('',(#7493),#7496,.T.);
#7493 = FACE_BOUND('',#7494,.T.);
#7494 = EDGE_LOOP('',(#7495));
#7495 = ORIENTED_EDGE('',*,*,#7463,.T.);
#7496 = PLANE('',#7497);
#7497 = AXIS2_PLACEMENT_3D('',#7498,#7499,#7500);
#7498 = CARTESIAN_POINT('',(1.1E+03,450.,500.0037));
#7499 = DIRECTION('',(1.,0.,0.));
#7500 = DIRECTION('',(0.,0.,1.));
#7501 = ADVANCED_FACE('',(#7502),#7505,.F.);
#7502 = FACE_BOUND('',#7503,.T.);
#7503 = EDGE_LOOP('',(#7504));
#7504 = ORIENTED_EDGE('',*,*,#7480,.F.);
#7505 = PLANE('',#7506);
#7506 = AXIS2_PLACEMENT_3D('',#7507,#7508,#7509);
#7507 = CARTESIAN_POINT('',(1.0996E+03,450.,500.0037));
#7508 = DIRECTION('',(1.,0.,0.));
#7509 = DIRECTION('',(0.,0.,1.));
#7510 = ( GEOMETRIC_REPRESENTATION_CONTEXT(3) 
GLOBAL_UNCERTAINTY_ASSIGNED_CONTEXT((#7514)) 
GLOBAL_UNIT_ASSIGNED_CONTEXT((#7511,#7512,#7513)) REPRESENTATION_CONTEXT
('Context #1','3D Context with UNIT and UNCERTAINTY') );
#7511 = ( LENGTH_UNIT() NAMED_UNIT(*) SI_UNIT(.MILLI.,.METRE.) );
#7512 = ( NAMED_UNIT(*) PLANE_ANGLE_UNIT() SI_UNIT($,.RADIAN.) );
#7513 = ( NAMED_UNIT(*) SI_UNIT($,.STERADIAN.) SOLID_ANGLE_UNIT() );
#7514 = UNCERTAINTY_MEASURE_WITH_UNIT(LENGTH_MEASURE(1.E-07),#7511,
  'distance_accuracy_value','confusion accuracy');
#7515 = CONTEXT_DEPENDENT_SHAPE_REPRESENTATION(#7516,#7518);
#7516 = ( REPRESENTATION_RELATIONSHIP('','',#7456,#6417) 
REPRESENTATION_RELATIONSHIP_WITH_TRANSFORMATION(#7517) 
SHAPE_REPRESENTATION_RELATIONSHIP() );
#7517 = ITEM_DEFINED_TRANSFORMATION('','',#11,#6470);
#7518 = PRODUCT_DEFINITION_SHAPE('Placement','Placement of an item',
  #7519);
#7519 = NEXT_ASSEMBLY_USAGE_OCCURRENCE('34',
  'Flush_round_fittings_schematic013','',#6412,#7451,$);
#7520 = PRODUCT_RELATED_PRODUCT_CATEGORY('part',$,(#7453));
#7521 = SHAPE_DEFINITION_REPRESENTATION(#7522,#7528);
#7522 = PRODUCT_DEFINITION_SHAPE('','',#7523);
#7523 = PRODUCT_DEFINITION('design','',#7524,#7527);
#7524 = PRODUCT_DEFINITION_FORMATION('','',#7525);
#7525 = PRODUCT('Flush_round_fittings_schematic014',
  'Flush_round_fittings_schematic014','',(#7526));
#7526 = PRODUCT_CONTEXT('',#2,'mechanical');
#7527 = PRODUCT_DEFINITION_CONTEXT('part definition',#2,'design');
#7528 = ADVANCED_BREP_SHAPE_REPRESENTATION('',(#11,#7529),#7582);
#7529 = MANIFOLD_SOLID_BREP('',#7530);
#7530 = CLOSED_SHELL('',(#7531,#7564,#7573));
#7531 = ADVANCED_FACE('',(#7532),#7559,.T.);
#7532 = FACE_BOUND('',#7533,.T.);
#7533 = EDGE_LOOP('',(#7534,#7543,#7551,#7558));
#7534 = ORIENTED_EDGE('',*,*,#7535,.F.);
#7535 = EDGE_CURVE('',#7536,#7536,#7538,.T.);
#7536 = VERTEX_POINT('',#7537);
#7537 = CARTESIAN_POINT('',(0.4,650.,496.8037));
#7538 = CIRCLE('',#7539,3.2);
#7539 = AXIS2_PLACEMENT_3D('',#7540,#7541,#7542);
#7540 = CARTESIAN_POINT('',(0.4,650.,500.0037));
#7541 = DIRECTION('',(1.,0.,-0.));
#7542 = DIRECTION('',(0.,0.,1.));
#7543 = ORIENTED_EDGE('',*,*,#7544,.T.);
#7544 = EDGE_CURVE('',#7536,#7545,#7547,.T.);
#7545 = VERTEX_POINT('',#7546);
#7546 = CARTESIAN_POINT('',(0.,650.,496.8037));
#7547 = LINE('',#7548,#7549);
#7548 = CARTESIAN_POINT('',(0.,650.,496.8037));
#7549 = VECTOR('',#7550,1.);
#7550 = DIRECTION('',(-1.,0.,0.));
#7551 = ORIENTED_EDGE('',*,*,#7552,.T.);
#7552 = EDGE_CURVE('',#7545,#7545,#7553,.T.);
#7553 = CIRCLE('',#7554,3.2);
#7554 = AXIS2_PLACEMENT_3D('',#7555,#7556,#7557);
#7555 = CARTESIAN_POINT('',(0.,650.,500.0037));
#7556 = DIRECTION('',(1.,0.,-0.));
#7557 = DIRECTION('',(0.,0.,1.));
#7558 = ORIENTED_EDGE('',*,*,#7544,.F.);
#7559 = CYLINDRICAL_SURFACE('',#7560,3.2);
#7560 = AXIS2_PLACEMENT_3D('',#7561,#7562,#7563);
#7561 = CARTESIAN_POINT('',(0.,650.,500.0037));
#7562 = DIRECTION('',(1.,0.,0.));
#7563 = DIRECTION('',(0.,0.,1.));
#7564 = ADVANCED_FACE('',(#7565),#7568,.T.);
#7565 = FACE_BOUND('',#7566,.T.);
#7566 = EDGE_LOOP('',(#7567));
#7567 = ORIENTED_EDGE('',*,*,#7535,.T.);
#7568 = PLANE('',#7569);
#7569 = AXIS2_PLACEMENT_3D('',#7570,#7571,#7572);
#7570 = CARTESIAN_POINT('',(0.4,650.,500.0037));
#7571 = DIRECTION('',(1.,0.,0.));
#7572 = DIRECTION('',(0.,0.,1.));
#7573 = ADVANCED_FACE('',(#7574),#7577,.F.);
#7574 = FACE_BOUND('',#7575,.T.);
#7575 = EDGE_LOOP('',(#7576));
#7576 = ORIENTED_EDGE('',*,*,#7552,.F.);
#7577 = PLANE('',#7578);
#7578 = AXIS2_PLACEMENT_3D('',#7579,#7580,#7581);
#7579 = CARTESIAN_POINT('',(0.,650.,500.0037));
#7580 = DIRECTION('',(1.,0.,0.));
#7581 = DIRECTION('',(0.,0.,1.));
#7582 = ( GEOMETRIC_REPRESENTATION_CONTEXT(3) 
GLOBAL_UNCERTAINTY_ASSIGNED_CONTEXT((#7586)) 
GLOBAL_UNIT_ASSIGNED_CONTEXT((#7583,#7584,#7585)) REPRESENTATION_CONTEXT
('Context #1','3D Context with UNIT and UNCERTAINTY') );
#7583 = ( LENGTH_UNIT() NAMED_UNIT(*) SI_UNIT(.MILLI.,.METRE.) );
#7584 = ( NAMED_UNIT(*) PLANE_ANGLE_UNIT() SI_UNIT($,.RADIAN.) );
#7585 = ( NAMED_UNIT(*) SI_UNIT($,.STERADIAN.) SOLID_ANGLE_UNIT() );
#7586 = UNCERTAINTY_MEASURE_WITH_UNIT(LENGTH_MEASURE(1.E-07),#7583,
  'distance_accuracy_value','confusion accuracy');
#7587 = CONTEXT_DEPENDENT_SHAPE_REPRESENTATION(#7588,#7590);
#7588 = ( REPRESENTATION_RELATIONSHIP('','',#7528,#6417) 
REPRESENTATION_RELATIONSHIP_WITH_TRANSFORMATION(#7589) 
SHAPE_REPRESENTATION_RELATIONSHIP() );
#7589 = ITEM_DEFINED_TRANSFORMATION('','',#11,#6474);
#7590 = PRODUCT_DEFINITION_SHAPE('Placement','Placement of an item',
  #7591);
#7591 = NEXT_ASSEMBLY_USAGE_OCCURRENCE('35',
  'Flush_round_fittings_schematic014','',#6412,#7523,$);
#7592 = PRODUCT_RELATED_PRODUCT_CATEGORY('part',$,(#7525));
#7593 = SHAPE_DEFINITION_REPRESENTATION(#7594,#7600);
#7594 = PRODUCT_DEFINITION_SHAPE('','',#7595);
#7595 = PRODUCT_DEFINITION('design','',#7596,#7599);
#7596 = PRODUCT_DEFINITION_FORMATION('','',#7597);
#7597 = PRODUCT('Flush_round_fittings_schematic015',
  'Flush_round_fittings_schematic015','',(#7598));
#7598 = PRODUCT_CONTEXT('',#2,'mechanical');
#7599 = PRODUCT_DEFINITION_CONTEXT('part definition',#2,'design');
#7600 = ADVANCED_BREP_SHAPE_REPRESENTATION('',(#11,#7601),#7654);
#7601 = MANIFOLD_SOLID_BREP('',#7602);
#7602 = CLOSED_SHELL('',(#7603,#7636,#7645));
#7603 = ADVANCED_FACE('',(#7604),#7631,.T.);
#7604 = FACE_BOUND('',#7605,.T.);
#7605 = EDGE_LOOP('',(#7606,#7615,#7623,#7630));
#7606 = ORIENTED_EDGE('',*,*,#7607,.F.);
#7607 = EDGE_CURVE('',#7608,#7608,#7610,.T.);
#7608 = VERTEX_POINT('',#7609);
#7609 = CARTESIAN_POINT('',(650.,0.4,496.8037));
#7610 = CIRCLE('',#7611,3.2);
#7611 = AXIS2_PLACEMENT_3D('',#7612,#7613,#7614);
#7612 = CARTESIAN_POINT('',(650.,0.4,500.0037));
#7613 = DIRECTION('',(0.,1.,0.));
#7614 = DIRECTION('',(0.,-0.,1.));
#7615 = ORIENTED_EDGE('',*,*,#7616,.T.);
#7616 = EDGE_CURVE('',#7608,#7617,#7619,.T.);
#7617 = VERTEX_POINT('',#7618);
#7618 = CARTESIAN_POINT('',(650.,0.,496.8037));
#7619 = LINE('',#7620,#7621);
#7620 = CARTESIAN_POINT('',(650.,0.,496.8037));
#7621 = VECTOR('',#7622,1.);
#7622 = DIRECTION('',(0.,-1.,0.));
#7623 = ORIENTED_EDGE('',*,*,#7624,.T.);
#7624 = EDGE_CURVE('',#7617,#7617,#7625,.T.);
#7625 = CIRCLE('',#7626,3.2);
#7626 = AXIS2_PLACEMENT_3D('',#7627,#7628,#7629);
#7627 = CARTESIAN_POINT('',(650.,0.,500.0037));
#7628 = DIRECTION('',(0.,1.,0.));
#7629 = DIRECTION('',(0.,-0.,1.));
#7630 = ORIENTED_EDGE('',*,*,#7616,.F.);
#7631 = CYLINDRICAL_SURFACE('',#7632,3.2);
#7632 = AXIS2_PLACEMENT_3D('',#7633,#7634,#7635);
#7633 = CARTESIAN_POINT('',(650.,0.,500.0037));
#7634 = DIRECTION('',(0.,1.,0.));
#7635 = DIRECTION('',(0.,-0.,1.));
#7636 = ADVANCED_FACE('',(#7637),#7640,.T.);
#7637 = FACE_BOUND('',#7638,.T.);
#7638 = EDGE_LOOP('',(#7639));
#7639 = ORIENTED_EDGE('',*,*,#7607,.T.);
#7640 = PLANE('',#7641);
#7641 = AXIS2_PLACEMENT_3D('',#7642,#7643,#7644);
#7642 = CARTESIAN_POINT('',(650.,0.4,500.0037));
#7643 = DIRECTION('',(0.,1.,0.));
#7644 = DIRECTION('',(0.,-0.,1.));
#7645 = ADVANCED_FACE('',(#7646),#7649,.F.);
#7646 = FACE_BOUND('',#7647,.T.);
#7647 = EDGE_LOOP('',(#7648));
#7648 = ORIENTED_EDGE('',*,*,#7624,.F.);
#7649 = PLANE('',#7650);
#7650 = AXIS2_PLACEMENT_3D('',#7651,#7652,#7653);
#7651 = CARTESIAN_POINT('',(650.,0.,500.0037));
#7652 = DIRECTION('',(0.,1.,0.));
#7653 = DIRECTION('',(0.,-0.,1.));
#7654 = ( GEOMETRIC_REPRESENTATION_CONTEXT(3) 
GLOBAL_UNCERTAINTY_ASSIGNED_CONTEXT((#7658)) 
GLOBAL_UNIT_ASSIGNED_CONTEXT((#7655,#7656,#7657)) REPRESENTATION_CONTEXT
('Context #1','3D Context with UNIT and UNCERTAINTY') );
#7655 = ( LENGTH_UNIT() NAMED_UNIT(*) SI_UNIT(.MILLI.,.METRE.) );
#7656 = ( NAMED_UNIT(*) PLANE_ANGLE_UNIT() SI_UNIT($,.RADIAN.) );
#7657 = ( NAMED_UNIT(*) SI_UNIT($,.STERADIAN.) SOLID_ANGLE_UNIT() );
#7658 = UNCERTAINTY_MEASURE_WITH_UNIT(LENGTH_MEASURE(1.E-07),#7655,
  'distance_accuracy_value','confusion accuracy');
#7659 = CONTEXT_DEPENDENT_SHAPE_REPRESENTATION(#7660,#7662);
#7660 = ( REPRESENTATION_RELATIONSHIP('','',#7600,#6417) 
REPRESENTATION_RELATIONSHIP_WITH_TRANSFORMATION(#7661) 
SHAPE_REPRESENTATION_RELATIONSHIP() );
#7661 = ITEM_DEFINED_TRANSFORMATION('','',#11,#6478);
#7662 = PRODUCT_DEFINITION_SHAPE('Placement','Placement of an item',
  #7663);
#7663 = NEXT_ASSEMBLY_USAGE_OCCURRENCE('36',
  'Flush_round_fittings_schematic015','',#6412,#7595,$);
#7664 = PRODUCT_RELATED_PRODUCT_CATEGORY('part',$,(#7597));
#7665 = SHAPE_DEFINITION_REPRESENTATION(#7666,#7672);
#7666 = PRODUCT_DEFINITION_SHAPE('','',#7667);
#7667 = PRODUCT_DEFINITION('design','',#7668,#7671);
#7668 = PRODUCT_DEFINITION_FORMATION('','',#7669);
#7669 = PRODUCT('Flush_round_fittings_schematic016',
  'Flush_round_fittings_schematic016','',(#7670));
#7670 = PRODUCT_CONTEXT('',#2,'mechanical');
#7671 = PRODUCT_DEFINITION_CONTEXT('part definition',#2,'design');
#7672 = ADVANCED_BREP_SHAPE_REPRESENTATION('',(#11,#7673),#7726);
#7673 = MANIFOLD_SOLID_BREP('',#7674);
#7674 = CLOSED_SHELL('',(#7675,#7708,#7717));
#7675 = ADVANCED_FACE('',(#7676),#7703,.T.);
#7676 = FACE_BOUND('',#7677,.T.);
#7677 = EDGE_LOOP('',(#7678,#7687,#7695,#7702));
#7678 = ORIENTED_EDGE('',*,*,#7679,.F.);
#7679 = EDGE_CURVE('',#7680,#7680,#7682,.T.);
#7680 = VERTEX_POINT('',#7681);
#7681 = CARTESIAN_POINT('',(1.1E+03,650.,496.8037));
#7682 = CIRCLE('',#7683,3.2);
#7683 = AXIS2_PLACEMENT_3D('',#7684,#7685,#7686);
#7684 = CARTESIAN_POINT('',(1.1E+03,650.,500.0037));
#7685 = DIRECTION('',(1.,0.,-0.));
#7686 = DIRECTION('',(0.,0.,1.));
#7687 = ORIENTED_EDGE('',*,*,#7688,.T.);
#7688 = EDGE_CURVE('',#7680,#7689,#7691,.T.);
#7689 = VERTEX_POINT('',#7690);
#7690 = CARTESIAN_POINT('',(1.0996E+03,650.,496.8037));
#7691 = LINE('',#7692,#7693);
#7692 = CARTESIAN_POINT('',(1.0996E+03,650.,496.8037));
#7693 = VECTOR('',#7694,1.);
#7694 = DIRECTION('',(-1.,0.,0.));
#7695 = ORIENTED_EDGE('',*,*,#7696,.T.);
#7696 = EDGE_CURVE('',#7689,#7689,#7697,.T.);
#7697 = CIRCLE('',#7698,3.2);
#7698 = AXIS2_PLACEMENT_3D('',#7699,#7700,#7701);
#7699 = CARTESIAN_POINT('',(1.0996E+03,650.,500.0037));
#7700 = DIRECTION('',(1.,0.,-0.));
#7701 = DIRECTION('',(0.,0.,1.));
#7702 = ORIENTED_EDGE('',*,*,#7688,.F.);
#7703 = CYLINDRICAL_SURFACE('',#7704,3.2);
#7704 = AXIS2_PLACEMENT_3D('',#7705,#7706,#7707);
#7705 = CARTESIAN_POINT('',(1.0996E+03,650.,500.0037));
#7706 = DIRECTION('',(1.,0.,0.));
#7707 = DIRECTION('',(0.,0.,1.));
#7708 = ADVANCED_FACE('',(#7709),#7712,.T.);
#7709 = FACE_BOUND('',#7710,.T.);
#7710 = EDGE_LOOP('',(#7711));
#7711 = ORIENTED_EDGE('',*,*,#7679,.T.);
#7712 = PLANE('',#7713);
#7713 = AXIS2_PLACEMENT_3D('',#7714,#7715,#7716);
#7714 = CARTESIAN_POINT('',(1.1E+03,650.,500.0037));
#7715 = DIRECTION('',(1.,0.,0.));
#7716 = DIRECTION('',(0.,0.,1.));
#7717 = ADVANCED_FACE('',(#7718),#7721,.F.);
#7718 = FACE_BOUND('',#7719,.T.);
#7719 = EDGE_LOOP('',(#7720));
#7720 = ORIENTED_EDGE('',*,*,#7696,.F.);
#7721 = PLANE('',#7722);
#7722 = AXIS2_PLACEMENT_3D('',#7723,#7724,#7725);
#7723 = CARTESIAN_POINT('',(1.0996E+03,650.,500.0037));
#7724 = DIRECTION('',(1.,0.,0.));
#7725 = DIRECTION('',(0.,0.,1.));
#7726 = ( GEOMETRIC_REPRESENTATION_CONTEXT(3) 
GLOBAL_UNCERTAINTY_ASSIGNED_CONTEXT((#7730)) 
GLOBAL_UNIT_ASSIGNED_CONTEXT((#7727,#7728,#7729)) REPRESENTATION_CONTEXT
('Context #1','3D Context with UNIT and UNCERTAINTY') );
#7727 = ( LENGTH_UNIT() NAMED_UNIT(*) SI_UNIT(.MILLI.,.METRE.) );
#7728 = ( NAMED_UNIT(*) PLANE_ANGLE_UNIT() SI_UNIT($,.RADIAN.) );
#7729 = ( NAMED_UNIT(*) SI_UNIT($,.STERADIAN.) SOLID_ANGLE_UNIT() );
#7730 = UNCERTAINTY_MEASURE_WITH_UNIT(LENGTH_MEASURE(1.E-07),#7727,
  'distance_accuracy_value','confusion accuracy');
#7731 = CONTEXT_DEPENDENT_SHAPE_REPRESENTATION(#7732,#7734);
#7732 = ( REPRESENTATION_RELATIONSHIP('','',#7672,#6417) 
REPRESENTATION_RELATIONSHIP_WITH_TRANSFORMATION(#7733) 
SHAPE_REPRESENTATION_RELATIONSHIP() );
#7733 = ITEM_DEFINED_TRANSFORMATION('','',#11,#6482);
#7734 = PRODUCT_DEFINITION_SHAPE('Placement','Placement of an item',
  #7735);
#7735 = NEXT_ASSEMBLY_USAGE_OCCURRENCE('37',
  'Flush_round_fittings_schematic016','',#6412,#7667,$);
#7736 = PRODUCT_RELATED_PRODUCT_CATEGORY('part',$,(#7669));
#7737 = SHAPE_DEFINITION_REPRESENTATION(#7738,#7744);
#7738 = PRODUCT_DEFINITION_SHAPE('','',#7739);
#7739 = PRODUCT_DEFINITION('design','',#7740,#7743);
#7740 = PRODUCT_DEFINITION_FORMATION('','',#7741);
#7741 = PRODUCT('Flush_round_fittings_schematic017',
  'Flush_round_fittings_schematic017','',(#7742));
#7742 = PRODUCT_CONTEXT('',#2,'mechanical');
#7743 = PRODUCT_DEFINITION_CONTEXT('part definition',#2,'design');
#7744 = ADVANCED_BREP_SHAPE_REPRESENTATION('',(#11,#7745),#7798);
#7745 = MANIFOLD_SOLID_BREP('',#7746);
#7746 = CLOSED_SHELL('',(#7747,#7780,#7789));
#7747 = ADVANCED_FACE('',(#7748),#7775,.T.);
#7748 = FACE_BOUND('',#7749,.T.);
#7749 = EDGE_LOOP('',(#7750,#7759,#7767,#7774));
#7750 = ORIENTED_EDGE('',*,*,#7751,.F.);
#7751 = EDGE_CURVE('',#7752,#7752,#7754,.T.);
#7752 = VERTEX_POINT('',#7753);
#7753 = CARTESIAN_POINT('',(0.4,450.,496.8037));
#7754 = CIRCLE('',#7755,3.2);
#7755 = AXIS2_PLACEMENT_3D('',#7756,#7757,#7758);
#7756 = CARTESIAN_POINT('',(0.4,450.,500.0037));
#7757 = DIRECTION('',(1.,0.,-0.));
#7758 = DIRECTION('',(0.,0.,1.));
#7759 = ORIENTED_EDGE('',*,*,#7760,.T.);
#7760 = EDGE_CURVE('',#7752,#7761,#7763,.T.);
#7761 = VERTEX_POINT('',#7762);
#7762 = CARTESIAN_POINT('',(0.,450.,496.8037));
#7763 = LINE('',#7764,#7765);
#7764 = CARTESIAN_POINT('',(0.,450.,496.8037));
#7765 = VECTOR('',#7766,1.);
#7766 = DIRECTION('',(-1.,0.,0.));
#7767 = ORIENTED_EDGE('',*,*,#7768,.T.);
#7768 = EDGE_CURVE('',#7761,#7761,#7769,.T.);
#7769 = CIRCLE('',#7770,3.2);
#7770 = AXIS2_PLACEMENT_3D('',#7771,#7772,#7773);
#7771 = CARTESIAN_POINT('',(0.,450.,500.0037));
#7772 = DIRECTION('',(1.,0.,-0.));
#7773 = DIRECTION('',(0.,0.,1.));
#7774 = ORIENTED_EDGE('',*,*,#7760,.F.);
#7775 = CYLINDRICAL_SURFACE('',#7776,3.2);
#7776 = AXIS2_PLACEMENT_3D('',#7777,#7778,#7779);
#7777 = CARTESIAN_POINT('',(0.,450.,500.0037));
#7778 = DIRECTION('',(1.,0.,0.));
#7779 = DIRECTION('',(0.,0.,1.));
#7780 = ADVANCED_FACE('',(#7781),#7784,.T.);
#7781 = FACE_BOUND('',#7782,.T.);
#7782 = EDGE_LOOP('',(#7783));
#7783 = ORIENTED_EDGE('',*,*,#7751,.T.);
#7784 = PLANE('',#7785);
#7785 = AXIS2_PLACEMENT_3D('',#7786,#7787,#7788);
#7786 = CARTESIAN_POINT('',(0.4,450.,500.0037));
#7787 = DIRECTION('',(1.,0.,0.));
#7788 = DIRECTION('',(0.,0.,1.));
#7789 = ADVANCED_FACE('',(#7790),#7793,.F.);
#7790 = FACE_BOUND('',#7791,.T.);
#7791 = EDGE_LOOP('',(#7792));
#7792 = ORIENTED_EDGE('',*,*,#7768,.F.);
#7793 = PLANE('',#7794);
#7794 = AXIS2_PLACEMENT_3D('',#7795,#7796,#7797);
#7795 = CARTESIAN_POINT('',(0.,450.,500.0037));
#7796 = DIRECTION('',(1.,0.,0.));
#7797 = DIRECTION('',(0.,0.,1.));
#7798 = ( GEOMETRIC_REPRESENTATION_CONTEXT(3) 
GLOBAL_UNCERTAINTY_ASSIGNED_CONTEXT((#7802)) 
GLOBAL_UNIT_ASSIGNED_CONTEXT((#7799,#7800,#7801)) REPRESENTATION_CONTEXT
('Context #1','3D Context with UNIT and UNCERTAINTY') );
#7799 = ( LENGTH_UNIT() NAMED_UNIT(*) SI_UNIT(.MILLI.,.METRE.) );
#7800 = ( NAMED_UNIT(*) PLANE_ANGLE_UNIT() SI_UNIT($,.RADIAN.) );
#7801 = ( NAMED_UNIT(*) SI_UNIT($,.STERADIAN.) SOLID_ANGLE_UNIT() );
#7802 = UNCERTAINTY_MEASURE_WITH_UNIT(LENGTH_MEASURE(1.E-07),#7799,
  'distance_accuracy_value','confusion accuracy');
#7803 = CONTEXT_DEPENDENT_SHAPE_REPRESENTATION(#7804,#7806);
#7804 = ( REPRESENTATION_RELATIONSHIP('','',#7744,#6417) 
REPRESENTATION_RELATIONSHIP_WITH_TRANSFORMATION(#7805) 
SHAPE_REPRESENTATION_RELATIONSHIP() );
#7805 = ITEM_DEFINED_TRANSFORMATION('','',#11,#6486);
#7806 = PRODUCT_DEFINITION_SHAPE('Placement','Placement of an item',
  #7807);
#7807 = NEXT_ASSEMBLY_USAGE_OCCURRENCE('38',
  'Flush_round_fittings_schematic017','',#6412,#7739,$);
#7808 = PRODUCT_RELATED_PRODUCT_CATEGORY('part',$,(#7741));
#7809 = SHAPE_DEFINITION_REPRESENTATION(#7810,#7816);
#7810 = PRODUCT_DEFINITION_SHAPE('','',#7811);
#7811 = PRODUCT_DEFINITION('design','',#7812,#7815);
#7812 = PRODUCT_DEFINITION_FORMATION('','',#7813);
#7813 = PRODUCT('Flush_round_fittings_schematic018',
  'Flush_round_fittings_schematic018','',(#7814));
#7814 = PRODUCT_CONTEXT('',#2,'mechanical');
#7815 = PRODUCT_DEFINITION_CONTEXT('part definition',#2,'design');
#7816 = ADVANCED_BREP_SHAPE_REPRESENTATION('',(#11,#7817),#7870);
#7817 = MANIFOLD_SOLID_BREP('',#7818);
#7818 = CLOSED_SHELL('',(#7819,#7852,#7861));
#7819 = ADVANCED_FACE('',(#7820),#7847,.T.);
#7820 = FACE_BOUND('',#7821,.T.);
#7821 = EDGE_LOOP('',(#7822,#7831,#7839,#7846));
#7822 = ORIENTED_EDGE('',*,*,#7823,.F.);
#7823 = EDGE_CURVE('',#7824,#7824,#7826,.T.);
#7824 = VERTEX_POINT('',#7825);
#7825 = CARTESIAN_POINT('',(850.,0.4,496.8037));
#7826 = CIRCLE('',#7827,3.2);
#7827 = AXIS2_PLACEMENT_3D('',#7828,#7829,#7830);
#7828 = CARTESIAN_POINT('',(850.,0.4,500.0037));
#7829 = DIRECTION('',(0.,1.,0.));
#7830 = DIRECTION('',(0.,-0.,1.));
#7831 = ORIENTED_EDGE('',*,*,#7832,.T.);
#7832 = EDGE_CURVE('',#7824,#7833,#7835,.T.);
#7833 = VERTEX_POINT('',#7834);
#7834 = CARTESIAN_POINT('',(850.,0.,496.8037));
#7835 = LINE('',#7836,#7837);
#7836 = CARTESIAN_POINT('',(850.,0.,496.8037));
#7837 = VECTOR('',#7838,1.);
#7838 = DIRECTION('',(0.,-1.,0.));
#7839 = ORIENTED_EDGE('',*,*,#7840,.T.);
#7840 = EDGE_CURVE('',#7833,#7833,#7841,.T.);
#7841 = CIRCLE('',#7842,3.2);
#7842 = AXIS2_PLACEMENT_3D('',#7843,#7844,#7845);
#7843 = CARTESIAN_POINT('',(850.,0.,500.0037));
#7844 = DIRECTION('',(0.,1.,0.));
#7845 = DIRECTION('',(0.,-0.,1.));
#7846 = ORIENTED_EDGE('',*,*,#7832,.F.);
#7847 = CYLINDRICAL_SURFACE('',#7848,3.2);
#7848 = AXIS2_PLACEMENT_3D('',#7849,#7850,#7851);
#7849 = CARTESIAN_POINT('',(850.,0.,500.0037));
#7850 = DIRECTION('',(0.,1.,0.));
#7851 = DIRECTION('',(0.,-0.,1.));
#7852 = ADVANCED_FACE('',(#7853),#7856,.T.);
#7853 = FACE_BOUND('',#7854,.T.);
#7854 = EDGE_LOOP('',(#7855));
#7855 = ORIENTED_EDGE('',*,*,#7823,.T.);
#7856 = PLANE('',#7857);
#7857 = AXIS2_PLACEMENT_3D('',#7858,#7859,#7860);
#7858 = CARTESIAN_POINT('',(850.,0.4,500.0037));
#7859 = DIRECTION('',(0.,1.,0.));
#7860 = DIRECTION('',(0.,-0.,1.));
#7861 = ADVANCED_FACE('',(#7862),#7865,.F.);
#7862 = FACE_BOUND('',#7863,.T.);
#7863 = EDGE_LOOP('',(#7864));
#7864 = ORIENTED_EDGE('',*,*,#7840,.F.);
#7865 = PLANE('',#7866);
#7866 = AXIS2_PLACEMENT_3D('',#7867,#7868,#7869);
#7867 = CARTESIAN_POINT('',(850.,0.,500.0037));
#7868 = DIRECTION('',(0.,1.,0.));
#7869 = DIRECTION('',(0.,-0.,1.));
#7870 = ( GEOMETRIC_REPRESENTATION_CONTEXT(3) 
GLOBAL_UNCERTAINTY_ASSIGNED_CONTEXT((#7874)) 
GLOBAL_UNIT_ASSIGNED_CONTEXT((#7871,#7872,#7873)) REPRESENTATION_CONTEXT
('Context #1','3D Context with UNIT and UNCERTAINTY') );
#7871 = ( LENGTH_UNIT() NAMED_UNIT(*) SI_UNIT(.MILLI.,.METRE.) );
#7872 = ( NAMED_UNIT(*) PLANE_ANGLE_UNIT() SI_UNIT($,.RADIAN.) );
#7873 = ( NAMED_UNIT(*) SI_UNIT($,.STERADIAN.) SOLID_ANGLE_UNIT() );
#7874 = UNCERTAINTY_MEASURE_WITH_UNIT(LENGTH_MEASURE(1.E-07),#7871,
  'distance_accuracy_value','confusion accuracy');
#7875 = CONTEXT_DEPENDENT_SHAPE_REPRESENTATION(#7876,#7878);
#7876 = ( REPRESENTATION_RELATIONSHIP('','',#7816,#6417) 
REPRESENTATION_RELATIONSHIP_WITH_TRANSFORMATION(#7877) 
SHAPE_REPRESENTATION_RELATIONSHIP() );
#7877 = ITEM_DEFINED_TRANSFORMATION('','',#11,#6490);
#7878 = PRODUCT_DEFINITION_SHAPE('Placement','Placement of an item',
  #7879);
#7879 = NEXT_ASSEMBLY_USAGE_OCCURRENCE('39',
  'Flush_round_fittings_schematic018','',#6412,#7811,$);
#7880 = PRODUCT_RELATED_PRODUCT_CATEGORY('part',$,(#7813));
#7881 = SHAPE_DEFINITION_REPRESENTATION(#7882,#7888);
#7882 = PRODUCT_DEFINITION_SHAPE('','',#7883);
#7883 = PRODUCT_DEFINITION('design','',#7884,#7887);
#7884 = PRODUCT_DEFINITION_FORMATION('','',#7885);
#7885 = PRODUCT('Flush_round_fittings_schematic019',
  'Flush_round_fittings_schematic019','',(#7886));
#7886 = PRODUCT_CONTEXT('',#2,'mechanical');
#7887 = PRODUCT_DEFINITION_CONTEXT('part definition',#2,'design');
#7888 = ADVANCED_BREP_SHAPE_REPRESENTATION('',(#11,#7889),#7942);
#7889 = MANIFOLD_SOLID_BREP('',#7890);
#7890 = CLOSED_SHELL('',(#7891,#7924,#7933));
#7891 = ADVANCED_FACE('',(#7892),#7919,.T.);
#7892 = FACE_BOUND('',#7893,.T.);
#7893 = EDGE_LOOP('',(#7894,#7903,#7911,#7918));
#7894 = ORIENTED_EDGE('',*,*,#7895,.F.);
#7895 = EDGE_CURVE('',#7896,#7896,#7898,.T.);
#7896 = VERTEX_POINT('',#7897);
#7897 = CARTESIAN_POINT('',(1.1E+03,850.,496.8037));
#7898 = CIRCLE('',#7899,3.2);
#7899 = AXIS2_PLACEMENT_3D('',#7900,#7901,#7902);
#7900 = CARTESIAN_POINT('',(1.1E+03,850.,500.0037));
#7901 = DIRECTION('',(1.,0.,-0.));
#7902 = DIRECTION('',(0.,0.,1.));
#7903 = ORIENTED_EDGE('',*,*,#7904,.T.);
#7904 = EDGE_CURVE('',#7896,#7905,#7907,.T.);
#7905 = VERTEX_POINT('',#7906);
#7906 = CARTESIAN_POINT('',(1.0996E+03,850.,496.8037));
#7907 = LINE('',#7908,#7909);
#7908 = CARTESIAN_POINT('',(1.0996E+03,850.,496.8037));
#7909 = VECTOR('',#7910,1.);
#7910 = DIRECTION('',(-1.,0.,0.));
#7911 = ORIENTED_EDGE('',*,*,#7912,.T.);
#7912 = EDGE_CURVE('',#7905,#7905,#7913,.T.);
#7913 = CIRCLE('',#7914,3.2);
#7914 = AXIS2_PLACEMENT_3D('',#7915,#7916,#7917);
#7915 = CARTESIAN_POINT('',(1.0996E+03,850.,500.0037));
#7916 = DIRECTION('',(1.,0.,-0.));
#7917 = DIRECTION('',(0.,0.,1.));
#7918 = ORIENTED_EDGE('',*,*,#7904,.F.);
#7919 = CYLINDRICAL_SURFACE('',#7920,3.2);
#7920 = AXIS2_PLACEMENT_3D('',#7921,#7922,#7923);
#7921 = CARTESIAN_POINT('',(1.0996E+03,850.,500.0037));
#7922 = DIRECTION('',(1.,0.,0.));
#7923 = DIRECTION('',(0.,0.,1.));
#7924 = ADVANCED_FACE('',(#7925),#7928,.T.);
#7925 = FACE_BOUND('',#7926,.T.);
#7926 = EDGE_LOOP('',(#7927));
#7927 = ORIENTED_EDGE('',*,*,#7895,.T.);
#7928 = PLANE('',#7929);
#7929 = AXIS2_PLACEMENT_3D('',#7930,#7931,#7932);
#7930 = CARTESIAN_POINT('',(1.1E+03,850.,500.0037));
#7931 = DIRECTION('',(1.,0.,0.));
#7932 = DIRECTION('',(0.,0.,1.));
#7933 = ADVANCED_FACE('',(#7934),#7937,.F.);
#7934 = FACE_BOUND('',#7935,.T.);
#7935 = EDGE_LOOP('',(#7936));
#7936 = ORIENTED_EDGE('',*,*,#7912,.F.);
#7937 = PLANE('',#7938);
#7938 = AXIS2_PLACEMENT_3D('',#7939,#7940,#7941);
#7939 = CARTESIAN_POINT('',(1.0996E+03,850.,500.0037));
#7940 = DIRECTION('',(1.,0.,0.));
#7941 = DIRECTION('',(0.,0.,1.));
#7942 = ( GEOMETRIC_REPRESENTATION_CONTEXT(3) 
GLOBAL_UNCERTAINTY_ASSIGNED_CONTEXT((#7946)) 
GLOBAL_UNIT_ASSIGNED_CONTEXT((#7943,#7944,#7945)) REPRESENTATION_CONTEXT
('Context #1','3D Context with UNIT and UNCERTAINTY') );
#7943 = ( LENGTH_UNIT() NAMED_UNIT(*) SI_UNIT(.MILLI.,.METRE.) );
#7944 = ( NAMED_UNIT(*) PLANE_ANGLE_UNIT() SI_UNIT($,.RADIAN.) );
#7945 = ( NAMED_UNIT(*) SI_UNIT($,.STERADIAN.) SOLID_ANGLE_UNIT() );
#7946 = UNCERTAINTY_MEASURE_WITH_UNIT(LENGTH_MEASURE(1.E-07),#7943,
  'distance_accuracy_value','confusion accuracy');
#7947 = CONTEXT_DEPENDENT_SHAPE_REPRESENTATION(#7948,#7950);
#7948 = ( REPRESENTATION_RELATIONSHIP('','',#7888,#6417) 
REPRESENTATION_RELATIONSHIP_WITH_TRANSFORMATION(#7949) 
SHAPE_REPRESENTATION_RELATIONSHIP() );
#7949 = ITEM_DEFINED_TRANSFORMATION('','',#11,#6494);
#7950 = PRODUCT_DEFINITION_SHAPE('Placement','Placement of an item',
  #7951);
#7951 = NEXT_ASSEMBLY_USAGE_OCCURRENCE('40',
  'Flush_round_fittings_schematic019','',#6412,#7883,$);
#7952 = PRODUCT_RELATED_PRODUCT_CATEGORY('part',$,(#7885));
#7953 = SHAPE_DEFINITION_REPRESENTATION(#7954,#7960);
#7954 = PRODUCT_DEFINITION_SHAPE('','',#7955);
#7955 = PRODUCT_DEFINITION('design','',#7956,#7959);
#7956 = PRODUCT_DEFINITION_FORMATION('','',#7957);
#7957 = PRODUCT('Flush_round_fittings_schematic020',
  'Flush_round_fittings_schematic020','',(#7958));
#7958 = PRODUCT_CONTEXT('',#2,'mechanical');
#7959 = PRODUCT_DEFINITION_CONTEXT('part definition',#2,'design');
#7960 = ADVANCED_BREP_SHAPE_REPRESENTATION('',(#11,#7961),#8014);
#7961 = MANIFOLD_SOLID_BREP('',#7962);
#7962 = CLOSED_SHELL('',(#7963,#7996,#8005));
#7963 = ADVANCED_FACE('',(#7964),#7991,.T.);
#7964 = FACE_BOUND('',#7965,.T.);
#7965 = EDGE_LOOP('',(#7966,#7975,#7983,#7990));
#7966 = ORIENTED_EDGE('',*,*,#7967,.F.);
#7967 = EDGE_CURVE('',#7968,#7968,#7970,.T.);
#7968 = VERTEX_POINT('',#7969);
#7969 = CARTESIAN_POINT('',(0.4,250.,496.8037));
#7970 = CIRCLE('',#7971,3.2);
#7971 = AXIS2_PLACEMENT_3D('',#7972,#7973,#7974);
#7972 = CARTESIAN_POINT('',(0.4,250.,500.0037));
#7973 = DIRECTION('',(1.,0.,-0.));
#7974 = DIRECTION('',(0.,0.,1.));
#7975 = ORIENTED_EDGE('',*,*,#7976,.T.);
#7976 = EDGE_CURVE('',#7968,#7977,#7979,.T.);
#7977 = VERTEX_POINT('',#7978);
#7978 = CARTESIAN_POINT('',(0.,250.,496.8037));
#7979 = LINE('',#7980,#7981);
#7980 = CARTESIAN_POINT('',(0.,250.,496.8037));
#7981 = VECTOR('',#7982,1.);
#7982 = DIRECTION('',(-1.,0.,0.));
#7983 = ORIENTED_EDGE('',*,*,#7984,.T.);
#7984 = EDGE_CURVE('',#7977,#7977,#7985,.T.);
#7985 = CIRCLE('',#7986,3.2);
#7986 = AXIS2_PLACEMENT_3D('',#7987,#7988,#7989);
#7987 = CARTESIAN_POINT('',(0.,250.,500.0037));
#7988 = DIRECTION('',(1.,0.,-0.));
#7989 = DIRECTION('',(0.,0.,1.));
#7990 = ORIENTED_EDGE('',*,*,#7976,.F.);
#7991 = CYLINDRICAL_SURFACE('',#7992,3.2);
#7992 = AXIS2_PLACEMENT_3D('',#7993,#7994,#7995);
#7993 = CARTESIAN_POINT('',(0.,250.,500.0037));
#7994 = DIRECTION('',(1.,0.,0.));
#7995 = DIRECTION('',(0.,0.,1.));
#7996 = ADVANCED_FACE('',(#7997),#8000,.T.);
#7997 = FACE_BOUND('',#7998,.T.);
#7998 = EDGE_LOOP('',(#7999));
#7999 = ORIENTED_EDGE('',*,*,#7967,.T.);
#8000 = PLANE('',#8001);
#8001 = AXIS2_PLACEMENT_3D('',#8002,#8003,#8004);
#8002 = CARTESIAN_POINT('',(0.4,250.,500.0037));
#8003 = DIRECTION('',(1.,0.,0.));
#8004 = DIRECTION('',(0.,0.,1.));
#8005 = ADVANCED_FACE('',(#8006),#8009,.F.);
#8006 = FACE_BOUND('',#8007,.T.);
#8007 = EDGE_LOOP('',(#8008));
#8008 = ORIENTED_EDGE('',*,*,#7984,.F.);
#8009 = PLANE('',#8010);
#8010 = AXIS2_PLACEMENT_3D('',#8011,#8012,#8013);
#8011 = CARTESIAN_POINT('',(0.,250.,500.0037));
#8012 = DIRECTION('',(1.,0.,0.));
#8013 = DIRECTION('',(0.,0.,1.));
#8014 = ( GEOMETRIC_REPRESENTATION_CONTEXT(3) 
GLOBAL_UNCERTAINTY_ASSIGNED_CONTEXT((#8018)) 
GLOBAL_UNIT_ASSIGNED_CONTEXT((#8015,#8016,#8017)) REPRESENTATION_CONTEXT
('Context #1','3D Context with UNIT and UNCERTAINTY') );
#8015 = ( LENGTH_UNIT() NAMED_UNIT(*) SI_UNIT(.MILLI.,.METRE.) );
#8016 = ( NAMED_UNIT(*) PLANE_ANGLE_UNIT() SI_UNIT($,.RADIAN.) );
#8017 = ( NAMED_UNIT(*) SI_UNIT($,.STERADIAN.) SOLID_ANGLE_UNIT() );
#8018 = UNCERTAINTY_MEASURE_WITH_UNIT(LENGTH_MEASURE(1.E-07),#8015,
  'distance_accuracy_value','confusion accuracy');
#8019 = CONTEXT_DEPENDENT_SHAPE_REPRESENTATION(#8020,#8022);
#8020 = ( REPRESENTATION_RELATIONSHIP('','',#7960,#6417) 
REPRESENTATION_RELATIONSHIP_WITH_TRANSFORMATION(#8021) 
SHAPE_REPRESENTATION_RELATIONSHIP() );
#8021 = ITEM_DEFINED_TRANSFORMATION('','',#11,#6498);
#8022 = PRODUCT_DEFINITION_SHAPE('Placement','Placement of an item',
  #8023);
#8023 = NEXT_ASSEMBLY_USAGE_OCCURRENCE('41',
  'Flush_round_fittings_schematic020','',#6412,#7955,$);
#8024 = PRODUCT_RELATED_PRODUCT_CATEGORY('part',$,(#7957));
#8025 = SHAPE_DEFINITION_REPRESENTATION(#8026,#8032);
#8026 = PRODUCT_DEFINITION_SHAPE('','',#8027);
#8027 = PRODUCT_DEFINITION('design','',#8028,#8031);
#8028 = PRODUCT_DEFINITION_FORMATION('','',#8029);
#8029 = PRODUCT('01_Lower_connection(Mirror)',
  '01_Lower_connection(Mirror)','',(#8030));
#8030 = PRODUCT_CONTEXT('',#2,'mechanical');
#8031 = PRODUCT_DEFINITION_CONTEXT('part definition',#2,'design');
#8032 = SHAPE_REPRESENTATION('',(#11,#8033,#8037),#8041);
#8033 = AXIS2_PLACEMENT_3D('',#8034,#8035,#8036);
#8034 = CARTESIAN_POINT('',(0.,0.,0.));
#8035 = DIRECTION('',(0.,0.,1.));
#8036 = DIRECTION('',(1.,0.,0.));
#8037 = AXIS2_PLACEMENT_3D('',#8038,#8039,#8040);
#8038 = CARTESIAN_POINT('',(0.,0.,0.));
#8039 = DIRECTION('',(0.,0.,1.));
#8040 = DIRECTION('',(1.,0.,0.));
#8041 = ( GEOMETRIC_REPRESENTATION_CONTEXT(3) 
GLOBAL_UNCERTAINTY_ASSIGNED_CONTEXT((#8045)) 
GLOBAL_UNIT_ASSIGNED_CONTEXT((#8042,#8043,#8044)) REPRESENTATION_CONTEXT
('Context #1','3D Context with UNIT and UNCERTAINTY') );
#8042 = ( LENGTH_UNIT() NAMED_UNIT(*) SI_UNIT(.MILLI.,.METRE.) );
#8043 = ( NAMED_UNIT(*) PLANE_ANGLE_UNIT() SI_UNIT($,.RADIAN.) );
#8044 = ( NAMED_UNIT(*) SI_UNIT($,.STERADIAN.) SOLID_ANGLE_UNIT() );
#8045 = UNCERTAINTY_MEASURE_WITH_UNIT(LENGTH_MEASURE(1.E-07),#8042,
  'distance_accuracy_value','confusion accuracy');
#8046 = CONTEXT_DEPENDENT_SHAPE_REPRESENTATION(#8047,#8049);
#8047 = ( REPRESENTATION_RELATIONSHIP('','',#8032,#3476) 
REPRESENTATION_RELATIONSHIP_WITH_TRANSFORMATION(#8048) 
SHAPE_REPRESENTATION_RELATIONSHIP() );
#8048 = ITEM_DEFINED_TRANSFORMATION('','',#11,#3489);
#8049 = PRODUCT_DEFINITION_SHAPE('Placement','Placement of an item',
  #8050);
#8050 = NEXT_ASSEMBLY_USAGE_OCCURRENCE('46',
  '01_Lower_connection(Mirror)','',#3471,#8027,$);
#8051 = PRODUCT_RELATED_PRODUCT_CATEGORY('part',$,(#8029));
#8052 = SHAPE_DEFINITION_REPRESENTATION(#8053,#8059);
#8053 = PRODUCT_DEFINITION_SHAPE('','',#8054);
#8054 = PRODUCT_DEFINITION('design','',#8055,#8058);
#8055 = PRODUCT_DEFINITION_FORMATION('','',#8056);
#8056 = PRODUCT('Bottom_flange_860_open_800_12xD8(Mirror)',
  'Bottom_flange_860_open_800_12xD8(Mirror)','',(#8057));
#8057 = PRODUCT_CONTEXT('',#2,'mechanical');
#8058 = PRODUCT_DEFINITION_CONTEXT('part definition',#2,'design');
#8059 = ADVANCED_BREP_SHAPE_REPRESENTATION('',(#11,#8060),#8814);
#8060 = MANIFOLD_SOLID_BREP('',#8061);
#8061 = CLOSED_SHELL('',(#8062,#8102,#8133,#8323,#8347,#8530,#8542,#8559
    ,#8576,#8593,#8610,#8627,#8644,#8661,#8678,#8695,#8717,#8734,#8751,
    #8763,#8780,#8797));
#8062 = ADVANCED_FACE('',(#8063),#8097,.T.);
#8063 = FACE_BOUND('',#8064,.T.);
#8064 = EDGE_LOOP('',(#8065,#8075,#8083,#8091));
#8065 = ORIENTED_EDGE('',*,*,#8066,.F.);
#8066 = EDGE_CURVE('',#8067,#8069,#8071,.T.);
#8067 = VERTEX_POINT('',#8068);
#8068 = CARTESIAN_POINT('',(120.,120.,0.));
#8069 = VERTEX_POINT('',#8070);
#8070 = CARTESIAN_POINT('',(120.,120.,-1.5));
#8071 = LINE('',#8072,#8073);
#8072 = CARTESIAN_POINT('',(120.,120.,0.));
#8073 = VECTOR('',#8074,1.);
#8074 = DIRECTION('',(0.,0.,-1.));
#8075 = ORIENTED_EDGE('',*,*,#8076,.T.);
#8076 = EDGE_CURVE('',#8067,#8077,#8079,.T.);
#8077 = VERTEX_POINT('',#8078);
#8078 = CARTESIAN_POINT('',(120.,980.,0.));
#8079 = LINE('',#8080,#8081);
#8080 = CARTESIAN_POINT('',(120.,120.,0.));
#8081 = VECTOR('',#8082,1.);
#8082 = DIRECTION('',(0.,1.,0.));
#8083 = ORIENTED_EDGE('',*,*,#8084,.T.);
#8084 = EDGE_CURVE('',#8077,#8085,#8087,.T.);
#8085 = VERTEX_POINT('',#8086);
#8086 = CARTESIAN_POINT('',(120.,980.,-1.5));
#8087 = LINE('',#8088,#8089);
#8088 = CARTESIAN_POINT('',(120.,980.,0.));
#8089 = VECTOR('',#8090,1.);
#8090 = DIRECTION('',(0.,0.,-1.));
#8091 = ORIENTED_EDGE('',*,*,#8092,.F.);
#8092 = EDGE_CURVE('',#8069,#8085,#8093,.T.);
#8093 = LINE('',#8094,#8095);
#8094 = CARTESIAN_POINT('',(120.,120.,-1.5));
#8095 = VECTOR('',#8096,1.);
#8096 = DIRECTION('',(0.,1.,0.));
#8097 = PLANE('',#8098);
#8098 = AXIS2_PLACEMENT_3D('',#8099,#8100,#8101);
#8099 = CARTESIAN_POINT('',(120.,120.,0.));
#8100 = DIRECTION('',(-1.,0.,0.));
#8101 = DIRECTION('',(0.,0.,-1.));
#8102 = ADVANCED_FACE('',(#8103),#8128,.T.);
#8103 = FACE_BOUND('',#8104,.T.);
#8104 = EDGE_LOOP('',(#8105,#8113,#8114,#8122));
#8105 = ORIENTED_EDGE('',*,*,#8106,.F.);
#8106 = EDGE_CURVE('',#8067,#8107,#8109,.T.);
#8107 = VERTEX_POINT('',#8108);
#8108 = CARTESIAN_POINT('',(980.,120.,0.));
#8109 = LINE('',#8110,#8111);
#8110 = CARTESIAN_POINT('',(120.,120.,0.));
#8111 = VECTOR('',#8112,1.);
#8112 = DIRECTION('',(1.,0.,0.));
#8113 = ORIENTED_EDGE('',*,*,#8066,.T.);
#8114 = ORIENTED_EDGE('',*,*,#8115,.T.);
#8115 = EDGE_CURVE('',#8069,#8116,#8118,.T.);
#8116 = VERTEX_POINT('',#8117);
#8117 = CARTESIAN_POINT('',(980.,120.,-1.5));
#8118 = LINE('',#8119,#8120);
#8119 = CARTESIAN_POINT('',(120.,120.,-1.5));
#8120 = VECTOR('',#8121,1.);
#8121 = DIRECTION('',(1.,0.,0.));
#8122 = ORIENTED_EDGE('',*,*,#8123,.F.);
#8123 = EDGE_CURVE('',#8107,#8116,#8124,.T.);
#8124 = LINE('',#8125,#8126);
#8125 = CARTESIAN_POINT('',(980.,120.,0.));
#8126 = VECTOR('',#8127,1.);
#8127 = DIRECTION('',(0.,0.,-1.));
#8128 = PLANE('',#8129);
#8129 = AXIS2_PLACEMENT_3D('',#8130,#8131,#8132);
#8130 = CARTESIAN_POINT('',(120.,120.,0.));
#8131 = DIRECTION('',(0.,-1.,0.));
#8132 = DIRECTION('',(0.,0.,-1.));
#8133 = ADVANCED_FACE('',(#8134,#8152,#8163,#8174,#8185,#8196,#8207,
    #8218,#8229,#8240,#8251,#8285,#8296,#8307),#8318,.F.);
#8134 = FACE_BOUND('',#8135,.T.);
#8135 = EDGE_LOOP('',(#8136,#8137,#8145,#8151));
#8136 = ORIENTED_EDGE('',*,*,#8092,.T.);
#8137 = ORIENTED_EDGE('',*,*,#8138,.T.);
#8138 = EDGE_CURVE('',#8085,#8139,#8141,.T.);
#8139 = VERTEX_POINT('',#8140);
#8140 = CARTESIAN_POINT('',(980.,980.,-1.5));
#8141 = LINE('',#8142,#8143);
#8142 = CARTESIAN_POINT('',(120.,980.,-1.5));
#8143 = VECTOR('',#8144,1.);
#8144 = DIRECTION('',(1.,0.,0.));
#8145 = ORIENTED_EDGE('',*,*,#8146,.F.);
#8146 = EDGE_CURVE('',#8116,#8139,#8147,.T.);
#8147 = LINE('',#8148,#8149);
#8148 = CARTESIAN_POINT('',(980.,120.,-1.5));
#8149 = VECTOR('',#8150,1.);
#8150 = DIRECTION('',(0.,1.,0.));
#8151 = ORIENTED_EDGE('',*,*,#8115,.F.);
#8152 = FACE_BOUND('',#8153,.T.);
#8153 = EDGE_LOOP('',(#8154));
#8154 = ORIENTED_EDGE('',*,*,#8155,.T.);
#8155 = EDGE_CURVE('',#8156,#8156,#8158,.T.);
#8156 = VERTEX_POINT('',#8157);
#8157 = CARTESIAN_POINT('',(132.,136.,-1.5));
#8158 = CIRCLE('',#8159,4.);
#8159 = AXIS2_PLACEMENT_3D('',#8160,#8161,#8162);
#8160 = CARTESIAN_POINT('',(136.,136.,-1.5));
#8161 = DIRECTION('',(0.,0.,1.));
#8162 = DIRECTION('',(1.,0.,-0.));
#8163 = FACE_BOUND('',#8164,.T.);
#8164 = EDGE_LOOP('',(#8165));
#8165 = ORIENTED_EDGE('',*,*,#8166,.T.);
#8166 = EDGE_CURVE('',#8167,#8167,#8169,.T.);
#8167 = VERTEX_POINT('',#8168);
#8168 = CARTESIAN_POINT('',(408.,136.,-1.5));
#8169 = CIRCLE('',#8170,4.);
#8170 = AXIS2_PLACEMENT_3D('',#8171,#8172,#8173);
#8171 = CARTESIAN_POINT('',(412.,136.,-1.5));
#8172 = DIRECTION('',(0.,0.,1.));
#8173 = DIRECTION('',(1.,0.,-0.));
#8174 = FACE_BOUND('',#8175,.T.);
#8175 = EDGE_LOOP('',(#8176));
#8176 = ORIENTED_EDGE('',*,*,#8177,.T.);
#8177 = EDGE_CURVE('',#8178,#8178,#8180,.T.);
#8178 = VERTEX_POINT('',#8179);
#8179 = CARTESIAN_POINT('',(132.,412.,-1.5));
#8180 = CIRCLE('',#8181,4.);
#8181 = AXIS2_PLACEMENT_3D('',#8182,#8183,#8184);
#8182 = CARTESIAN_POINT('',(136.,412.,-1.5));
#8183 = DIRECTION('',(0.,0.,1.));
#8184 = DIRECTION('',(1.,0.,-0.));
#8185 = FACE_BOUND('',#8186,.T.);
#8186 = EDGE_LOOP('',(#8187));
#8187 = ORIENTED_EDGE('',*,*,#8188,.T.);
#8188 = EDGE_CURVE('',#8189,#8189,#8191,.T.);
#8189 = VERTEX_POINT('',#8190);
#8190 = CARTESIAN_POINT('',(684.,136.,-1.5));
#8191 = CIRCLE('',#8192,4.);
#8192 = AXIS2_PLACEMENT_3D('',#8193,#8194,#8195);
#8193 = CARTESIAN_POINT('',(688.,136.,-1.5));
#8194 = DIRECTION('',(0.,0.,1.));
#8195 = DIRECTION('',(1.,0.,-0.));
#8196 = FACE_BOUND('',#8197,.T.);
#8197 = EDGE_LOOP('',(#8198));
#8198 = ORIENTED_EDGE('',*,*,#8199,.T.);
#8199 = EDGE_CURVE('',#8200,#8200,#8202,.T.);
#8200 = VERTEX_POINT('',#8201);
#8201 = CARTESIAN_POINT('',(960.,136.,-1.5));
#8202 = CIRCLE('',#8203,4.);
#8203 = AXIS2_PLACEMENT_3D('',#8204,#8205,#8206);
#8204 = CARTESIAN_POINT('',(964.,136.,-1.5));
#8205 = DIRECTION('',(0.,0.,1.));
#8206 = DIRECTION('',(1.,0.,-0.));
#8207 = FACE_BOUND('',#8208,.T.);
#8208 = EDGE_LOOP('',(#8209));
#8209 = ORIENTED_EDGE('',*,*,#8210,.T.);
#8210 = EDGE_CURVE('',#8211,#8211,#8213,.T.);
#8211 = VERTEX_POINT('',#8212);
#8212 = CARTESIAN_POINT('',(960.,412.,-1.5));
#8213 = CIRCLE('',#8214,4.);
#8214 = AXIS2_PLACEMENT_3D('',#8215,#8216,#8217);
#8215 = CARTESIAN_POINT('',(964.,412.,-1.5));
#8216 = DIRECTION('',(0.,0.,1.));
#8217 = DIRECTION('',(1.,0.,-0.));
#8218 = FACE_BOUND('',#8219,.T.);
#8219 = EDGE_LOOP('',(#8220));
#8220 = ORIENTED_EDGE('',*,*,#8221,.T.);
#8221 = EDGE_CURVE('',#8222,#8222,#8224,.T.);
#8222 = VERTEX_POINT('',#8223);
#8223 = CARTESIAN_POINT('',(132.,688.,-1.5));
#8224 = CIRCLE('',#8225,4.);
#8225 = AXIS2_PLACEMENT_3D('',#8226,#8227,#8228);
#8226 = CARTESIAN_POINT('',(136.,688.,-1.5));
#8227 = DIRECTION('',(0.,0.,1.));
#8228 = DIRECTION('',(1.,0.,-0.));
#8229 = FACE_BOUND('',#8230,.T.);
#8230 = EDGE_LOOP('',(#8231));
#8231 = ORIENTED_EDGE('',*,*,#8232,.T.);
#8232 = EDGE_CURVE('',#8233,#8233,#8235,.T.);
#8233 = VERTEX_POINT('',#8234);
#8234 = CARTESIAN_POINT('',(132.,964.,-1.5));
#8235 = CIRCLE('',#8236,4.);
#8236 = AXIS2_PLACEMENT_3D('',#8237,#8238,#8239);
#8237 = CARTESIAN_POINT('',(136.,964.,-1.5));
#8238 = DIRECTION('',(0.,0.,1.));
#8239 = DIRECTION('',(1.,0.,-0.));
#8240 = FACE_BOUND('',#8241,.T.);
#8241 = EDGE_LOOP('',(#8242));
#8242 = ORIENTED_EDGE('',*,*,#8243,.T.);
#8243 = EDGE_CURVE('',#8244,#8244,#8246,.T.);
#8244 = VERTEX_POINT('',#8245);
#8245 = CARTESIAN_POINT('',(408.,964.,-1.5));
#8246 = CIRCLE('',#8247,4.);
#8247 = AXIS2_PLACEMENT_3D('',#8248,#8249,#8250);
#8248 = CARTESIAN_POINT('',(412.,964.,-1.5));
#8249 = DIRECTION('',(0.,0.,1.));
#8250 = DIRECTION('',(1.,0.,-0.));
#8251 = FACE_BOUND('',#8252,.T.);
#8252 = EDGE_LOOP('',(#8253,#8263,#8271,#8279));
#8253 = ORIENTED_EDGE('',*,*,#8254,.F.);
#8254 = EDGE_CURVE('',#8255,#8257,#8259,.T.);
#8255 = VERTEX_POINT('',#8256);
#8256 = CARTESIAN_POINT('',(950.,150.,-1.5));
#8257 = VERTEX_POINT('',#8258);
#8258 = CARTESIAN_POINT('',(150.,150.,-1.5));
#8259 = LINE('',#8260,#8261);
#8260 = CARTESIAN_POINT('',(135.,150.,-1.5));
#8261 = VECTOR('',#8262,1.);
#8262 = DIRECTION('',(-1.,0.,0.));
#8263 = ORIENTED_EDGE('',*,*,#8264,.T.);
#8264 = EDGE_CURVE('',#8255,#8265,#8267,.T.);
#8265 = VERTEX_POINT('',#8266);
#8266 = CARTESIAN_POINT('',(950.,950.,-1.5));
#8267 = LINE('',#8268,#8269);
#8268 = CARTESIAN_POINT('',(950.,135.,-1.5));
#8269 = VECTOR('',#8270,1.);
#8270 = DIRECTION('',(0.,1.,0.));
#8271 = ORIENTED_EDGE('',*,*,#8272,.T.);
#8272 = EDGE_CURVE('',#8265,#8273,#8275,.T.);
#8273 = VERTEX_POINT('',#8274);
#8274 = CARTESIAN_POINT('',(150.,950.,-1.5));
#8275 = LINE('',#8276,#8277);
#8276 = CARTESIAN_POINT('',(135.,950.,-1.5));
#8277 = VECTOR('',#8278,1.);
#8278 = DIRECTION('',(-1.,0.,0.));
#8279 = ORIENTED_EDGE('',*,*,#8280,.F.);
#8280 = EDGE_CURVE('',#8257,#8273,#8281,.T.);
#8281 = LINE('',#8282,#8283);
#8282 = CARTESIAN_POINT('',(150.,135.,-1.5));
#8283 = VECTOR('',#8284,1.);
#8284 = DIRECTION('',(0.,1.,0.));
#8285 = FACE_BOUND('',#8286,.T.);
#8286 = EDGE_LOOP('',(#8287));
#8287 = ORIENTED_EDGE('',*,*,#8288,.T.);
#8288 = EDGE_CURVE('',#8289,#8289,#8291,.T.);
#8289 = VERTEX_POINT('',#8290);
#8290 = CARTESIAN_POINT('',(960.,688.,-1.5));
#8291 = CIRCLE('',#8292,4.);
#8292 = AXIS2_PLACEMENT_3D('',#8293,#8294,#8295);
#8293 = CARTESIAN_POINT('',(964.,688.,-1.5));
#8294 = DIRECTION('',(0.,0.,1.));
#8295 = DIRECTION('',(1.,0.,-0.));
#8296 = FACE_BOUND('',#8297,.T.);
#8297 = EDGE_LOOP('',(#8298));
#8298 = ORIENTED_EDGE('',*,*,#8299,.T.);
#8299 = EDGE_CURVE('',#8300,#8300,#8302,.T.);
#8300 = VERTEX_POINT('',#8301);
#8301 = CARTESIAN_POINT('',(684.,964.,-1.5));
#8302 = CIRCLE('',#8303,4.);
#8303 = AXIS2_PLACEMENT_3D('',#8304,#8305,#8306);
#8304 = CARTESIAN_POINT('',(688.,964.,-1.5));
#8305 = DIRECTION('',(0.,0.,1.));
#8306 = DIRECTION('',(1.,0.,-0.));
#8307 = FACE_BOUND('',#8308,.T.);
#8308 = EDGE_LOOP('',(#8309));
#8309 = ORIENTED_EDGE('',*,*,#8310,.T.);
#8310 = EDGE_CURVE('',#8311,#8311,#8313,.T.);
#8311 = VERTEX_POINT('',#8312);
#8312 = CARTESIAN_POINT('',(960.,964.,-1.5));
#8313 = CIRCLE('',#8314,4.);
#8314 = AXIS2_PLACEMENT_3D('',#8315,#8316,#8317);
#8315 = CARTESIAN_POINT('',(964.,964.,-1.5));
#8316 = DIRECTION('',(0.,0.,1.));
#8317 = DIRECTION('',(1.,0.,-0.));
#8318 = PLANE('',#8319);
#8319 = AXIS2_PLACEMENT_3D('',#8320,#8321,#8322);
#8320 = CARTESIAN_POINT('',(120.,120.,-1.5));
#8321 = DIRECTION('',(0.,0.,1.));
#8322 = DIRECTION('',(1.,0.,-0.));
#8323 = ADVANCED_FACE('',(#8324),#8342,.F.);
#8324 = FACE_BOUND('',#8325,.T.);
#8325 = EDGE_LOOP('',(#8326,#8334,#8340,#8341));
#8326 = ORIENTED_EDGE('',*,*,#8327,.T.);
#8327 = EDGE_CURVE('',#8077,#8328,#8330,.T.);
#8328 = VERTEX_POINT('',#8329);
#8329 = CARTESIAN_POINT('',(980.,980.,0.));
#8330 = LINE('',#8331,#8332);
#8331 = CARTESIAN_POINT('',(120.,980.,0.));
#8332 = VECTOR('',#8333,1.);
#8333 = DIRECTION('',(1.,0.,0.));
#8334 = ORIENTED_EDGE('',*,*,#8335,.T.);
#8335 = EDGE_CURVE('',#8328,#8139,#8336,.T.);
#8336 = LINE('',#8337,#8338);
#8337 = CARTESIAN_POINT('',(980.,980.,0.));
#8338 = VECTOR('',#8339,1.);
#8339 = DIRECTION('',(0.,0.,-1.));
#8340 = ORIENTED_EDGE('',*,*,#8138,.F.);
#8341 = ORIENTED_EDGE('',*,*,#8084,.F.);
#8342 = PLANE('',#8343);
#8343 = AXIS2_PLACEMENT_3D('',#8344,#8345,#8346);
#8344 = CARTESIAN_POINT('',(120.,980.,0.));
#8345 = DIRECTION('',(0.,-1.,0.));
#8346 = DIRECTION('',(0.,0.,-1.));
#8347 = ADVANCED_FACE('',(#8348,#8359,#8370,#8381,#8392,#8403,#8414,
    #8425,#8436,#8447,#8458,#8492,#8503,#8514),#8525,.T.);
#8348 = FACE_BOUND('',#8349,.T.);
#8349 = EDGE_LOOP('',(#8350,#8351,#8352,#8358));
#8350 = ORIENTED_EDGE('',*,*,#8076,.F.);
#8351 = ORIENTED_EDGE('',*,*,#8106,.T.);
#8352 = ORIENTED_EDGE('',*,*,#8353,.T.);
#8353 = EDGE_CURVE('',#8107,#8328,#8354,.T.);
#8354 = LINE('',#8355,#8356);
#8355 = CARTESIAN_POINT('',(980.,120.,0.));
#8356 = VECTOR('',#8357,1.);
#8357 = DIRECTION('',(0.,1.,0.));
#8358 = ORIENTED_EDGE('',*,*,#8327,.F.);
#8359 = FACE_BOUND('',#8360,.T.);
#8360 = EDGE_LOOP('',(#8361));
#8361 = ORIENTED_EDGE('',*,*,#8362,.F.);
#8362 = EDGE_CURVE('',#8363,#8363,#8365,.T.);
#8363 = VERTEX_POINT('',#8364);
#8364 = CARTESIAN_POINT('',(132.,136.,0.));
#8365 = CIRCLE('',#8366,4.);
#8366 = AXIS2_PLACEMENT_3D('',#8367,#8368,#8369);
#8367 = CARTESIAN_POINT('',(136.,136.,0.));
#8368 = DIRECTION('',(0.,0.,1.));
#8369 = DIRECTION('',(1.,0.,-0.));
#8370 = FACE_BOUND('',#8371,.T.);
#8371 = EDGE_LOOP('',(#8372));
#8372 = ORIENTED_EDGE('',*,*,#8373,.F.);
#8373 = EDGE_CURVE('',#8374,#8374,#8376,.T.);
#8374 = VERTEX_POINT('',#8375);
#8375 = CARTESIAN_POINT('',(408.,136.,0.));
#8376 = CIRCLE('',#8377,4.);
#8377 = AXIS2_PLACEMENT_3D('',#8378,#8379,#8380);
#8378 = CARTESIAN_POINT('',(412.,136.,0.));
#8379 = DIRECTION('',(0.,0.,1.));
#8380 = DIRECTION('',(1.,0.,-0.));
#8381 = FACE_BOUND('',#8382,.T.);
#8382 = EDGE_LOOP('',(#8383));
#8383 = ORIENTED_EDGE('',*,*,#8384,.F.);
#8384 = EDGE_CURVE('',#8385,#8385,#8387,.T.);
#8385 = VERTEX_POINT('',#8386);
#8386 = CARTESIAN_POINT('',(132.,412.,0.));
#8387 = CIRCLE('',#8388,4.);
#8388 = AXIS2_PLACEMENT_3D('',#8389,#8390,#8391);
#8389 = CARTESIAN_POINT('',(136.,412.,0.));
#8390 = DIRECTION('',(0.,0.,1.));
#8391 = DIRECTION('',(1.,0.,-0.));
#8392 = FACE_BOUND('',#8393,.T.);
#8393 = EDGE_LOOP('',(#8394));
#8394 = ORIENTED_EDGE('',*,*,#8395,.F.);
#8395 = EDGE_CURVE('',#8396,#8396,#8398,.T.);
#8396 = VERTEX_POINT('',#8397);
#8397 = CARTESIAN_POINT('',(684.,136.,0.));
#8398 = CIRCLE('',#8399,4.);
#8399 = AXIS2_PLACEMENT_3D('',#8400,#8401,#8402);
#8400 = CARTESIAN_POINT('',(688.,136.,0.));
#8401 = DIRECTION('',(0.,0.,1.));
#8402 = DIRECTION('',(1.,0.,-0.));
#8403 = FACE_BOUND('',#8404,.T.);
#8404 = EDGE_LOOP('',(#8405));
#8405 = ORIENTED_EDGE('',*,*,#8406,.F.);
#8406 = EDGE_CURVE('',#8407,#8407,#8409,.T.);
#8407 = VERTEX_POINT('',#8408);
#8408 = CARTESIAN_POINT('',(960.,136.,0.));
#8409 = CIRCLE('',#8410,4.);
#8410 = AXIS2_PLACEMENT_3D('',#8411,#8412,#8413);
#8411 = CARTESIAN_POINT('',(964.,136.,0.));
#8412 = DIRECTION('',(0.,0.,1.));
#8413 = DIRECTION('',(1.,0.,-0.));
#8414 = FACE_BOUND('',#8415,.T.);
#8415 = EDGE_LOOP('',(#8416));
#8416 = ORIENTED_EDGE('',*,*,#8417,.F.);
#8417 = EDGE_CURVE('',#8418,#8418,#8420,.T.);
#8418 = VERTEX_POINT('',#8419);
#8419 = CARTESIAN_POINT('',(960.,412.,0.));
#8420 = CIRCLE('',#8421,4.);
#8421 = AXIS2_PLACEMENT_3D('',#8422,#8423,#8424);
#8422 = CARTESIAN_POINT('',(964.,412.,0.));
#8423 = DIRECTION('',(0.,0.,1.));
#8424 = DIRECTION('',(1.,0.,-0.));
#8425 = FACE_BOUND('',#8426,.T.);
#8426 = EDGE_LOOP('',(#8427));
#8427 = ORIENTED_EDGE('',*,*,#8428,.F.);
#8428 = EDGE_CURVE('',#8429,#8429,#8431,.T.);
#8429 = VERTEX_POINT('',#8430);
#8430 = CARTESIAN_POINT('',(132.,688.,0.));
#8431 = CIRCLE('',#8432,4.);
#8432 = AXIS2_PLACEMENT_3D('',#8433,#8434,#8435);
#8433 = CARTESIAN_POINT('',(136.,688.,0.));
#8434 = DIRECTION('',(0.,0.,1.));
#8435 = DIRECTION('',(1.,0.,-0.));
#8436 = FACE_BOUND('',#8437,.T.);
#8437 = EDGE_LOOP('',(#8438));
#8438 = ORIENTED_EDGE('',*,*,#8439,.F.);
#8439 = EDGE_CURVE('',#8440,#8440,#8442,.T.);
#8440 = VERTEX_POINT('',#8441);
#8441 = CARTESIAN_POINT('',(132.,964.,0.));
#8442 = CIRCLE('',#8443,4.);
#8443 = AXIS2_PLACEMENT_3D('',#8444,#8445,#8446);
#8444 = CARTESIAN_POINT('',(136.,964.,0.));
#8445 = DIRECTION('',(0.,0.,1.));
#8446 = DIRECTION('',(1.,0.,-0.));
#8447 = FACE_BOUND('',#8448,.T.);
#8448 = EDGE_LOOP('',(#8449));
#8449 = ORIENTED_EDGE('',*,*,#8450,.F.);
#8450 = EDGE_CURVE('',#8451,#8451,#8453,.T.);
#8451 = VERTEX_POINT('',#8452);
#8452 = CARTESIAN_POINT('',(408.,964.,0.));
#8453 = CIRCLE('',#8454,4.);
#8454 = AXIS2_PLACEMENT_3D('',#8455,#8456,#8457);
#8455 = CARTESIAN_POINT('',(412.,964.,0.));
#8456 = DIRECTION('',(0.,0.,1.));
#8457 = DIRECTION('',(1.,0.,-0.));
#8458 = FACE_BOUND('',#8459,.T.);
#8459 = EDGE_LOOP('',(#8460,#8470,#8478,#8486));
#8460 = ORIENTED_EDGE('',*,*,#8461,.T.);
#8461 = EDGE_CURVE('',#8462,#8464,#8466,.T.);
#8462 = VERTEX_POINT('',#8463);
#8463 = CARTESIAN_POINT('',(950.,150.,0.));
#8464 = VERTEX_POINT('',#8465);
#8465 = CARTESIAN_POINT('',(150.,150.,0.));
#8466 = LINE('',#8467,#8468);
#8467 = CARTESIAN_POINT('',(135.,150.,0.));
#8468 = VECTOR('',#8469,1.);
#8469 = DIRECTION('',(-1.,0.,0.));
#8470 = ORIENTED_EDGE('',*,*,#8471,.T.);
#8471 = EDGE_CURVE('',#8464,#8472,#8474,.T.);
#8472 = VERTEX_POINT('',#8473);
#8473 = CARTESIAN_POINT('',(150.,950.,0.));
#8474 = LINE('',#8475,#8476);
#8475 = CARTESIAN_POINT('',(150.,135.,0.));
#8476 = VECTOR('',#8477,1.);
#8477 = DIRECTION('',(0.,1.,0.));
#8478 = ORIENTED_EDGE('',*,*,#8479,.F.);
#8479 = EDGE_CURVE('',#8480,#8472,#8482,.T.);
#8480 = VERTEX_POINT('',#8481);
#8481 = CARTESIAN_POINT('',(950.,950.,0.));
#8482 = LINE('',#8483,#8484);
#8483 = CARTESIAN_POINT('',(135.,950.,0.));
#8484 = VECTOR('',#8485,1.);
#8485 = DIRECTION('',(-1.,0.,0.));
#8486 = ORIENTED_EDGE('',*,*,#8487,.F.);
#8487 = EDGE_CURVE('',#8462,#8480,#8488,.T.);
#8488 = LINE('',#8489,#8490);
#8489 = CARTESIAN_POINT('',(950.,135.,0.));
#8490 = VECTOR('',#8491,1.);
#8491 = DIRECTION('',(0.,1.,0.));
#8492 = FACE_BOUND('',#8493,.T.);
#8493 = EDGE_LOOP('',(#8494));
#8494 = ORIENTED_EDGE('',*,*,#8495,.F.);
#8495 = EDGE_CURVE('',#8496,#8496,#8498,.T.);
#8496 = VERTEX_POINT('',#8497);
#8497 = CARTESIAN_POINT('',(960.,688.,0.));
#8498 = CIRCLE('',#8499,4.);
#8499 = AXIS2_PLACEMENT_3D('',#8500,#8501,#8502);
#8500 = CARTESIAN_POINT('',(964.,688.,0.));
#8501 = DIRECTION('',(0.,0.,1.));
#8502 = DIRECTION('',(1.,0.,-0.));
#8503 = FACE_BOUND('',#8504,.T.);
#8504 = EDGE_LOOP('',(#8505));
#8505 = ORIENTED_EDGE('',*,*,#8506,.F.);
#8506 = EDGE_CURVE('',#8507,#8507,#8509,.T.);
#8507 = VERTEX_POINT('',#8508);
#8508 = CARTESIAN_POINT('',(684.,964.,0.));
#8509 = CIRCLE('',#8510,4.);
#8510 = AXIS2_PLACEMENT_3D('',#8511,#8512,#8513);
#8511 = CARTESIAN_POINT('',(688.,964.,0.));
#8512 = DIRECTION('',(0.,0.,1.));
#8513 = DIRECTION('',(1.,0.,-0.));
#8514 = FACE_BOUND('',#8515,.T.);
#8515 = EDGE_LOOP('',(#8516));
#8516 = ORIENTED_EDGE('',*,*,#8517,.F.);
#8517 = EDGE_CURVE('',#8518,#8518,#8520,.T.);
#8518 = VERTEX_POINT('',#8519);
#8519 = CARTESIAN_POINT('',(960.,964.,0.));
#8520 = CIRCLE('',#8521,4.);
#8521 = AXIS2_PLACEMENT_3D('',#8522,#8523,#8524);
#8522 = CARTESIAN_POINT('',(964.,964.,0.));
#8523 = DIRECTION('',(0.,0.,1.));
#8524 = DIRECTION('',(1.,0.,-0.));
#8525 = PLANE('',#8526);
#8526 = AXIS2_PLACEMENT_3D('',#8527,#8528,#8529);
#8527 = CARTESIAN_POINT('',(120.,120.,0.));
#8528 = DIRECTION('',(0.,0.,1.));
#8529 = DIRECTION('',(1.,0.,-0.));
#8530 = ADVANCED_FACE('',(#8531),#8537,.F.);
#8531 = FACE_BOUND('',#8532,.T.);
#8532 = EDGE_LOOP('',(#8533,#8534,#8535,#8536));
#8533 = ORIENTED_EDGE('',*,*,#8123,.T.);
#8534 = ORIENTED_EDGE('',*,*,#8146,.T.);
#8535 = ORIENTED_EDGE('',*,*,#8335,.F.);
#8536 = ORIENTED_EDGE('',*,*,#8353,.F.);
#8537 = PLANE('',#8538);
#8538 = AXIS2_PLACEMENT_3D('',#8539,#8540,#8541);
#8539 = CARTESIAN_POINT('',(980.,120.,0.));
#8540 = DIRECTION('',(-1.,0.,0.));
#8541 = DIRECTION('',(0.,0.,-1.));
#8542 = ADVANCED_FACE('',(#8543),#8554,.F.);
#8543 = FACE_BOUND('',#8544,.F.);
#8544 = EDGE_LOOP('',(#8545,#8551,#8552,#8553));
#8545 = ORIENTED_EDGE('',*,*,#8546,.T.);
#8546 = EDGE_CURVE('',#8156,#8363,#8547,.T.);
#8547 = LINE('',#8548,#8549);
#8548 = CARTESIAN_POINT('',(132.,136.,1.));
#8549 = VECTOR('',#8550,1.);
#8550 = DIRECTION('',(0.,0.,1.));
#8551 = ORIENTED_EDGE('',*,*,#8362,.F.);
#8552 = ORIENTED_EDGE('',*,*,#8546,.F.);
#8553 = ORIENTED_EDGE('',*,*,#8155,.T.);
#8554 = CYLINDRICAL_SURFACE('',#8555,4.);
#8555 = AXIS2_PLACEMENT_3D('',#8556,#8557,#8558);
#8556 = CARTESIAN_POINT('',(136.,136.,1.));
#8557 = DIRECTION('',(0.,0.,1.));
#8558 = DIRECTION('',(1.,0.,-0.));
#8559 = ADVANCED_FACE('',(#8560),#8571,.F.);
#8560 = FACE_BOUND('',#8561,.F.);
#8561 = EDGE_LOOP('',(#8562,#8568,#8569,#8570));
#8562 = ORIENTED_EDGE('',*,*,#8563,.T.);
#8563 = EDGE_CURVE('',#8167,#8374,#8564,.T.);
#8564 = LINE('',#8565,#8566);
#8565 = CARTESIAN_POINT('',(408.,136.,1.));
#8566 = VECTOR('',#8567,1.);
#8567 = DIRECTION('',(0.,0.,1.));
#8568 = ORIENTED_EDGE('',*,*,#8373,.F.);
#8569 = ORIENTED_EDGE('',*,*,#8563,.F.);
#8570 = ORIENTED_EDGE('',*,*,#8166,.T.);
#8571 = CYLINDRICAL_SURFACE('',#8572,4.);
#8572 = AXIS2_PLACEMENT_3D('',#8573,#8574,#8575);
#8573 = CARTESIAN_POINT('',(412.,136.,1.));
#8574 = DIRECTION('',(0.,0.,1.));
#8575 = DIRECTION('',(1.,0.,-0.));
#8576 = ADVANCED_FACE('',(#8577),#8588,.F.);
#8577 = FACE_BOUND('',#8578,.F.);
#8578 = EDGE_LOOP('',(#8579,#8585,#8586,#8587));
#8579 = ORIENTED_EDGE('',*,*,#8580,.T.);
#8580 = EDGE_CURVE('',#8178,#8385,#8581,.T.);
#8581 = LINE('',#8582,#8583);
#8582 = CARTESIAN_POINT('',(132.,412.,1.));
#8583 = VECTOR('',#8584,1.);
#8584 = DIRECTION('',(0.,0.,1.));
#8585 = ORIENTED_EDGE('',*,*,#8384,.F.);
#8586 = ORIENTED_EDGE('',*,*,#8580,.F.);
#8587 = ORIENTED_EDGE('',*,*,#8177,.T.);
#8588 = CYLINDRICAL_SURFACE('',#8589,4.);
#8589 = AXIS2_PLACEMENT_3D('',#8590,#8591,#8592);
#8590 = CARTESIAN_POINT('',(136.,412.,1.));
#8591 = DIRECTION('',(0.,0.,1.));
#8592 = DIRECTION('',(1.,0.,-0.));
#8593 = ADVANCED_FACE('',(#8594),#8605,.F.);
#8594 = FACE_BOUND('',#8595,.F.);
#8595 = EDGE_LOOP('',(#8596,#8602,#8603,#8604));
#8596 = ORIENTED_EDGE('',*,*,#8597,.T.);
#8597 = EDGE_CURVE('',#8189,#8396,#8598,.T.);
#8598 = LINE('',#8599,#8600);
#8599 = CARTESIAN_POINT('',(684.,136.,1.));
#8600 = VECTOR('',#8601,1.);
#8601 = DIRECTION('',(0.,0.,1.));
#8602 = ORIENTED_EDGE('',*,*,#8395,.F.);
#8603 = ORIENTED_EDGE('',*,*,#8597,.F.);
#8604 = ORIENTED_EDGE('',*,*,#8188,.T.);
#8605 = CYLINDRICAL_SURFACE('',#8606,4.);
#8606 = AXIS2_PLACEMENT_3D('',#8607,#8608,#8609);
#8607 = CARTESIAN_POINT('',(688.,136.,1.));
#8608 = DIRECTION('',(0.,0.,1.));
#8609 = DIRECTION('',(1.,0.,-0.));
#8610 = ADVANCED_FACE('',(#8611),#8622,.F.);
#8611 = FACE_BOUND('',#8612,.F.);
#8612 = EDGE_LOOP('',(#8613,#8619,#8620,#8621));
#8613 = ORIENTED_EDGE('',*,*,#8614,.T.);
#8614 = EDGE_CURVE('',#8200,#8407,#8615,.T.);
#8615 = LINE('',#8616,#8617);
#8616 = CARTESIAN_POINT('',(960.,136.,1.));
#8617 = VECTOR('',#8618,1.);
#8618 = DIRECTION('',(0.,0.,1.));
#8619 = ORIENTED_EDGE('',*,*,#8406,.F.);
#8620 = ORIENTED_EDGE('',*,*,#8614,.F.);
#8621 = ORIENTED_EDGE('',*,*,#8199,.T.);
#8622 = CYLINDRICAL_SURFACE('',#8623,4.);
#8623 = AXIS2_PLACEMENT_3D('',#8624,#8625,#8626);
#8624 = CARTESIAN_POINT('',(964.,136.,1.));
#8625 = DIRECTION('',(0.,0.,1.));
#8626 = DIRECTION('',(1.,0.,-0.));
#8627 = ADVANCED_FACE('',(#8628),#8639,.F.);
#8628 = FACE_BOUND('',#8629,.F.);
#8629 = EDGE_LOOP('',(#8630,#8636,#8637,#8638));
#8630 = ORIENTED_EDGE('',*,*,#8631,.T.);
#8631 = EDGE_CURVE('',#8211,#8418,#8632,.T.);
#8632 = LINE('',#8633,#8634);
#8633 = CARTESIAN_POINT('',(960.,412.,1.));
#8634 = VECTOR('',#8635,1.);
#8635 = DIRECTION('',(0.,0.,1.));
#8636 = ORIENTED_EDGE('',*,*,#8417,.F.);
#8637 = ORIENTED_EDGE('',*,*,#8631,.F.);
#8638 = ORIENTED_EDGE('',*,*,#8210,.T.);
#8639 = CYLINDRICAL_SURFACE('',#8640,4.);
#8640 = AXIS2_PLACEMENT_3D('',#8641,#8642,#8643);
#8641 = CARTESIAN_POINT('',(964.,412.,1.));
#8642 = DIRECTION('',(0.,0.,1.));
#8643 = DIRECTION('',(1.,0.,-0.));
#8644 = ADVANCED_FACE('',(#8645),#8656,.F.);
#8645 = FACE_BOUND('',#8646,.F.);
#8646 = EDGE_LOOP('',(#8647,#8653,#8654,#8655));
#8647 = ORIENTED_EDGE('',*,*,#8648,.T.);
#8648 = EDGE_CURVE('',#8222,#8429,#8649,.T.);
#8649 = LINE('',#8650,#8651);
#8650 = CARTESIAN_POINT('',(132.,688.,1.));
#8651 = VECTOR('',#8652,1.);
#8652 = DIRECTION('',(0.,0.,1.));
#8653 = ORIENTED_EDGE('',*,*,#8428,.F.);
#8654 = ORIENTED_EDGE('',*,*,#8648,.F.);
#8655 = ORIENTED_EDGE('',*,*,#8221,.T.);
#8656 = CYLINDRICAL_SURFACE('',#8657,4.);
#8657 = AXIS2_PLACEMENT_3D('',#8658,#8659,#8660);
#8658 = CARTESIAN_POINT('',(136.,688.,1.));
#8659 = DIRECTION('',(0.,0.,1.));
#8660 = DIRECTION('',(1.,0.,-0.));
#8661 = ADVANCED_FACE('',(#8662),#8673,.F.);
#8662 = FACE_BOUND('',#8663,.F.);
#8663 = EDGE_LOOP('',(#8664,#8670,#8671,#8672));
#8664 = ORIENTED_EDGE('',*,*,#8665,.T.);
#8665 = EDGE_CURVE('',#8233,#8440,#8666,.T.);
#8666 = LINE('',#8667,#8668);
#8667 = CARTESIAN_POINT('',(132.,964.,1.));
#8668 = VECTOR('',#8669,1.);
#8669 = DIRECTION('',(0.,0.,1.));
#8670 = ORIENTED_EDGE('',*,*,#8439,.F.);
#8671 = ORIENTED_EDGE('',*,*,#8665,.F.);
#8672 = ORIENTED_EDGE('',*,*,#8232,.T.);
#8673 = CYLINDRICAL_SURFACE('',#8674,4.);
#8674 = AXIS2_PLACEMENT_3D('',#8675,#8676,#8677);
#8675 = CARTESIAN_POINT('',(136.,964.,1.));
#8676 = DIRECTION('',(0.,0.,1.));
#8677 = DIRECTION('',(1.,0.,-0.));
#8678 = ADVANCED_FACE('',(#8679),#8690,.F.);
#8679 = FACE_BOUND('',#8680,.F.);
#8680 = EDGE_LOOP('',(#8681,#8687,#8688,#8689));
#8681 = ORIENTED_EDGE('',*,*,#8682,.T.);
#8682 = EDGE_CURVE('',#8244,#8451,#8683,.T.);
#8683 = LINE('',#8684,#8685);
#8684 = CARTESIAN_POINT('',(408.,964.,1.));
#8685 = VECTOR('',#8686,1.);
#8686 = DIRECTION('',(0.,0.,1.));
#8687 = ORIENTED_EDGE('',*,*,#8450,.F.);
#8688 = ORIENTED_EDGE('',*,*,#8682,.F.);
#8689 = ORIENTED_EDGE('',*,*,#8243,.T.);
#8690 = CYLINDRICAL_SURFACE('',#8691,4.);
#8691 = AXIS2_PLACEMENT_3D('',#8692,#8693,#8694);
#8692 = CARTESIAN_POINT('',(412.,964.,1.));
#8693 = DIRECTION('',(0.,0.,1.));
#8694 = DIRECTION('',(1.,0.,-0.));
#8695 = ADVANCED_FACE('',(#8696),#8712,.F.);
#8696 = FACE_BOUND('',#8697,.T.);
#8697 = EDGE_LOOP('',(#8698,#8704,#8705,#8711));
#8698 = ORIENTED_EDGE('',*,*,#8699,.T.);
#8699 = EDGE_CURVE('',#8462,#8255,#8700,.T.);
#8700 = LINE('',#8701,#8702);
#8701 = CARTESIAN_POINT('',(950.,150.,1.));
#8702 = VECTOR('',#8703,1.);
#8703 = DIRECTION('',(0.,0.,-1.));
#8704 = ORIENTED_EDGE('',*,*,#8254,.T.);
#8705 = ORIENTED_EDGE('',*,*,#8706,.F.);
#8706 = EDGE_CURVE('',#8464,#8257,#8707,.T.);
#8707 = LINE('',#8708,#8709);
#8708 = CARTESIAN_POINT('',(150.,150.,1.));
#8709 = VECTOR('',#8710,1.);
#8710 = DIRECTION('',(0.,0.,-1.));
#8711 = ORIENTED_EDGE('',*,*,#8461,.F.);
#8712 = PLANE('',#8713);
#8713 = AXIS2_PLACEMENT_3D('',#8714,#8715,#8716);
#8714 = CARTESIAN_POINT('',(150.,150.,1.));
#8715 = DIRECTION('',(0.,-1.,0.));
#8716 = DIRECTION('',(0.,0.,-1.));
#8717 = ADVANCED_FACE('',(#8718),#8729,.T.);
#8718 = FACE_BOUND('',#8719,.T.);
#8719 = EDGE_LOOP('',(#8720,#8721,#8722,#8728));
#8720 = ORIENTED_EDGE('',*,*,#8699,.F.);
#8721 = ORIENTED_EDGE('',*,*,#8487,.T.);
#8722 = ORIENTED_EDGE('',*,*,#8723,.T.);
#8723 = EDGE_CURVE('',#8480,#8265,#8724,.T.);
#8724 = LINE('',#8725,#8726);
#8725 = CARTESIAN_POINT('',(950.,950.,1.));
#8726 = VECTOR('',#8727,1.);
#8727 = DIRECTION('',(0.,0.,-1.));
#8728 = ORIENTED_EDGE('',*,*,#8264,.F.);
#8729 = PLANE('',#8730);
#8730 = AXIS2_PLACEMENT_3D('',#8731,#8732,#8733);
#8731 = CARTESIAN_POINT('',(950.,150.,1.));
#8732 = DIRECTION('',(-1.,0.,0.));
#8733 = DIRECTION('',(0.,0.,-1.));
#8734 = ADVANCED_FACE('',(#8735),#8746,.F.);
#8735 = FACE_BOUND('',#8736,.T.);
#8736 = EDGE_LOOP('',(#8737,#8738,#8739,#8745));
#8737 = ORIENTED_EDGE('',*,*,#8706,.T.);
#8738 = ORIENTED_EDGE('',*,*,#8280,.T.);
#8739 = ORIENTED_EDGE('',*,*,#8740,.F.);
#8740 = EDGE_CURVE('',#8472,#8273,#8741,.T.);
#8741 = LINE('',#8742,#8743);
#8742 = CARTESIAN_POINT('',(150.,950.,1.));
#8743 = VECTOR('',#8744,1.);
#8744 = DIRECTION('',(0.,0.,-1.));
#8745 = ORIENTED_EDGE('',*,*,#8471,.F.);
#8746 = PLANE('',#8747);
#8747 = AXIS2_PLACEMENT_3D('',#8748,#8749,#8750);
#8748 = CARTESIAN_POINT('',(150.,150.,1.));
#8749 = DIRECTION('',(-1.,0.,0.));
#8750 = DIRECTION('',(0.,0.,-1.));
#8751 = ADVANCED_FACE('',(#8752),#8758,.T.);
#8752 = FACE_BOUND('',#8753,.T.);
#8753 = EDGE_LOOP('',(#8754,#8755,#8756,#8757));
#8754 = ORIENTED_EDGE('',*,*,#8723,.F.);
#8755 = ORIENTED_EDGE('',*,*,#8479,.T.);
#8756 = ORIENTED_EDGE('',*,*,#8740,.T.);
#8757 = ORIENTED_EDGE('',*,*,#8272,.F.);
#8758 = PLANE('',#8759);
#8759 = AXIS2_PLACEMENT_3D('',#8760,#8761,#8762);
#8760 = CARTESIAN_POINT('',(150.,950.,1.));
#8761 = DIRECTION('',(0.,-1.,0.));
#8762 = DIRECTION('',(0.,0.,-1.));
#8763 = ADVANCED_FACE('',(#8764),#8775,.F.);
#8764 = FACE_BOUND('',#8765,.F.);
#8765 = EDGE_LOOP('',(#8766,#8772,#8773,#8774));
#8766 = ORIENTED_EDGE('',*,*,#8767,.T.);
#8767 = EDGE_CURVE('',#8289,#8496,#8768,.T.);
#8768 = LINE('',#8769,#8770);
#8769 = CARTESIAN_POINT('',(960.,688.,1.));
#8770 = VECTOR('',#8771,1.);
#8771 = DIRECTION('',(0.,0.,1.));
#8772 = ORIENTED_EDGE('',*,*,#8495,.F.);
#8773 = ORIENTED_EDGE('',*,*,#8767,.F.);
#8774 = ORIENTED_EDGE('',*,*,#8288,.T.);
#8775 = CYLINDRICAL_SURFACE('',#8776,4.);
#8776 = AXIS2_PLACEMENT_3D('',#8777,#8778,#8779);
#8777 = CARTESIAN_POINT('',(964.,688.,1.));
#8778 = DIRECTION('',(0.,0.,1.));
#8779 = DIRECTION('',(1.,0.,-0.));
#8780 = ADVANCED_FACE('',(#8781),#8792,.F.);
#8781 = FACE_BOUND('',#8782,.F.);
#8782 = EDGE_LOOP('',(#8783,#8789,#8790,#8791));
#8783 = ORIENTED_EDGE('',*,*,#8784,.T.);
#8784 = EDGE_CURVE('',#8300,#8507,#8785,.T.);
#8785 = LINE('',#8786,#8787);
#8786 = CARTESIAN_POINT('',(684.,964.,1.));
#8787 = VECTOR('',#8788,1.);
#8788 = DIRECTION('',(0.,0.,1.));
#8789 = ORIENTED_EDGE('',*,*,#8506,.F.);
#8790 = ORIENTED_EDGE('',*,*,#8784,.F.);
#8791 = ORIENTED_EDGE('',*,*,#8299,.T.);
#8792 = CYLINDRICAL_SURFACE('',#8793,4.);
#8793 = AXIS2_PLACEMENT_3D('',#8794,#8795,#8796);
#8794 = CARTESIAN_POINT('',(688.,964.,1.));
#8795 = DIRECTION('',(0.,0.,1.));
#8796 = DIRECTION('',(1.,0.,-0.));
#8797 = ADVANCED_FACE('',(#8798),#8809,.F.);
#8798 = FACE_BOUND('',#8799,.F.);
#8799 = EDGE_LOOP('',(#8800,#8806,#8807,#8808));
#8800 = ORIENTED_EDGE('',*,*,#8801,.T.);
#8801 = EDGE_CURVE('',#8311,#8518,#8802,.T.);
#8802 = LINE('',#8803,#8804);
#8803 = CARTESIAN_POINT('',(960.,964.,1.));
#8804 = VECTOR('',#8805,1.);
#8805 = DIRECTION('',(0.,0.,1.));
#8806 = ORIENTED_EDGE('',*,*,#8517,.F.);
#8807 = ORIENTED_EDGE('',*,*,#8801,.F.);
#8808 = ORIENTED_EDGE('',*,*,#8310,.T.);
#8809 = CYLINDRICAL_SURFACE('',#8810,4.);
#8810 = AXIS2_PLACEMENT_3D('',#8811,#8812,#8813);
#8811 = CARTESIAN_POINT('',(964.,964.,1.));
#8812 = DIRECTION('',(0.,0.,1.));
#8813 = DIRECTION('',(1.,0.,-0.));
#8814 = ( GEOMETRIC_REPRESENTATION_CONTEXT(3) 
GLOBAL_UNCERTAINTY_ASSIGNED_CONTEXT((#8818)) 
GLOBAL_UNIT_ASSIGNED_CONTEXT((#8815,#8816,#8817)) REPRESENTATION_CONTEXT
('Context #1','3D Context with UNIT and UNCERTAINTY') );
#8815 = ( LENGTH_UNIT() NAMED_UNIT(*) SI_UNIT(.MILLI.,.METRE.) );
#8816 = ( NAMED_UNIT(*) PLANE_ANGLE_UNIT() SI_UNIT($,.RADIAN.) );
#8817 = ( NAMED_UNIT(*) SI_UNIT($,.STERADIAN.) SOLID_ANGLE_UNIT() );
#8818 = UNCERTAINTY_MEASURE_WITH_UNIT(LENGTH_MEASURE(1.E-07),#8815,
  'distance_accuracy_value','confusion accuracy');
#8819 = CONTEXT_DEPENDENT_SHAPE_REPRESENTATION(#8820,#8822);
#8820 = ( REPRESENTATION_RELATIONSHIP('','',#8059,#8032) 
REPRESENTATION_RELATIONSHIP_WITH_TRANSFORMATION(#8821) 
SHAPE_REPRESENTATION_RELATIONSHIP() );
#8821 = ITEM_DEFINED_TRANSFORMATION('','',#11,#8033);
#8822 = PRODUCT_DEFINITION_SHAPE('Placement','Placement of an item',
  #8823);
#8823 = NEXT_ASSEMBLY_USAGE_OCCURRENCE('44',
  'Bottom_flange_860_open_800_12xD8(Mirror)','',#8027,#8054,$);
#8824 = PRODUCT_RELATED_PRODUCT_CATEGORY('part',$,(#8056));
#8825 = SHAPE_DEFINITION_REPRESENTATION(#8826,#8832);
#8826 = PRODUCT_DEFINITION_SHAPE('','',#8827);
#8827 = PRODUCT_DEFINITION('design','',#8828,#8831);
#8828 = PRODUCT_DEFINITION_FORMATION('','',#8829);
#8829 = PRODUCT('Bottom_neck_800_clear(Mirror)',
  'Bottom_neck_800_clear(Mirror)','',(#8830));
#8830 = PRODUCT_CONTEXT('',#2,'mechanical');
#8831 = PRODUCT_DEFINITION_CONTEXT('part definition',#2,'design');
#8832 = ADVANCED_BREP_SHAPE_REPRESENTATION('',(#11,#8833),#9119);
#8833 = MANIFOLD_SOLID_BREP('',#8834);
#8834 = CLOSED_SHELL('',(#8835,#8875,#8906,#8964,#8988,#9039,#9051,#9073
    ,#9090,#9107));
#8835 = ADVANCED_FACE('',(#8836),#8870,.T.);
#8836 = FACE_BOUND('',#8837,.T.);
#8837 = EDGE_LOOP('',(#8838,#8848,#8856,#8864));
#8838 = ORIENTED_EDGE('',*,*,#8839,.F.);
#8839 = EDGE_CURVE('',#8840,#8842,#8844,.T.);
#8840 = VERTEX_POINT('',#8841);
#8841 = CARTESIAN_POINT('',(148.5,148.5,-1.5));
#8842 = VERTEX_POINT('',#8843);
#8843 = CARTESIAN_POINT('',(148.5,148.5,-30.));
#8844 = LINE('',#8845,#8846);
#8845 = CARTESIAN_POINT('',(148.5,148.5,-1.5));
#8846 = VECTOR('',#8847,1.);
#8847 = DIRECTION('',(0.,0.,-1.));
#8848 = ORIENTED_EDGE('',*,*,#8849,.T.);
#8849 = EDGE_CURVE('',#8840,#8850,#8852,.T.);
#8850 = VERTEX_POINT('',#8851);
#8851 = CARTESIAN_POINT('',(148.5,951.5,-1.5));
#8852 = LINE('',#8853,#8854);
#8853 = CARTESIAN_POINT('',(148.5,148.5,-1.5));
#8854 = VECTOR('',#8855,1.);
#8855 = DIRECTION('',(0.,1.,0.));
#8856 = ORIENTED_EDGE('',*,*,#8857,.T.);
#8857 = EDGE_CURVE('',#8850,#8858,#8860,.T.);
#8858 = VERTEX_POINT('',#8859);
#8859 = CARTESIAN_POINT('',(148.5,951.5,-30.));
#8860 = LINE('',#8861,#8862);
#8861 = CARTESIAN_POINT('',(148.5,951.5,-1.5));
#8862 = VECTOR('',#8863,1.);
#8863 = DIRECTION('',(0.,0.,-1.));
#8864 = ORIENTED_EDGE('',*,*,#8865,.F.);
#8865 = EDGE_CURVE('',#8842,#8858,#8866,.T.);
#8866 = LINE('',#8867,#8868);
#8867 = CARTESIAN_POINT('',(148.5,148.5,-30.));
#8868 = VECTOR('',#8869,1.);
#8869 = DIRECTION('',(0.,1.,0.));
#8870 = PLANE('',#8871);
#8871 = AXIS2_PLACEMENT_3D('',#8872,#8873,#8874);
#8872 = CARTESIAN_POINT('',(148.5,148.5,-1.5));
#8873 = DIRECTION('',(-1.,0.,0.));
#8874 = DIRECTION('',(0.,0.,-1.));
#8875 = ADVANCED_FACE('',(#8876),#8901,.T.);
#8876 = FACE_BOUND('',#8877,.T.);
#8877 = EDGE_LOOP('',(#8878,#8886,#8887,#8895));
#8878 = ORIENTED_EDGE('',*,*,#8879,.F.);
#8879 = EDGE_CURVE('',#8840,#8880,#8882,.T.);
#8880 = VERTEX_POINT('',#8881);
#8881 = CARTESIAN_POINT('',(951.5,148.5,-1.5));
#8882 = LINE('',#8883,#8884);
#8883 = CARTESIAN_POINT('',(148.5,148.5,-1.5));
#8884 = VECTOR('',#8885,1.);
#8885 = DIRECTION('',(1.,0.,0.));
#8886 = ORIENTED_EDGE('',*,*,#8839,.T.);
#8887 = ORIENTED_EDGE('',*,*,#8888,.T.);
#8888 = EDGE_CURVE('',#8842,#8889,#8891,.T.);
#8889 = VERTEX_POINT('',#8890);
#8890 = CARTESIAN_POINT('',(951.5,148.5,-30.));
#8891 = LINE('',#8892,#8893);
#8892 = CARTESIAN_POINT('',(148.5,148.5,-30.));
#8893 = VECTOR('',#8894,1.);
#8894 = DIRECTION('',(1.,0.,0.));
#8895 = ORIENTED_EDGE('',*,*,#8896,.F.);
#8896 = EDGE_CURVE('',#8880,#8889,#8897,.T.);
#8897 = LINE('',#8898,#8899);
#8898 = CARTESIAN_POINT('',(951.5,148.5,-1.5));
#8899 = VECTOR('',#8900,1.);
#8900 = DIRECTION('',(0.,0.,-1.));
#8901 = PLANE('',#8902);
#8902 = AXIS2_PLACEMENT_3D('',#8903,#8904,#8905);
#8903 = CARTESIAN_POINT('',(148.5,148.5,-1.5));
#8904 = DIRECTION('',(0.,-1.,0.));
#8905 = DIRECTION('',(0.,0.,-1.));
#8906 = ADVANCED_FACE('',(#8907,#8925),#8959,.F.);
#8907 = FACE_BOUND('',#8908,.T.);
#8908 = EDGE_LOOP('',(#8909,#8910,#8918,#8924));
#8909 = ORIENTED_EDGE('',*,*,#8865,.T.);
#8910 = ORIENTED_EDGE('',*,*,#8911,.T.);
#8911 = EDGE_CURVE('',#8858,#8912,#8914,.T.);
#8912 = VERTEX_POINT('',#8913);
#8913 = CARTESIAN_POINT('',(951.5,951.5,-30.));
#8914 = LINE('',#8915,#8916);
#8915 = CARTESIAN_POINT('',(148.5,951.5,-30.));
#8916 = VECTOR('',#8917,1.);
#8917 = DIRECTION('',(1.,0.,0.));
#8918 = ORIENTED_EDGE('',*,*,#8919,.F.);
#8919 = EDGE_CURVE('',#8889,#8912,#8920,.T.);
#8920 = LINE('',#8921,#8922);
#8921 = CARTESIAN_POINT('',(951.5,148.5,-30.));
#8922 = VECTOR('',#8923,1.);
#8923 = DIRECTION('',(0.,1.,0.));
#8924 = ORIENTED_EDGE('',*,*,#8888,.F.);
#8925 = FACE_BOUND('',#8926,.T.);
#8926 = EDGE_LOOP('',(#8927,#8937,#8945,#8953));
#8927 = ORIENTED_EDGE('',*,*,#8928,.F.);
#8928 = EDGE_CURVE('',#8929,#8931,#8933,.T.);
#8929 = VERTEX_POINT('',#8930);
#8930 = CARTESIAN_POINT('',(950.,150.,-30.));
#8931 = VERTEX_POINT('',#8932);
#8932 = CARTESIAN_POINT('',(150.,150.,-30.));
#8933 = LINE('',#8934,#8935);
#8934 = CARTESIAN_POINT('',(149.25,150.,-30.));
#8935 = VECTOR('',#8936,1.);
#8936 = DIRECTION('',(-1.,0.,0.));
#8937 = ORIENTED_EDGE('',*,*,#8938,.T.);
#8938 = EDGE_CURVE('',#8929,#8939,#8941,.T.);
#8939 = VERTEX_POINT('',#8940);
#8940 = CARTESIAN_POINT('',(950.,950.,-30.));
#8941 = LINE('',#8942,#8943);
#8942 = CARTESIAN_POINT('',(950.,149.25,-30.));
#8943 = VECTOR('',#8944,1.);
#8944 = DIRECTION('',(0.,1.,0.));
#8945 = ORIENTED_EDGE('',*,*,#8946,.T.);
#8946 = EDGE_CURVE('',#8939,#8947,#8949,.T.);
#8947 = VERTEX_POINT('',#8948);
#8948 = CARTESIAN_POINT('',(150.,950.,-30.));
#8949 = LINE('',#8950,#8951);
#8950 = CARTESIAN_POINT('',(149.25,950.,-30.));
#8951 = VECTOR('',#8952,1.);
#8952 = DIRECTION('',(-1.,0.,0.));
#8953 = ORIENTED_EDGE('',*,*,#8954,.F.);
#8954 = EDGE_CURVE('',#8931,#8947,#8955,.T.);
#8955 = LINE('',#8956,#8957);
#8956 = CARTESIAN_POINT('',(150.,149.25,-30.));
#8957 = VECTOR('',#8958,1.);
#8958 = DIRECTION('',(0.,1.,0.));
#8959 = PLANE('',#8960);
#8960 = AXIS2_PLACEMENT_3D('',#8961,#8962,#8963);
#8961 = CARTESIAN_POINT('',(148.5,148.5,-30.));
#8962 = DIRECTION('',(0.,0.,1.));
#8963 = DIRECTION('',(1.,0.,-0.));
#8964 = ADVANCED_FACE('',(#8965),#8983,.F.);
#8965 = FACE_BOUND('',#8966,.T.);
#8966 = EDGE_LOOP('',(#8967,#8975,#8981,#8982));
#8967 = ORIENTED_EDGE('',*,*,#8968,.T.);
#8968 = EDGE_CURVE('',#8850,#8969,#8971,.T.);
#8969 = VERTEX_POINT('',#8970);
#8970 = CARTESIAN_POINT('',(951.5,951.5,-1.5));
#8971 = LINE('',#8972,#8973);
#8972 = CARTESIAN_POINT('',(148.5,951.5,-1.5));
#8973 = VECTOR('',#8974,1.);
#8974 = DIRECTION('',(1.,0.,0.));
#8975 = ORIENTED_EDGE('',*,*,#8976,.T.);
#8976 = EDGE_CURVE('',#8969,#8912,#8977,.T.);
#8977 = LINE('',#8978,#8979);
#8978 = CARTESIAN_POINT('',(951.5,951.5,-1.5));
#8979 = VECTOR('',#8980,1.);
#8980 = DIRECTION('',(0.,0.,-1.));
#8981 = ORIENTED_EDGE('',*,*,#8911,.F.);
#8982 = ORIENTED_EDGE('',*,*,#8857,.F.);
#8983 = PLANE('',#8984);
#8984 = AXIS2_PLACEMENT_3D('',#8985,#8986,#8987);
#8985 = CARTESIAN_POINT('',(148.5,951.5,-1.5));
#8986 = DIRECTION('',(0.,-1.,0.));
#8987 = DIRECTION('',(0.,0.,-1.));
#8988 = ADVANCED_FACE('',(#8989,#9000),#9034,.T.);
#8989 = FACE_BOUND('',#8990,.T.);
#8990 = EDGE_LOOP('',(#8991,#8992,#8993,#8999));
#8991 = ORIENTED_EDGE('',*,*,#8849,.F.);
#8992 = ORIENTED_EDGE('',*,*,#8879,.T.);
#8993 = ORIENTED_EDGE('',*,*,#8994,.T.);
#8994 = EDGE_CURVE('',#8880,#8969,#8995,.T.);
#8995 = LINE('',#8996,#8997);
#8996 = CARTESIAN_POINT('',(951.5,148.5,-1.5));
#8997 = VECTOR('',#8998,1.);
#8998 = DIRECTION('',(0.,1.,0.));
#8999 = ORIENTED_EDGE('',*,*,#8968,.F.);
#9000 = FACE_BOUND('',#9001,.T.);
#9001 = EDGE_LOOP('',(#9002,#9012,#9020,#9028));
#9002 = ORIENTED_EDGE('',*,*,#9003,.T.);
#9003 = EDGE_CURVE('',#9004,#9006,#9008,.T.);
#9004 = VERTEX_POINT('',#9005);
#9005 = CARTESIAN_POINT('',(950.,150.,-1.5));
#9006 = VERTEX_POINT('',#9007);
#9007 = CARTESIAN_POINT('',(150.,150.,-1.5));
#9008 = LINE('',#9009,#9010);
#9009 = CARTESIAN_POINT('',(149.25,150.,-1.5));
#9010 = VECTOR('',#9011,1.);
#9011 = DIRECTION('',(-1.,0.,0.));
#9012 = ORIENTED_EDGE('',*,*,#9013,.T.);
#9013 = EDGE_CURVE('',#9006,#9014,#9016,.T.);
#9014 = VERTEX_POINT('',#9015);
#9015 = CARTESIAN_POINT('',(150.,950.,-1.5));
#9016 = LINE('',#9017,#9018);
#9017 = CARTESIAN_POINT('',(150.,149.25,-1.5));
#9018 = VECTOR('',#9019,1.);
#9019 = DIRECTION('',(0.,1.,0.));
#9020 = ORIENTED_EDGE('',*,*,#9021,.F.);
#9021 = EDGE_CURVE('',#9022,#9014,#9024,.T.);
#9022 = VERTEX_POINT('',#9023);
#9023 = CARTESIAN_POINT('',(950.,950.,-1.5));
#9024 = LINE('',#9025,#9026);
#9025 = CARTESIAN_POINT('',(149.25,950.,-1.5));
#9026 = VECTOR('',#9027,1.);
#9027 = DIRECTION('',(-1.,0.,0.));
#9028 = ORIENTED_EDGE('',*,*,#9029,.F.);
#9029 = EDGE_CURVE('',#9004,#9022,#9030,.T.);
#9030 = LINE('',#9031,#9032);
#9031 = CARTESIAN_POINT('',(950.,149.25,-1.5));
#9032 = VECTOR('',#9033,1.);
#9033 = DIRECTION('',(0.,1.,0.));
#9034 = PLANE('',#9035);
#9035 = AXIS2_PLACEMENT_3D('',#9036,#9037,#9038);
#9036 = CARTESIAN_POINT('',(148.5,148.5,-1.5));
#9037 = DIRECTION('',(0.,0.,1.));
#9038 = DIRECTION('',(1.,0.,-0.));
#9039 = ADVANCED_FACE('',(#9040),#9046,.F.);
#9040 = FACE_BOUND('',#9041,.T.);
#9041 = EDGE_LOOP('',(#9042,#9043,#9044,#9045));
#9042 = ORIENTED_EDGE('',*,*,#8896,.T.);
#9043 = ORIENTED_EDGE('',*,*,#8919,.T.);
#9044 = ORIENTED_EDGE('',*,*,#8976,.F.);
#9045 = ORIENTED_EDGE('',*,*,#8994,.F.);
#9046 = PLANE('',#9047);
#9047 = AXIS2_PLACEMENT_3D('',#9048,#9049,#9050);
#9048 = CARTESIAN_POINT('',(951.5,148.5,-1.5));
#9049 = DIRECTION('',(-1.,0.,0.));
#9050 = DIRECTION('',(0.,0.,-1.));
#9051 = ADVANCED_FACE('',(#9052),#9068,.F.);
#9052 = FACE_BOUND('',#9053,.T.);
#9053 = EDGE_LOOP('',(#9054,#9060,#9061,#9067));
#9054 = ORIENTED_EDGE('',*,*,#9055,.T.);
#9055 = EDGE_CURVE('',#9004,#8929,#9056,.T.);
#9056 = LINE('',#9057,#9058);
#9057 = CARTESIAN_POINT('',(950.,150.,-0.5));
#9058 = VECTOR('',#9059,1.);
#9059 = DIRECTION('',(0.,0.,-1.));
#9060 = ORIENTED_EDGE('',*,*,#8928,.T.);
#9061 = ORIENTED_EDGE('',*,*,#9062,.F.);
#9062 = EDGE_CURVE('',#9006,#8931,#9063,.T.);
#9063 = LINE('',#9064,#9065);
#9064 = CARTESIAN_POINT('',(150.,150.,-0.5));
#9065 = VECTOR('',#9066,1.);
#9066 = DIRECTION('',(0.,0.,-1.));
#9067 = ORIENTED_EDGE('',*,*,#9003,.F.);
#9068 = PLANE('',#9069);
#9069 = AXIS2_PLACEMENT_3D('',#9070,#9071,#9072);
#9070 = CARTESIAN_POINT('',(150.,150.,-0.5));
#9071 = DIRECTION('',(0.,-1.,0.));
#9072 = DIRECTION('',(0.,0.,-1.));
#9073 = ADVANCED_FACE('',(#9074),#9085,.T.);
#9074 = FACE_BOUND('',#9075,.T.);
#9075 = EDGE_LOOP('',(#9076,#9077,#9078,#9084));
#9076 = ORIENTED_EDGE('',*,*,#9055,.F.);
#9077 = ORIENTED_EDGE('',*,*,#9029,.T.);
#9078 = ORIENTED_EDGE('',*,*,#9079,.T.);
#9079 = EDGE_CURVE('',#9022,#8939,#9080,.T.);
#9080 = LINE('',#9081,#9082);
#9081 = CARTESIAN_POINT('',(950.,950.,-0.5));
#9082 = VECTOR('',#9083,1.);
#9083 = DIRECTION('',(0.,0.,-1.));
#9084 = ORIENTED_EDGE('',*,*,#8938,.F.);
#9085 = PLANE('',#9086);
#9086 = AXIS2_PLACEMENT_3D('',#9087,#9088,#9089);
#9087 = CARTESIAN_POINT('',(950.,150.,-0.5));
#9088 = DIRECTION('',(-1.,0.,0.));
#9089 = DIRECTION('',(0.,0.,-1.));
#9090 = ADVANCED_FACE('',(#9091),#9102,.T.);
#9091 = FACE_BOUND('',#9092,.T.);
#9092 = EDGE_LOOP('',(#9093,#9094,#9095,#9101));
#9093 = ORIENTED_EDGE('',*,*,#9079,.F.);
#9094 = ORIENTED_EDGE('',*,*,#9021,.T.);
#9095 = ORIENTED_EDGE('',*,*,#9096,.T.);
#9096 = EDGE_CURVE('',#9014,#8947,#9097,.T.);
#9097 = LINE('',#9098,#9099);
#9098 = CARTESIAN_POINT('',(150.,950.,-0.5));
#9099 = VECTOR('',#9100,1.);
#9100 = DIRECTION('',(0.,0.,-1.));
#9101 = ORIENTED_EDGE('',*,*,#8946,.F.);
#9102 = PLANE('',#9103);
#9103 = AXIS2_PLACEMENT_3D('',#9104,#9105,#9106);
#9104 = CARTESIAN_POINT('',(150.,950.,-0.5));
#9105 = DIRECTION('',(0.,-1.,0.));
#9106 = DIRECTION('',(0.,0.,-1.));
#9107 = ADVANCED_FACE('',(#9108),#9114,.F.);
#9108 = FACE_BOUND('',#9109,.T.);
#9109 = EDGE_LOOP('',(#9110,#9111,#9112,#9113));
#9110 = ORIENTED_EDGE('',*,*,#9062,.T.);
#9111 = ORIENTED_EDGE('',*,*,#8954,.T.);
#9112 = ORIENTED_EDGE('',*,*,#9096,.F.);
#9113 = ORIENTED_EDGE('',*,*,#9013,.F.);
#9114 = PLANE('',#9115);
#9115 = AXIS2_PLACEMENT_3D('',#9116,#9117,#9118);
#9116 = CARTESIAN_POINT('',(150.,150.,-0.5));
#9117 = DIRECTION('',(-1.,0.,0.));
#9118 = DIRECTION('',(0.,0.,-1.));
#9119 = ( GEOMETRIC_REPRESENTATION_CONTEXT(3) 
GLOBAL_UNCERTAINTY_ASSIGNED_CONTEXT((#9123)) 
GLOBAL_UNIT_ASSIGNED_CONTEXT((#9120,#9121,#9122)) REPRESENTATION_CONTEXT
('Context #1','3D Context with UNIT and UNCERTAINTY') );
#9120 = ( LENGTH_UNIT() NAMED_UNIT(*) SI_UNIT(.MILLI.,.METRE.) );
#9121 = ( NAMED_UNIT(*) PLANE_ANGLE_UNIT() SI_UNIT($,.RADIAN.) );
#9122 = ( NAMED_UNIT(*) SI_UNIT($,.STERADIAN.) SOLID_ANGLE_UNIT() );
#9123 = UNCERTAINTY_MEASURE_WITH_UNIT(LENGTH_MEASURE(1.E-07),#9120,
  'distance_accuracy_value','confusion accuracy');
#9124 = CONTEXT_DEPENDENT_SHAPE_REPRESENTATION(#9125,#9127);
#9125 = ( REPRESENTATION_RELATIONSHIP('','',#8832,#8032) 
REPRESENTATION_RELATIONSHIP_WITH_TRANSFORMATION(#9126) 
SHAPE_REPRESENTATION_RELATIONSHIP() );
#9126 = ITEM_DEFINED_TRANSFORMATION('','',#11,#8037);
#9127 = PRODUCT_DEFINITION_SHAPE('Placement','Placement of an item',
  #9128);
#9128 = NEXT_ASSEMBLY_USAGE_OCCURRENCE('45',
  'Bottom_neck_800_clear(Mirror)','',#8027,#8827,$);
#9129 = PRODUCT_RELATED_PRODUCT_CATEGORY('part',$,(#8829));
#9130 = SHAPE_DEFINITION_REPRESENTATION(#9131,#9137);
#9131 = PRODUCT_DEFINITION_SHAPE('','',#9132);
#9132 = PRODUCT_DEFINITION('design','',#9133,#9136);
#9133 = PRODUCT_DEFINITION_FORMATION('','',#9134);
#9134 = PRODUCT('AirTS right','AirTS right','',(#9135));
#9135 = PRODUCT_CONTEXT('',#2,'mechanical');
#9136 = PRODUCT_DEFINITION_CONTEXT('part definition',#2,'design');
#9137 = SHAPE_REPRESENTATION('',(#11,#9138,#9142,#9146,#9150),#9154);
#9138 = AXIS2_PLACEMENT_3D('',#9139,#9140,#9141);
#9139 = CARTESIAN_POINT('',(0.,0.,0.));
#9140 = DIRECTION('',(0.,0.,1.));
#9141 = DIRECTION('',(1.,0.,0.));
#9142 = AXIS2_PLACEMENT_3D('',#9143,#9144,#9145);
#9143 = CARTESIAN_POINT('',(0.,0.,0.));
#9144 = DIRECTION('',(0.,0.,1.));
#9145 = DIRECTION('',(1.,0.,0.));
#9146 = AXIS2_PLACEMENT_3D('',#9147,#9148,#9149);
#9147 = CARTESIAN_POINT('',(0.,0.,0.));
#9148 = DIRECTION('',(0.,0.,1.));
#9149 = DIRECTION('',(1.,0.,0.));
#9150 = AXIS2_PLACEMENT_3D('',#9151,#9152,#9153);
#9151 = CARTESIAN_POINT('',(-2.273736754432E-12,8.526512829121E-12,
    999.99999999998));
#9152 = DIRECTION('',(0.,0.,1.));
#9153 = DIRECTION('',(1.,0.,0.));
#9154 = ( GEOMETRIC_REPRESENTATION_CONTEXT(3) 
GLOBAL_UNCERTAINTY_ASSIGNED_CONTEXT((#9158)) 
GLOBAL_UNIT_ASSIGNED_CONTEXT((#9155,#9156,#9157)) REPRESENTATION_CONTEXT
('Context #1','3D Context with UNIT and UNCERTAINTY') );
#9155 = ( LENGTH_UNIT() NAMED_UNIT(*) SI_UNIT(.MILLI.,.METRE.) );
#9156 = ( NAMED_UNIT(*) PLANE_ANGLE_UNIT() SI_UNIT($,.RADIAN.) );
#9157 = ( NAMED_UNIT(*) SI_UNIT($,.STERADIAN.) SOLID_ANGLE_UNIT() );
#9158 = UNCERTAINTY_MEASURE_WITH_UNIT(LENGTH_MEASURE(1.E-07),#9155,
  'distance_accuracy_value','confusion accuracy');
#9159 = CONTEXT_DEPENDENT_SHAPE_REPRESENTATION(#9160,#9162);
#9160 = ( REPRESENTATION_RELATIONSHIP('','',#9137,#2584) 
REPRESENTATION_RELATIONSHIP_WITH_TRANSFORMATION(#9161) 
SHAPE_REPRESENTATION_RELATIONSHIP() );
#9161 = ITEM_DEFINED_TRANSFORMATION('','',#11,#2593);
#9162 = PRODUCT_DEFINITION_SHAPE('Placement','Placement of an item',
  #9163);
#9163 = NEXT_ASSEMBLY_USAGE_OCCURRENCE('86','AirTS right','',#2579,#9132
  ,$);
#9164 = PRODUCT_RELATED_PRODUCT_CATEGORY('part',$,(#9134));
#9165 = SHAPE_DEFINITION_REPRESENTATION(#9166,#9172);
#9166 = PRODUCT_DEFINITION_SHAPE('','',#9167);
#9167 = PRODUCT_DEFINITION('design','',#9168,#9171);
#9168 = PRODUCT_DEFINITION_FORMATION('','',#9169);
#9169 = PRODUCT('01_Lower_connection001','01_Lower_connection001','',(
    #9170));
#9170 = PRODUCT_CONTEXT('',#2,'mechanical');
#9171 = PRODUCT_DEFINITION_CONTEXT('part definition',#2,'design');
#9172 = SHAPE_REPRESENTATION('',(#11,#9173,#9177),#9181);
#9173 = AXIS2_PLACEMENT_3D('',#9174,#9175,#9176);
#9174 = CARTESIAN_POINT('',(0.,0.,0.));
#9175 = DIRECTION('',(0.,0.,1.));
#9176 = DIRECTION('',(1.,0.,0.));
#9177 = AXIS2_PLACEMENT_3D('',#9178,#9179,#9180);
#9178 = CARTESIAN_POINT('',(0.,0.,0.));
#9179 = DIRECTION('',(0.,0.,1.));
#9180 = DIRECTION('',(1.,0.,0.));
#9181 = ( GEOMETRIC_REPRESENTATION_CONTEXT(3) 
GLOBAL_UNCERTAINTY_ASSIGNED_CONTEXT((#9185)) 
GLOBAL_UNIT_ASSIGNED_CONTEXT((#9182,#9183,#9184)) REPRESENTATION_CONTEXT
('Context #1','3D Context with UNIT and UNCERTAINTY') );
#9182 = ( LENGTH_UNIT() NAMED_UNIT(*) SI_UNIT(.MILLI.,.METRE.) );
#9183 = ( NAMED_UNIT(*) PLANE_ANGLE_UNIT() SI_UNIT($,.RADIAN.) );
#9184 = ( NAMED_UNIT(*) SI_UNIT($,.STERADIAN.) SOLID_ANGLE_UNIT() );
#9185 = UNCERTAINTY_MEASURE_WITH_UNIT(LENGTH_MEASURE(1.E-07),#9182,
  'distance_accuracy_value','confusion accuracy');
#9186 = CONTEXT_DEPENDENT_SHAPE_REPRESENTATION(#9187,#9189);
#9187 = ( REPRESENTATION_RELATIONSHIP('','',#9172,#9137) 
REPRESENTATION_RELATIONSHIP_WITH_TRANSFORMATION(#9188) 
SHAPE_REPRESENTATION_RELATIONSHIP() );
#9188 = ITEM_DEFINED_TRANSFORMATION('','',#11,#9138);
#9189 = PRODUCT_DEFINITION_SHAPE('Placement','Placement of an item',
  #9190);
#9190 = NEXT_ASSEMBLY_USAGE_OCCURRENCE('50','01_Lower_connection001','',
  #9132,#9167,$);
#9191 = PRODUCT_RELATED_PRODUCT_CATEGORY('part',$,(#9169));
#9192 = SHAPE_DEFINITION_REPRESENTATION(#9193,#9199);
#9193 = PRODUCT_DEFINITION_SHAPE('','',#9194);
#9194 = PRODUCT_DEFINITION('design','',#9195,#9198);
#9195 = PRODUCT_DEFINITION_FORMATION('','',#9196);
#9196 = PRODUCT('Bottom_flange_860_open_800_12xD001',
  'Bottom_flange_860_open_800_12xD001','',(#9197));
#9197 = PRODUCT_CONTEXT('',#2,'mechanical');
#9198 = PRODUCT_DEFINITION_CONTEXT('part definition',#2,'design');
#9199 = ADVANCED_BREP_SHAPE_REPRESENTATION('',(#11,#9200),#9954);
#9200 = MANIFOLD_SOLID_BREP('',#9201);
#9201 = CLOSED_SHELL('',(#9202,#9242,#9273,#9463,#9487,#9670,#9682,#9699
    ,#9716,#9733,#9750,#9767,#9784,#9801,#9818,#9835,#9857,#9874,#9891,
    #9903,#9920,#9937));
#9202 = ADVANCED_FACE('',(#9203),#9237,.F.);
#9203 = FACE_BOUND('',#9204,.T.);
#9204 = EDGE_LOOP('',(#9205,#9215,#9223,#9231));
#9205 = ORIENTED_EDGE('',*,*,#9206,.T.);
#9206 = EDGE_CURVE('',#9207,#9209,#9211,.T.);
#9207 = VERTEX_POINT('',#9208);
#9208 = CARTESIAN_POINT('',(120.,120.,0.));
#9209 = VERTEX_POINT('',#9210);
#9210 = CARTESIAN_POINT('',(120.,120.,1.5));
#9211 = LINE('',#9212,#9213);
#9212 = CARTESIAN_POINT('',(120.,120.,0.));
#9213 = VECTOR('',#9214,1.);
#9214 = DIRECTION('',(0.,0.,1.));
#9215 = ORIENTED_EDGE('',*,*,#9216,.T.);
#9216 = EDGE_CURVE('',#9209,#9217,#9219,.T.);
#9217 = VERTEX_POINT('',#9218);
#9218 = CARTESIAN_POINT('',(120.,980.,1.5));
#9219 = LINE('',#9220,#9221);
#9220 = CARTESIAN_POINT('',(120.,120.,1.5));
#9221 = VECTOR('',#9222,1.);
#9222 = DIRECTION('',(0.,1.,0.));
#9223 = ORIENTED_EDGE('',*,*,#9224,.F.);
#9224 = EDGE_CURVE('',#9225,#9217,#9227,.T.);
#9225 = VERTEX_POINT('',#9226);
#9226 = CARTESIAN_POINT('',(120.,980.,0.));
#9227 = LINE('',#9228,#9229);
#9228 = CARTESIAN_POINT('',(120.,980.,0.));
#9229 = VECTOR('',#9230,1.);
#9230 = DIRECTION('',(0.,0.,1.));
#9231 = ORIENTED_EDGE('',*,*,#9232,.F.);
#9232 = EDGE_CURVE('',#9207,#9225,#9233,.T.);
#9233 = LINE('',#9234,#9235);
#9234 = CARTESIAN_POINT('',(120.,120.,0.));
#9235 = VECTOR('',#9236,1.);
#9236 = DIRECTION('',(0.,1.,0.));
#9237 = PLANE('',#9238);
#9238 = AXIS2_PLACEMENT_3D('',#9239,#9240,#9241);
#9239 = CARTESIAN_POINT('',(120.,120.,0.));
#9240 = DIRECTION('',(1.,0.,0.));
#9241 = DIRECTION('',(0.,0.,1.));
#9242 = ADVANCED_FACE('',(#9243),#9268,.F.);
#9243 = FACE_BOUND('',#9244,.T.);
#9244 = EDGE_LOOP('',(#9245,#9253,#9261,#9267));
#9245 = ORIENTED_EDGE('',*,*,#9246,.T.);
#9246 = EDGE_CURVE('',#9207,#9247,#9249,.T.);
#9247 = VERTEX_POINT('',#9248);
#9248 = CARTESIAN_POINT('',(980.,120.,0.));
#9249 = LINE('',#9250,#9251);
#9250 = CARTESIAN_POINT('',(120.,120.,0.));
#9251 = VECTOR('',#9252,1.);
#9252 = DIRECTION('',(1.,0.,0.));
#9253 = ORIENTED_EDGE('',*,*,#9254,.T.);
#9254 = EDGE_CURVE('',#9247,#9255,#9257,.T.);
#9255 = VERTEX_POINT('',#9256);
#9256 = CARTESIAN_POINT('',(980.,120.,1.5));
#9257 = LINE('',#9258,#9259);
#9258 = CARTESIAN_POINT('',(980.,120.,0.));
#9259 = VECTOR('',#9260,1.);
#9260 = DIRECTION('',(0.,0.,1.));
#9261 = ORIENTED_EDGE('',*,*,#9262,.F.);
#9262 = EDGE_CURVE('',#9209,#9255,#9263,.T.);
#9263 = LINE('',#9264,#9265);
#9264 = CARTESIAN_POINT('',(120.,120.,1.5));
#9265 = VECTOR('',#9266,1.);
#9266 = DIRECTION('',(1.,0.,0.));
#9267 = ORIENTED_EDGE('',*,*,#9206,.F.);
#9268 = PLANE('',#9269);
#9269 = AXIS2_PLACEMENT_3D('',#9270,#9271,#9272);
#9270 = CARTESIAN_POINT('',(120.,120.,0.));
#9271 = DIRECTION('',(0.,1.,0.));
#9272 = DIRECTION('',(0.,-0.,1.));
#9273 = ADVANCED_FACE('',(#9274,#9292,#9303,#9314,#9325,#9336,#9347,
    #9358,#9369,#9380,#9391,#9425,#9436,#9447),#9458,.T.);
#9274 = FACE_BOUND('',#9275,.T.);
#9275 = EDGE_LOOP('',(#9276,#9277,#9278,#9286));
#9276 = ORIENTED_EDGE('',*,*,#9216,.F.);
#9277 = ORIENTED_EDGE('',*,*,#9262,.T.);
#9278 = ORIENTED_EDGE('',*,*,#9279,.T.);
#9279 = EDGE_CURVE('',#9255,#9280,#9282,.T.);
#9280 = VERTEX_POINT('',#9281);
#9281 = CARTESIAN_POINT('',(980.,980.,1.5));
#9282 = LINE('',#9283,#9284);
#9283 = CARTESIAN_POINT('',(980.,120.,1.5));
#9284 = VECTOR('',#9285,1.);
#9285 = DIRECTION('',(0.,1.,0.));
#9286 = ORIENTED_EDGE('',*,*,#9287,.F.);
#9287 = EDGE_CURVE('',#9217,#9280,#9288,.T.);
#9288 = LINE('',#9289,#9290);
#9289 = CARTESIAN_POINT('',(120.,980.,1.5));
#9290 = VECTOR('',#9291,1.);
#9291 = DIRECTION('',(1.,0.,0.));
#9292 = FACE_BOUND('',#9293,.T.);
#9293 = EDGE_LOOP('',(#9294));
#9294 = ORIENTED_EDGE('',*,*,#9295,.F.);
#9295 = EDGE_CURVE('',#9296,#9296,#9298,.T.);
#9296 = VERTEX_POINT('',#9297);
#9297 = CARTESIAN_POINT('',(132.,136.,1.5));
#9298 = CIRCLE('',#9299,4.);
#9299 = AXIS2_PLACEMENT_3D('',#9300,#9301,#9302);
#9300 = CARTESIAN_POINT('',(136.,136.,1.5));
#9301 = DIRECTION('',(0.,0.,1.));
#9302 = DIRECTION('',(1.,0.,-0.));
#9303 = FACE_BOUND('',#9304,.T.);
#9304 = EDGE_LOOP('',(#9305));
#9305 = ORIENTED_EDGE('',*,*,#9306,.F.);
#9306 = EDGE_CURVE('',#9307,#9307,#9309,.T.);
#9307 = VERTEX_POINT('',#9308);
#9308 = CARTESIAN_POINT('',(408.,136.,1.5));
#9309 = CIRCLE('',#9310,4.);
#9310 = AXIS2_PLACEMENT_3D('',#9311,#9312,#9313);
#9311 = CARTESIAN_POINT('',(412.,136.,1.5));
#9312 = DIRECTION('',(0.,0.,1.));
#9313 = DIRECTION('',(1.,0.,-0.));
#9314 = FACE_BOUND('',#9315,.T.);
#9315 = EDGE_LOOP('',(#9316));
#9316 = ORIENTED_EDGE('',*,*,#9317,.F.);
#9317 = EDGE_CURVE('',#9318,#9318,#9320,.T.);
#9318 = VERTEX_POINT('',#9319);
#9319 = CARTESIAN_POINT('',(132.,412.,1.5));
#9320 = CIRCLE('',#9321,4.);
#9321 = AXIS2_PLACEMENT_3D('',#9322,#9323,#9324);
#9322 = CARTESIAN_POINT('',(136.,412.,1.5));
#9323 = DIRECTION('',(0.,0.,1.));
#9324 = DIRECTION('',(1.,0.,-0.));
#9325 = FACE_BOUND('',#9326,.T.);
#9326 = EDGE_LOOP('',(#9327));
#9327 = ORIENTED_EDGE('',*,*,#9328,.F.);
#9328 = EDGE_CURVE('',#9329,#9329,#9331,.T.);
#9329 = VERTEX_POINT('',#9330);
#9330 = CARTESIAN_POINT('',(684.,136.,1.5));
#9331 = CIRCLE('',#9332,4.);
#9332 = AXIS2_PLACEMENT_3D('',#9333,#9334,#9335);
#9333 = CARTESIAN_POINT('',(688.,136.,1.5));
#9334 = DIRECTION('',(0.,0.,1.));
#9335 = DIRECTION('',(1.,0.,-0.));
#9336 = FACE_BOUND('',#9337,.T.);
#9337 = EDGE_LOOP('',(#9338));
#9338 = ORIENTED_EDGE('',*,*,#9339,.F.);
#9339 = EDGE_CURVE('',#9340,#9340,#9342,.T.);
#9340 = VERTEX_POINT('',#9341);
#9341 = CARTESIAN_POINT('',(960.,136.,1.5));
#9342 = CIRCLE('',#9343,4.);
#9343 = AXIS2_PLACEMENT_3D('',#9344,#9345,#9346);
#9344 = CARTESIAN_POINT('',(964.,136.,1.5));
#9345 = DIRECTION('',(0.,0.,1.));
#9346 = DIRECTION('',(1.,0.,-0.));
#9347 = FACE_BOUND('',#9348,.T.);
#9348 = EDGE_LOOP('',(#9349));
#9349 = ORIENTED_EDGE('',*,*,#9350,.F.);
#9350 = EDGE_CURVE('',#9351,#9351,#9353,.T.);
#9351 = VERTEX_POINT('',#9352);
#9352 = CARTESIAN_POINT('',(960.,412.,1.5));
#9353 = CIRCLE('',#9354,4.);
#9354 = AXIS2_PLACEMENT_3D('',#9355,#9356,#9357);
#9355 = CARTESIAN_POINT('',(964.,412.,1.5));
#9356 = DIRECTION('',(0.,0.,1.));
#9357 = DIRECTION('',(1.,0.,-0.));
#9358 = FACE_BOUND('',#9359,.T.);
#9359 = EDGE_LOOP('',(#9360));
#9360 = ORIENTED_EDGE('',*,*,#9361,.F.);
#9361 = EDGE_CURVE('',#9362,#9362,#9364,.T.);
#9362 = VERTEX_POINT('',#9363);
#9363 = CARTESIAN_POINT('',(132.,688.,1.5));
#9364 = CIRCLE('',#9365,4.);
#9365 = AXIS2_PLACEMENT_3D('',#9366,#9367,#9368);
#9366 = CARTESIAN_POINT('',(136.,688.,1.5));
#9367 = DIRECTION('',(0.,0.,1.));
#9368 = DIRECTION('',(1.,0.,-0.));
#9369 = FACE_BOUND('',#9370,.T.);
#9370 = EDGE_LOOP('',(#9371));
#9371 = ORIENTED_EDGE('',*,*,#9372,.F.);
#9372 = EDGE_CURVE('',#9373,#9373,#9375,.T.);
#9373 = VERTEX_POINT('',#9374);
#9374 = CARTESIAN_POINT('',(132.,964.,1.5));
#9375 = CIRCLE('',#9376,4.);
#9376 = AXIS2_PLACEMENT_3D('',#9377,#9378,#9379);
#9377 = CARTESIAN_POINT('',(136.,964.,1.5));
#9378 = DIRECTION('',(0.,0.,1.));
#9379 = DIRECTION('',(1.,0.,-0.));
#9380 = FACE_BOUND('',#9381,.T.);
#9381 = EDGE_LOOP('',(#9382));
#9382 = ORIENTED_EDGE('',*,*,#9383,.F.);
#9383 = EDGE_CURVE('',#9384,#9384,#9386,.T.);
#9384 = VERTEX_POINT('',#9385);
#9385 = CARTESIAN_POINT('',(408.,964.,1.5));
#9386 = CIRCLE('',#9387,4.);
#9387 = AXIS2_PLACEMENT_3D('',#9388,#9389,#9390);
#9388 = CARTESIAN_POINT('',(412.,964.,1.5));
#9389 = DIRECTION('',(0.,0.,1.));
#9390 = DIRECTION('',(1.,0.,-0.));
#9391 = FACE_BOUND('',#9392,.T.);
#9392 = EDGE_LOOP('',(#9393,#9403,#9411,#9419));
#9393 = ORIENTED_EDGE('',*,*,#9394,.T.);
#9394 = EDGE_CURVE('',#9395,#9397,#9399,.T.);
#9395 = VERTEX_POINT('',#9396);
#9396 = CARTESIAN_POINT('',(950.,150.,1.5));
#9397 = VERTEX_POINT('',#9398);
#9398 = CARTESIAN_POINT('',(150.,150.,1.5));
#9399 = LINE('',#9400,#9401);
#9400 = CARTESIAN_POINT('',(135.,150.,1.5));
#9401 = VECTOR('',#9402,1.);
#9402 = DIRECTION('',(-1.,0.,0.));
#9403 = ORIENTED_EDGE('',*,*,#9404,.T.);
#9404 = EDGE_CURVE('',#9397,#9405,#9407,.T.);
#9405 = VERTEX_POINT('',#9406);
#9406 = CARTESIAN_POINT('',(150.,950.,1.5));
#9407 = LINE('',#9408,#9409);
#9408 = CARTESIAN_POINT('',(150.,135.,1.5));
#9409 = VECTOR('',#9410,1.);
#9410 = DIRECTION('',(0.,1.,0.));
#9411 = ORIENTED_EDGE('',*,*,#9412,.F.);
#9412 = EDGE_CURVE('',#9413,#9405,#9415,.T.);
#9413 = VERTEX_POINT('',#9414);
#9414 = CARTESIAN_POINT('',(950.,950.,1.5));
#9415 = LINE('',#9416,#9417);
#9416 = CARTESIAN_POINT('',(135.,950.,1.5));
#9417 = VECTOR('',#9418,1.);
#9418 = DIRECTION('',(-1.,0.,0.));
#9419 = ORIENTED_EDGE('',*,*,#9420,.F.);
#9420 = EDGE_CURVE('',#9395,#9413,#9421,.T.);
#9421 = LINE('',#9422,#9423);
#9422 = CARTESIAN_POINT('',(950.,135.,1.5));
#9423 = VECTOR('',#9424,1.);
#9424 = DIRECTION('',(0.,1.,0.));
#9425 = FACE_BOUND('',#9426,.T.);
#9426 = EDGE_LOOP('',(#9427));
#9427 = ORIENTED_EDGE('',*,*,#9428,.F.);
#9428 = EDGE_CURVE('',#9429,#9429,#9431,.T.);
#9429 = VERTEX_POINT('',#9430);
#9430 = CARTESIAN_POINT('',(960.,688.,1.5));
#9431 = CIRCLE('',#9432,4.);
#9432 = AXIS2_PLACEMENT_3D('',#9433,#9434,#9435);
#9433 = CARTESIAN_POINT('',(964.,688.,1.5));
#9434 = DIRECTION('',(0.,0.,1.));
#9435 = DIRECTION('',(1.,0.,-0.));
#9436 = FACE_BOUND('',#9437,.T.);
#9437 = EDGE_LOOP('',(#9438));
#9438 = ORIENTED_EDGE('',*,*,#9439,.F.);
#9439 = EDGE_CURVE('',#9440,#9440,#9442,.T.);
#9440 = VERTEX_POINT('',#9441);
#9441 = CARTESIAN_POINT('',(684.,964.,1.5));
#9442 = CIRCLE('',#9443,4.);
#9443 = AXIS2_PLACEMENT_3D('',#9444,#9445,#9446);
#9444 = CARTESIAN_POINT('',(688.,964.,1.5));
#9445 = DIRECTION('',(0.,0.,1.));
#9446 = DIRECTION('',(1.,0.,-0.));
#9447 = FACE_BOUND('',#9448,.T.);
#9448 = EDGE_LOOP('',(#9449));
#9449 = ORIENTED_EDGE('',*,*,#9450,.F.);
#9450 = EDGE_CURVE('',#9451,#9451,#9453,.T.);
#9451 = VERTEX_POINT('',#9452);
#9452 = CARTESIAN_POINT('',(960.,964.,1.5));
#9453 = CIRCLE('',#9454,4.);
#9454 = AXIS2_PLACEMENT_3D('',#9455,#9456,#9457);
#9455 = CARTESIAN_POINT('',(964.,964.,1.5));
#9456 = DIRECTION('',(0.,0.,1.));
#9457 = DIRECTION('',(1.,0.,-0.));
#9458 = PLANE('',#9459);
#9459 = AXIS2_PLACEMENT_3D('',#9460,#9461,#9462);
#9460 = CARTESIAN_POINT('',(120.,120.,1.5));
#9461 = DIRECTION('',(0.,0.,1.));
#9462 = DIRECTION('',(1.,0.,-0.));
#9463 = ADVANCED_FACE('',(#9464),#9482,.T.);
#9464 = FACE_BOUND('',#9465,.T.);
#9465 = EDGE_LOOP('',(#9466,#9474,#9475,#9476));
#9466 = ORIENTED_EDGE('',*,*,#9467,.F.);
#9467 = EDGE_CURVE('',#9225,#9468,#9470,.T.);
#9468 = VERTEX_POINT('',#9469);
#9469 = CARTESIAN_POINT('',(980.,980.,0.));
#9470 = LINE('',#9471,#9472);
#9471 = CARTESIAN_POINT('',(120.,980.,0.));
#9472 = VECTOR('',#9473,1.);
#9473 = DIRECTION('',(1.,0.,0.));
#9474 = ORIENTED_EDGE('',*,*,#9224,.T.);
#9475 = ORIENTED_EDGE('',*,*,#9287,.T.);
#9476 = ORIENTED_EDGE('',*,*,#9477,.F.);
#9477 = EDGE_CURVE('',#9468,#9280,#9478,.T.);
#9478 = LINE('',#9479,#9480);
#9479 = CARTESIAN_POINT('',(980.,980.,0.));
#9480 = VECTOR('',#9481,1.);
#9481 = DIRECTION('',(0.,0.,1.));
#9482 = PLANE('',#9483);
#9483 = AXIS2_PLACEMENT_3D('',#9484,#9485,#9486);
#9484 = CARTESIAN_POINT('',(120.,980.,0.));
#9485 = DIRECTION('',(0.,1.,0.));
#9486 = DIRECTION('',(0.,-0.,1.));
#9487 = ADVANCED_FACE('',(#9488,#9499,#9510,#9521,#9532,#9543,#9554,
    #9565,#9576,#9587,#9598,#9632,#9643,#9654),#9665,.F.);
#9488 = FACE_BOUND('',#9489,.T.);
#9489 = EDGE_LOOP('',(#9490,#9491,#9492,#9498));
#9490 = ORIENTED_EDGE('',*,*,#9232,.T.);
#9491 = ORIENTED_EDGE('',*,*,#9467,.T.);
#9492 = ORIENTED_EDGE('',*,*,#9493,.F.);
#9493 = EDGE_CURVE('',#9247,#9468,#9494,.T.);
#9494 = LINE('',#9495,#9496);
#9495 = CARTESIAN_POINT('',(980.,120.,0.));
#9496 = VECTOR('',#9497,1.);
#9497 = DIRECTION('',(0.,1.,0.));
#9498 = ORIENTED_EDGE('',*,*,#9246,.F.);
#9499 = FACE_BOUND('',#9500,.T.);
#9500 = EDGE_LOOP('',(#9501));
#9501 = ORIENTED_EDGE('',*,*,#9502,.T.);
#9502 = EDGE_CURVE('',#9503,#9503,#9505,.T.);
#9503 = VERTEX_POINT('',#9504);
#9504 = CARTESIAN_POINT('',(132.,136.,0.));
#9505 = CIRCLE('',#9506,4.);
#9506 = AXIS2_PLACEMENT_3D('',#9507,#9508,#9509);
#9507 = CARTESIAN_POINT('',(136.,136.,0.));
#9508 = DIRECTION('',(0.,0.,1.));
#9509 = DIRECTION('',(1.,0.,-0.));
#9510 = FACE_BOUND('',#9511,.T.);
#9511 = EDGE_LOOP('',(#9512));
#9512 = ORIENTED_EDGE('',*,*,#9513,.T.);
#9513 = EDGE_CURVE('',#9514,#9514,#9516,.T.);
#9514 = VERTEX_POINT('',#9515);
#9515 = CARTESIAN_POINT('',(408.,136.,0.));
#9516 = CIRCLE('',#9517,4.);
#9517 = AXIS2_PLACEMENT_3D('',#9518,#9519,#9520);
#9518 = CARTESIAN_POINT('',(412.,136.,0.));
#9519 = DIRECTION('',(0.,0.,1.));
#9520 = DIRECTION('',(1.,0.,-0.));
#9521 = FACE_BOUND('',#9522,.T.);
#9522 = EDGE_LOOP('',(#9523));
#9523 = ORIENTED_EDGE('',*,*,#9524,.T.);
#9524 = EDGE_CURVE('',#9525,#9525,#9527,.T.);
#9525 = VERTEX_POINT('',#9526);
#9526 = CARTESIAN_POINT('',(132.,412.,0.));
#9527 = CIRCLE('',#9528,4.);
#9528 = AXIS2_PLACEMENT_3D('',#9529,#9530,#9531);
#9529 = CARTESIAN_POINT('',(136.,412.,0.));
#9530 = DIRECTION('',(0.,0.,1.));
#9531 = DIRECTION('',(1.,0.,-0.));
#9532 = FACE_BOUND('',#9533,.T.);
#9533 = EDGE_LOOP('',(#9534));
#9534 = ORIENTED_EDGE('',*,*,#9535,.T.);
#9535 = EDGE_CURVE('',#9536,#9536,#9538,.T.);
#9536 = VERTEX_POINT('',#9537);
#9537 = CARTESIAN_POINT('',(684.,136.,0.));
#9538 = CIRCLE('',#9539,4.);
#9539 = AXIS2_PLACEMENT_3D('',#9540,#9541,#9542);
#9540 = CARTESIAN_POINT('',(688.,136.,0.));
#9541 = DIRECTION('',(0.,0.,1.));
#9542 = DIRECTION('',(1.,0.,-0.));
#9543 = FACE_BOUND('',#9544,.T.);
#9544 = EDGE_LOOP('',(#9545));
#9545 = ORIENTED_EDGE('',*,*,#9546,.T.);
#9546 = EDGE_CURVE('',#9547,#9547,#9549,.T.);
#9547 = VERTEX_POINT('',#9548);
#9548 = CARTESIAN_POINT('',(960.,136.,0.));
#9549 = CIRCLE('',#9550,4.);
#9550 = AXIS2_PLACEMENT_3D('',#9551,#9552,#9553);
#9551 = CARTESIAN_POINT('',(964.,136.,0.));
#9552 = DIRECTION('',(0.,0.,1.));
#9553 = DIRECTION('',(1.,0.,-0.));
#9554 = FACE_BOUND('',#9555,.T.);
#9555 = EDGE_LOOP('',(#9556));
#9556 = ORIENTED_EDGE('',*,*,#9557,.T.);
#9557 = EDGE_CURVE('',#9558,#9558,#9560,.T.);
#9558 = VERTEX_POINT('',#9559);
#9559 = CARTESIAN_POINT('',(960.,412.,0.));
#9560 = CIRCLE('',#9561,4.);
#9561 = AXIS2_PLACEMENT_3D('',#9562,#9563,#9564);
#9562 = CARTESIAN_POINT('',(964.,412.,0.));
#9563 = DIRECTION('',(0.,0.,1.));
#9564 = DIRECTION('',(1.,0.,-0.));
#9565 = FACE_BOUND('',#9566,.T.);
#9566 = EDGE_LOOP('',(#9567));
#9567 = ORIENTED_EDGE('',*,*,#9568,.T.);
#9568 = EDGE_CURVE('',#9569,#9569,#9571,.T.);
#9569 = VERTEX_POINT('',#9570);
#9570 = CARTESIAN_POINT('',(132.,688.,0.));
#9571 = CIRCLE('',#9572,4.);
#9572 = AXIS2_PLACEMENT_3D('',#9573,#9574,#9575);
#9573 = CARTESIAN_POINT('',(136.,688.,0.));
#9574 = DIRECTION('',(0.,0.,1.));
#9575 = DIRECTION('',(1.,0.,-0.));
#9576 = FACE_BOUND('',#9577,.T.);
#9577 = EDGE_LOOP('',(#9578));
#9578 = ORIENTED_EDGE('',*,*,#9579,.T.);
#9579 = EDGE_CURVE('',#9580,#9580,#9582,.T.);
#9580 = VERTEX_POINT('',#9581);
#9581 = CARTESIAN_POINT('',(132.,964.,0.));
#9582 = CIRCLE('',#9583,4.);
#9583 = AXIS2_PLACEMENT_3D('',#9584,#9585,#9586);
#9584 = CARTESIAN_POINT('',(136.,964.,0.));
#9585 = DIRECTION('',(0.,0.,1.));
#9586 = DIRECTION('',(1.,0.,-0.));
#9587 = FACE_BOUND('',#9588,.T.);
#9588 = EDGE_LOOP('',(#9589));
#9589 = ORIENTED_EDGE('',*,*,#9590,.T.);
#9590 = EDGE_CURVE('',#9591,#9591,#9593,.T.);
#9591 = VERTEX_POINT('',#9592);
#9592 = CARTESIAN_POINT('',(408.,964.,0.));
#9593 = CIRCLE('',#9594,4.);
#9594 = AXIS2_PLACEMENT_3D('',#9595,#9596,#9597);
#9595 = CARTESIAN_POINT('',(412.,964.,0.));
#9596 = DIRECTION('',(0.,0.,1.));
#9597 = DIRECTION('',(1.,0.,-0.));
#9598 = FACE_BOUND('',#9599,.T.);
#9599 = EDGE_LOOP('',(#9600,#9610,#9618,#9626));
#9600 = ORIENTED_EDGE('',*,*,#9601,.F.);
#9601 = EDGE_CURVE('',#9602,#9604,#9606,.T.);
#9602 = VERTEX_POINT('',#9603);
#9603 = CARTESIAN_POINT('',(950.,150.,0.));
#9604 = VERTEX_POINT('',#9605);
#9605 = CARTESIAN_POINT('',(150.,150.,0.));
#9606 = LINE('',#9607,#9608);
#9607 = CARTESIAN_POINT('',(135.,150.,0.));
#9608 = VECTOR('',#9609,1.);
#9609 = DIRECTION('',(-1.,0.,0.));
#9610 = ORIENTED_EDGE('',*,*,#9611,.T.);
#9611 = EDGE_CURVE('',#9602,#9612,#9614,.T.);
#9612 = VERTEX_POINT('',#9613);
#9613 = CARTESIAN_POINT('',(950.,950.,0.));
#9614 = LINE('',#9615,#9616);
#9615 = CARTESIAN_POINT('',(950.,135.,0.));
#9616 = VECTOR('',#9617,1.);
#9617 = DIRECTION('',(0.,1.,0.));
#9618 = ORIENTED_EDGE('',*,*,#9619,.T.);
#9619 = EDGE_CURVE('',#9612,#9620,#9622,.T.);
#9620 = VERTEX_POINT('',#9621);
#9621 = CARTESIAN_POINT('',(150.,950.,0.));
#9622 = LINE('',#9623,#9624);
#9623 = CARTESIAN_POINT('',(135.,950.,0.));
#9624 = VECTOR('',#9625,1.);
#9625 = DIRECTION('',(-1.,0.,0.));
#9626 = ORIENTED_EDGE('',*,*,#9627,.F.);
#9627 = EDGE_CURVE('',#9604,#9620,#9628,.T.);
#9628 = LINE('',#9629,#9630);
#9629 = CARTESIAN_POINT('',(150.,135.,0.));
#9630 = VECTOR('',#9631,1.);
#9631 = DIRECTION('',(0.,1.,0.));
#9632 = FACE_BOUND('',#9633,.T.);
#9633 = EDGE_LOOP('',(#9634));
#9634 = ORIENTED_EDGE('',*,*,#9635,.T.);
#9635 = EDGE_CURVE('',#9636,#9636,#9638,.T.);
#9636 = VERTEX_POINT('',#9637);
#9637 = CARTESIAN_POINT('',(960.,688.,0.));
#9638 = CIRCLE('',#9639,4.);
#9639 = AXIS2_PLACEMENT_3D('',#9640,#9641,#9642);
#9640 = CARTESIAN_POINT('',(964.,688.,0.));
#9641 = DIRECTION('',(0.,0.,1.));
#9642 = DIRECTION('',(1.,0.,-0.));
#9643 = FACE_BOUND('',#9644,.T.);
#9644 = EDGE_LOOP('',(#9645));
#9645 = ORIENTED_EDGE('',*,*,#9646,.T.);
#9646 = EDGE_CURVE('',#9647,#9647,#9649,.T.);
#9647 = VERTEX_POINT('',#9648);
#9648 = CARTESIAN_POINT('',(684.,964.,0.));
#9649 = CIRCLE('',#9650,4.);
#9650 = AXIS2_PLACEMENT_3D('',#9651,#9652,#9653);
#9651 = CARTESIAN_POINT('',(688.,964.,0.));
#9652 = DIRECTION('',(0.,0.,1.));
#9653 = DIRECTION('',(1.,0.,-0.));
#9654 = FACE_BOUND('',#9655,.T.);
#9655 = EDGE_LOOP('',(#9656));
#9656 = ORIENTED_EDGE('',*,*,#9657,.T.);
#9657 = EDGE_CURVE('',#9658,#9658,#9660,.T.);
#9658 = VERTEX_POINT('',#9659);
#9659 = CARTESIAN_POINT('',(960.,964.,0.));
#9660 = CIRCLE('',#9661,4.);
#9661 = AXIS2_PLACEMENT_3D('',#9662,#9663,#9664);
#9662 = CARTESIAN_POINT('',(964.,964.,0.));
#9663 = DIRECTION('',(0.,0.,1.));
#9664 = DIRECTION('',(1.,0.,-0.));
#9665 = PLANE('',#9666);
#9666 = AXIS2_PLACEMENT_3D('',#9667,#9668,#9669);
#9667 = CARTESIAN_POINT('',(120.,120.,0.));
#9668 = DIRECTION('',(0.,0.,1.));
#9669 = DIRECTION('',(1.,0.,-0.));
#9670 = ADVANCED_FACE('',(#9671),#9677,.T.);
#9671 = FACE_BOUND('',#9672,.T.);
#9672 = EDGE_LOOP('',(#9673,#9674,#9675,#9676));
#9673 = ORIENTED_EDGE('',*,*,#9254,.F.);
#9674 = ORIENTED_EDGE('',*,*,#9493,.T.);
#9675 = ORIENTED_EDGE('',*,*,#9477,.T.);
#9676 = ORIENTED_EDGE('',*,*,#9279,.F.);
#9677 = PLANE('',#9678);
#9678 = AXIS2_PLACEMENT_3D('',#9679,#9680,#9681);
#9679 = CARTESIAN_POINT('',(980.,120.,0.));
#9680 = DIRECTION('',(1.,0.,0.));
#9681 = DIRECTION('',(0.,0.,1.));
#9682 = ADVANCED_FACE('',(#9683),#9694,.F.);
#9683 = FACE_BOUND('',#9684,.F.);
#9684 = EDGE_LOOP('',(#9685,#9691,#9692,#9693));
#9685 = ORIENTED_EDGE('',*,*,#9686,.T.);
#9686 = EDGE_CURVE('',#9503,#9296,#9687,.T.);
#9687 = LINE('',#9688,#9689);
#9688 = CARTESIAN_POINT('',(132.,136.,-1.));
#9689 = VECTOR('',#9690,1.);
#9690 = DIRECTION('',(0.,0.,1.));
#9691 = ORIENTED_EDGE('',*,*,#9295,.F.);
#9692 = ORIENTED_EDGE('',*,*,#9686,.F.);
#9693 = ORIENTED_EDGE('',*,*,#9502,.T.);
#9694 = CYLINDRICAL_SURFACE('',#9695,4.);
#9695 = AXIS2_PLACEMENT_3D('',#9696,#9697,#9698);
#9696 = CARTESIAN_POINT('',(136.,136.,-1.));
#9697 = DIRECTION('',(0.,0.,1.));
#9698 = DIRECTION('',(1.,0.,-0.));
#9699 = ADVANCED_FACE('',(#9700),#9711,.F.);
#9700 = FACE_BOUND('',#9701,.F.);
#9701 = EDGE_LOOP('',(#9702,#9708,#9709,#9710));
#9702 = ORIENTED_EDGE('',*,*,#9703,.T.);
#9703 = EDGE_CURVE('',#9514,#9307,#9704,.T.);
#9704 = LINE('',#9705,#9706);
#9705 = CARTESIAN_POINT('',(408.,136.,-1.));
#9706 = VECTOR('',#9707,1.);
#9707 = DIRECTION('',(0.,0.,1.));
#9708 = ORIENTED_EDGE('',*,*,#9306,.F.);
#9709 = ORIENTED_EDGE('',*,*,#9703,.F.);
#9710 = ORIENTED_EDGE('',*,*,#9513,.T.);
#9711 = CYLINDRICAL_SURFACE('',#9712,4.);
#9712 = AXIS2_PLACEMENT_3D('',#9713,#9714,#9715);
#9713 = CARTESIAN_POINT('',(412.,136.,-1.));
#9714 = DIRECTION('',(0.,0.,1.));
#9715 = DIRECTION('',(1.,0.,-0.));
#9716 = ADVANCED_FACE('',(#9717),#9728,.F.);
#9717 = FACE_BOUND('',#9718,.F.);
#9718 = EDGE_LOOP('',(#9719,#9725,#9726,#9727));
#9719 = ORIENTED_EDGE('',*,*,#9720,.T.);
#9720 = EDGE_CURVE('',#9525,#9318,#9721,.T.);
#9721 = LINE('',#9722,#9723);
#9722 = CARTESIAN_POINT('',(132.,412.,-1.));
#9723 = VECTOR('',#9724,1.);
#9724 = DIRECTION('',(0.,0.,1.));
#9725 = ORIENTED_EDGE('',*,*,#9317,.F.);
#9726 = ORIENTED_EDGE('',*,*,#9720,.F.);
#9727 = ORIENTED_EDGE('',*,*,#9524,.T.);
#9728 = CYLINDRICAL_SURFACE('',#9729,4.);
#9729 = AXIS2_PLACEMENT_3D('',#9730,#9731,#9732);
#9730 = CARTESIAN_POINT('',(136.,412.,-1.));
#9731 = DIRECTION('',(0.,0.,1.));
#9732 = DIRECTION('',(1.,0.,-0.));
#9733 = ADVANCED_FACE('',(#9734),#9745,.F.);
#9734 = FACE_BOUND('',#9735,.F.);
#9735 = EDGE_LOOP('',(#9736,#9742,#9743,#9744));
#9736 = ORIENTED_EDGE('',*,*,#9737,.T.);
#9737 = EDGE_CURVE('',#9536,#9329,#9738,.T.);
#9738 = LINE('',#9739,#9740);
#9739 = CARTESIAN_POINT('',(684.,136.,-1.));
#9740 = VECTOR('',#9741,1.);
#9741 = DIRECTION('',(0.,0.,1.));
#9742 = ORIENTED_EDGE('',*,*,#9328,.F.);
#9743 = ORIENTED_EDGE('',*,*,#9737,.F.);
#9744 = ORIENTED_EDGE('',*,*,#9535,.T.);
#9745 = CYLINDRICAL_SURFACE('',#9746,4.);
#9746 = AXIS2_PLACEMENT_3D('',#9747,#9748,#9749);
#9747 = CARTESIAN_POINT('',(688.,136.,-1.));
#9748 = DIRECTION('',(0.,0.,1.));
#9749 = DIRECTION('',(1.,0.,-0.));
#9750 = ADVANCED_FACE('',(#9751),#9762,.F.);
#9751 = FACE_BOUND('',#9752,.F.);
#9752 = EDGE_LOOP('',(#9753,#9759,#9760,#9761));
#9753 = ORIENTED_EDGE('',*,*,#9754,.T.);
#9754 = EDGE_CURVE('',#9547,#9340,#9755,.T.);
#9755 = LINE('',#9756,#9757);
#9756 = CARTESIAN_POINT('',(960.,136.,-1.));
#9757 = VECTOR('',#9758,1.);
#9758 = DIRECTION('',(0.,0.,1.));
#9759 = ORIENTED_EDGE('',*,*,#9339,.F.);
#9760 = ORIENTED_EDGE('',*,*,#9754,.F.);
#9761 = ORIENTED_EDGE('',*,*,#9546,.T.);
#9762 = CYLINDRICAL_SURFACE('',#9763,4.);
#9763 = AXIS2_PLACEMENT_3D('',#9764,#9765,#9766);
#9764 = CARTESIAN_POINT('',(964.,136.,-1.));
#9765 = DIRECTION('',(0.,0.,1.));
#9766 = DIRECTION('',(1.,0.,-0.));
#9767 = ADVANCED_FACE('',(#9768),#9779,.F.);
#9768 = FACE_BOUND('',#9769,.F.);
#9769 = EDGE_LOOP('',(#9770,#9776,#9777,#9778));
#9770 = ORIENTED_EDGE('',*,*,#9771,.T.);
#9771 = EDGE_CURVE('',#9558,#9351,#9772,.T.);
#9772 = LINE('',#9773,#9774);
#9773 = CARTESIAN_POINT('',(960.,412.,-1.));
#9774 = VECTOR('',#9775,1.);
#9775 = DIRECTION('',(0.,0.,1.));
#9776 = ORIENTED_EDGE('',*,*,#9350,.F.);
#9777 = ORIENTED_EDGE('',*,*,#9771,.F.);
#9778 = ORIENTED_EDGE('',*,*,#9557,.T.);
#9779 = CYLINDRICAL_SURFACE('',#9780,4.);
#9780 = AXIS2_PLACEMENT_3D('',#9781,#9782,#9783);
#9781 = CARTESIAN_POINT('',(964.,412.,-1.));
#9782 = DIRECTION('',(0.,0.,1.));
#9783 = DIRECTION('',(1.,0.,-0.));
#9784 = ADVANCED_FACE('',(#9785),#9796,.F.);
#9785 = FACE_BOUND('',#9786,.F.);
#9786 = EDGE_LOOP('',(#9787,#9793,#9794,#9795));
#9787 = ORIENTED_EDGE('',*,*,#9788,.T.);
#9788 = EDGE_CURVE('',#9569,#9362,#9789,.T.);
#9789 = LINE('',#9790,#9791);
#9790 = CARTESIAN_POINT('',(132.,688.,-1.));
#9791 = VECTOR('',#9792,1.);
#9792 = DIRECTION('',(0.,0.,1.));
#9793 = ORIENTED_EDGE('',*,*,#9361,.F.);
#9794 = ORIENTED_EDGE('',*,*,#9788,.F.);
#9795 = ORIENTED_EDGE('',*,*,#9568,.T.);
#9796 = CYLINDRICAL_SURFACE('',#9797,4.);
#9797 = AXIS2_PLACEMENT_3D('',#9798,#9799,#9800);
#9798 = CARTESIAN_POINT('',(136.,688.,-1.));
#9799 = DIRECTION('',(0.,0.,1.));
#9800 = DIRECTION('',(1.,0.,-0.));
#9801 = ADVANCED_FACE('',(#9802),#9813,.F.);
#9802 = FACE_BOUND('',#9803,.F.);
#9803 = EDGE_LOOP('',(#9804,#9810,#9811,#9812));
#9804 = ORIENTED_EDGE('',*,*,#9805,.T.);
#9805 = EDGE_CURVE('',#9580,#9373,#9806,.T.);
#9806 = LINE('',#9807,#9808);
#9807 = CARTESIAN_POINT('',(132.,964.,-1.));
#9808 = VECTOR('',#9809,1.);
#9809 = DIRECTION('',(0.,0.,1.));
#9810 = ORIENTED_EDGE('',*,*,#9372,.F.);
#9811 = ORIENTED_EDGE('',*,*,#9805,.F.);
#9812 = ORIENTED_EDGE('',*,*,#9579,.T.);
#9813 = CYLINDRICAL_SURFACE('',#9814,4.);
#9814 = AXIS2_PLACEMENT_3D('',#9815,#9816,#9817);
#9815 = CARTESIAN_POINT('',(136.,964.,-1.));
#9816 = DIRECTION('',(0.,0.,1.));
#9817 = DIRECTION('',(1.,0.,-0.));
#9818 = ADVANCED_FACE('',(#9819),#9830,.F.);
#9819 = FACE_BOUND('',#9820,.F.);
#9820 = EDGE_LOOP('',(#9821,#9827,#9828,#9829));
#9821 = ORIENTED_EDGE('',*,*,#9822,.T.);
#9822 = EDGE_CURVE('',#9591,#9384,#9823,.T.);
#9823 = LINE('',#9824,#9825);
#9824 = CARTESIAN_POINT('',(408.,964.,-1.));
#9825 = VECTOR('',#9826,1.);
#9826 = DIRECTION('',(0.,0.,1.));
#9827 = ORIENTED_EDGE('',*,*,#9383,.F.);
#9828 = ORIENTED_EDGE('',*,*,#9822,.F.);
#9829 = ORIENTED_EDGE('',*,*,#9590,.T.);
#9830 = CYLINDRICAL_SURFACE('',#9831,4.);
#9831 = AXIS2_PLACEMENT_3D('',#9832,#9833,#9834);
#9832 = CARTESIAN_POINT('',(412.,964.,-1.));
#9833 = DIRECTION('',(0.,0.,1.));
#9834 = DIRECTION('',(1.,0.,-0.));
#9835 = ADVANCED_FACE('',(#9836),#9852,.T.);
#9836 = FACE_BOUND('',#9837,.T.);
#9837 = EDGE_LOOP('',(#9838,#9844,#9845,#9851));
#9838 = ORIENTED_EDGE('',*,*,#9839,.F.);
#9839 = EDGE_CURVE('',#9602,#9395,#9840,.T.);
#9840 = LINE('',#9841,#9842);
#9841 = CARTESIAN_POINT('',(950.,150.,-1.));
#9842 = VECTOR('',#9843,1.);
#9843 = DIRECTION('',(0.,0.,1.));
#9844 = ORIENTED_EDGE('',*,*,#9601,.T.);
#9845 = ORIENTED_EDGE('',*,*,#9846,.T.);
#9846 = EDGE_CURVE('',#9604,#9397,#9847,.T.);
#9847 = LINE('',#9848,#9849);
#9848 = CARTESIAN_POINT('',(150.,150.,-1.));
#9849 = VECTOR('',#9850,1.);
#9850 = DIRECTION('',(0.,0.,1.));
#9851 = ORIENTED_EDGE('',*,*,#9394,.F.);
#9852 = PLANE('',#9853);
#9853 = AXIS2_PLACEMENT_3D('',#9854,#9855,#9856);
#9854 = CARTESIAN_POINT('',(150.,150.,-1.));
#9855 = DIRECTION('',(0.,1.,0.));
#9856 = DIRECTION('',(0.,-0.,1.));
#9857 = ADVANCED_FACE('',(#9858),#9869,.F.);
#9858 = FACE_BOUND('',#9859,.T.);
#9859 = EDGE_LOOP('',(#9860,#9861,#9862,#9868));
#9860 = ORIENTED_EDGE('',*,*,#9839,.T.);
#9861 = ORIENTED_EDGE('',*,*,#9420,.T.);
#9862 = ORIENTED_EDGE('',*,*,#9863,.F.);
#9863 = EDGE_CURVE('',#9612,#9413,#9864,.T.);
#9864 = LINE('',#9865,#9866);
#9865 = CARTESIAN_POINT('',(950.,950.,-1.));
#9866 = VECTOR('',#9867,1.);
#9867 = DIRECTION('',(0.,0.,1.));
#9868 = ORIENTED_EDGE('',*,*,#9611,.F.);
#9869 = PLANE('',#9870);
#9870 = AXIS2_PLACEMENT_3D('',#9871,#9872,#9873);
#9871 = CARTESIAN_POINT('',(950.,150.,-1.));
#9872 = DIRECTION('',(1.,0.,0.));
#9873 = DIRECTION('',(0.,0.,1.));
#9874 = ADVANCED_FACE('',(#9875),#9886,.T.);
#9875 = FACE_BOUND('',#9876,.T.);
#9876 = EDGE_LOOP('',(#9877,#9878,#9879,#9885));
#9877 = ORIENTED_EDGE('',*,*,#9846,.F.);
#9878 = ORIENTED_EDGE('',*,*,#9627,.T.);
#9879 = ORIENTED_EDGE('',*,*,#9880,.T.);
#9880 = EDGE_CURVE('',#9620,#9405,#9881,.T.);
#9881 = LINE('',#9882,#9883);
#9882 = CARTESIAN_POINT('',(150.,950.,-1.));
#9883 = VECTOR('',#9884,1.);
#9884 = DIRECTION('',(0.,0.,1.));
#9885 = ORIENTED_EDGE('',*,*,#9404,.F.);
#9886 = PLANE('',#9887);
#9887 = AXIS2_PLACEMENT_3D('',#9888,#9889,#9890);
#9888 = CARTESIAN_POINT('',(150.,150.,-1.));
#9889 = DIRECTION('',(1.,0.,0.));
#9890 = DIRECTION('',(0.,0.,1.));
#9891 = ADVANCED_FACE('',(#9892),#9898,.F.);
#9892 = FACE_BOUND('',#9893,.T.);
#9893 = EDGE_LOOP('',(#9894,#9895,#9896,#9897));
#9894 = ORIENTED_EDGE('',*,*,#9863,.T.);
#9895 = ORIENTED_EDGE('',*,*,#9412,.T.);
#9896 = ORIENTED_EDGE('',*,*,#9880,.F.);
#9897 = ORIENTED_EDGE('',*,*,#9619,.F.);
#9898 = PLANE('',#9899);
#9899 = AXIS2_PLACEMENT_3D('',#9900,#9901,#9902);
#9900 = CARTESIAN_POINT('',(150.,950.,-1.));
#9901 = DIRECTION('',(0.,1.,0.));
#9902 = DIRECTION('',(0.,-0.,1.));
#9903 = ADVANCED_FACE('',(#9904),#9915,.F.);
#9904 = FACE_BOUND('',#9905,.F.);
#9905 = EDGE_LOOP('',(#9906,#9912,#9913,#9914));
#9906 = ORIENTED_EDGE('',*,*,#9907,.T.);
#9907 = EDGE_CURVE('',#9636,#9429,#9908,.T.);
#9908 = LINE('',#9909,#9910);
#9909 = CARTESIAN_POINT('',(960.,688.,-1.));
#9910 = VECTOR('',#9911,1.);
#9911 = DIRECTION('',(0.,0.,1.));
#9912 = ORIENTED_EDGE('',*,*,#9428,.F.);
#9913 = ORIENTED_EDGE('',*,*,#9907,.F.);
#9914 = ORIENTED_EDGE('',*,*,#9635,.T.);
#9915 = CYLINDRICAL_SURFACE('',#9916,4.);
#9916 = AXIS2_PLACEMENT_3D('',#9917,#9918,#9919);
#9917 = CARTESIAN_POINT('',(964.,688.,-1.));
#9918 = DIRECTION('',(0.,0.,1.));
#9919 = DIRECTION('',(1.,0.,-0.));
#9920 = ADVANCED_FACE('',(#9921),#9932,.F.);
#9921 = FACE_BOUND('',#9922,.F.);
#9922 = EDGE_LOOP('',(#9923,#9929,#9930,#9931));
#9923 = ORIENTED_EDGE('',*,*,#9924,.T.);
#9924 = EDGE_CURVE('',#9647,#9440,#9925,.T.);
#9925 = LINE('',#9926,#9927);
#9926 = CARTESIAN_POINT('',(684.,964.,-1.));
#9927 = VECTOR('',#9928,1.);
#9928 = DIRECTION('',(0.,0.,1.));
#9929 = ORIENTED_EDGE('',*,*,#9439,.F.);
#9930 = ORIENTED_EDGE('',*,*,#9924,.F.);
#9931 = ORIENTED_EDGE('',*,*,#9646,.T.);
#9932 = CYLINDRICAL_SURFACE('',#9933,4.);
#9933 = AXIS2_PLACEMENT_3D('',#9934,#9935,#9936);
#9934 = CARTESIAN_POINT('',(688.,964.,-1.));
#9935 = DIRECTION('',(0.,0.,1.));
#9936 = DIRECTION('',(1.,0.,-0.));
#9937 = ADVANCED_FACE('',(#9938),#9949,.F.);
#9938 = FACE_BOUND('',#9939,.F.);
#9939 = EDGE_LOOP('',(#9940,#9946,#9947,#9948));
#9940 = ORIENTED_EDGE('',*,*,#9941,.T.);
#9941 = EDGE_CURVE('',#9658,#9451,#9942,.T.);
#9942 = LINE('',#9943,#9944);
#9943 = CARTESIAN_POINT('',(960.,964.,-1.));
#9944 = VECTOR('',#9945,1.);
#9945 = DIRECTION('',(0.,0.,1.));
#9946 = ORIENTED_EDGE('',*,*,#9450,.F.);
#9947 = ORIENTED_EDGE('',*,*,#9941,.F.);
#9948 = ORIENTED_EDGE('',*,*,#9657,.T.);
#9949 = CYLINDRICAL_SURFACE('',#9950,4.);
#9950 = AXIS2_PLACEMENT_3D('',#9951,#9952,#9953);
#9951 = CARTESIAN_POINT('',(964.,964.,-1.));
#9952 = DIRECTION('',(0.,0.,1.));
#9953 = DIRECTION('',(1.,0.,-0.));
#9954 = ( GEOMETRIC_REPRESENTATION_CONTEXT(3) 
GLOBAL_UNCERTAINTY_ASSIGNED_CONTEXT((#9958)) 
GLOBAL_UNIT_ASSIGNED_CONTEXT((#9955,#9956,#9957)) REPRESENTATION_CONTEXT
('Context #1','3D Context with UNIT and UNCERTAINTY') );
#9955 = ( LENGTH_UNIT() NAMED_UNIT(*) SI_UNIT(.MILLI.,.METRE.) );
#9956 = ( NAMED_UNIT(*) PLANE_ANGLE_UNIT() SI_UNIT($,.RADIAN.) );
#9957 = ( NAMED_UNIT(*) SI_UNIT($,.STERADIAN.) SOLID_ANGLE_UNIT() );
#9958 = UNCERTAINTY_MEASURE_WITH_UNIT(LENGTH_MEASURE(1.E-07),#9955,
  'distance_accuracy_value','confusion accuracy');
#9959 = CONTEXT_DEPENDENT_SHAPE_REPRESENTATION(#9960,#9962);
#9960 = ( REPRESENTATION_RELATIONSHIP('','',#9199,#9172) 
REPRESENTATION_RELATIONSHIP_WITH_TRANSFORMATION(#9961) 
SHAPE_REPRESENTATION_RELATIONSHIP() );
#9961 = ITEM_DEFINED_TRANSFORMATION('','',#11,#9173);
#9962 = PRODUCT_DEFINITION_SHAPE('Placement','Placement of an item',
  #9963);
#9963 = NEXT_ASSEMBLY_USAGE_OCCURRENCE('48',
  'Bottom_flange_860_open_800_12xD001','',#9167,#9194,$);
#9964 = PRODUCT_RELATED_PRODUCT_CATEGORY('part',$,(#9196));
#9965 = SHAPE_DEFINITION_REPRESENTATION(#9966,#9972);
#9966 = PRODUCT_DEFINITION_SHAPE('','',#9967);
#9967 = PRODUCT_DEFINITION('design','',#9968,#9971);
#9968 = PRODUCT_DEFINITION_FORMATION('','',#9969);
#9969 = PRODUCT('Bottom_neck_800_clear001','Bottom_neck_800_clear001',''
  ,(#9970));
#9970 = PRODUCT_CONTEXT('',#2,'mechanical');
#9971 = PRODUCT_DEFINITION_CONTEXT('part definition',#2,'design');
#9972 = ADVANCED_BREP_SHAPE_REPRESENTATION('',(#11,#9973),#10259);
#9973 = MANIFOLD_SOLID_BREP('',#9974);
#9974 = CLOSED_SHELL('',(#9975,#10015,#10046,#10104,#10128,#10179,#10191
    ,#10213,#10230,#10247));
#9975 = ADVANCED_FACE('',(#9976),#10010,.F.);
#9976 = FACE_BOUND('',#9977,.T.);
#9977 = EDGE_LOOP('',(#9978,#9988,#9996,#10004));
#9978 = ORIENTED_EDGE('',*,*,#9979,.T.);
#9979 = EDGE_CURVE('',#9980,#9982,#9984,.T.);
#9980 = VERTEX_POINT('',#9981);
#9981 = CARTESIAN_POINT('',(148.5,148.5,1.5));
#9982 = VERTEX_POINT('',#9983);
#9983 = CARTESIAN_POINT('',(148.5,148.5,30.));
#9984 = LINE('',#9985,#9986);
#9985 = CARTESIAN_POINT('',(148.5,148.5,1.5));
#9986 = VECTOR('',#9987,1.);
#9987 = DIRECTION('',(0.,0.,1.));
#9988 = ORIENTED_EDGE('',*,*,#9989,.T.);
#9989 = EDGE_CURVE('',#9982,#9990,#9992,.T.);
#9990 = VERTEX_POINT('',#9991);
#9991 = CARTESIAN_POINT('',(148.5,951.5,30.));
#9992 = LINE('',#9993,#9994);
#9993 = CARTESIAN_POINT('',(148.5,148.5,30.));
#9994 = VECTOR('',#9995,1.);
#9995 = DIRECTION('',(0.,1.,0.));
#9996 = ORIENTED_EDGE('',*,*,#9997,.F.);
#9997 = EDGE_CURVE('',#9998,#9990,#10000,.T.);
#9998 = VERTEX_POINT('',#9999);
#9999 = CARTESIAN_POINT('',(148.5,951.5,1.5));
#10000 = LINE('',#10001,#10002);
#10001 = CARTESIAN_POINT('',(148.5,951.5,1.5));
#10002 = VECTOR('',#10003,1.);
#10003 = DIRECTION('',(0.,0.,1.));
#10004 = ORIENTED_EDGE('',*,*,#10005,.F.);
#10005 = EDGE_CURVE('',#9980,#9998,#10006,.T.);
#10006 = LINE('',#10007,#10008);
#10007 = CARTESIAN_POINT('',(148.5,148.5,1.5));
#10008 = VECTOR('',#10009,1.);
#10009 = DIRECTION('',(0.,1.,0.));
#10010 = PLANE('',#10011);
#10011 = AXIS2_PLACEMENT_3D('',#10012,#10013,#10014);
#10012 = CARTESIAN_POINT('',(148.5,148.5,1.5));
#10013 = DIRECTION('',(1.,0.,0.));
#10014 = DIRECTION('',(0.,0.,1.));
#10015 = ADVANCED_FACE('',(#10016),#10041,.F.);
#10016 = FACE_BOUND('',#10017,.T.);
#10017 = EDGE_LOOP('',(#10018,#10026,#10034,#10040));
#10018 = ORIENTED_EDGE('',*,*,#10019,.T.);
#10019 = EDGE_CURVE('',#9980,#10020,#10022,.T.);
#10020 = VERTEX_POINT('',#10021);
#10021 = CARTESIAN_POINT('',(951.5,148.5,1.5));
#10022 = LINE('',#10023,#10024);
#10023 = CARTESIAN_POINT('',(148.5,148.5,1.5));
#10024 = VECTOR('',#10025,1.);
#10025 = DIRECTION('',(1.,0.,0.));
#10026 = ORIENTED_EDGE('',*,*,#10027,.T.);
#10027 = EDGE_CURVE('',#10020,#10028,#10030,.T.);
#10028 = VERTEX_POINT('',#10029);
#10029 = CARTESIAN_POINT('',(951.5,148.5,30.));
#10030 = LINE('',#10031,#10032);
#10031 = CARTESIAN_POINT('',(951.5,148.5,1.5));
#10032 = VECTOR('',#10033,1.);
#10033 = DIRECTION('',(0.,0.,1.));
#10034 = ORIENTED_EDGE('',*,*,#10035,.F.);
#10035 = EDGE_CURVE('',#9982,#10028,#10036,.T.);
#10036 = LINE('',#10037,#10038);
#10037 = CARTESIAN_POINT('',(148.5,148.5,30.));
#10038 = VECTOR('',#10039,1.);
#10039 = DIRECTION('',(1.,0.,0.));
#10040 = ORIENTED_EDGE('',*,*,#9979,.F.);
#10041 = PLANE('',#10042);
#10042 = AXIS2_PLACEMENT_3D('',#10043,#10044,#10045);
#10043 = CARTESIAN_POINT('',(148.5,148.5,1.5));
#10044 = DIRECTION('',(0.,1.,0.));
#10045 = DIRECTION('',(0.,-0.,1.));
#10046 = ADVANCED_FACE('',(#10047,#10065),#10099,.T.);
#10047 = FACE_BOUND('',#10048,.T.);
#10048 = EDGE_LOOP('',(#10049,#10050,#10051,#10059));
#10049 = ORIENTED_EDGE('',*,*,#9989,.F.);
#10050 = ORIENTED_EDGE('',*,*,#10035,.T.);
#10051 = ORIENTED_EDGE('',*,*,#10052,.T.);
#10052 = EDGE_CURVE('',#10028,#10053,#10055,.T.);
#10053 = VERTEX_POINT('',#10054);
#10054 = CARTESIAN_POINT('',(951.5,951.5,30.));
#10055 = LINE('',#10056,#10057);
#10056 = CARTESIAN_POINT('',(951.5,148.5,30.));
#10057 = VECTOR('',#10058,1.);
#10058 = DIRECTION('',(0.,1.,0.));
#10059 = ORIENTED_EDGE('',*,*,#10060,.F.);
#10060 = EDGE_CURVE('',#9990,#10053,#10061,.T.);
#10061 = LINE('',#10062,#10063);
#10062 = CARTESIAN_POINT('',(148.5,951.5,30.));
#10063 = VECTOR('',#10064,1.);
#10064 = DIRECTION('',(1.,0.,0.));
#10065 = FACE_BOUND('',#10066,.T.);
#10066 = EDGE_LOOP('',(#10067,#10077,#10085,#10093));
#10067 = ORIENTED_EDGE('',*,*,#10068,.T.);
#10068 = EDGE_CURVE('',#10069,#10071,#10073,.T.);
#10069 = VERTEX_POINT('',#10070);
#10070 = CARTESIAN_POINT('',(950.,150.,30.));
#10071 = VERTEX_POINT('',#10072);
#10072 = CARTESIAN_POINT('',(150.,150.,30.));
#10073 = LINE('',#10074,#10075);
#10074 = CARTESIAN_POINT('',(149.25,150.,30.));
#10075 = VECTOR('',#10076,1.);
#10076 = DIRECTION('',(-1.,0.,0.));
#10077 = ORIENTED_EDGE('',*,*,#10078,.T.);
#10078 = EDGE_CURVE('',#10071,#10079,#10081,.T.);
#10079 = VERTEX_POINT('',#10080);
#10080 = CARTESIAN_POINT('',(150.,950.,30.));
#10081 = LINE('',#10082,#10083);
#10082 = CARTESIAN_POINT('',(150.,149.25,30.));
#10083 = VECTOR('',#10084,1.);
#10084 = DIRECTION('',(0.,1.,0.));
#10085 = ORIENTED_EDGE('',*,*,#10086,.F.);
#10086 = EDGE_CURVE('',#10087,#10079,#10089,.T.);
#10087 = VERTEX_POINT('',#10088);
#10088 = CARTESIAN_POINT('',(950.,950.,30.));
#10089 = LINE('',#10090,#10091);
#10090 = CARTESIAN_POINT('',(149.25,950.,30.));
#10091 = VECTOR('',#10092,1.);
#10092 = DIRECTION('',(-1.,0.,0.));
#10093 = ORIENTED_EDGE('',*,*,#10094,.F.);
#10094 = EDGE_CURVE('',#10069,#10087,#10095,.T.);
#10095 = LINE('',#10096,#10097);
#10096 = CARTESIAN_POINT('',(950.,149.25,30.));
#10097 = VECTOR('',#10098,1.);
#10098 = DIRECTION('',(0.,1.,0.));
#10099 = PLANE('',#10100);
#10100 = AXIS2_PLACEMENT_3D('',#10101,#10102,#10103);
#10101 = CARTESIAN_POINT('',(148.5,148.5,30.));
#10102 = DIRECTION('',(0.,0.,1.));
#10103 = DIRECTION('',(1.,0.,-0.));
#10104 = ADVANCED_FACE('',(#10105),#10123,.T.);
#10105 = FACE_BOUND('',#10106,.T.);
#10106 = EDGE_LOOP('',(#10107,#10115,#10116,#10117));
#10107 = ORIENTED_EDGE('',*,*,#10108,.F.);
#10108 = EDGE_CURVE('',#9998,#10109,#10111,.T.);
#10109 = VERTEX_POINT('',#10110);
#10110 = CARTESIAN_POINT('',(951.5,951.5,1.5));
#10111 = LINE('',#10112,#10113);
#10112 = CARTESIAN_POINT('',(148.5,951.5,1.5));
#10113 = VECTOR('',#10114,1.);
#10114 = DIRECTION('',(1.,0.,0.));
#10115 = ORIENTED_EDGE('',*,*,#9997,.T.);
#10116 = ORIENTED_EDGE('',*,*,#10060,.T.);
#10117 = ORIENTED_EDGE('',*,*,#10118,.F.);
#10118 = EDGE_CURVE('',#10109,#10053,#10119,.T.);
#10119 = LINE('',#10120,#10121);
#10120 = CARTESIAN_POINT('',(951.5,951.5,1.5));
#10121 = VECTOR('',#10122,1.);
#10122 = DIRECTION('',(0.,0.,1.));
#10123 = PLANE('',#10124);
#10124 = AXIS2_PLACEMENT_3D('',#10125,#10126,#10127);
#10125 = CARTESIAN_POINT('',(148.5,951.5,1.5));
#10126 = DIRECTION('',(0.,1.,0.));
#10127 = DIRECTION('',(0.,-0.,1.));
#10128 = ADVANCED_FACE('',(#10129,#10140),#10174,.F.);
#10129 = FACE_BOUND('',#10130,.T.);
#10130 = EDGE_LOOP('',(#10131,#10132,#10133,#10139));
#10131 = ORIENTED_EDGE('',*,*,#10005,.T.);
#10132 = ORIENTED_EDGE('',*,*,#10108,.T.);
#10133 = ORIENTED_EDGE('',*,*,#10134,.F.);
#10134 = EDGE_CURVE('',#10020,#10109,#10135,.T.);
#10135 = LINE('',#10136,#10137);
#10136 = CARTESIAN_POINT('',(951.5,148.5,1.5));
#10137 = VECTOR('',#10138,1.);
#10138 = DIRECTION('',(0.,1.,0.));
#10139 = ORIENTED_EDGE('',*,*,#10019,.F.);
#10140 = FACE_BOUND('',#10141,.T.);
#10141 = EDGE_LOOP('',(#10142,#10152,#10160,#10168));
#10142 = ORIENTED_EDGE('',*,*,#10143,.F.);
#10143 = EDGE_CURVE('',#10144,#10146,#10148,.T.);
#10144 = VERTEX_POINT('',#10145);
#10145 = CARTESIAN_POINT('',(950.,150.,1.5));
#10146 = VERTEX_POINT('',#10147);
#10147 = CARTESIAN_POINT('',(150.,150.,1.5));
#10148 = LINE('',#10149,#10150);
#10149 = CARTESIAN_POINT('',(149.25,150.,1.5));
#10150 = VECTOR('',#10151,1.);
#10151 = DIRECTION('',(-1.,0.,0.));
#10152 = ORIENTED_EDGE('',*,*,#10153,.T.);
#10153 = EDGE_CURVE('',#10144,#10154,#10156,.T.);
#10154 = VERTEX_POINT('',#10155);
#10155 = CARTESIAN_POINT('',(950.,950.,1.5));
#10156 = LINE('',#10157,#10158);
#10157 = CARTESIAN_POINT('',(950.,149.25,1.5));
#10158 = VECTOR('',#10159,1.);
#10159 = DIRECTION('',(0.,1.,0.));
#10160 = ORIENTED_EDGE('',*,*,#10161,.T.);
#10161 = EDGE_CURVE('',#10154,#10162,#10164,.T.);
#10162 = VERTEX_POINT('',#10163);
#10163 = CARTESIAN_POINT('',(150.,950.,1.5));
#10164 = LINE('',#10165,#10166);
#10165 = CARTESIAN_POINT('',(149.25,950.,1.5));
#10166 = VECTOR('',#10167,1.);
#10167 = DIRECTION('',(-1.,0.,0.));
#10168 = ORIENTED_EDGE('',*,*,#10169,.F.);
#10169 = EDGE_CURVE('',#10146,#10162,#10170,.T.);
#10170 = LINE('',#10171,#10172);
#10171 = CARTESIAN_POINT('',(150.,149.25,1.5));
#10172 = VECTOR('',#10173,1.);
#10173 = DIRECTION('',(0.,1.,0.));
#10174 = PLANE('',#10175);
#10175 = AXIS2_PLACEMENT_3D('',#10176,#10177,#10178);
#10176 = CARTESIAN_POINT('',(148.5,148.5,1.5));
#10177 = DIRECTION('',(0.,0.,1.));
#10178 = DIRECTION('',(1.,0.,-0.));
#10179 = ADVANCED_FACE('',(#10180),#10186,.T.);
#10180 = FACE_BOUND('',#10181,.T.);
#10181 = EDGE_LOOP('',(#10182,#10183,#10184,#10185));
#10182 = ORIENTED_EDGE('',*,*,#10027,.F.);
#10183 = ORIENTED_EDGE('',*,*,#10134,.T.);
#10184 = ORIENTED_EDGE('',*,*,#10118,.T.);
#10185 = ORIENTED_EDGE('',*,*,#10052,.F.);
#10186 = PLANE('',#10187);
#10187 = AXIS2_PLACEMENT_3D('',#10188,#10189,#10190);
#10188 = CARTESIAN_POINT('',(951.5,148.5,1.5));
#10189 = DIRECTION('',(1.,0.,0.));
#10190 = DIRECTION('',(0.,0.,1.));
#10191 = ADVANCED_FACE('',(#10192),#10208,.T.);
#10192 = FACE_BOUND('',#10193,.T.);
#10193 = EDGE_LOOP('',(#10194,#10200,#10201,#10207));
#10194 = ORIENTED_EDGE('',*,*,#10195,.F.);
#10195 = EDGE_CURVE('',#10144,#10069,#10196,.T.);
#10196 = LINE('',#10197,#10198);
#10197 = CARTESIAN_POINT('',(950.,150.,0.5));
#10198 = VECTOR('',#10199,1.);
#10199 = DIRECTION('',(0.,0.,1.));
#10200 = ORIENTED_EDGE('',*,*,#10143,.T.);
#10201 = ORIENTED_EDGE('',*,*,#10202,.T.);
#10202 = EDGE_CURVE('',#10146,#10071,#10203,.T.);
#10203 = LINE('',#10204,#10205);
#10204 = CARTESIAN_POINT('',(150.,150.,0.5));
#10205 = VECTOR('',#10206,1.);
#10206 = DIRECTION('',(0.,0.,1.));
#10207 = ORIENTED_EDGE('',*,*,#10068,.F.);
#10208 = PLANE('',#10209);
#10209 = AXIS2_PLACEMENT_3D('',#10210,#10211,#10212);
#10210 = CARTESIAN_POINT('',(150.,150.,0.5));
#10211 = DIRECTION('',(0.,1.,0.));
#10212 = DIRECTION('',(0.,-0.,1.));
#10213 = ADVANCED_FACE('',(#10214),#10225,.F.);
#10214 = FACE_BOUND('',#10215,.T.);
#10215 = EDGE_LOOP('',(#10216,#10217,#10218,#10224));
#10216 = ORIENTED_EDGE('',*,*,#10195,.T.);
#10217 = ORIENTED_EDGE('',*,*,#10094,.T.);
#10218 = ORIENTED_EDGE('',*,*,#10219,.F.);
#10219 = EDGE_CURVE('',#10154,#10087,#10220,.T.);
#10220 = LINE('',#10221,#10222);
#10221 = CARTESIAN_POINT('',(950.,950.,0.5));
#10222 = VECTOR('',#10223,1.);
#10223 = DIRECTION('',(0.,0.,1.));
#10224 = ORIENTED_EDGE('',*,*,#10153,.F.);
#10225 = PLANE('',#10226);
#10226 = AXIS2_PLACEMENT_3D('',#10227,#10228,#10229);
#10227 = CARTESIAN_POINT('',(950.,150.,0.5));
#10228 = DIRECTION('',(1.,0.,0.));
#10229 = DIRECTION('',(0.,0.,1.));
#10230 = ADVANCED_FACE('',(#10231),#10242,.F.);
#10231 = FACE_BOUND('',#10232,.T.);
#10232 = EDGE_LOOP('',(#10233,#10234,#10235,#10241));
#10233 = ORIENTED_EDGE('',*,*,#10219,.T.);
#10234 = ORIENTED_EDGE('',*,*,#10086,.T.);
#10235 = ORIENTED_EDGE('',*,*,#10236,.F.);
#10236 = EDGE_CURVE('',#10162,#10079,#10237,.T.);
#10237 = LINE('',#10238,#10239);
#10238 = CARTESIAN_POINT('',(150.,950.,0.5));
#10239 = VECTOR('',#10240,1.);
#10240 = DIRECTION('',(0.,0.,1.));
#10241 = ORIENTED_EDGE('',*,*,#10161,.F.);
#10242 = PLANE('',#10243);
#10243 = AXIS2_PLACEMENT_3D('',#10244,#10245,#10246);
#10244 = CARTESIAN_POINT('',(150.,950.,0.5));
#10245 = DIRECTION('',(0.,1.,0.));
#10246 = DIRECTION('',(0.,-0.,1.));
#10247 = ADVANCED_FACE('',(#10248),#10254,.T.);
#10248 = FACE_BOUND('',#10249,.T.);
#10249 = EDGE_LOOP('',(#10250,#10251,#10252,#10253));
#10250 = ORIENTED_EDGE('',*,*,#10202,.F.);
#10251 = ORIENTED_EDGE('',*,*,#10169,.T.);
#10252 = ORIENTED_EDGE('',*,*,#10236,.T.);
#10253 = ORIENTED_EDGE('',*,*,#10078,.F.);
#10254 = PLANE('',#10255);
#10255 = AXIS2_PLACEMENT_3D('',#10256,#10257,#10258);
#10256 = CARTESIAN_POINT('',(150.,150.,0.5));
#10257 = DIRECTION('',(1.,0.,0.));
#10258 = DIRECTION('',(0.,0.,1.));
#10259 = ( GEOMETRIC_REPRESENTATION_CONTEXT(3) 
GLOBAL_UNCERTAINTY_ASSIGNED_CONTEXT((#10263)) 
GLOBAL_UNIT_ASSIGNED_CONTEXT((#10260,#10261,#10262)) 
REPRESENTATION_CONTEXT('Context #1',
  '3D Context with UNIT and UNCERTAINTY') );
#10260 = ( LENGTH_UNIT() NAMED_UNIT(*) SI_UNIT(.MILLI.,.METRE.) );
#10261 = ( NAMED_UNIT(*) PLANE_ANGLE_UNIT() SI_UNIT($,.RADIAN.) );
#10262 = ( NAMED_UNIT(*) SI_UNIT($,.STERADIAN.) SOLID_ANGLE_UNIT() );
#10263 = UNCERTAINTY_MEASURE_WITH_UNIT(LENGTH_MEASURE(1.E-07),#10260,
  'distance_accuracy_value','confusion accuracy');
#10264 = CONTEXT_DEPENDENT_SHAPE_REPRESENTATION(#10265,#10267);
#10265 = ( REPRESENTATION_RELATIONSHIP('','',#9972,#9172) 
REPRESENTATION_RELATIONSHIP_WITH_TRANSFORMATION(#10266) 
SHAPE_REPRESENTATION_RELATIONSHIP() );
#10266 = ITEM_DEFINED_TRANSFORMATION('','',#11,#9177);
#10267 = PRODUCT_DEFINITION_SHAPE('Placement','Placement of an item',
  #10268);
#10268 = NEXT_ASSEMBLY_USAGE_OCCURRENCE('49','Bottom_neck_800_clear001',
  '',#9167,#9967,$);
#10269 = PRODUCT_RELATED_PRODUCT_CATEGORY('part',$,(#9969));
#10270 = SHAPE_DEFINITION_REPRESENTATION(#10271,#10277);
#10271 = PRODUCT_DEFINITION_SHAPE('','',#10272);
#10272 = PRODUCT_DEFINITION('design','',#10273,#10276);
#10273 = PRODUCT_DEFINITION_FORMATION('','',#10274);
#10274 = PRODUCT('02_Housing001','02_Housing001','',(#10275));
#10275 = PRODUCT_CONTEXT('',#2,'mechanical');
#10276 = PRODUCT_DEFINITION_CONTEXT('part definition',#2,'design');
#10277 = SHAPE_REPRESENTATION('',(#11,#10278,#10282,#10286,#10290,#10294
    ,#10298),#10302);
#10278 = AXIS2_PLACEMENT_3D('',#10279,#10280,#10281);
#10279 = CARTESIAN_POINT('',(0.,0.,0.));
#10280 = DIRECTION('',(0.,0.,1.));
#10281 = DIRECTION('',(1.,0.,0.));
#10282 = AXIS2_PLACEMENT_3D('',#10283,#10284,#10285);
#10283 = CARTESIAN_POINT('',(0.,0.,0.));
#10284 = DIRECTION('',(0.,0.,1.));
#10285 = DIRECTION('',(1.,0.,0.));
#10286 = AXIS2_PLACEMENT_3D('',#10287,#10288,#10289);
#10287 = CARTESIAN_POINT('',(0.,0.,0.));
#10288 = DIRECTION('',(0.,0.,1.));
#10289 = DIRECTION('',(1.,0.,0.));
#10290 = AXIS2_PLACEMENT_3D('',#10291,#10292,#10293);
#10291 = CARTESIAN_POINT('',(0.,0.,0.));
#10292 = DIRECTION('',(0.,0.,1.));
#10293 = DIRECTION('',(1.,0.,0.));
#10294 = AXIS2_PLACEMENT_3D('',#10295,#10296,#10297);
#10295 = CARTESIAN_POINT('',(0.,0.,0.));
#10296 = DIRECTION('',(0.,0.,1.));
#10297 = DIRECTION('',(1.,0.,0.));
#10298 = AXIS2_PLACEMENT_3D('',#10299,#10300,#10301);
#10299 = CARTESIAN_POINT('',(0.,0.,0.));
#10300 = DIRECTION('',(0.,0.,1.));
#10301 = DIRECTION('',(1.,0.,0.));
#10302 = ( GEOMETRIC_REPRESENTATION_CONTEXT(3) 
GLOBAL_UNCERTAINTY_ASSIGNED_CONTEXT((#10306)) 
GLOBAL_UNIT_ASSIGNED_CONTEXT((#10303,#10304,#10305)) 
REPRESENTATION_CONTEXT('Context #1',
  '3D Context with UNIT and UNCERTAINTY') );
#10303 = ( LENGTH_UNIT() NAMED_UNIT(*) SI_UNIT(.MILLI.,.METRE.) );
#10304 = ( NAMED_UNIT(*) PLANE_ANGLE_UNIT() SI_UNIT($,.RADIAN.) );
#10305 = ( NAMED_UNIT(*) SI_UNIT($,.STERADIAN.) SOLID_ANGLE_UNIT() );
#10306 = UNCERTAINTY_MEASURE_WITH_UNIT(LENGTH_MEASURE(1.E-07),#10303,
  'distance_accuracy_value','confusion accuracy');
#10307 = CONTEXT_DEPENDENT_SHAPE_REPRESENTATION(#10308,#10310);
#10308 = ( REPRESENTATION_RELATIONSHIP('','',#10277,#9137) 
REPRESENTATION_RELATIONSHIP_WITH_TRANSFORMATION(#10309) 
SHAPE_REPRESENTATION_RELATIONSHIP() );
#10309 = ITEM_DEFINED_TRANSFORMATION('','',#11,#9142);
#10310 = PRODUCT_DEFINITION_SHAPE('Placement','Placement of an item',
  #10311);
#10311 = NEXT_ASSEMBLY_USAGE_OCCURRENCE('59','02_Housing001','',#9132,
  #10272,$);
#10312 = PRODUCT_RELATED_PRODUCT_CATEGORY('part',$,(#10274));
#10313 = SHAPE_DEFINITION_REPRESENTATION(#10314,#10320);
#10314 = PRODUCT_DEFINITION_SHAPE('','',#10315);
#10315 = PRODUCT_DEFINITION('design','',#10316,#10319);
#10316 = PRODUCT_DEFINITION_FORMATION('','',#10317);
#10317 = PRODUCT('Housing_bottom_panel005','Housing_bottom_panel005','',
  (#10318));
#10318 = PRODUCT_CONTEXT('',#2,'mechanical');
#10319 = PRODUCT_DEFINITION_CONTEXT('part definition',#2,'design');
#10320 = SHAPE_REPRESENTATION('',(#11,#10321,#10325),#10329);
#10321 = AXIS2_PLACEMENT_3D('',#10322,#10323,#10324);
#10322 = CARTESIAN_POINT('',(0.,0.,0.));
#10323 = DIRECTION('',(0.,0.,1.));
#10324 = DIRECTION('',(1.,0.,0.));
#10325 = AXIS2_PLACEMENT_3D('',#10326,#10327,#10328);
#10326 = CARTESIAN_POINT('',(0.,0.,0.));
#10327 = DIRECTION('',(0.,0.,1.));
#10328 = DIRECTION('',(1.,0.,0.));
#10329 = ( GEOMETRIC_REPRESENTATION_CONTEXT(3) 
GLOBAL_UNCERTAINTY_ASSIGNED_CONTEXT((#10333)) 
GLOBAL_UNIT_ASSIGNED_CONTEXT((#10330,#10331,#10332)) 
REPRESENTATION_CONTEXT('Context #1',
  '3D Context with UNIT and UNCERTAINTY') );
#10330 = ( LENGTH_UNIT() NAMED_UNIT(*) SI_UNIT(.MILLI.,.METRE.) );
#10331 = ( NAMED_UNIT(*) PLANE_ANGLE_UNIT() SI_UNIT($,.RADIAN.) );
#10332 = ( NAMED_UNIT(*) SI_UNIT($,.STERADIAN.) SOLID_ANGLE_UNIT() );
#10333 = UNCERTAINTY_MEASURE_WITH_UNIT(LENGTH_MEASURE(1.E-07),#10330,
  'distance_accuracy_value','confusion accuracy');
#10334 = CONTEXT_DEPENDENT_SHAPE_REPRESENTATION(#10335,#10337);
#10335 = ( REPRESENTATION_RELATIONSHIP('','',#10320,#10277) 
REPRESENTATION_RELATIONSHIP_WITH_TRANSFORMATION(#10336) 
SHAPE_REPRESENTATION_RELATIONSHIP() );
#10336 = ITEM_DEFINED_TRANSFORMATION('','',#11,#10278);
#10337 = PRODUCT_DEFINITION_SHAPE('Placement','Placement of an item',
  #10338);
#10338 = NEXT_ASSEMBLY_USAGE_OCCURRENCE('53','Housing_bottom_panel005',
  '',#10272,#10315,$);
#10339 = PRODUCT_RELATED_PRODUCT_CATEGORY('part',$,(#10317));
#10340 = SHAPE_DEFINITION_REPRESENTATION(#10341,#10347);
#10341 = PRODUCT_DEFINITION_SHAPE('','',#10342);
#10342 = PRODUCT_DEFINITION('design','',#10343,#10346);
#10343 = PRODUCT_DEFINITION_FORMATION('','',#10344);
#10344 = PRODUCT('Housing_bottom_panel003','Housing_bottom_panel003','',
  (#10345));
#10345 = PRODUCT_CONTEXT('',#2,'mechanical');
#10346 = PRODUCT_DEFINITION_CONTEXT('part definition',#2,'design');
#10347 = ADVANCED_BREP_SHAPE_REPRESENTATION('',(#11,#10348),#10634);
#10348 = MANIFOLD_SOLID_BREP('',#10349);
#10349 = CLOSED_SHELL('',(#10350,#10390,#10421,#10479,#10503,#10554,
    #10566,#10588,#10605,#10622));
#10350 = ADVANCED_FACE('',(#10351),#10385,.F.);
#10351 = FACE_BOUND('',#10352,.T.);
#10352 = EDGE_LOOP('',(#10353,#10363,#10371,#10379));
#10353 = ORIENTED_EDGE('',*,*,#10354,.T.);
#10354 = EDGE_CURVE('',#10355,#10357,#10359,.T.);
#10355 = VERTEX_POINT('',#10356);
#10356 = CARTESIAN_POINT('',(0.,0.,30.));
#10357 = VERTEX_POINT('',#10358);
#10358 = CARTESIAN_POINT('',(0.,0.,31.5));
#10359 = LINE('',#10360,#10361);
#10360 = CARTESIAN_POINT('',(0.,0.,30.));
#10361 = VECTOR('',#10362,1.);
#10362 = DIRECTION('',(0.,0.,1.));
#10363 = ORIENTED_EDGE('',*,*,#10364,.T.);
#10364 = EDGE_CURVE('',#10357,#10365,#10367,.T.);
#10365 = VERTEX_POINT('',#10366);
#10366 = CARTESIAN_POINT('',(0.,1.1E+03,31.5));
#10367 = LINE('',#10368,#10369);
#10368 = CARTESIAN_POINT('',(0.,0.,31.5));
#10369 = VECTOR('',#10370,1.);
#10370 = DIRECTION('',(0.,1.,0.));
#10371 = ORIENTED_EDGE('',*,*,#10372,.F.);
#10372 = EDGE_CURVE('',#10373,#10365,#10375,.T.);
#10373 = VERTEX_POINT('',#10374);
#10374 = CARTESIAN_POINT('',(0.,1.1E+03,30.));
#10375 = LINE('',#10376,#10377);
#10376 = CARTESIAN_POINT('',(0.,1.1E+03,30.));
#10377 = VECTOR('',#10378,1.);
#10378 = DIRECTION('',(0.,0.,1.));
#10379 = ORIENTED_EDGE('',*,*,#10380,.F.);
#10380 = EDGE_CURVE('',#10355,#10373,#10381,.T.);
#10381 = LINE('',#10382,#10383);
#10382 = CARTESIAN_POINT('',(0.,0.,30.));
#10383 = VECTOR('',#10384,1.);
#10384 = DIRECTION('',(0.,1.,0.));
#10385 = PLANE('',#10386);
#10386 = AXIS2_PLACEMENT_3D('',#10387,#10388,#10389);
#10387 = CARTESIAN_POINT('',(0.,0.,30.));
#10388 = DIRECTION('',(1.,0.,0.));
#10389 = DIRECTION('',(0.,0.,1.));
#10390 = ADVANCED_FACE('',(#10391),#10416,.F.);
#10391 = FACE_BOUND('',#10392,.T.);
#10392 = EDGE_LOOP('',(#10393,#10401,#10409,#10415));
#10393 = ORIENTED_EDGE('',*,*,#10394,.T.);
#10394 = EDGE_CURVE('',#10355,#10395,#10397,.T.);
#10395 = VERTEX_POINT('',#10396);
#10396 = CARTESIAN_POINT('',(1.1E+03,0.,30.));
#10397 = LINE('',#10398,#10399);
#10398 = CARTESIAN_POINT('',(0.,0.,30.));
#10399 = VECTOR('',#10400,1.);
#10400 = DIRECTION('',(1.,0.,0.));
#10401 = ORIENTED_EDGE('',*,*,#10402,.T.);
#10402 = EDGE_CURVE('',#10395,#10403,#10405,.T.);
#10403 = VERTEX_POINT('',#10404);
#10404 = CARTESIAN_POINT('',(1.1E+03,0.,31.5));
#10405 = LINE('',#10406,#10407);
#10406 = CARTESIAN_POINT('',(1.1E+03,0.,30.));
#10407 = VECTOR('',#10408,1.);
#10408 = DIRECTION('',(0.,0.,1.));
#10409 = ORIENTED_EDGE('',*,*,#10410,.F.);
#10410 = EDGE_CURVE('',#10357,#10403,#10411,.T.);
#10411 = LINE('',#10412,#10413);
#10412 = CARTESIAN_POINT('',(0.,0.,31.5));
#10413 = VECTOR('',#10414,1.);
#10414 = DIRECTION('',(1.,0.,0.));
#10415 = ORIENTED_EDGE('',*,*,#10354,.F.);
#10416 = PLANE('',#10417);
#10417 = AXIS2_PLACEMENT_3D('',#10418,#10419,#10420);
#10418 = CARTESIAN_POINT('',(0.,0.,30.));
#10419 = DIRECTION('',(0.,1.,0.));
#10420 = DIRECTION('',(0.,-0.,1.));
#10421 = ADVANCED_FACE('',(#10422,#10440),#10474,.T.);
#10422 = FACE_BOUND('',#10423,.T.);
#10423 = EDGE_LOOP('',(#10424,#10425,#10426,#10434));
#10424 = ORIENTED_EDGE('',*,*,#10364,.F.);
#10425 = ORIENTED_EDGE('',*,*,#10410,.T.);
#10426 = ORIENTED_EDGE('',*,*,#10427,.T.);
#10427 = EDGE_CURVE('',#10403,#10428,#10430,.T.);
#10428 = VERTEX_POINT('',#10429);
#10429 = CARTESIAN_POINT('',(1.1E+03,1.1E+03,31.5));
#10430 = LINE('',#10431,#10432);
#10431 = CARTESIAN_POINT('',(1.1E+03,0.,31.5));
#10432 = VECTOR('',#10433,1.);
#10433 = DIRECTION('',(0.,1.,0.));
#10434 = ORIENTED_EDGE('',*,*,#10435,.F.);
#10435 = EDGE_CURVE('',#10365,#10428,#10436,.T.);
#10436 = LINE('',#10437,#10438);
#10437 = CARTESIAN_POINT('',(0.,1.1E+03,31.5));
#10438 = VECTOR('',#10439,1.);
#10439 = DIRECTION('',(1.,0.,0.));
#10440 = FACE_BOUND('',#10441,.T.);
#10441 = EDGE_LOOP('',(#10442,#10452,#10460,#10468));
#10442 = ORIENTED_EDGE('',*,*,#10443,.T.);
#10443 = EDGE_CURVE('',#10444,#10446,#10448,.T.);
#10444 = VERTEX_POINT('',#10445);
#10445 = CARTESIAN_POINT('',(950.,150.,31.5));
#10446 = VERTEX_POINT('',#10447);
#10447 = CARTESIAN_POINT('',(150.,150.,31.5));
#10448 = LINE('',#10449,#10450);
#10449 = CARTESIAN_POINT('',(75.,150.,31.5));
#10450 = VECTOR('',#10451,1.);
#10451 = DIRECTION('',(-1.,0.,0.));
#10452 = ORIENTED_EDGE('',*,*,#10453,.T.);
#10453 = EDGE_CURVE('',#10446,#10454,#10456,.T.);
#10454 = VERTEX_POINT('',#10455);
#10455 = CARTESIAN_POINT('',(150.,950.,31.5));
#10456 = LINE('',#10457,#10458);
#10457 = CARTESIAN_POINT('',(150.,75.,31.5));
#10458 = VECTOR('',#10459,1.);
#10459 = DIRECTION('',(0.,1.,0.));
#10460 = ORIENTED_EDGE('',*,*,#10461,.F.);
#10461 = EDGE_CURVE('',#10462,#10454,#10464,.T.);
#10462 = VERTEX_POINT('',#10463);
#10463 = CARTESIAN_POINT('',(950.,950.,31.5));
#10464 = LINE('',#10465,#10466);
#10465 = CARTESIAN_POINT('',(75.,950.,31.5));
#10466 = VECTOR('',#10467,1.);
#10467 = DIRECTION('',(-1.,0.,0.));
#10468 = ORIENTED_EDGE('',*,*,#10469,.F.);
#10469 = EDGE_CURVE('',#10444,#10462,#10470,.T.);
#10470 = LINE('',#10471,#10472);
#10471 = CARTESIAN_POINT('',(950.,75.,31.5));
#10472 = VECTOR('',#10473,1.);
#10473 = DIRECTION('',(0.,1.,0.));
#10474 = PLANE('',#10475);
#10475 = AXIS2_PLACEMENT_3D('',#10476,#10477,#10478);
#10476 = CARTESIAN_POINT('',(0.,0.,31.5));
#10477 = DIRECTION('',(0.,0.,1.));
#10478 = DIRECTION('',(1.,0.,-0.));
#10479 = ADVANCED_FACE('',(#10480),#10498,.T.);
#10480 = FACE_BOUND('',#10481,.T.);
#10481 = EDGE_LOOP('',(#10482,#10490,#10491,#10492));
#10482 = ORIENTED_EDGE('',*,*,#10483,.F.);
#10483 = EDGE_CURVE('',#10373,#10484,#10486,.T.);
#10484 = VERTEX_POINT('',#10485);
#10485 = CARTESIAN_POINT('',(1.1E+03,1.1E+03,30.));
#10486 = LINE('',#10487,#10488);
#10487 = CARTESIAN_POINT('',(0.,1.1E+03,30.));
#10488 = VECTOR('',#10489,1.);
#10489 = DIRECTION('',(1.,0.,0.));
#10490 = ORIENTED_EDGE('',*,*,#10372,.T.);
#10491 = ORIENTED_EDGE('',*,*,#10435,.T.);
#10492 = ORIENTED_EDGE('',*,*,#10493,.F.);
#10493 = EDGE_CURVE('',#10484,#10428,#10494,.T.);
#10494 = LINE('',#10495,#10496);
#10495 = CARTESIAN_POINT('',(1.1E+03,1.1E+03,30.));
#10496 = VECTOR('',#10497,1.);
#10497 = DIRECTION('',(0.,0.,1.));
#10498 = PLANE('',#10499);
#10499 = AXIS2_PLACEMENT_3D('',#10500,#10501,#10502);
#10500 = CARTESIAN_POINT('',(0.,1.1E+03,30.));
#10501 = DIRECTION('',(0.,1.,0.));
#10502 = DIRECTION('',(0.,-0.,1.));
#10503 = ADVANCED_FACE('',(#10504,#10515),#10549,.F.);
#10504 = FACE_BOUND('',#10505,.T.);
#10505 = EDGE_LOOP('',(#10506,#10507,#10508,#10514));
#10506 = ORIENTED_EDGE('',*,*,#10380,.T.);
#10507 = ORIENTED_EDGE('',*,*,#10483,.T.);
#10508 = ORIENTED_EDGE('',*,*,#10509,.F.);
#10509 = EDGE_CURVE('',#10395,#10484,#10510,.T.);
#10510 = LINE('',#10511,#10512);
#10511 = CARTESIAN_POINT('',(1.1E+03,0.,30.));
#10512 = VECTOR('',#10513,1.);
#10513 = DIRECTION('',(0.,1.,0.));
#10514 = ORIENTED_EDGE('',*,*,#10394,.F.);
#10515 = FACE_BOUND('',#10516,.T.);
#10516 = EDGE_LOOP('',(#10517,#10527,#10535,#10543));
#10517 = ORIENTED_EDGE('',*,*,#10518,.F.);
#10518 = EDGE_CURVE('',#10519,#10521,#10523,.T.);
#10519 = VERTEX_POINT('',#10520);
#10520 = CARTESIAN_POINT('',(950.,150.,30.));
#10521 = VERTEX_POINT('',#10522);
#10522 = CARTESIAN_POINT('',(150.,150.,30.));
#10523 = LINE('',#10524,#10525);
#10524 = CARTESIAN_POINT('',(75.,150.,30.));
#10525 = VECTOR('',#10526,1.);
#10526 = DIRECTION('',(-1.,0.,0.));
#10527 = ORIENTED_EDGE('',*,*,#10528,.T.);
#10528 = EDGE_CURVE('',#10519,#10529,#10531,.T.);
#10529 = VERTEX_POINT('',#10530);
#10530 = CARTESIAN_POINT('',(950.,950.,30.));
#10531 = LINE('',#10532,#10533);
#10532 = CARTESIAN_POINT('',(950.,75.,30.));
#10533 = VECTOR('',#10534,1.);
#10534 = DIRECTION('',(0.,1.,0.));
#10535 = ORIENTED_EDGE('',*,*,#10536,.T.);
#10536 = EDGE_CURVE('',#10529,#10537,#10539,.T.);
#10537 = VERTEX_POINT('',#10538);
#10538 = CARTESIAN_POINT('',(150.,950.,30.));
#10539 = LINE('',#10540,#10541);
#10540 = CARTESIAN_POINT('',(75.,950.,30.));
#10541 = VECTOR('',#10542,1.);
#10542 = DIRECTION('',(-1.,0.,0.));
#10543 = ORIENTED_EDGE('',*,*,#10544,.F.);
#10544 = EDGE_CURVE('',#10521,#10537,#10545,.T.);
#10545 = LINE('',#10546,#10547);
#10546 = CARTESIAN_POINT('',(150.,75.,30.));
#10547 = VECTOR('',#10548,1.);
#10548 = DIRECTION('',(0.,1.,0.));
#10549 = PLANE('',#10550);
#10550 = AXIS2_PLACEMENT_3D('',#10551,#10552,#10553);
#10551 = CARTESIAN_POINT('',(0.,0.,30.));
#10552 = DIRECTION('',(0.,0.,1.));
#10553 = DIRECTION('',(1.,0.,-0.));
#10554 = ADVANCED_FACE('',(#10555),#10561,.T.);
#10555 = FACE_BOUND('',#10556,.T.);
#10556 = EDGE_LOOP('',(#10557,#10558,#10559,#10560));
#10557 = ORIENTED_EDGE('',*,*,#10402,.F.);
#10558 = ORIENTED_EDGE('',*,*,#10509,.T.);
#10559 = ORIENTED_EDGE('',*,*,#10493,.T.);
#10560 = ORIENTED_EDGE('',*,*,#10427,.F.);
#10561 = PLANE('',#10562);
#10562 = AXIS2_PLACEMENT_3D('',#10563,#10564,#10565);
#10563 = CARTESIAN_POINT('',(1.1E+03,0.,30.));
#10564 = DIRECTION('',(1.,0.,0.));
#10565 = DIRECTION('',(0.,0.,1.));
#10566 = ADVANCED_FACE('',(#10567),#10583,.T.);
#10567 = FACE_BOUND('',#10568,.T.);
#10568 = EDGE_LOOP('',(#10569,#10575,#10576,#10582));
#10569 = ORIENTED_EDGE('',*,*,#10570,.F.);
#10570 = EDGE_CURVE('',#10519,#10444,#10571,.T.);
#10571 = LINE('',#10572,#10573);
#10572 = CARTESIAN_POINT('',(950.,150.,29.));
#10573 = VECTOR('',#10574,1.);
#10574 = DIRECTION('',(0.,0.,1.));
#10575 = ORIENTED_EDGE('',*,*,#10518,.T.);
#10576 = ORIENTED_EDGE('',*,*,#10577,.T.);
#10577 = EDGE_CURVE('',#10521,#10446,#10578,.T.);
#10578 = LINE('',#10579,#10580);
#10579 = CARTESIAN_POINT('',(150.,150.,29.));
#10580 = VECTOR('',#10581,1.);
#10581 = DIRECTION('',(0.,0.,1.));
#10582 = ORIENTED_EDGE('',*,*,#10443,.F.);
#10583 = PLANE('',#10584);
#10584 = AXIS2_PLACEMENT_3D('',#10585,#10586,#10587);
#10585 = CARTESIAN_POINT('',(150.,150.,29.));
#10586 = DIRECTION('',(0.,1.,0.));
#10587 = DIRECTION('',(0.,-0.,1.));
#10588 = ADVANCED_FACE('',(#10589),#10600,.F.);
#10589 = FACE_BOUND('',#10590,.T.);
#10590 = EDGE_LOOP('',(#10591,#10592,#10593,#10599));
#10591 = ORIENTED_EDGE('',*,*,#10570,.T.);
#10592 = ORIENTED_EDGE('',*,*,#10469,.T.);
#10593 = ORIENTED_EDGE('',*,*,#10594,.F.);
#10594 = EDGE_CURVE('',#10529,#10462,#10595,.T.);
#10595 = LINE('',#10596,#10597);
#10596 = CARTESIAN_POINT('',(950.,950.,29.));
#10597 = VECTOR('',#10598,1.);
#10598 = DIRECTION('',(0.,0.,1.));
#10599 = ORIENTED_EDGE('',*,*,#10528,.F.);
#10600 = PLANE('',#10601);
#10601 = AXIS2_PLACEMENT_3D('',#10602,#10603,#10604);
#10602 = CARTESIAN_POINT('',(950.,150.,29.));
#10603 = DIRECTION('',(1.,0.,0.));
#10604 = DIRECTION('',(0.,0.,1.));
#10605 = ADVANCED_FACE('',(#10606),#10617,.F.);
#10606 = FACE_BOUND('',#10607,.T.);
#10607 = EDGE_LOOP('',(#10608,#10609,#10610,#10616));
#10608 = ORIENTED_EDGE('',*,*,#10594,.T.);
#10609 = ORIENTED_EDGE('',*,*,#10461,.T.);
#10610 = ORIENTED_EDGE('',*,*,#10611,.F.);
#10611 = EDGE_CURVE('',#10537,#10454,#10612,.T.);
#10612 = LINE('',#10613,#10614);
#10613 = CARTESIAN_POINT('',(150.,950.,29.));
#10614 = VECTOR('',#10615,1.);
#10615 = DIRECTION('',(0.,0.,1.));
#10616 = ORIENTED_EDGE('',*,*,#10536,.F.);
#10617 = PLANE('',#10618);
#10618 = AXIS2_PLACEMENT_3D('',#10619,#10620,#10621);
#10619 = CARTESIAN_POINT('',(150.,950.,29.));
#10620 = DIRECTION('',(0.,1.,0.));
#10621 = DIRECTION('',(0.,-0.,1.));
#10622 = ADVANCED_FACE('',(#10623),#10629,.T.);
#10623 = FACE_BOUND('',#10624,.T.);
#10624 = EDGE_LOOP('',(#10625,#10626,#10627,#10628));
#10625 = ORIENTED_EDGE('',*,*,#10577,.F.);
#10626 = ORIENTED_EDGE('',*,*,#10544,.T.);
#10627 = ORIENTED_EDGE('',*,*,#10611,.T.);
#10628 = ORIENTED_EDGE('',*,*,#10453,.F.);
#10629 = PLANE('',#10630);
#10630 = AXIS2_PLACEMENT_3D('',#10631,#10632,#10633);
#10631 = CARTESIAN_POINT('',(150.,150.,29.));
#10632 = DIRECTION('',(1.,0.,0.));
#10633 = DIRECTION('',(0.,0.,1.));
#10634 = ( GEOMETRIC_REPRESENTATION_CONTEXT(3) 
GLOBAL_UNCERTAINTY_ASSIGNED_CONTEXT((#10638)) 
GLOBAL_UNIT_ASSIGNED_CONTEXT((#10635,#10636,#10637)) 
REPRESENTATION_CONTEXT('Context #1',
  '3D Context with UNIT and UNCERTAINTY') );
#10635 = ( LENGTH_UNIT() NAMED_UNIT(*) SI_UNIT(.MILLI.,.METRE.) );
#10636 = ( NAMED_UNIT(*) PLANE_ANGLE_UNIT() SI_UNIT($,.RADIAN.) );
#10637 = ( NAMED_UNIT(*) SI_UNIT($,.STERADIAN.) SOLID_ANGLE_UNIT() );
#10638 = UNCERTAINTY_MEASURE_WITH_UNIT(LENGTH_MEASURE(1.E-07),#10635,
  'distance_accuracy_value','confusion accuracy');
#10639 = CONTEXT_DEPENDENT_SHAPE_REPRESENTATION(#10640,#10642);
#10640 = ( REPRESENTATION_RELATIONSHIP('','',#10347,#10320) 
REPRESENTATION_RELATIONSHIP_WITH_TRANSFORMATION(#10641) 
SHAPE_REPRESENTATION_RELATIONSHIP() );
#10641 = ITEM_DEFINED_TRANSFORMATION('','',#11,#10321);
#10642 = PRODUCT_DEFINITION_SHAPE('Placement','Placement of an item',
  #10643);
#10643 = NEXT_ASSEMBLY_USAGE_OCCURRENCE('51','Housing_bottom_panel003',
  '',#10315,#10342,$);
#10644 = PRODUCT_RELATED_PRODUCT_CATEGORY('part',$,(#10344));
#10645 = SHAPE_DEFINITION_REPRESENTATION(#10646,#10652);
#10646 = PRODUCT_DEFINITION_SHAPE('','',#10647);
#10647 = PRODUCT_DEFINITION('design','',#10648,#10651);
#10648 = PRODUCT_DEFINITION_FORMATION('','',#10649);
#10649 = PRODUCT('Housing_bottom_panel004','Housing_bottom_panel004','',
  (#10650));
#10650 = PRODUCT_CONTEXT('',#2,'mechanical');
#10651 = PRODUCT_DEFINITION_CONTEXT('part definition',#2,'design');
#10652 = ADVANCED_BREP_SHAPE_REPRESENTATION('',(#11,#10653),#10939);
#10653 = MANIFOLD_SOLID_BREP('',#10654);
#10654 = CLOSED_SHELL('',(#10655,#10695,#10726,#10784,#10808,#10859,
    #10871,#10893,#10910,#10927));
#10655 = ADVANCED_FACE('',(#10656),#10690,.T.);
#10656 = FACE_BOUND('',#10657,.T.);
#10657 = EDGE_LOOP('',(#10658,#10668,#10676,#10684));
#10658 = ORIENTED_EDGE('',*,*,#10659,.F.);
#10659 = EDGE_CURVE('',#10660,#10662,#10664,.T.);
#10660 = VERTEX_POINT('',#10661);
#10661 = CARTESIAN_POINT('',(0.,0.,970.));
#10662 = VERTEX_POINT('',#10663);
#10663 = CARTESIAN_POINT('',(0.,0.,968.5));
#10664 = LINE('',#10665,#10666);
#10665 = CARTESIAN_POINT('',(0.,0.,970.));
#10666 = VECTOR('',#10667,1.);
#10667 = DIRECTION('',(0.,0.,-1.));
#10668 = ORIENTED_EDGE('',*,*,#10669,.T.);
#10669 = EDGE_CURVE('',#10660,#10670,#10672,.T.);
#10670 = VERTEX_POINT('',#10671);
#10671 = CARTESIAN_POINT('',(0.,1.1E+03,970.));
#10672 = LINE('',#10673,#10674);
#10673 = CARTESIAN_POINT('',(0.,0.,970.));
#10674 = VECTOR('',#10675,1.);
#10675 = DIRECTION('',(0.,1.,0.));
#10676 = ORIENTED_EDGE('',*,*,#10677,.T.);
#10677 = EDGE_CURVE('',#10670,#10678,#10680,.T.);
#10678 = VERTEX_POINT('',#10679);
#10679 = CARTESIAN_POINT('',(0.,1.1E+03,968.5));
#10680 = LINE('',#10681,#10682);
#10681 = CARTESIAN_POINT('',(0.,1.1E+03,970.));
#10682 = VECTOR('',#10683,1.);
#10683 = DIRECTION('',(0.,0.,-1.));
#10684 = ORIENTED_EDGE('',*,*,#10685,.F.);
#10685 = EDGE_CURVE('',#10662,#10678,#10686,.T.);
#10686 = LINE('',#10687,#10688);
#10687 = CARTESIAN_POINT('',(0.,0.,968.5));
#10688 = VECTOR('',#10689,1.);
#10689 = DIRECTION('',(0.,1.,0.));
#10690 = PLANE('',#10691);
#10691 = AXIS2_PLACEMENT_3D('',#10692,#10693,#10694);
#10692 = CARTESIAN_POINT('',(0.,0.,970.));
#10693 = DIRECTION('',(-1.,0.,0.));
#10694 = DIRECTION('',(0.,0.,-1.));
#10695 = ADVANCED_FACE('',(#10696),#10721,.T.);
#10696 = FACE_BOUND('',#10697,.T.);
#10697 = EDGE_LOOP('',(#10698,#10706,#10707,#10715));
#10698 = ORIENTED_EDGE('',*,*,#10699,.F.);
#10699 = EDGE_CURVE('',#10660,#10700,#10702,.T.);
#10700 = VERTEX_POINT('',#10701);
#10701 = CARTESIAN_POINT('',(1.1E+03,0.,970.));
#10702 = LINE('',#10703,#10704);
#10703 = CARTESIAN_POINT('',(0.,0.,970.));
#10704 = VECTOR('',#10705,1.);
#10705 = DIRECTION('',(1.,0.,0.));
#10706 = ORIENTED_EDGE('',*,*,#10659,.T.);
#10707 = ORIENTED_EDGE('',*,*,#10708,.T.);
#10708 = EDGE_CURVE('',#10662,#10709,#10711,.T.);
#10709 = VERTEX_POINT('',#10710);
#10710 = CARTESIAN_POINT('',(1.1E+03,0.,968.5));
#10711 = LINE('',#10712,#10713);
#10712 = CARTESIAN_POINT('',(0.,0.,968.5));
#10713 = VECTOR('',#10714,1.);
#10714 = DIRECTION('',(1.,0.,0.));
#10715 = ORIENTED_EDGE('',*,*,#10716,.F.);
#10716 = EDGE_CURVE('',#10700,#10709,#10717,.T.);
#10717 = LINE('',#10718,#10719);
#10718 = CARTESIAN_POINT('',(1.1E+03,0.,970.));
#10719 = VECTOR('',#10720,1.);
#10720 = DIRECTION('',(0.,0.,-1.));
#10721 = PLANE('',#10722);
#10722 = AXIS2_PLACEMENT_3D('',#10723,#10724,#10725);
#10723 = CARTESIAN_POINT('',(0.,0.,970.));
#10724 = DIRECTION('',(0.,-1.,0.));
#10725 = DIRECTION('',(0.,0.,-1.));
#10726 = ADVANCED_FACE('',(#10727,#10745),#10779,.F.);
#10727 = FACE_BOUND('',#10728,.T.);
#10728 = EDGE_LOOP('',(#10729,#10730,#10738,#10744));
#10729 = ORIENTED_EDGE('',*,*,#10685,.T.);
#10730 = ORIENTED_EDGE('',*,*,#10731,.T.);
#10731 = EDGE_CURVE('',#10678,#10732,#10734,.T.);
#10732 = VERTEX_POINT('',#10733);
#10733 = CARTESIAN_POINT('',(1.1E+03,1.1E+03,968.5));
#10734 = LINE('',#10735,#10736);
#10735 = CARTESIAN_POINT('',(0.,1.1E+03,968.5));
#10736 = VECTOR('',#10737,1.);
#10737 = DIRECTION('',(1.,0.,0.));
#10738 = ORIENTED_EDGE('',*,*,#10739,.F.);
#10739 = EDGE_CURVE('',#10709,#10732,#10740,.T.);
#10740 = LINE('',#10741,#10742);
#10741 = CARTESIAN_POINT('',(1.1E+03,0.,968.5));
#10742 = VECTOR('',#10743,1.);
#10743 = DIRECTION('',(0.,1.,0.));
#10744 = ORIENTED_EDGE('',*,*,#10708,.F.);
#10745 = FACE_BOUND('',#10746,.T.);
#10746 = EDGE_LOOP('',(#10747,#10757,#10765,#10773));
#10747 = ORIENTED_EDGE('',*,*,#10748,.F.);
#10748 = EDGE_CURVE('',#10749,#10751,#10753,.T.);
#10749 = VERTEX_POINT('',#10750);
#10750 = CARTESIAN_POINT('',(950.,150.,968.5));
#10751 = VERTEX_POINT('',#10752);
#10752 = CARTESIAN_POINT('',(150.,150.,968.5));
#10753 = LINE('',#10754,#10755);
#10754 = CARTESIAN_POINT('',(75.,150.,968.5));
#10755 = VECTOR('',#10756,1.);
#10756 = DIRECTION('',(-1.,0.,0.));
#10757 = ORIENTED_EDGE('',*,*,#10758,.T.);
#10758 = EDGE_CURVE('',#10749,#10759,#10761,.T.);
#10759 = VERTEX_POINT('',#10760);
#10760 = CARTESIAN_POINT('',(950.,950.,968.5));
#10761 = LINE('',#10762,#10763);
#10762 = CARTESIAN_POINT('',(950.,75.,968.5));
#10763 = VECTOR('',#10764,1.);
#10764 = DIRECTION('',(0.,1.,0.));
#10765 = ORIENTED_EDGE('',*,*,#10766,.T.);
#10766 = EDGE_CURVE('',#10759,#10767,#10769,.T.);
#10767 = VERTEX_POINT('',#10768);
#10768 = CARTESIAN_POINT('',(150.,950.,968.5));
#10769 = LINE('',#10770,#10771);
#10770 = CARTESIAN_POINT('',(75.,950.,968.5));
#10771 = VECTOR('',#10772,1.);
#10772 = DIRECTION('',(-1.,0.,0.));
#10773 = ORIENTED_EDGE('',*,*,#10774,.F.);
#10774 = EDGE_CURVE('',#10751,#10767,#10775,.T.);
#10775 = LINE('',#10776,#10777);
#10776 = CARTESIAN_POINT('',(150.,75.,968.5));
#10777 = VECTOR('',#10778,1.);
#10778 = DIRECTION('',(0.,1.,0.));
#10779 = PLANE('',#10780);
#10780 = AXIS2_PLACEMENT_3D('',#10781,#10782,#10783);
#10781 = CARTESIAN_POINT('',(0.,0.,968.5));
#10782 = DIRECTION('',(0.,0.,1.));
#10783 = DIRECTION('',(1.,0.,-0.));
#10784 = ADVANCED_FACE('',(#10785),#10803,.F.);
#10785 = FACE_BOUND('',#10786,.T.);
#10786 = EDGE_LOOP('',(#10787,#10795,#10801,#10802));
#10787 = ORIENTED_EDGE('',*,*,#10788,.T.);
#10788 = EDGE_CURVE('',#10670,#10789,#10791,.T.);
#10789 = VERTEX_POINT('',#10790);
#10790 = CARTESIAN_POINT('',(1.1E+03,1.1E+03,970.));
#10791 = LINE('',#10792,#10793);
#10792 = CARTESIAN_POINT('',(0.,1.1E+03,970.));
#10793 = VECTOR('',#10794,1.);
#10794 = DIRECTION('',(1.,0.,0.));
#10795 = ORIENTED_EDGE('',*,*,#10796,.T.);
#10796 = EDGE_CURVE('',#10789,#10732,#10797,.T.);
#10797 = LINE('',#10798,#10799);
#10798 = CARTESIAN_POINT('',(1.1E+03,1.1E+03,970.));
#10799 = VECTOR('',#10800,1.);
#10800 = DIRECTION('',(0.,0.,-1.));
#10801 = ORIENTED_EDGE('',*,*,#10731,.F.);
#10802 = ORIENTED_EDGE('',*,*,#10677,.F.);
#10803 = PLANE('',#10804);
#10804 = AXIS2_PLACEMENT_3D('',#10805,#10806,#10807);
#10805 = CARTESIAN_POINT('',(0.,1.1E+03,970.));
#10806 = DIRECTION('',(0.,-1.,0.));
#10807 = DIRECTION('',(0.,0.,-1.));
#10808 = ADVANCED_FACE('',(#10809,#10820),#10854,.T.);
#10809 = FACE_BOUND('',#10810,.T.);
#10810 = EDGE_LOOP('',(#10811,#10812,#10813,#10819));
#10811 = ORIENTED_EDGE('',*,*,#10669,.F.);
#10812 = ORIENTED_EDGE('',*,*,#10699,.T.);
#10813 = ORIENTED_EDGE('',*,*,#10814,.T.);
#10814 = EDGE_CURVE('',#10700,#10789,#10815,.T.);
#10815 = LINE('',#10816,#10817);
#10816 = CARTESIAN_POINT('',(1.1E+03,0.,970.));
#10817 = VECTOR('',#10818,1.);
#10818 = DIRECTION('',(0.,1.,0.));
#10819 = ORIENTED_EDGE('',*,*,#10788,.F.);
#10820 = FACE_BOUND('',#10821,.T.);
#10821 = EDGE_LOOP('',(#10822,#10832,#10840,#10848));
#10822 = ORIENTED_EDGE('',*,*,#10823,.T.);
#10823 = EDGE_CURVE('',#10824,#10826,#10828,.T.);
#10824 = VERTEX_POINT('',#10825);
#10825 = CARTESIAN_POINT('',(950.,150.,970.));
#10826 = VERTEX_POINT('',#10827);
#10827 = CARTESIAN_POINT('',(150.,150.,970.));
#10828 = LINE('',#10829,#10830);
#10829 = CARTESIAN_POINT('',(75.,150.,970.));
#10830 = VECTOR('',#10831,1.);
#10831 = DIRECTION('',(-1.,0.,0.));
#10832 = ORIENTED_EDGE('',*,*,#10833,.T.);
#10833 = EDGE_CURVE('',#10826,#10834,#10836,.T.);
#10834 = VERTEX_POINT('',#10835);
#10835 = CARTESIAN_POINT('',(150.,950.,970.));
#10836 = LINE('',#10837,#10838);
#10837 = CARTESIAN_POINT('',(150.,75.,970.));
#10838 = VECTOR('',#10839,1.);
#10839 = DIRECTION('',(0.,1.,0.));
#10840 = ORIENTED_EDGE('',*,*,#10841,.F.);
#10841 = EDGE_CURVE('',#10842,#10834,#10844,.T.);
#10842 = VERTEX_POINT('',#10843);
#10843 = CARTESIAN_POINT('',(950.,950.,970.));
#10844 = LINE('',#10845,#10846);
#10845 = CARTESIAN_POINT('',(75.,950.,970.));
#10846 = VECTOR('',#10847,1.);
#10847 = DIRECTION('',(-1.,0.,0.));
#10848 = ORIENTED_EDGE('',*,*,#10849,.F.);
#10849 = EDGE_CURVE('',#10824,#10842,#10850,.T.);
#10850 = LINE('',#10851,#10852);
#10851 = CARTESIAN_POINT('',(950.,75.,970.));
#10852 = VECTOR('',#10853,1.);
#10853 = DIRECTION('',(0.,1.,0.));
#10854 = PLANE('',#10855);
#10855 = AXIS2_PLACEMENT_3D('',#10856,#10857,#10858);
#10856 = CARTESIAN_POINT('',(0.,0.,970.));
#10857 = DIRECTION('',(0.,0.,1.));
#10858 = DIRECTION('',(1.,0.,-0.));
#10859 = ADVANCED_FACE('',(#10860),#10866,.F.);
#10860 = FACE_BOUND('',#10861,.T.);
#10861 = EDGE_LOOP('',(#10862,#10863,#10864,#10865));
#10862 = ORIENTED_EDGE('',*,*,#10716,.T.);
#10863 = ORIENTED_EDGE('',*,*,#10739,.T.);
#10864 = ORIENTED_EDGE('',*,*,#10796,.F.);
#10865 = ORIENTED_EDGE('',*,*,#10814,.F.);
#10866 = PLANE('',#10867);
#10867 = AXIS2_PLACEMENT_3D('',#10868,#10869,#10870);
#10868 = CARTESIAN_POINT('',(1.1E+03,0.,970.));
#10869 = DIRECTION('',(-1.,0.,0.));
#10870 = DIRECTION('',(0.,0.,-1.));
#10871 = ADVANCED_FACE('',(#10872),#10888,.F.);
#10872 = FACE_BOUND('',#10873,.T.);
#10873 = EDGE_LOOP('',(#10874,#10880,#10881,#10887));
#10874 = ORIENTED_EDGE('',*,*,#10875,.T.);
#10875 = EDGE_CURVE('',#10824,#10749,#10876,.T.);
#10876 = LINE('',#10877,#10878);
#10877 = CARTESIAN_POINT('',(950.,150.,971.));
#10878 = VECTOR('',#10879,1.);
#10879 = DIRECTION('',(0.,0.,-1.));
#10880 = ORIENTED_EDGE('',*,*,#10748,.T.);
#10881 = ORIENTED_EDGE('',*,*,#10882,.F.);
#10882 = EDGE_CURVE('',#10826,#10751,#10883,.T.);
#10883 = LINE('',#10884,#10885);
#10884 = CARTESIAN_POINT('',(150.,150.,971.));
#10885 = VECTOR('',#10886,1.);
#10886 = DIRECTION('',(0.,0.,-1.));
#10887 = ORIENTED_EDGE('',*,*,#10823,.F.);
#10888 = PLANE('',#10889);
#10889 = AXIS2_PLACEMENT_3D('',#10890,#10891,#10892);
#10890 = CARTESIAN_POINT('',(150.,150.,971.));
#10891 = DIRECTION('',(0.,-1.,0.));
#10892 = DIRECTION('',(0.,0.,-1.));
#10893 = ADVANCED_FACE('',(#10894),#10905,.T.);
#10894 = FACE_BOUND('',#10895,.T.);
#10895 = EDGE_LOOP('',(#10896,#10897,#10898,#10904));
#10896 = ORIENTED_EDGE('',*,*,#10875,.F.);
#10897 = ORIENTED_EDGE('',*,*,#10849,.T.);
#10898 = ORIENTED_EDGE('',*,*,#10899,.T.);
#10899 = EDGE_CURVE('',#10842,#10759,#10900,.T.);
#10900 = LINE('',#10901,#10902);
#10901 = CARTESIAN_POINT('',(950.,950.,971.));
#10902 = VECTOR('',#10903,1.);
#10903 = DIRECTION('',(0.,0.,-1.));
#10904 = ORIENTED_EDGE('',*,*,#10758,.F.);
#10905 = PLANE('',#10906);
#10906 = AXIS2_PLACEMENT_3D('',#10907,#10908,#10909);
#10907 = CARTESIAN_POINT('',(950.,150.,971.));
#10908 = DIRECTION('',(-1.,0.,0.));
#10909 = DIRECTION('',(0.,0.,-1.));
#10910 = ADVANCED_FACE('',(#10911),#10922,.T.);
#10911 = FACE_BOUND('',#10912,.T.);
#10912 = EDGE_LOOP('',(#10913,#10914,#10915,#10921));
#10913 = ORIENTED_EDGE('',*,*,#10899,.F.);
#10914 = ORIENTED_EDGE('',*,*,#10841,.T.);
#10915 = ORIENTED_EDGE('',*,*,#10916,.T.);
#10916 = EDGE_CURVE('',#10834,#10767,#10917,.T.);
#10917 = LINE('',#10918,#10919);
#10918 = CARTESIAN_POINT('',(150.,950.,971.));
#10919 = VECTOR('',#10920,1.);
#10920 = DIRECTION('',(0.,0.,-1.));
#10921 = ORIENTED_EDGE('',*,*,#10766,.F.);
#10922 = PLANE('',#10923);
#10923 = AXIS2_PLACEMENT_3D('',#10924,#10925,#10926);
#10924 = CARTESIAN_POINT('',(150.,950.,971.));
#10925 = DIRECTION('',(0.,-1.,0.));
#10926 = DIRECTION('',(0.,0.,-1.));
#10927 = ADVANCED_FACE('',(#10928),#10934,.F.);
#10928 = FACE_BOUND('',#10929,.T.);
#10929 = EDGE_LOOP('',(#10930,#10931,#10932,#10933));
#10930 = ORIENTED_EDGE('',*,*,#10882,.T.);
#10931 = ORIENTED_EDGE('',*,*,#10774,.T.);
#10932 = ORIENTED_EDGE('',*,*,#10916,.F.);
#10933 = ORIENTED_EDGE('',*,*,#10833,.F.);
#10934 = PLANE('',#10935);
#10935 = AXIS2_PLACEMENT_3D('',#10936,#10937,#10938);
#10936 = CARTESIAN_POINT('',(150.,150.,971.));
#10937 = DIRECTION('',(-1.,0.,0.));
#10938 = DIRECTION('',(0.,0.,-1.));
#10939 = ( GEOMETRIC_REPRESENTATION_CONTEXT(3) 
GLOBAL_UNCERTAINTY_ASSIGNED_CONTEXT((#10943)) 
GLOBAL_UNIT_ASSIGNED_CONTEXT((#10940,#10941,#10942)) 
REPRESENTATION_CONTEXT('Context #1',
  '3D Context with UNIT and UNCERTAINTY') );
#10940 = ( LENGTH_UNIT() NAMED_UNIT(*) SI_UNIT(.MILLI.,.METRE.) );
#10941 = ( NAMED_UNIT(*) PLANE_ANGLE_UNIT() SI_UNIT($,.RADIAN.) );
#10942 = ( NAMED_UNIT(*) SI_UNIT($,.STERADIAN.) SOLID_ANGLE_UNIT() );
#10943 = UNCERTAINTY_MEASURE_WITH_UNIT(LENGTH_MEASURE(1.E-07),#10940,
  'distance_accuracy_value','confusion accuracy');
#10944 = CONTEXT_DEPENDENT_SHAPE_REPRESENTATION(#10945,#10947);
#10945 = ( REPRESENTATION_RELATIONSHIP('','',#10652,#10320) 
REPRESENTATION_RELATIONSHIP_WITH_TRANSFORMATION(#10946) 
SHAPE_REPRESENTATION_RELATIONSHIP() );
#10946 = ITEM_DEFINED_TRANSFORMATION('','',#11,#10325);
#10947 = PRODUCT_DEFINITION_SHAPE('Placement','Placement of an item',
  #10948);
#10948 = NEXT_ASSEMBLY_USAGE_OCCURRENCE('52','Housing_bottom_panel004',
  '',#10315,#10647,$);
#10949 = PRODUCT_RELATED_PRODUCT_CATEGORY('part',$,(#10649));
#10950 = SHAPE_DEFINITION_REPRESENTATION(#10951,#10957);
#10951 = PRODUCT_DEFINITION_SHAPE('','',#10952);
#10952 = PRODUCT_DEFINITION('design','',#10953,#10956);
#10953 = PRODUCT_DEFINITION_FORMATION('','',#10954);
#10954 = PRODUCT('Housing_top_rim001','Housing_top_rim001','',(#10955));
#10955 = PRODUCT_CONTEXT('',#2,'mechanical');
#10956 = PRODUCT_DEFINITION_CONTEXT('part definition',#2,'design');
#10957 = ADVANCED_BREP_SHAPE_REPRESENTATION('',(#11,#10958),#11244);
#10958 = MANIFOLD_SOLID_BREP('',#10959);
#10959 = CLOSED_SHELL('',(#10960,#11000,#11031,#11089,#11113,#11164,
    #11176,#11198,#11215,#11232));
#10960 = ADVANCED_FACE('',(#10961),#10995,.F.);
#10961 = FACE_BOUND('',#10962,.T.);
#10962 = EDGE_LOOP('',(#10963,#10973,#10981,#10989));
#10963 = ORIENTED_EDGE('',*,*,#10964,.T.);
#10964 = EDGE_CURVE('',#10965,#10967,#10969,.T.);
#10965 = VERTEX_POINT('',#10966);
#10966 = CARTESIAN_POINT('',(0.,0.,968.5));
#10967 = VERTEX_POINT('',#10968);
#10968 = CARTESIAN_POINT('',(0.,0.,970.));
#10969 = LINE('',#10970,#10971);
#10970 = CARTESIAN_POINT('',(0.,0.,968.5));
#10971 = VECTOR('',#10972,1.);
#10972 = DIRECTION('',(0.,0.,1.));
#10973 = ORIENTED_EDGE('',*,*,#10974,.T.);
#10974 = EDGE_CURVE('',#10967,#10975,#10977,.T.);
#10975 = VERTEX_POINT('',#10976);
#10976 = CARTESIAN_POINT('',(0.,1.1E+03,970.));
#10977 = LINE('',#10978,#10979);
#10978 = CARTESIAN_POINT('',(0.,0.,970.));
#10979 = VECTOR('',#10980,1.);
#10980 = DIRECTION('',(0.,1.,0.));
#10981 = ORIENTED_EDGE('',*,*,#10982,.F.);
#10982 = EDGE_CURVE('',#10983,#10975,#10985,.T.);
#10983 = VERTEX_POINT('',#10984);
#10984 = CARTESIAN_POINT('',(0.,1.1E+03,968.5));
#10985 = LINE('',#10986,#10987);
#10986 = CARTESIAN_POINT('',(0.,1.1E+03,968.5));
#10987 = VECTOR('',#10988,1.);
#10988 = DIRECTION('',(0.,0.,1.));
#10989 = ORIENTED_EDGE('',*,*,#10990,.F.);
#10990 = EDGE_CURVE('',#10965,#10983,#10991,.T.);
#10991 = LINE('',#10992,#10993);
#10992 = CARTESIAN_POINT('',(0.,0.,968.5));
#10993 = VECTOR('',#10994,1.);
#10994 = DIRECTION('',(0.,1.,0.));
#10995 = PLANE('',#10996);
#10996 = AXIS2_PLACEMENT_3D('',#10997,#10998,#10999);
#10997 = CARTESIAN_POINT('',(0.,0.,968.5));
#10998 = DIRECTION('',(1.,0.,0.));
#10999 = DIRECTION('',(0.,0.,1.));
#11000 = ADVANCED_FACE('',(#11001),#11026,.F.);
#11001 = FACE_BOUND('',#11002,.T.);
#11002 = EDGE_LOOP('',(#11003,#11011,#11019,#11025));
#11003 = ORIENTED_EDGE('',*,*,#11004,.T.);
#11004 = EDGE_CURVE('',#10965,#11005,#11007,.T.);
#11005 = VERTEX_POINT('',#11006);
#11006 = CARTESIAN_POINT('',(1.1E+03,0.,968.5));
#11007 = LINE('',#11008,#11009);
#11008 = CARTESIAN_POINT('',(0.,0.,968.5));
#11009 = VECTOR('',#11010,1.);
#11010 = DIRECTION('',(1.,0.,0.));
#11011 = ORIENTED_EDGE('',*,*,#11012,.T.);
#11012 = EDGE_CURVE('',#11005,#11013,#11015,.T.);
#11013 = VERTEX_POINT('',#11014);
#11014 = CARTESIAN_POINT('',(1.1E+03,0.,970.));
#11015 = LINE('',#11016,#11017);
#11016 = CARTESIAN_POINT('',(1.1E+03,0.,968.5));
#11017 = VECTOR('',#11018,1.);
#11018 = DIRECTION('',(0.,0.,1.));
#11019 = ORIENTED_EDGE('',*,*,#11020,.F.);
#11020 = EDGE_CURVE('',#10967,#11013,#11021,.T.);
#11021 = LINE('',#11022,#11023);
#11022 = CARTESIAN_POINT('',(0.,0.,970.));
#11023 = VECTOR('',#11024,1.);
#11024 = DIRECTION('',(1.,0.,0.));
#11025 = ORIENTED_EDGE('',*,*,#10964,.F.);
#11026 = PLANE('',#11027);
#11027 = AXIS2_PLACEMENT_3D('',#11028,#11029,#11030);
#11028 = CARTESIAN_POINT('',(0.,0.,968.5));
#11029 = DIRECTION('',(0.,1.,0.));
#11030 = DIRECTION('',(0.,-0.,1.));
#11031 = ADVANCED_FACE('',(#11032,#11050),#11084,.T.);
#11032 = FACE_BOUND('',#11033,.T.);
#11033 = EDGE_LOOP('',(#11034,#11035,#11036,#11044));
#11034 = ORIENTED_EDGE('',*,*,#10974,.F.);
#11035 = ORIENTED_EDGE('',*,*,#11020,.T.);
#11036 = ORIENTED_EDGE('',*,*,#11037,.T.);
#11037 = EDGE_CURVE('',#11013,#11038,#11040,.T.);
#11038 = VERTEX_POINT('',#11039);
#11039 = CARTESIAN_POINT('',(1.1E+03,1.1E+03,970.));
#11040 = LINE('',#11041,#11042);
#11041 = CARTESIAN_POINT('',(1.1E+03,0.,970.));
#11042 = VECTOR('',#11043,1.);
#11043 = DIRECTION('',(0.,1.,0.));
#11044 = ORIENTED_EDGE('',*,*,#11045,.F.);
#11045 = EDGE_CURVE('',#10975,#11038,#11046,.T.);
#11046 = LINE('',#11047,#11048);
#11047 = CARTESIAN_POINT('',(0.,1.1E+03,970.));
#11048 = VECTOR('',#11049,1.);
#11049 = DIRECTION('',(1.,0.,0.));
#11050 = FACE_BOUND('',#11051,.T.);
#11051 = EDGE_LOOP('',(#11052,#11062,#11070,#11078));
#11052 = ORIENTED_EDGE('',*,*,#11053,.T.);
#11053 = EDGE_CURVE('',#11054,#11056,#11058,.T.);
#11054 = VERTEX_POINT('',#11055);
#11055 = CARTESIAN_POINT('',(1.086E+03,14.,970.));
#11056 = VERTEX_POINT('',#11057);
#11057 = CARTESIAN_POINT('',(14.,14.,970.));
#11058 = LINE('',#11059,#11060);
#11059 = CARTESIAN_POINT('',(7.,14.,970.));
#11060 = VECTOR('',#11061,1.);
#11061 = DIRECTION('',(-1.,0.,0.));
#11062 = ORIENTED_EDGE('',*,*,#11063,.T.);
#11063 = EDGE_CURVE('',#11056,#11064,#11066,.T.);
#11064 = VERTEX_POINT('',#11065);
#11065 = CARTESIAN_POINT('',(14.,1.086E+03,970.));
#11066 = LINE('',#11067,#11068);
#11067 = CARTESIAN_POINT('',(14.,7.,970.));
#11068 = VECTOR('',#11069,1.);
#11069 = DIRECTION('',(0.,1.,0.));
#11070 = ORIENTED_EDGE('',*,*,#11071,.F.);
#11071 = EDGE_CURVE('',#11072,#11064,#11074,.T.);
#11072 = VERTEX_POINT('',#11073);
#11073 = CARTESIAN_POINT('',(1.086E+03,1.086E+03,970.));
#11074 = LINE('',#11075,#11076);
#11075 = CARTESIAN_POINT('',(7.,1.086E+03,970.));
#11076 = VECTOR('',#11077,1.);
#11077 = DIRECTION('',(-1.,0.,0.));
#11078 = ORIENTED_EDGE('',*,*,#11079,.F.);
#11079 = EDGE_CURVE('',#11054,#11072,#11080,.T.);
#11080 = LINE('',#11081,#11082);
#11081 = CARTESIAN_POINT('',(1.086E+03,7.,970.));
#11082 = VECTOR('',#11083,1.);
#11083 = DIRECTION('',(0.,1.,0.));
#11084 = PLANE('',#11085);
#11085 = AXIS2_PLACEMENT_3D('',#11086,#11087,#11088);
#11086 = CARTESIAN_POINT('',(0.,0.,970.));
#11087 = DIRECTION('',(0.,0.,1.));
#11088 = DIRECTION('',(1.,0.,-0.));
#11089 = ADVANCED_FACE('',(#11090),#11108,.T.);
#11090 = FACE_BOUND('',#11091,.T.);
#11091 = EDGE_LOOP('',(#11092,#11100,#11101,#11102));
#11092 = ORIENTED_EDGE('',*,*,#11093,.F.);
#11093 = EDGE_CURVE('',#10983,#11094,#11096,.T.);
#11094 = VERTEX_POINT('',#11095);
#11095 = CARTESIAN_POINT('',(1.1E+03,1.1E+03,968.5));
#11096 = LINE('',#11097,#11098);
#11097 = CARTESIAN_POINT('',(0.,1.1E+03,968.5));
#11098 = VECTOR('',#11099,1.);
#11099 = DIRECTION('',(1.,0.,0.));
#11100 = ORIENTED_EDGE('',*,*,#10982,.T.);
#11101 = ORIENTED_EDGE('',*,*,#11045,.T.);
#11102 = ORIENTED_EDGE('',*,*,#11103,.F.);
#11103 = EDGE_CURVE('',#11094,#11038,#11104,.T.);
#11104 = LINE('',#11105,#11106);
#11105 = CARTESIAN_POINT('',(1.1E+03,1.1E+03,968.5));
#11106 = VECTOR('',#11107,1.);
#11107 = DIRECTION('',(0.,0.,1.));
#11108 = PLANE('',#11109);
#11109 = AXIS2_PLACEMENT_3D('',#11110,#11111,#11112);
#11110 = CARTESIAN_POINT('',(0.,1.1E+03,968.5));
#11111 = DIRECTION('',(0.,1.,0.));
#11112 = DIRECTION('',(0.,-0.,1.));
#11113 = ADVANCED_FACE('',(#11114,#11125),#11159,.F.);
#11114 = FACE_BOUND('',#11115,.T.);
#11115 = EDGE_LOOP('',(#11116,#11117,#11118,#11124));
#11116 = ORIENTED_EDGE('',*,*,#10990,.T.);
#11117 = ORIENTED_EDGE('',*,*,#11093,.T.);
#11118 = ORIENTED_EDGE('',*,*,#11119,.F.);
#11119 = EDGE_CURVE('',#11005,#11094,#11120,.T.);
#11120 = LINE('',#11121,#11122);
#11121 = CARTESIAN_POINT('',(1.1E+03,0.,968.5));
#11122 = VECTOR('',#11123,1.);
#11123 = DIRECTION('',(0.,1.,0.));
#11124 = ORIENTED_EDGE('',*,*,#11004,.F.);
#11125 = FACE_BOUND('',#11126,.T.);
#11126 = EDGE_LOOP('',(#11127,#11137,#11145,#11153));
#11127 = ORIENTED_EDGE('',*,*,#11128,.F.);
#11128 = EDGE_CURVE('',#11129,#11131,#11133,.T.);
#11129 = VERTEX_POINT('',#11130);
#11130 = CARTESIAN_POINT('',(1.086E+03,14.,968.5));
#11131 = VERTEX_POINT('',#11132);
#11132 = CARTESIAN_POINT('',(14.,14.,968.5));
#11133 = LINE('',#11134,#11135);
#11134 = CARTESIAN_POINT('',(7.,14.,968.5));
#11135 = VECTOR('',#11136,1.);
#11136 = DIRECTION('',(-1.,0.,0.));
#11137 = ORIENTED_EDGE('',*,*,#11138,.T.);
#11138 = EDGE_CURVE('',#11129,#11139,#11141,.T.);
#11139 = VERTEX_POINT('',#11140);
#11140 = CARTESIAN_POINT('',(1.086E+03,1.086E+03,968.5));
#11141 = LINE('',#11142,#11143);
#11142 = CARTESIAN_POINT('',(1.086E+03,7.,968.5));
#11143 = VECTOR('',#11144,1.);
#11144 = DIRECTION('',(0.,1.,0.));
#11145 = ORIENTED_EDGE('',*,*,#11146,.T.);
#11146 = EDGE_CURVE('',#11139,#11147,#11149,.T.);
#11147 = VERTEX_POINT('',#11148);
#11148 = CARTESIAN_POINT('',(14.,1.086E+03,968.5));
#11149 = LINE('',#11150,#11151);
#11150 = CARTESIAN_POINT('',(7.,1.086E+03,968.5));
#11151 = VECTOR('',#11152,1.);
#11152 = DIRECTION('',(-1.,0.,0.));
#11153 = ORIENTED_EDGE('',*,*,#11154,.F.);
#11154 = EDGE_CURVE('',#11131,#11147,#11155,.T.);
#11155 = LINE('',#11156,#11157);
#11156 = CARTESIAN_POINT('',(14.,7.,968.5));
#11157 = VECTOR('',#11158,1.);
#11158 = DIRECTION('',(0.,1.,0.));
#11159 = PLANE('',#11160);
#11160 = AXIS2_PLACEMENT_3D('',#11161,#11162,#11163);
#11161 = CARTESIAN_POINT('',(0.,0.,968.5));
#11162 = DIRECTION('',(0.,0.,1.));
#11163 = DIRECTION('',(1.,0.,-0.));
#11164 = ADVANCED_FACE('',(#11165),#11171,.T.);
#11165 = FACE_BOUND('',#11166,.T.);
#11166 = EDGE_LOOP('',(#11167,#11168,#11169,#11170));
#11167 = ORIENTED_EDGE('',*,*,#11012,.F.);
#11168 = ORIENTED_EDGE('',*,*,#11119,.T.);
#11169 = ORIENTED_EDGE('',*,*,#11103,.T.);
#11170 = ORIENTED_EDGE('',*,*,#11037,.F.);
#11171 = PLANE('',#11172);
#11172 = AXIS2_PLACEMENT_3D('',#11173,#11174,#11175);
#11173 = CARTESIAN_POINT('',(1.1E+03,0.,968.5));
#11174 = DIRECTION('',(1.,0.,0.));
#11175 = DIRECTION('',(0.,0.,1.));
#11176 = ADVANCED_FACE('',(#11177),#11193,.T.);
#11177 = FACE_BOUND('',#11178,.T.);
#11178 = EDGE_LOOP('',(#11179,#11185,#11186,#11192));
#11179 = ORIENTED_EDGE('',*,*,#11180,.F.);
#11180 = EDGE_CURVE('',#11129,#11054,#11181,.T.);
#11181 = LINE('',#11182,#11183);
#11182 = CARTESIAN_POINT('',(1.086E+03,14.,967.5));
#11183 = VECTOR('',#11184,1.);
#11184 = DIRECTION('',(0.,0.,1.));
#11185 = ORIENTED_EDGE('',*,*,#11128,.T.);
#11186 = ORIENTED_EDGE('',*,*,#11187,.T.);
#11187 = EDGE_CURVE('',#11131,#11056,#11188,.T.);
#11188 = LINE('',#11189,#11190);
#11189 = CARTESIAN_POINT('',(14.,14.,967.5));
#11190 = VECTOR('',#11191,1.);
#11191 = DIRECTION('',(0.,0.,1.));
#11192 = ORIENTED_EDGE('',*,*,#11053,.F.);
#11193 = PLANE('',#11194);
#11194 = AXIS2_PLACEMENT_3D('',#11195,#11196,#11197);
#11195 = CARTESIAN_POINT('',(14.,14.,967.5));
#11196 = DIRECTION('',(0.,1.,0.));
#11197 = DIRECTION('',(0.,-0.,1.));
#11198 = ADVANCED_FACE('',(#11199),#11210,.F.);
#11199 = FACE_BOUND('',#11200,.T.);
#11200 = EDGE_LOOP('',(#11201,#11202,#11203,#11209));
#11201 = ORIENTED_EDGE('',*,*,#11180,.T.);
#11202 = ORIENTED_EDGE('',*,*,#11079,.T.);
#11203 = ORIENTED_EDGE('',*,*,#11204,.F.);
#11204 = EDGE_CURVE('',#11139,#11072,#11205,.T.);
#11205 = LINE('',#11206,#11207);
#11206 = CARTESIAN_POINT('',(1.086E+03,1.086E+03,967.5));
#11207 = VECTOR('',#11208,1.);
#11208 = DIRECTION('',(0.,0.,1.));
#11209 = ORIENTED_EDGE('',*,*,#11138,.F.);
#11210 = PLANE('',#11211);
#11211 = AXIS2_PLACEMENT_3D('',#11212,#11213,#11214);
#11212 = CARTESIAN_POINT('',(1.086E+03,14.,967.5));
#11213 = DIRECTION('',(1.,0.,0.));
#11214 = DIRECTION('',(0.,0.,1.));
#11215 = ADVANCED_FACE('',(#11216),#11227,.F.);
#11216 = FACE_BOUND('',#11217,.T.);
#11217 = EDGE_LOOP('',(#11218,#11219,#11220,#11226));
#11218 = ORIENTED_EDGE('',*,*,#11204,.T.);
#11219 = ORIENTED_EDGE('',*,*,#11071,.T.);
#11220 = ORIENTED_EDGE('',*,*,#11221,.F.);
#11221 = EDGE_CURVE('',#11147,#11064,#11222,.T.);
#11222 = LINE('',#11223,#11224);
#11223 = CARTESIAN_POINT('',(14.,1.086E+03,967.5));
#11224 = VECTOR('',#11225,1.);
#11225 = DIRECTION('',(0.,0.,1.));
#11226 = ORIENTED_EDGE('',*,*,#11146,.F.);
#11227 = PLANE('',#11228);
#11228 = AXIS2_PLACEMENT_3D('',#11229,#11230,#11231);
#11229 = CARTESIAN_POINT('',(14.,1.086E+03,967.5));
#11230 = DIRECTION('',(0.,1.,0.));
#11231 = DIRECTION('',(0.,-0.,1.));
#11232 = ADVANCED_FACE('',(#11233),#11239,.T.);
#11233 = FACE_BOUND('',#11234,.T.);
#11234 = EDGE_LOOP('',(#11235,#11236,#11237,#11238));
#11235 = ORIENTED_EDGE('',*,*,#11187,.F.);
#11236 = ORIENTED_EDGE('',*,*,#11154,.T.);
#11237 = ORIENTED_EDGE('',*,*,#11221,.T.);
#11238 = ORIENTED_EDGE('',*,*,#11063,.F.);
#11239 = PLANE('',#11240);
#11240 = AXIS2_PLACEMENT_3D('',#11241,#11242,#11243);
#11241 = CARTESIAN_POINT('',(14.,14.,967.5));
#11242 = DIRECTION('',(1.,0.,0.));
#11243 = DIRECTION('',(0.,0.,1.));
#11244 = ( GEOMETRIC_REPRESENTATION_CONTEXT(3) 
GLOBAL_UNCERTAINTY_ASSIGNED_CONTEXT((#11248)) 
GLOBAL_UNIT_ASSIGNED_CONTEXT((#11245,#11246,#11247)) 
REPRESENTATION_CONTEXT('Context #1',
  '3D Context with UNIT and UNCERTAINTY') );
#11245 = ( LENGTH_UNIT() NAMED_UNIT(*) SI_UNIT(.MILLI.,.METRE.) );
#11246 = ( NAMED_UNIT(*) PLANE_ANGLE_UNIT() SI_UNIT($,.RADIAN.) );
#11247 = ( NAMED_UNIT(*) SI_UNIT($,.STERADIAN.) SOLID_ANGLE_UNIT() );
#11248 = UNCERTAINTY_MEASURE_WITH_UNIT(LENGTH_MEASURE(1.E-07),#11245,
  'distance_accuracy_value','confusion accuracy');
#11249 = CONTEXT_DEPENDENT_SHAPE_REPRESENTATION(#11250,#11252);
#11250 = ( REPRESENTATION_RELATIONSHIP('','',#10957,#10277) 
REPRESENTATION_RELATIONSHIP_WITH_TRANSFORMATION(#11251) 
SHAPE_REPRESENTATION_RELATIONSHIP() );
#11251 = ITEM_DEFINED_TRANSFORMATION('','',#11,#10282);
#11252 = PRODUCT_DEFINITION_SHAPE('Placement','Placement of an item',
  #11253);
#11253 = NEXT_ASSEMBLY_USAGE_OCCURRENCE('54','Housing_top_rim001','',
  #10272,#10952,$);
#11254 = PRODUCT_RELATED_PRODUCT_CATEGORY('part',$,(#10954));
#11255 = SHAPE_DEFINITION_REPRESENTATION(#11256,#11262);
#11256 = PRODUCT_DEFINITION_SHAPE('','',#11257);
#11257 = PRODUCT_DEFINITION('design','',#11258,#11261);
#11258 = PRODUCT_DEFINITION_FORMATION('','',#11259);
#11259 = PRODUCT('Front_panel_D90_opening001',
  'Front_panel_D90_opening001','',(#11260));
#11260 = PRODUCT_CONTEXT('',#2,'mechanical');
#11261 = PRODUCT_DEFINITION_CONTEXT('part definition',#2,'design');
#11262 = ADVANCED_BREP_SHAPE_REPRESENTATION('',(#11,#11263),#11452);
#11263 = MANIFOLD_SOLID_BREP('',#11264);
#11264 = CLOSED_SHELL('',(#11265,#11305,#11347,#11371,#11406,#11423,
    #11435));
#11265 = ADVANCED_FACE('',(#11266),#11300,.F.);
#11266 = FACE_BOUND('',#11267,.T.);
#11267 = EDGE_LOOP('',(#11268,#11278,#11286,#11294));
#11268 = ORIENTED_EDGE('',*,*,#11269,.T.);
#11269 = EDGE_CURVE('',#11270,#11272,#11274,.T.);
#11270 = VERTEX_POINT('',#11271);
#11271 = CARTESIAN_POINT('',(0.,0.,31.5));
#11272 = VERTEX_POINT('',#11273);
#11273 = CARTESIAN_POINT('',(0.,0.,968.5));
#11274 = LINE('',#11275,#11276);
#11275 = CARTESIAN_POINT('',(0.,0.,31.5));
#11276 = VECTOR('',#11277,1.);
#11277 = DIRECTION('',(0.,0.,1.));
#11278 = ORIENTED_EDGE('',*,*,#11279,.T.);
#11279 = EDGE_CURVE('',#11272,#11280,#11282,.T.);
#11280 = VERTEX_POINT('',#11281);
#11281 = CARTESIAN_POINT('',(0.,1.5,968.5));
#11282 = LINE('',#11283,#11284);
#11283 = CARTESIAN_POINT('',(0.,0.,968.5));
#11284 = VECTOR('',#11285,1.);
#11285 = DIRECTION('',(0.,1.,0.));
#11286 = ORIENTED_EDGE('',*,*,#11287,.F.);
#11287 = EDGE_CURVE('',#11288,#11280,#11290,.T.);
#11288 = VERTEX_POINT('',#11289);
#11289 = CARTESIAN_POINT('',(0.,1.5,31.5));
#11290 = LINE('',#11291,#11292);
#11291 = CARTESIAN_POINT('',(0.,1.5,31.5));
#11292 = VECTOR('',#11293,1.);
#11293 = DIRECTION('',(0.,0.,1.));
#11294 = ORIENTED_EDGE('',*,*,#11295,.F.);
#11295 = EDGE_CURVE('',#11270,#11288,#11296,.T.);
#11296 = LINE('',#11297,#11298);
#11297 = CARTESIAN_POINT('',(0.,0.,31.5));
#11298 = VECTOR('',#11299,1.);
#11299 = DIRECTION('',(0.,1.,0.));
#11300 = PLANE('',#11301);
#11301 = AXIS2_PLACEMENT_3D('',#11302,#11303,#11304);
#11302 = CARTESIAN_POINT('',(0.,0.,31.5));
#11303 = DIRECTION('',(1.,0.,0.));
#11304 = DIRECTION('',(0.,0.,1.));
#11305 = ADVANCED_FACE('',(#11306,#11331),#11342,.F.);
#11306 = FACE_BOUND('',#11307,.T.);
#11307 = EDGE_LOOP('',(#11308,#11316,#11324,#11330));
#11308 = ORIENTED_EDGE('',*,*,#11309,.T.);
#11309 = EDGE_CURVE('',#11270,#11310,#11312,.T.);
#11310 = VERTEX_POINT('',#11311);
#11311 = CARTESIAN_POINT('',(1.1E+03,0.,31.5));
#11312 = LINE('',#11313,#11314);
#11313 = CARTESIAN_POINT('',(0.,0.,31.5));
#11314 = VECTOR('',#11315,1.);
#11315 = DIRECTION('',(1.,0.,0.));
#11316 = ORIENTED_EDGE('',*,*,#11317,.T.);
#11317 = EDGE_CURVE('',#11310,#11318,#11320,.T.);
#11318 = VERTEX_POINT('',#11319);
#11319 = CARTESIAN_POINT('',(1.1E+03,0.,968.5));
#11320 = LINE('',#11321,#11322);
#11321 = CARTESIAN_POINT('',(1.1E+03,0.,31.5));
#11322 = VECTOR('',#11323,1.);
#11323 = DIRECTION('',(0.,0.,1.));
#11324 = ORIENTED_EDGE('',*,*,#11325,.F.);
#11325 = EDGE_CURVE('',#11272,#11318,#11326,.T.);
#11326 = LINE('',#11327,#11328);
#11327 = CARTESIAN_POINT('',(0.,0.,968.5));
#11328 = VECTOR('',#11329,1.);
#11329 = DIRECTION('',(1.,0.,0.));
#11330 = ORIENTED_EDGE('',*,*,#11269,.F.);
#11331 = FACE_BOUND('',#11332,.T.);
#11332 = EDGE_LOOP('',(#11333));
#11333 = ORIENTED_EDGE('',*,*,#11334,.T.);
#11334 = EDGE_CURVE('',#11335,#11335,#11337,.T.);
#11335 = VERTEX_POINT('',#11336);
#11336 = CARTESIAN_POINT('',(985.0000005,0.,734.4993));
#11337 = CIRCLE('',#11338,45.);
#11338 = AXIS2_PLACEMENT_3D('',#11339,#11340,#11341);
#11339 = CARTESIAN_POINT('',(985.0000005,0.,779.4993));
#11340 = DIRECTION('',(0.,1.,0.));
#11341 = DIRECTION('',(0.,-0.,1.));
#11342 = PLANE('',#11343);
#11343 = AXIS2_PLACEMENT_3D('',#11344,#11345,#11346);
#11344 = CARTESIAN_POINT('',(0.,0.,31.5));
#11345 = DIRECTION('',(0.,1.,0.));
#11346 = DIRECTION('',(0.,-0.,1.));
#11347 = ADVANCED_FACE('',(#11348),#11366,.T.);
#11348 = FACE_BOUND('',#11349,.T.);
#11349 = EDGE_LOOP('',(#11350,#11351,#11352,#11360));
#11350 = ORIENTED_EDGE('',*,*,#11279,.F.);
#11351 = ORIENTED_EDGE('',*,*,#11325,.T.);
#11352 = ORIENTED_EDGE('',*,*,#11353,.T.);
#11353 = EDGE_CURVE('',#11318,#11354,#11356,.T.);
#11354 = VERTEX_POINT('',#11355);
#11355 = CARTESIAN_POINT('',(1.1E+03,1.5,968.5));
#11356 = LINE('',#11357,#11358);
#11357 = CARTESIAN_POINT('',(1.1E+03,0.,968.5));
#11358 = VECTOR('',#11359,1.);
#11359 = DIRECTION('',(0.,1.,0.));
#11360 = ORIENTED_EDGE('',*,*,#11361,.F.);
#11361 = EDGE_CURVE('',#11280,#11354,#11362,.T.);
#11362 = LINE('',#11363,#11364);
#11363 = CARTESIAN_POINT('',(0.,1.5,968.5));
#11364 = VECTOR('',#11365,1.);
#11365 = DIRECTION('',(1.,0.,0.));
#11366 = PLANE('',#11367);
#11367 = AXIS2_PLACEMENT_3D('',#11368,#11369,#11370);
#11368 = CARTESIAN_POINT('',(0.,0.,968.5));
#11369 = DIRECTION('',(0.,0.,1.));
#11370 = DIRECTION('',(1.,0.,-0.));
#11371 = ADVANCED_FACE('',(#11372,#11390),#11401,.T.);
#11372 = FACE_BOUND('',#11373,.T.);
#11373 = EDGE_LOOP('',(#11374,#11382,#11383,#11384));
#11374 = ORIENTED_EDGE('',*,*,#11375,.F.);
#11375 = EDGE_CURVE('',#11288,#11376,#11378,.T.);
#11376 = VERTEX_POINT('',#11377);
#11377 = CARTESIAN_POINT('',(1.1E+03,1.5,31.5));
#11378 = LINE('',#11379,#11380);
#11379 = CARTESIAN_POINT('',(0.,1.5,31.5));
#11380 = VECTOR('',#11381,1.);
#11381 = DIRECTION('',(1.,0.,0.));
#11382 = ORIENTED_EDGE('',*,*,#11287,.T.);
#11383 = ORIENTED_EDGE('',*,*,#11361,.T.);
#11384 = ORIENTED_EDGE('',*,*,#11385,.F.);
#11385 = EDGE_CURVE('',#11376,#11354,#11386,.T.);
#11386 = LINE('',#11387,#11388);
#11387 = CARTESIAN_POINT('',(1.1E+03,1.5,31.5));
#11388 = VECTOR('',#11389,1.);
#11389 = DIRECTION('',(0.,0.,1.));
#11390 = FACE_BOUND('',#11391,.T.);
#11391 = EDGE_LOOP('',(#11392));
#11392 = ORIENTED_EDGE('',*,*,#11393,.F.);
#11393 = EDGE_CURVE('',#11394,#11394,#11396,.T.);
#11394 = VERTEX_POINT('',#11395);
#11395 = CARTESIAN_POINT('',(985.0000005,1.5,734.4993));
#11396 = CIRCLE('',#11397,45.);
#11397 = AXIS2_PLACEMENT_3D('',#11398,#11399,#11400);
#11398 = CARTESIAN_POINT('',(985.0000005,1.5,779.4993));
#11399 = DIRECTION('',(0.,1.,0.));
#11400 = DIRECTION('',(0.,-0.,1.));
#11401 = PLANE('',#11402);
#11402 = AXIS2_PLACEMENT_3D('',#11403,#11404,#11405);
#11403 = CARTESIAN_POINT('',(0.,1.5,31.5));
#11404 = DIRECTION('',(0.,1.,0.));
#11405 = DIRECTION('',(0.,-0.,1.));
#11406 = ADVANCED_FACE('',(#11407),#11418,.F.);
#11407 = FACE_BOUND('',#11408,.T.);
#11408 = EDGE_LOOP('',(#11409,#11410,#11411,#11417));
#11409 = ORIENTED_EDGE('',*,*,#11295,.T.);
#11410 = ORIENTED_EDGE('',*,*,#11375,.T.);
#11411 = ORIENTED_EDGE('',*,*,#11412,.F.);
#11412 = EDGE_CURVE('',#11310,#11376,#11413,.T.);
#11413 = LINE('',#11414,#11415);
#11414 = CARTESIAN_POINT('',(1.1E+03,0.,31.5));
#11415 = VECTOR('',#11416,1.);
#11416 = DIRECTION('',(0.,1.,0.));
#11417 = ORIENTED_EDGE('',*,*,#11309,.F.);
#11418 = PLANE('',#11419);
#11419 = AXIS2_PLACEMENT_3D('',#11420,#11421,#11422);
#11420 = CARTESIAN_POINT('',(0.,0.,31.5));
#11421 = DIRECTION('',(0.,0.,1.));
#11422 = DIRECTION('',(1.,0.,-0.));
#11423 = ADVANCED_FACE('',(#11424),#11430,.T.);
#11424 = FACE_BOUND('',#11425,.T.);
#11425 = EDGE_LOOP('',(#11426,#11427,#11428,#11429));
#11426 = ORIENTED_EDGE('',*,*,#11317,.F.);
#11427 = ORIENTED_EDGE('',*,*,#11412,.T.);
#11428 = ORIENTED_EDGE('',*,*,#11385,.T.);
#11429 = ORIENTED_EDGE('',*,*,#11353,.F.);
#11430 = PLANE('',#11431);
#11431 = AXIS2_PLACEMENT_3D('',#11432,#11433,#11434);
#11432 = CARTESIAN_POINT('',(1.1E+03,0.,31.5));
#11433 = DIRECTION('',(1.,0.,0.));
#11434 = DIRECTION('',(0.,0.,1.));
#11435 = ADVANCED_FACE('',(#11436),#11447,.F.);
#11436 = FACE_BOUND('',#11437,.F.);
#11437 = EDGE_LOOP('',(#11438,#11444,#11445,#11446));
#11438 = ORIENTED_EDGE('',*,*,#11439,.T.);
#11439 = EDGE_CURVE('',#11335,#11394,#11440,.T.);
#11440 = LINE('',#11441,#11442);
#11441 = CARTESIAN_POINT('',(985.0000005,-1.,734.4993));
#11442 = VECTOR('',#11443,1.);
#11443 = DIRECTION('',(0.,1.,0.));
#11444 = ORIENTED_EDGE('',*,*,#11393,.F.);
#11445 = ORIENTED_EDGE('',*,*,#11439,.F.);
#11446 = ORIENTED_EDGE('',*,*,#11334,.T.);
#11447 = CYLINDRICAL_SURFACE('',#11448,45.);
#11448 = AXIS2_PLACEMENT_3D('',#11449,#11450,#11451);
#11449 = CARTESIAN_POINT('',(985.0000005,-1.,779.4993));
#11450 = DIRECTION('',(0.,1.,0.));
#11451 = DIRECTION('',(0.,-0.,1.));
#11452 = ( GEOMETRIC_REPRESENTATION_CONTEXT(3) 
GLOBAL_UNCERTAINTY_ASSIGNED_CONTEXT((#11456)) 
GLOBAL_UNIT_ASSIGNED_CONTEXT((#11453,#11454,#11455)) 
REPRESENTATION_CONTEXT('Context #1',
  '3D Context with UNIT and UNCERTAINTY') );
#11453 = ( LENGTH_UNIT() NAMED_UNIT(*) SI_UNIT(.MILLI.,.METRE.) );
#11454 = ( NAMED_UNIT(*) PLANE_ANGLE_UNIT() SI_UNIT($,.RADIAN.) );
#11455 = ( NAMED_UNIT(*) SI_UNIT($,.STERADIAN.) SOLID_ANGLE_UNIT() );
#11456 = UNCERTAINTY_MEASURE_WITH_UNIT(LENGTH_MEASURE(1.E-07),#11453,
  'distance_accuracy_value','confusion accuracy');
#11457 = CONTEXT_DEPENDENT_SHAPE_REPRESENTATION(#11458,#11460);
#11458 = ( REPRESENTATION_RELATIONSHIP('','',#11262,#10277) 
REPRESENTATION_RELATIONSHIP_WITH_TRANSFORMATION(#11459) 
SHAPE_REPRESENTATION_RELATIONSHIP() );
#11459 = ITEM_DEFINED_TRANSFORMATION('','',#11,#10286);
#11460 = PRODUCT_DEFINITION_SHAPE('Placement','Placement of an item',
  #11461);
#11461 = NEXT_ASSEMBLY_USAGE_OCCURRENCE('55',
  'Front_panel_D90_opening001','',#10272,#11257,$);
#11462 = PRODUCT_RELATED_PRODUCT_CATEGORY('part',$,(#11259));
#11463 = SHAPE_DEFINITION_REPRESENTATION(#11464,#11470);
#11464 = PRODUCT_DEFINITION_SHAPE('','',#11465);
#11465 = PRODUCT_DEFINITION('design','',#11466,#11469);
#11466 = PRODUCT_DEFINITION_FORMATION('','',#11467);
#11467 = PRODUCT('Right_panel_two_D104_openings001',
  'Right_panel_two_D104_openings001','',(#11468));
#11468 = PRODUCT_CONTEXT('',#2,'mechanical');
#11469 = PRODUCT_DEFINITION_CONTEXT('part definition',#2,'design');
#11470 = ADVANCED_BREP_SHAPE_REPRESENTATION('',(#11,#11471),#11699);
#11471 = MANIFOLD_SOLID_BREP('',#11472);
#11472 = CLOSED_SHELL('',(#11473,#11535,#11566,#11590,#11614,#11631,
    #11656,#11681));
#11473 = ADVANCED_FACE('',(#11474,#11508,#11519),#11530,.F.);
#11474 = FACE_BOUND('',#11475,.T.);
#11475 = EDGE_LOOP('',(#11476,#11486,#11494,#11502));
#11476 = ORIENTED_EDGE('',*,*,#11477,.T.);
#11477 = EDGE_CURVE('',#11478,#11480,#11482,.T.);
#11478 = VERTEX_POINT('',#11479);
#11479 = CARTESIAN_POINT('',(1.0985E+03,1.5,31.5));
#11480 = VERTEX_POINT('',#11481);
#11481 = CARTESIAN_POINT('',(1.0985E+03,1.5,968.5));
#11482 = LINE('',#11483,#11484);
#11483 = CARTESIAN_POINT('',(1.0985E+03,1.5,31.5));
#11484 = VECTOR('',#11485,1.);
#11485 = DIRECTION('',(0.,0.,1.));
#11486 = ORIENTED_EDGE('',*,*,#11487,.T.);
#11487 = EDGE_CURVE('',#11480,#11488,#11490,.T.);
#11488 = VERTEX_POINT('',#11489);
#11489 = CARTESIAN_POINT('',(1.0985E+03,1.0985E+03,968.5));
#11490 = LINE('',#11491,#11492);
#11491 = CARTESIAN_POINT('',(1.0985E+03,1.5,968.5));
#11492 = VECTOR('',#11493,1.);
#11493 = DIRECTION('',(0.,1.,0.));
#11494 = ORIENTED_EDGE('',*,*,#11495,.F.);
#11495 = EDGE_CURVE('',#11496,#11488,#11498,.T.);
#11496 = VERTEX_POINT('',#11497);
#11497 = CARTESIAN_POINT('',(1.0985E+03,1.0985E+03,31.5));
#11498 = LINE('',#11499,#11500);
#11499 = CARTESIAN_POINT('',(1.0985E+03,1.0985E+03,31.5));
#11500 = VECTOR('',#11501,1.);
#11501 = DIRECTION('',(0.,0.,1.));
#11502 = ORIENTED_EDGE('',*,*,#11503,.F.);
#11503 = EDGE_CURVE('',#11478,#11496,#11504,.T.);
#11504 = LINE('',#11505,#11506);
#11505 = CARTESIAN_POINT('',(1.0985E+03,1.5,31.5));
#11506 = VECTOR('',#11507,1.);
#11507 = DIRECTION('',(0.,1.,0.));
#11508 = FACE_BOUND('',#11509,.T.);
#11509 = EDGE_LOOP('',(#11510));
#11510 = ORIENTED_EDGE('',*,*,#11511,.T.);
#11511 = EDGE_CURVE('',#11512,#11512,#11514,.T.);
#11512 = VERTEX_POINT('',#11513);
#11513 = CARTESIAN_POINT('',(1.0985E+03,920.29075,776.49749870373));
#11514 = CIRCLE('',#11515,52.);
#11515 = AXIS2_PLACEMENT_3D('',#11516,#11517,#11518);
#11516 = CARTESIAN_POINT('',(1.0985E+03,920.29075,828.49749870373));
#11517 = DIRECTION('',(1.,0.,-0.));
#11518 = DIRECTION('',(0.,0.,1.));
#11519 = FACE_BOUND('',#11520,.T.);
#11520 = EDGE_LOOP('',(#11521));
#11521 = ORIENTED_EDGE('',*,*,#11522,.T.);
#11522 = EDGE_CURVE('',#11523,#11523,#11525,.T.);
#11523 = VERTEX_POINT('',#11524);
#11524 = CARTESIAN_POINT('',(1.0985E+03,225.29075,712.49749870373));
#11525 = CIRCLE('',#11526,52.);
#11526 = AXIS2_PLACEMENT_3D('',#11527,#11528,#11529);
#11527 = CARTESIAN_POINT('',(1.0985E+03,225.29075,764.49749870373));
#11528 = DIRECTION('',(1.,0.,-0.));
#11529 = DIRECTION('',(0.,0.,1.));
#11530 = PLANE('',#11531);
#11531 = AXIS2_PLACEMENT_3D('',#11532,#11533,#11534);
#11532 = CARTESIAN_POINT('',(1.0985E+03,1.5,31.5));
#11533 = DIRECTION('',(1.,0.,0.));
#11534 = DIRECTION('',(0.,0.,1.));
#11535 = ADVANCED_FACE('',(#11536),#11561,.F.);
#11536 = FACE_BOUND('',#11537,.T.);
#11537 = EDGE_LOOP('',(#11538,#11546,#11554,#11560));
#11538 = ORIENTED_EDGE('',*,*,#11539,.T.);
#11539 = EDGE_CURVE('',#11478,#11540,#11542,.T.);
#11540 = VERTEX_POINT('',#11541);
#11541 = CARTESIAN_POINT('',(1.1E+03,1.5,31.5));
#11542 = LINE('',#11543,#11544);
#11543 = CARTESIAN_POINT('',(1.0985E+03,1.5,31.5));
#11544 = VECTOR('',#11545,1.);
#11545 = DIRECTION('',(1.,0.,0.));
#11546 = ORIENTED_EDGE('',*,*,#11547,.T.);
#11547 = EDGE_CURVE('',#11540,#11548,#11550,.T.);
#11548 = VERTEX_POINT('',#11549);
#11549 = CARTESIAN_POINT('',(1.1E+03,1.5,968.5));
#11550 = LINE('',#11551,#11552);
#11551 = CARTESIAN_POINT('',(1.1E+03,1.5,31.5));
#11552 = VECTOR('',#11553,1.);
#11553 = DIRECTION('',(0.,0.,1.));
#11554 = ORIENTED_EDGE('',*,*,#11555,.F.);
#11555 = EDGE_CURVE('',#11480,#11548,#11556,.T.);
#11556 = LINE('',#11557,#11558);
#11557 = CARTESIAN_POINT('',(1.0985E+03,1.5,968.5));
#11558 = VECTOR('',#11559,1.);
#11559 = DIRECTION('',(1.,0.,0.));
#11560 = ORIENTED_EDGE('',*,*,#11477,.F.);
#11561 = PLANE('',#11562);
#11562 = AXIS2_PLACEMENT_3D('',#11563,#11564,#11565);
#11563 = CARTESIAN_POINT('',(1.0985E+03,1.5,31.5));
#11564 = DIRECTION('',(0.,1.,0.));
#11565 = DIRECTION('',(0.,-0.,1.));
#11566 = ADVANCED_FACE('',(#11567),#11585,.T.);
#11567 = FACE_BOUND('',#11568,.T.);
#11568 = EDGE_LOOP('',(#11569,#11570,#11571,#11579));
#11569 = ORIENTED_EDGE('',*,*,#11487,.F.);
#11570 = ORIENTED_EDGE('',*,*,#11555,.T.);
#11571 = ORIENTED_EDGE('',*,*,#11572,.T.);
#11572 = EDGE_CURVE('',#11548,#11573,#11575,.T.);
#11573 = VERTEX_POINT('',#11574);
#11574 = CARTESIAN_POINT('',(1.1E+03,1.0985E+03,968.5));
#11575 = LINE('',#11576,#11577);
#11576 = CARTESIAN_POINT('',(1.1E+03,1.5,968.5));
#11577 = VECTOR('',#11578,1.);
#11578 = DIRECTION('',(0.,1.,0.));
#11579 = ORIENTED_EDGE('',*,*,#11580,.F.);
#11580 = EDGE_CURVE('',#11488,#11573,#11581,.T.);
#11581 = LINE('',#11582,#11583);
#11582 = CARTESIAN_POINT('',(1.0985E+03,1.0985E+03,968.5));
#11583 = VECTOR('',#11584,1.);
#11584 = DIRECTION('',(1.,0.,0.));
#11585 = PLANE('',#11586);
#11586 = AXIS2_PLACEMENT_3D('',#11587,#11588,#11589);
#11587 = CARTESIAN_POINT('',(1.0985E+03,1.5,968.5));
#11588 = DIRECTION('',(0.,0.,1.));
#11589 = DIRECTION('',(1.,0.,-0.));
#11590 = ADVANCED_FACE('',(#11591),#11609,.F.);
#11591 = FACE_BOUND('',#11592,.T.);
#11592 = EDGE_LOOP('',(#11593,#11594,#11602,#11608));
#11593 = ORIENTED_EDGE('',*,*,#11503,.T.);
#11594 = ORIENTED_EDGE('',*,*,#11595,.T.);
#11595 = EDGE_CURVE('',#11496,#11596,#11598,.T.);
#11596 = VERTEX_POINT('',#11597);
#11597 = CARTESIAN_POINT('',(1.1E+03,1.0985E+03,31.5));
#11598 = LINE('',#11599,#11600);
#11599 = CARTESIAN_POINT('',(1.0985E+03,1.0985E+03,31.5));
#11600 = VECTOR('',#11601,1.);
#11601 = DIRECTION('',(1.,0.,0.));
#11602 = ORIENTED_EDGE('',*,*,#11603,.F.);
#11603 = EDGE_CURVE('',#11540,#11596,#11604,.T.);
#11604 = LINE('',#11605,#11606);
#11605 = CARTESIAN_POINT('',(1.1E+03,1.5,31.5));
#11606 = VECTOR('',#11607,1.);
#11607 = DIRECTION('',(0.,1.,0.));
#11608 = ORIENTED_EDGE('',*,*,#11539,.F.);
#11609 = PLANE('',#11610);
#11610 = AXIS2_PLACEMENT_3D('',#11611,#11612,#11613);
#11611 = CARTESIAN_POINT('',(1.0985E+03,1.5,31.5));
#11612 = DIRECTION('',(0.,0.,1.));
#11613 = DIRECTION('',(1.,0.,-0.));
#11614 = ADVANCED_FACE('',(#11615),#11626,.T.);
#11615 = FACE_BOUND('',#11616,.T.);
#11616 = EDGE_LOOP('',(#11617,#11618,#11619,#11620));
#11617 = ORIENTED_EDGE('',*,*,#11595,.F.);
#11618 = ORIENTED_EDGE('',*,*,#11495,.T.);
#11619 = ORIENTED_EDGE('',*,*,#11580,.T.);
#11620 = ORIENTED_EDGE('',*,*,#11621,.F.);
#11621 = EDGE_CURVE('',#11596,#11573,#11622,.T.);
#11622 = LINE('',#11623,#11624);
#11623 = CARTESIAN_POINT('',(1.1E+03,1.0985E+03,31.5));
#11624 = VECTOR('',#11625,1.);
#11625 = DIRECTION('',(0.,0.,1.));
#11626 = PLANE('',#11627);
#11627 = AXIS2_PLACEMENT_3D('',#11628,#11629,#11630);
#11628 = CARTESIAN_POINT('',(1.0985E+03,1.0985E+03,31.5));
#11629 = DIRECTION('',(0.,1.,0.));
#11630 = DIRECTION('',(0.,-0.,1.));
#11631 = ADVANCED_FACE('',(#11632),#11651,.F.);
#11632 = FACE_BOUND('',#11633,.F.);
#11633 = EDGE_LOOP('',(#11634,#11642,#11649,#11650));
#11634 = ORIENTED_EDGE('',*,*,#11635,.T.);
#11635 = EDGE_CURVE('',#11512,#11636,#11638,.T.);
#11636 = VERTEX_POINT('',#11637);
#11637 = CARTESIAN_POINT('',(1.1E+03,920.29075,776.49749870373));
#11638 = LINE('',#11639,#11640);
#11639 = CARTESIAN_POINT('',(1.0975E+03,920.29075,776.49749870373));
#11640 = VECTOR('',#11641,1.);
#11641 = DIRECTION('',(1.,0.,0.));
#11642 = ORIENTED_EDGE('',*,*,#11643,.F.);
#11643 = EDGE_CURVE('',#11636,#11636,#11644,.T.);
#11644 = CIRCLE('',#11645,52.);
#11645 = AXIS2_PLACEMENT_3D('',#11646,#11647,#11648);
#11646 = CARTESIAN_POINT('',(1.1E+03,920.29075,828.49749870373));
#11647 = DIRECTION('',(1.,0.,-0.));
#11648 = DIRECTION('',(0.,0.,1.));
#11649 = ORIENTED_EDGE('',*,*,#11635,.F.);
#11650 = ORIENTED_EDGE('',*,*,#11511,.T.);
#11651 = CYLINDRICAL_SURFACE('',#11652,52.);
#11652 = AXIS2_PLACEMENT_3D('',#11653,#11654,#11655);
#11653 = CARTESIAN_POINT('',(1.0975E+03,920.29075,828.49749870373));
#11654 = DIRECTION('',(1.,0.,0.));
#11655 = DIRECTION('',(0.,0.,1.));
#11656 = ADVANCED_FACE('',(#11657),#11676,.F.);
#11657 = FACE_BOUND('',#11658,.F.);
#11658 = EDGE_LOOP('',(#11659,#11667,#11674,#11675));
#11659 = ORIENTED_EDGE('',*,*,#11660,.T.);
#11660 = EDGE_CURVE('',#11523,#11661,#11663,.T.);
#11661 = VERTEX_POINT('',#11662);
#11662 = CARTESIAN_POINT('',(1.1E+03,225.29075,712.49749870373));
#11663 = LINE('',#11664,#11665);
#11664 = CARTESIAN_POINT('',(1.0975E+03,225.29075,712.49749870373));
#11665 = VECTOR('',#11666,1.);
#11666 = DIRECTION('',(1.,0.,0.));
#11667 = ORIENTED_EDGE('',*,*,#11668,.F.);
#11668 = EDGE_CURVE('',#11661,#11661,#11669,.T.);
#11669 = CIRCLE('',#11670,52.);
#11670 = AXIS2_PLACEMENT_3D('',#11671,#11672,#11673);
#11671 = CARTESIAN_POINT('',(1.1E+03,225.29075,764.49749870373));
#11672 = DIRECTION('',(1.,0.,-0.));
#11673 = DIRECTION('',(0.,0.,1.));
#11674 = ORIENTED_EDGE('',*,*,#11660,.F.);
#11675 = ORIENTED_EDGE('',*,*,#11522,.T.);
#11676 = CYLINDRICAL_SURFACE('',#11677,52.);
#11677 = AXIS2_PLACEMENT_3D('',#11678,#11679,#11680);
#11678 = CARTESIAN_POINT('',(1.0975E+03,225.29075,764.49749870373));
#11679 = DIRECTION('',(1.,0.,0.));
#11680 = DIRECTION('',(0.,0.,1.));
#11681 = ADVANCED_FACE('',(#11682,#11688,#11691),#11694,.T.);
#11682 = FACE_BOUND('',#11683,.T.);
#11683 = EDGE_LOOP('',(#11684,#11685,#11686,#11687));
#11684 = ORIENTED_EDGE('',*,*,#11547,.F.);
#11685 = ORIENTED_EDGE('',*,*,#11603,.T.);
#11686 = ORIENTED_EDGE('',*,*,#11621,.T.);
#11687 = ORIENTED_EDGE('',*,*,#11572,.F.);
#11688 = FACE_BOUND('',#11689,.T.);
#11689 = EDGE_LOOP('',(#11690));
#11690 = ORIENTED_EDGE('',*,*,#11643,.F.);
#11691 = FACE_BOUND('',#11692,.T.);
#11692 = EDGE_LOOP('',(#11693));
#11693 = ORIENTED_EDGE('',*,*,#11668,.F.);
#11694 = PLANE('',#11695);
#11695 = AXIS2_PLACEMENT_3D('',#11696,#11697,#11698);
#11696 = CARTESIAN_POINT('',(1.1E+03,1.5,31.5));
#11697 = DIRECTION('',(1.,0.,0.));
#11698 = DIRECTION('',(0.,0.,1.));
#11699 = ( GEOMETRIC_REPRESENTATION_CONTEXT(3) 
GLOBAL_UNCERTAINTY_ASSIGNED_CONTEXT((#11703)) 
GLOBAL_UNIT_ASSIGNED_CONTEXT((#11700,#11701,#11702)) 
REPRESENTATION_CONTEXT('Context #1',
  '3D Context with UNIT and UNCERTAINTY') );
#11700 = ( LENGTH_UNIT() NAMED_UNIT(*) SI_UNIT(.MILLI.,.METRE.) );
#11701 = ( NAMED_UNIT(*) PLANE_ANGLE_UNIT() SI_UNIT($,.RADIAN.) );
#11702 = ( NAMED_UNIT(*) SI_UNIT($,.STERADIAN.) SOLID_ANGLE_UNIT() );
#11703 = UNCERTAINTY_MEASURE_WITH_UNIT(LENGTH_MEASURE(1.E-07),#11700,
  'distance_accuracy_value','confusion accuracy');
#11704 = CONTEXT_DEPENDENT_SHAPE_REPRESENTATION(#11705,#11707);
#11705 = ( REPRESENTATION_RELATIONSHIP('','',#11470,#10277) 
REPRESENTATION_RELATIONSHIP_WITH_TRANSFORMATION(#11706) 
SHAPE_REPRESENTATION_RELATIONSHIP() );
#11706 = ITEM_DEFINED_TRANSFORMATION('','',#11,#10290);
#11707 = PRODUCT_DEFINITION_SHAPE('Placement','Placement of an item',
  #11708);
#11708 = NEXT_ASSEMBLY_USAGE_OCCURRENCE('56',
  'Right_panel_two_D104_openings001','',#10272,#11465,$);
#11709 = PRODUCT_RELATED_PRODUCT_CATEGORY('part',$,(#11467));
#11710 = SHAPE_DEFINITION_REPRESENTATION(#11711,#11717);
#11711 = PRODUCT_DEFINITION_SHAPE('','',#11712);
#11712 = PRODUCT_DEFINITION('design','',#11713,#11716);
#11713 = PRODUCT_DEFINITION_FORMATION('','',#11714);
#11714 = PRODUCT('Left_panel_cabinet_side001',
  'Left_panel_cabinet_side001','',(#11715));
#11715 = PRODUCT_CONTEXT('',#2,'mechanical');
#11716 = PRODUCT_DEFINITION_CONTEXT('part definition',#2,'design');
#11717 = ADVANCED_BREP_SHAPE_REPRESENTATION('',(#11,#11718),#11868);
#11718 = MANIFOLD_SOLID_BREP('',#11719);
#11719 = CLOSED_SHELL('',(#11720,#11760,#11800,#11822,#11844,#11856));
#11720 = ADVANCED_FACE('',(#11721),#11755,.F.);
#11721 = FACE_BOUND('',#11722,.T.);
#11722 = EDGE_LOOP('',(#11723,#11733,#11741,#11749));
#11723 = ORIENTED_EDGE('',*,*,#11724,.T.);
#11724 = EDGE_CURVE('',#11725,#11727,#11729,.T.);
#11725 = VERTEX_POINT('',#11726);
#11726 = CARTESIAN_POINT('',(0.,1.5,31.5));
#11727 = VERTEX_POINT('',#11728);
#11728 = CARTESIAN_POINT('',(0.,1.5,968.5));
#11729 = LINE('',#11730,#11731);
#11730 = CARTESIAN_POINT('',(0.,1.5,31.5));
#11731 = VECTOR('',#11732,1.);
#11732 = DIRECTION('',(0.,0.,1.));
#11733 = ORIENTED_EDGE('',*,*,#11734,.T.);
#11734 = EDGE_CURVE('',#11727,#11735,#11737,.T.);
#11735 = VERTEX_POINT('',#11736);
#11736 = CARTESIAN_POINT('',(0.,1.0985E+03,968.5));
#11737 = LINE('',#11738,#11739);
#11738 = CARTESIAN_POINT('',(0.,1.5,968.5));
#11739 = VECTOR('',#11740,1.);
#11740 = DIRECTION('',(0.,1.,0.));
#11741 = ORIENTED_EDGE('',*,*,#11742,.F.);
#11742 = EDGE_CURVE('',#11743,#11735,#11745,.T.);
#11743 = VERTEX_POINT('',#11744);
#11744 = CARTESIAN_POINT('',(0.,1.0985E+03,31.5));
#11745 = LINE('',#11746,#11747);
#11746 = CARTESIAN_POINT('',(0.,1.0985E+03,31.5));
#11747 = VECTOR('',#11748,1.);
#11748 = DIRECTION('',(0.,0.,1.));
#11749 = ORIENTED_EDGE('',*,*,#11750,.F.);
#11750 = EDGE_CURVE('',#11725,#11743,#11751,.T.);
#11751 = LINE('',#11752,#11753);
#11752 = CARTESIAN_POINT('',(0.,1.5,31.5));
#11753 = VECTOR('',#11754,1.);
#11754 = DIRECTION('',(0.,1.,0.));
#11755 = PLANE('',#11756);
#11756 = AXIS2_PLACEMENT_3D('',#11757,#11758,#11759);
#11757 = CARTESIAN_POINT('',(0.,1.5,31.5));
#11758 = DIRECTION('',(1.,0.,0.));
#11759 = DIRECTION('',(0.,0.,1.));
#11760 = ADVANCED_FACE('',(#11761),#11795,.T.);
#11761 = FACE_BOUND('',#11762,.T.);
#11762 = EDGE_LOOP('',(#11763,#11773,#11781,#11789));
#11763 = ORIENTED_EDGE('',*,*,#11764,.F.);
#11764 = EDGE_CURVE('',#11765,#11767,#11769,.T.);
#11765 = VERTEX_POINT('',#11766);
#11766 = CARTESIAN_POINT('',(1.5,1.5,31.5));
#11767 = VERTEX_POINT('',#11768);
#11768 = CARTESIAN_POINT('',(1.5,1.5,968.5));
#11769 = LINE('',#11770,#11771);
#11770 = CARTESIAN_POINT('',(1.5,1.5,31.5));
#11771 = VECTOR('',#11772,1.);
#11772 = DIRECTION('',(0.,0.,1.));
#11773 = ORIENTED_EDGE('',*,*,#11774,.T.);
#11774 = EDGE_CURVE('',#11765,#11775,#11777,.T.);
#11775 = VERTEX_POINT('',#11776);
#11776 = CARTESIAN_POINT('',(1.5,1.0985E+03,31.5));
#11777 = LINE('',#11778,#11779);
#11778 = CARTESIAN_POINT('',(1.5,1.5,31.5));
#11779 = VECTOR('',#11780,1.);
#11780 = DIRECTION('',(0.,1.,0.));
#11781 = ORIENTED_EDGE('',*,*,#11782,.T.);
#11782 = EDGE_CURVE('',#11775,#11783,#11785,.T.);
#11783 = VERTEX_POINT('',#11784);
#11784 = CARTESIAN_POINT('',(1.5,1.0985E+03,968.5));
#11785 = LINE('',#11786,#11787);
#11786 = CARTESIAN_POINT('',(1.5,1.0985E+03,31.5));
#11787 = VECTOR('',#11788,1.);
#11788 = DIRECTION('',(0.,0.,1.));
#11789 = ORIENTED_EDGE('',*,*,#11790,.F.);
#11790 = EDGE_CURVE('',#11767,#11783,#11791,.T.);
#11791 = LINE('',#11792,#11793);
#11792 = CARTESIAN_POINT('',(1.5,1.5,968.5));
#11793 = VECTOR('',#11794,1.);
#11794 = DIRECTION('',(0.,1.,0.));
#11795 = PLANE('',#11796);
#11796 = AXIS2_PLACEMENT_3D('',#11797,#11798,#11799);
#11797 = CARTESIAN_POINT('',(1.5,1.5,31.5));
#11798 = DIRECTION('',(1.,0.,0.));
#11799 = DIRECTION('',(0.,0.,1.));
#11800 = ADVANCED_FACE('',(#11801),#11817,.F.);
#11801 = FACE_BOUND('',#11802,.T.);
#11802 = EDGE_LOOP('',(#11803,#11809,#11810,#11816));
#11803 = ORIENTED_EDGE('',*,*,#11804,.T.);
#11804 = EDGE_CURVE('',#11725,#11765,#11805,.T.);
#11805 = LINE('',#11806,#11807);
#11806 = CARTESIAN_POINT('',(0.,1.5,31.5));
#11807 = VECTOR('',#11808,1.);
#11808 = DIRECTION('',(1.,0.,0.));
#11809 = ORIENTED_EDGE('',*,*,#11764,.T.);
#11810 = ORIENTED_EDGE('',*,*,#11811,.F.);
#11811 = EDGE_CURVE('',#11727,#11767,#11812,.T.);
#11812 = LINE('',#11813,#11814);
#11813 = CARTESIAN_POINT('',(0.,1.5,968.5));
#11814 = VECTOR('',#11815,1.);
#11815 = DIRECTION('',(1.,0.,0.));
#11816 = ORIENTED_EDGE('',*,*,#11724,.F.);
#11817 = PLANE('',#11818);
#11818 = AXIS2_PLACEMENT_3D('',#11819,#11820,#11821);
#11819 = CARTESIAN_POINT('',(0.,1.5,31.5));
#11820 = DIRECTION('',(0.,1.,0.));
#11821 = DIRECTION('',(0.,-0.,1.));
#11822 = ADVANCED_FACE('',(#11823),#11839,.T.);
#11823 = FACE_BOUND('',#11824,.T.);
#11824 = EDGE_LOOP('',(#11825,#11831,#11832,#11838));
#11825 = ORIENTED_EDGE('',*,*,#11826,.F.);
#11826 = EDGE_CURVE('',#11743,#11775,#11827,.T.);
#11827 = LINE('',#11828,#11829);
#11828 = CARTESIAN_POINT('',(0.,1.0985E+03,31.5));
#11829 = VECTOR('',#11830,1.);
#11830 = DIRECTION('',(1.,0.,0.));
#11831 = ORIENTED_EDGE('',*,*,#11742,.T.);
#11832 = ORIENTED_EDGE('',*,*,#11833,.T.);
#11833 = EDGE_CURVE('',#11735,#11783,#11834,.T.);
#11834 = LINE('',#11835,#11836);
#11835 = CARTESIAN_POINT('',(0.,1.0985E+03,968.5));
#11836 = VECTOR('',#11837,1.);
#11837 = DIRECTION('',(1.,0.,0.));
#11838 = ORIENTED_EDGE('',*,*,#11782,.F.);
#11839 = PLANE('',#11840);
#11840 = AXIS2_PLACEMENT_3D('',#11841,#11842,#11843);
#11841 = CARTESIAN_POINT('',(0.,1.0985E+03,31.5));
#11842 = DIRECTION('',(0.,1.,0.));
#11843 = DIRECTION('',(0.,-0.,1.));
#11844 = ADVANCED_FACE('',(#11845),#11851,.F.);
#11845 = FACE_BOUND('',#11846,.T.);
#11846 = EDGE_LOOP('',(#11847,#11848,#11849,#11850));
#11847 = ORIENTED_EDGE('',*,*,#11750,.T.);
#11848 = ORIENTED_EDGE('',*,*,#11826,.T.);
#11849 = ORIENTED_EDGE('',*,*,#11774,.F.);
#11850 = ORIENTED_EDGE('',*,*,#11804,.F.);
#11851 = PLANE('',#11852);
#11852 = AXIS2_PLACEMENT_3D('',#11853,#11854,#11855);
#11853 = CARTESIAN_POINT('',(0.,1.5,31.5));
#11854 = DIRECTION('',(0.,0.,1.));
#11855 = DIRECTION('',(1.,0.,-0.));
#11856 = ADVANCED_FACE('',(#11857),#11863,.T.);
#11857 = FACE_BOUND('',#11858,.T.);
#11858 = EDGE_LOOP('',(#11859,#11860,#11861,#11862));
#11859 = ORIENTED_EDGE('',*,*,#11734,.F.);
#11860 = ORIENTED_EDGE('',*,*,#11811,.T.);
#11861 = ORIENTED_EDGE('',*,*,#11790,.T.);
#11862 = ORIENTED_EDGE('',*,*,#11833,.F.);
#11863 = PLANE('',#11864);
#11864 = AXIS2_PLACEMENT_3D('',#11865,#11866,#11867);
#11865 = CARTESIAN_POINT('',(0.,1.5,968.5));
#11866 = DIRECTION('',(0.,0.,1.));
#11867 = DIRECTION('',(1.,0.,-0.));
#11868 = ( GEOMETRIC_REPRESENTATION_CONTEXT(3) 
GLOBAL_UNCERTAINTY_ASSIGNED_CONTEXT((#11872)) 
GLOBAL_UNIT_ASSIGNED_CONTEXT((#11869,#11870,#11871)) 
REPRESENTATION_CONTEXT('Context #1',
  '3D Context with UNIT and UNCERTAINTY') );
#11869 = ( LENGTH_UNIT() NAMED_UNIT(*) SI_UNIT(.MILLI.,.METRE.) );
#11870 = ( NAMED_UNIT(*) PLANE_ANGLE_UNIT() SI_UNIT($,.RADIAN.) );
#11871 = ( NAMED_UNIT(*) SI_UNIT($,.STERADIAN.) SOLID_ANGLE_UNIT() );
#11872 = UNCERTAINTY_MEASURE_WITH_UNIT(LENGTH_MEASURE(1.E-07),#11869,
  'distance_accuracy_value','confusion accuracy');
#11873 = CONTEXT_DEPENDENT_SHAPE_REPRESENTATION(#11874,#11876);
#11874 = ( REPRESENTATION_RELATIONSHIP('','',#11717,#10277) 
REPRESENTATION_RELATIONSHIP_WITH_TRANSFORMATION(#11875) 
SHAPE_REPRESENTATION_RELATIONSHIP() );
#11875 = ITEM_DEFINED_TRANSFORMATION('','',#11,#10294);
#11876 = PRODUCT_DEFINITION_SHAPE('Placement','Placement of an item',
  #11877);
#11877 = NEXT_ASSEMBLY_USAGE_OCCURRENCE('57',
  'Left_panel_cabinet_side001','',#10272,#11712,$);
#11878 = PRODUCT_RELATED_PRODUCT_CATEGORY('part',$,(#11714));
#11879 = SHAPE_DEFINITION_REPRESENTATION(#11880,#11886);
#11880 = PRODUCT_DEFINITION_SHAPE('','',#11881);
#11881 = PRODUCT_DEFINITION('design','',#11882,#11885);
#11882 = PRODUCT_DEFINITION_FORMATION('','',#11883);
#11883 = PRODUCT('Rear_panel_simplified001','Rear_panel_simplified001',
  '',(#11884));
#11884 = PRODUCT_CONTEXT('',#2,'mechanical');
#11885 = PRODUCT_DEFINITION_CONTEXT('part definition',#2,'design');
#11886 = ADVANCED_BREP_SHAPE_REPRESENTATION('',(#11,#11887),#12037);
#11887 = MANIFOLD_SOLID_BREP('',#11888);
#11888 = CLOSED_SHELL('',(#11889,#11929,#11969,#11991,#12013,#12025));
#11889 = ADVANCED_FACE('',(#11890),#11924,.F.);
#11890 = FACE_BOUND('',#11891,.T.);
#11891 = EDGE_LOOP('',(#11892,#11902,#11910,#11918));
#11892 = ORIENTED_EDGE('',*,*,#11893,.T.);
#11893 = EDGE_CURVE('',#11894,#11896,#11898,.T.);
#11894 = VERTEX_POINT('',#11895);
#11895 = CARTESIAN_POINT('',(0.,1.0985E+03,31.5));
#11896 = VERTEX_POINT('',#11897);
#11897 = CARTESIAN_POINT('',(0.,1.0985E+03,968.5));
#11898 = LINE('',#11899,#11900);
#11899 = CARTESIAN_POINT('',(0.,1.0985E+03,31.5));
#11900 = VECTOR('',#11901,1.);
#11901 = DIRECTION('',(0.,0.,1.));
#11902 = ORIENTED_EDGE('',*,*,#11903,.T.);
#11903 = EDGE_CURVE('',#11896,#11904,#11906,.T.);
#11904 = VERTEX_POINT('',#11905);
#11905 = CARTESIAN_POINT('',(0.,1.1E+03,968.5));
#11906 = LINE('',#11907,#11908);
#11907 = CARTESIAN_POINT('',(0.,1.0985E+03,968.5));
#11908 = VECTOR('',#11909,1.);
#11909 = DIRECTION('',(0.,1.,0.));
#11910 = ORIENTED_EDGE('',*,*,#11911,.F.);
#11911 = EDGE_CURVE('',#11912,#11904,#11914,.T.);
#11912 = VERTEX_POINT('',#11913);
#11913 = CARTESIAN_POINT('',(0.,1.1E+03,31.5));
#11914 = LINE('',#11915,#11916);
#11915 = CARTESIAN_POINT('',(0.,1.1E+03,31.5));
#11916 = VECTOR('',#11917,1.);
#11917 = DIRECTION('',(0.,0.,1.));
#11918 = ORIENTED_EDGE('',*,*,#11919,.F.);
#11919 = EDGE_CURVE('',#11894,#11912,#11920,.T.);
#11920 = LINE('',#11921,#11922);
#11921 = CARTESIAN_POINT('',(0.,1.0985E+03,31.5));
#11922 = VECTOR('',#11923,1.);
#11923 = DIRECTION('',(0.,1.,0.));
#11924 = PLANE('',#11925);
#11925 = AXIS2_PLACEMENT_3D('',#11926,#11927,#11928);
#11926 = CARTESIAN_POINT('',(0.,1.0985E+03,31.5));
#11927 = DIRECTION('',(1.,0.,0.));
#11928 = DIRECTION('',(0.,0.,1.));
#11929 = ADVANCED_FACE('',(#11930),#11964,.T.);
#11930 = FACE_BOUND('',#11931,.T.);
#11931 = EDGE_LOOP('',(#11932,#11942,#11950,#11958));
#11932 = ORIENTED_EDGE('',*,*,#11933,.F.);
#11933 = EDGE_CURVE('',#11934,#11936,#11938,.T.);
#11934 = VERTEX_POINT('',#11935);
#11935 = CARTESIAN_POINT('',(1.1E+03,1.0985E+03,31.5));
#11936 = VERTEX_POINT('',#11937);
#11937 = CARTESIAN_POINT('',(1.1E+03,1.0985E+03,968.5));
#11938 = LINE('',#11939,#11940);
#11939 = CARTESIAN_POINT('',(1.1E+03,1.0985E+03,31.5));
#11940 = VECTOR('',#11941,1.);
#11941 = DIRECTION('',(0.,0.,1.));
#11942 = ORIENTED_EDGE('',*,*,#11943,.T.);
#11943 = EDGE_CURVE('',#11934,#11944,#11946,.T.);
#11944 = VERTEX_POINT('',#11945);
#11945 = CARTESIAN_POINT('',(1.1E+03,1.1E+03,31.5));
#11946 = LINE('',#11947,#11948);
#11947 = CARTESIAN_POINT('',(1.1E+03,1.0985E+03,31.5));
#11948 = VECTOR('',#11949,1.);
#11949 = DIRECTION('',(0.,1.,0.));
#11950 = ORIENTED_EDGE('',*,*,#11951,.T.);
#11951 = EDGE_CURVE('',#11944,#11952,#11954,.T.);
#11952 = VERTEX_POINT('',#11953);
#11953 = CARTESIAN_POINT('',(1.1E+03,1.1E+03,968.5));
#11954 = LINE('',#11955,#11956);
#11955 = CARTESIAN_POINT('',(1.1E+03,1.1E+03,31.5));
#11956 = VECTOR('',#11957,1.);
#11957 = DIRECTION('',(0.,0.,1.));
#11958 = ORIENTED_EDGE('',*,*,#11959,.F.);
#11959 = EDGE_CURVE('',#11936,#11952,#11960,.T.);
#11960 = LINE('',#11961,#11962);
#11961 = CARTESIAN_POINT('',(1.1E+03,1.0985E+03,968.5));
#11962 = VECTOR('',#11963,1.);
#11963 = DIRECTION('',(0.,1.,0.));
#11964 = PLANE('',#11965);
#11965 = AXIS2_PLACEMENT_3D('',#11966,#11967,#11968);
#11966 = CARTESIAN_POINT('',(1.1E+03,1.0985E+03,31.5));
#11967 = DIRECTION('',(1.,0.,0.));
#11968 = DIRECTION('',(0.,0.,1.));
#11969 = ADVANCED_FACE('',(#11970),#11986,.F.);
#11970 = FACE_BOUND('',#11971,.T.);
#11971 = EDGE_LOOP('',(#11972,#11978,#11979,#11985));
#11972 = ORIENTED_EDGE('',*,*,#11973,.T.);
#11973 = EDGE_CURVE('',#11894,#11934,#11974,.T.);
#11974 = LINE('',#11975,#11976);
#11975 = CARTESIAN_POINT('',(0.,1.0985E+03,31.5));
#11976 = VECTOR('',#11977,1.);
#11977 = DIRECTION('',(1.,0.,0.));
#11978 = ORIENTED_EDGE('',*,*,#11933,.T.);
#11979 = ORIENTED_EDGE('',*,*,#11980,.F.);
#11980 = EDGE_CURVE('',#11896,#11936,#11981,.T.);
#11981 = LINE('',#11982,#11983);
#11982 = CARTESIAN_POINT('',(0.,1.0985E+03,968.5));
#11983 = VECTOR('',#11984,1.);
#11984 = DIRECTION('',(1.,0.,0.));
#11985 = ORIENTED_EDGE('',*,*,#11893,.F.);
#11986 = PLANE('',#11987);
#11987 = AXIS2_PLACEMENT_3D('',#11988,#11989,#11990);
#11988 = CARTESIAN_POINT('',(0.,1.0985E+03,31.5));
#11989 = DIRECTION('',(0.,1.,0.));
#11990 = DIRECTION('',(0.,-0.,1.));
#11991 = ADVANCED_FACE('',(#11992),#12008,.T.);
#11992 = FACE_BOUND('',#11993,.T.);
#11993 = EDGE_LOOP('',(#11994,#12000,#12001,#12007));
#11994 = ORIENTED_EDGE('',*,*,#11995,.F.);
#11995 = EDGE_CURVE('',#11912,#11944,#11996,.T.);
#11996 = LINE('',#11997,#11998);
#11997 = CARTESIAN_POINT('',(0.,1.1E+03,31.5));
#11998 = VECTOR('',#11999,1.);
#11999 = DIRECTION('',(1.,0.,0.));
#12000 = ORIENTED_EDGE('',*,*,#11911,.T.);
#12001 = ORIENTED_EDGE('',*,*,#12002,.T.);
#12002 = EDGE_CURVE('',#11904,#11952,#12003,.T.);
#12003 = LINE('',#12004,#12005);
#12004 = CARTESIAN_POINT('',(0.,1.1E+03,968.5));
#12005 = VECTOR('',#12006,1.);
#12006 = DIRECTION('',(1.,0.,0.));
#12007 = ORIENTED_EDGE('',*,*,#11951,.F.);
#12008 = PLANE('',#12009);
#12009 = AXIS2_PLACEMENT_3D('',#12010,#12011,#12012);
#12010 = CARTESIAN_POINT('',(0.,1.1E+03,31.5));
#12011 = DIRECTION('',(0.,1.,0.));
#12012 = DIRECTION('',(0.,-0.,1.));
#12013 = ADVANCED_FACE('',(#12014),#12020,.F.);
#12014 = FACE_BOUND('',#12015,.T.);
#12015 = EDGE_LOOP('',(#12016,#12017,#12018,#12019));
#12016 = ORIENTED_EDGE('',*,*,#11919,.T.);
#12017 = ORIENTED_EDGE('',*,*,#11995,.T.);
#12018 = ORIENTED_EDGE('',*,*,#11943,.F.);
#12019 = ORIENTED_EDGE('',*,*,#11973,.F.);
#12020 = PLANE('',#12021);
#12021 = AXIS2_PLACEMENT_3D('',#12022,#12023,#12024);
#12022 = CARTESIAN_POINT('',(0.,1.0985E+03,31.5));
#12023 = DIRECTION('',(0.,0.,1.));
#12024 = DIRECTION('',(1.,0.,-0.));
#12025 = ADVANCED_FACE('',(#12026),#12032,.T.);
#12026 = FACE_BOUND('',#12027,.T.);
#12027 = EDGE_LOOP('',(#12028,#12029,#12030,#12031));
#12028 = ORIENTED_EDGE('',*,*,#11903,.F.);
#12029 = ORIENTED_EDGE('',*,*,#11980,.T.);
#12030 = ORIENTED_EDGE('',*,*,#11959,.T.);
#12031 = ORIENTED_EDGE('',*,*,#12002,.F.);
#12032 = PLANE('',#12033);
#12033 = AXIS2_PLACEMENT_3D('',#12034,#12035,#12036);
#12034 = CARTESIAN_POINT('',(0.,1.0985E+03,968.5));
#12035 = DIRECTION('',(0.,0.,1.));
#12036 = DIRECTION('',(1.,0.,-0.));
#12037 = ( GEOMETRIC_REPRESENTATION_CONTEXT(3) 
GLOBAL_UNCERTAINTY_ASSIGNED_CONTEXT((#12041)) 
GLOBAL_UNIT_ASSIGNED_CONTEXT((#12038,#12039,#12040)) 
REPRESENTATION_CONTEXT('Context #1',
  '3D Context with UNIT and UNCERTAINTY') );
#12038 = ( LENGTH_UNIT() NAMED_UNIT(*) SI_UNIT(.MILLI.,.METRE.) );
#12039 = ( NAMED_UNIT(*) PLANE_ANGLE_UNIT() SI_UNIT($,.RADIAN.) );
#12040 = ( NAMED_UNIT(*) SI_UNIT($,.STERADIAN.) SOLID_ANGLE_UNIT() );
#12041 = UNCERTAINTY_MEASURE_WITH_UNIT(LENGTH_MEASURE(1.E-07),#12038,
  'distance_accuracy_value','confusion accuracy');
#12042 = CONTEXT_DEPENDENT_SHAPE_REPRESENTATION(#12043,#12045);
#12043 = ( REPRESENTATION_RELATIONSHIP('','',#11886,#10277) 
REPRESENTATION_RELATIONSHIP_WITH_TRANSFORMATION(#12044) 
SHAPE_REPRESENTATION_RELATIONSHIP() );
#12044 = ITEM_DEFINED_TRANSFORMATION('','',#11,#10298);
#12045 = PRODUCT_DEFINITION_SHAPE('Placement','Placement of an item',
  #12046);
#12046 = NEXT_ASSEMBLY_USAGE_OCCURRENCE('58','Rear_panel_simplified001',
  '',#10272,#11881,$);
#12047 = PRODUCT_RELATED_PRODUCT_CATEGORY('part',$,(#11883));
#12048 = SHAPE_DEFINITION_REPRESENTATION(#12049,#12055);
#12049 = PRODUCT_DEFINITION_SHAPE('','',#12050);
#12050 = PRODUCT_DEFINITION('design','',#12051,#12054);
#12051 = PRODUCT_DEFINITION_FORMATION('','',#12052);
#12052 = PRODUCT('06_Fittings001','06_Fittings001','',(#12053));
#12053 = PRODUCT_CONTEXT('',#2,'mechanical');
#12054 = PRODUCT_DEFINITION_CONTEXT('part definition',#2,'design');
#12055 = SHAPE_REPRESENTATION('',(#11,#12056),#12060);
#12056 = AXIS2_PLACEMENT_3D('',#12057,#12058,#12059);
#12057 = CARTESIAN_POINT('',(0.,0.,0.));
#12058 = DIRECTION('',(0.,0.,1.));
#12059 = DIRECTION('',(1.,0.,0.));
#12060 = ( GEOMETRIC_REPRESENTATION_CONTEXT(3) 
GLOBAL_UNCERTAINTY_ASSIGNED_CONTEXT((#12064)) 
GLOBAL_UNIT_ASSIGNED_CONTEXT((#12061,#12062,#12063)) 
REPRESENTATION_CONTEXT('Context #1',
  '3D Context with UNIT and UNCERTAINTY') );
#12061 = ( LENGTH_UNIT() NAMED_UNIT(*) SI_UNIT(.MILLI.,.METRE.) );
#12062 = ( NAMED_UNIT(*) PLANE_ANGLE_UNIT() SI_UNIT($,.RADIAN.) );
#12063 = ( NAMED_UNIT(*) SI_UNIT($,.STERADIAN.) SOLID_ANGLE_UNIT() );
#12064 = UNCERTAINTY_MEASURE_WITH_UNIT(LENGTH_MEASURE(1.E-07),#12061,
  'distance_accuracy_value','confusion accuracy');
#12065 = CONTEXT_DEPENDENT_SHAPE_REPRESENTATION(#12066,#12068);
#12066 = ( REPRESENTATION_RELATIONSHIP('','',#12055,#9137) 
REPRESENTATION_RELATIONSHIP_WITH_TRANSFORMATION(#12067) 
SHAPE_REPRESENTATION_RELATIONSHIP() );
#12067 = ITEM_DEFINED_TRANSFORMATION('','',#11,#9146);
#12068 = PRODUCT_DEFINITION_SHAPE('Placement','Placement of an item',
  #12069);
#12069 = NEXT_ASSEMBLY_USAGE_OCCURRENCE('82','06_Fittings001','',#9132,
  #12050,$);
#12070 = PRODUCT_RELATED_PRODUCT_CATEGORY('part',$,(#12052));
#12071 = SHAPE_DEFINITION_REPRESENTATION(#12072,#12078);
#12072 = PRODUCT_DEFINITION_SHAPE('','',#12073);
#12073 = PRODUCT_DEFINITION('design','',#12074,#12077);
#12074 = PRODUCT_DEFINITION_FORMATION('','',#12075);
#12075 = PRODUCT('Flush_round_fittings_schematic043',
  'Flush_round_fittings_schematic043','',(#12076));
#12076 = PRODUCT_CONTEXT('',#2,'mechanical');
#12077 = PRODUCT_DEFINITION_CONTEXT('part definition',#2,'design');
#12078 = SHAPE_REPRESENTATION('',(#11,#12079,#12083,#12087,#12091,#12095
    ,#12099,#12103,#12107,#12111,#12115,#12119,#12123,#12127,#12131,
    #12135,#12139,#12143,#12147,#12151,#12155,#12159),#12163);
#12079 = AXIS2_PLACEMENT_3D('',#12080,#12081,#12082);
#12080 = CARTESIAN_POINT('',(0.,0.,0.));
#12081 = DIRECTION('',(0.,0.,1.));
#12082 = DIRECTION('',(1.,0.,0.));
#12083 = AXIS2_PLACEMENT_3D('',#12084,#12085,#12086);
#12084 = CARTESIAN_POINT('',(0.,0.,0.));
#12085 = DIRECTION('',(0.,0.,1.));
#12086 = DIRECTION('',(1.,0.,0.));
#12087 = AXIS2_PLACEMENT_3D('',#12088,#12089,#12090);
#12088 = CARTESIAN_POINT('',(0.,0.,0.));
#12089 = DIRECTION('',(0.,0.,1.));
#12090 = DIRECTION('',(1.,0.,0.));
#12091 = AXIS2_PLACEMENT_3D('',#12092,#12093,#12094);
#12092 = CARTESIAN_POINT('',(0.,0.,0.));
#12093 = DIRECTION('',(0.,0.,1.));
#12094 = DIRECTION('',(1.,0.,0.));
#12095 = AXIS2_PLACEMENT_3D('',#12096,#12097,#12098);
#12096 = CARTESIAN_POINT('',(0.,0.,0.));
#12097 = DIRECTION('',(0.,0.,1.));
#12098 = DIRECTION('',(1.,0.,0.));
#12099 = AXIS2_PLACEMENT_3D('',#12100,#12101,#12102);
#12100 = CARTESIAN_POINT('',(0.,0.,0.));
#12101 = DIRECTION('',(0.,0.,1.));
#12102 = DIRECTION('',(1.,0.,0.));
#12103 = AXIS2_PLACEMENT_3D('',#12104,#12105,#12106);
#12104 = CARTESIAN_POINT('',(0.,0.,0.));
#12105 = DIRECTION('',(0.,0.,1.));
#12106 = DIRECTION('',(1.,0.,0.));
#12107 = AXIS2_PLACEMENT_3D('',#12108,#12109,#12110);
#12108 = CARTESIAN_POINT('',(0.,0.,0.));
#12109 = DIRECTION('',(0.,0.,1.));
#12110 = DIRECTION('',(1.,0.,0.));
#12111 = AXIS2_PLACEMENT_3D('',#12112,#12113,#12114);
#12112 = CARTESIAN_POINT('',(0.,0.,0.));
#12113 = DIRECTION('',(0.,0.,1.));
#12114 = DIRECTION('',(1.,0.,0.));
#12115 = AXIS2_PLACEMENT_3D('',#12116,#12117,#12118);
#12116 = CARTESIAN_POINT('',(0.,0.,0.));
#12117 = DIRECTION('',(0.,0.,1.));
#12118 = DIRECTION('',(1.,0.,0.));
#12119 = AXIS2_PLACEMENT_3D('',#12120,#12121,#12122);
#12120 = CARTESIAN_POINT('',(0.,0.,0.));
#12121 = DIRECTION('',(0.,0.,1.));
#12122 = DIRECTION('',(1.,0.,0.));
#12123 = AXIS2_PLACEMENT_3D('',#12124,#12125,#12126);
#12124 = CARTESIAN_POINT('',(0.,0.,0.));
#12125 = DIRECTION('',(0.,0.,1.));
#12126 = DIRECTION('',(1.,0.,0.));
#12127 = AXIS2_PLACEMENT_3D('',#12128,#12129,#12130);
#12128 = CARTESIAN_POINT('',(0.,0.,0.));
#12129 = DIRECTION('',(0.,0.,1.));
#12130 = DIRECTION('',(1.,0.,0.));
#12131 = AXIS2_PLACEMENT_3D('',#12132,#12133,#12134);
#12132 = CARTESIAN_POINT('',(0.,0.,0.));
#12133 = DIRECTION('',(0.,0.,1.));
#12134 = DIRECTION('',(1.,0.,0.));
#12135 = AXIS2_PLACEMENT_3D('',#12136,#12137,#12138);
#12136 = CARTESIAN_POINT('',(0.,0.,0.));
#12137 = DIRECTION('',(0.,0.,1.));
#12138 = DIRECTION('',(1.,0.,0.));
#12139 = AXIS2_PLACEMENT_3D('',#12140,#12141,#12142);
#12140 = CARTESIAN_POINT('',(0.,0.,0.));
#12141 = DIRECTION('',(0.,0.,1.));
#12142 = DIRECTION('',(1.,0.,0.));
#12143 = AXIS2_PLACEMENT_3D('',#12144,#12145,#12146);
#12144 = CARTESIAN_POINT('',(0.,0.,0.));
#12145 = DIRECTION('',(0.,0.,1.));
#12146 = DIRECTION('',(1.,0.,0.));
#12147 = AXIS2_PLACEMENT_3D('',#12148,#12149,#12150);
#12148 = CARTESIAN_POINT('',(0.,0.,0.));
#12149 = DIRECTION('',(0.,0.,1.));
#12150 = DIRECTION('',(1.,0.,0.));
#12151 = AXIS2_PLACEMENT_3D('',#12152,#12153,#12154);
#12152 = CARTESIAN_POINT('',(0.,0.,0.));
#12153 = DIRECTION('',(0.,0.,1.));
#12154 = DIRECTION('',(1.,0.,0.));
#12155 = AXIS2_PLACEMENT_3D('',#12156,#12157,#12158);
#12156 = CARTESIAN_POINT('',(0.,0.,0.));
#12157 = DIRECTION('',(0.,0.,1.));
#12158 = DIRECTION('',(1.,0.,0.));
#12159 = AXIS2_PLACEMENT_3D('',#12160,#12161,#12162);
#12160 = CARTESIAN_POINT('',(0.,0.,0.));
#12161 = DIRECTION('',(0.,0.,1.));
#12162 = DIRECTION('',(1.,0.,0.));
#12163 = ( GEOMETRIC_REPRESENTATION_CONTEXT(3) 
GLOBAL_UNCERTAINTY_ASSIGNED_CONTEXT((#12167)) 
GLOBAL_UNIT_ASSIGNED_CONTEXT((#12164,#12165,#12166)) 
REPRESENTATION_CONTEXT('Context #1',
  '3D Context with UNIT and UNCERTAINTY') );
#12164 = ( LENGTH_UNIT() NAMED_UNIT(*) SI_UNIT(.MILLI.,.METRE.) );
#12165 = ( NAMED_UNIT(*) PLANE_ANGLE_UNIT() SI_UNIT($,.RADIAN.) );
#12166 = ( NAMED_UNIT(*) SI_UNIT($,.STERADIAN.) SOLID_ANGLE_UNIT() );
#12167 = UNCERTAINTY_MEASURE_WITH_UNIT(LENGTH_MEASURE(1.E-07),#12164,
  'distance_accuracy_value','confusion accuracy');
#12168 = CONTEXT_DEPENDENT_SHAPE_REPRESENTATION(#12169,#12171);
#12169 = ( REPRESENTATION_RELATIONSHIP('','',#12078,#12055) 
REPRESENTATION_RELATIONSHIP_WITH_TRANSFORMATION(#12170) 
SHAPE_REPRESENTATION_RELATIONSHIP() );
#12170 = ITEM_DEFINED_TRANSFORMATION('','',#11,#12056);
#12171 = PRODUCT_DEFINITION_SHAPE('Placement','Placement of an item',
  #12172);
#12172 = NEXT_ASSEMBLY_USAGE_OCCURRENCE('81',
  'Flush_round_fittings_schematic043','',#12050,#12073,$);
#12173 = PRODUCT_RELATED_PRODUCT_CATEGORY('part',$,(#12075));
#12174 = SHAPE_DEFINITION_REPRESENTATION(#12175,#12181);
#12175 = PRODUCT_DEFINITION_SHAPE('','',#12176);
#12176 = PRODUCT_DEFINITION('design','',#12177,#12180);
#12177 = PRODUCT_DEFINITION_FORMATION('','',#12178);
#12178 = PRODUCT('Flush_round_fittings_schematic022',
  'Flush_round_fittings_schematic022','',(#12179));
#12179 = PRODUCT_CONTEXT('',#2,'mechanical');
#12180 = PRODUCT_DEFINITION_CONTEXT('part definition',#2,'design');
#12181 = ADVANCED_BREP_SHAPE_REPRESENTATION('',(#11,#12182),#12235);
#12182 = MANIFOLD_SOLID_BREP('',#12183);
#12183 = CLOSED_SHELL('',(#12184,#12217,#12226));
#12184 = ADVANCED_FACE('',(#12185),#12212,.T.);
#12185 = FACE_BOUND('',#12186,.T.);
#12186 = EDGE_LOOP('',(#12187,#12196,#12204,#12211));
#12187 = ORIENTED_EDGE('',*,*,#12188,.F.);
#12188 = EDGE_CURVE('',#12189,#12189,#12191,.T.);
#12189 = VERTEX_POINT('',#12190);
#12190 = CARTESIAN_POINT('',(60.,0.4,39.));
#12191 = CIRCLE('',#12192,8.);
#12192 = AXIS2_PLACEMENT_3D('',#12193,#12194,#12195);
#12193 = CARTESIAN_POINT('',(60.,0.4,47.));
#12194 = DIRECTION('',(0.,1.,0.));
#12195 = DIRECTION('',(0.,-0.,1.));
#12196 = ORIENTED_EDGE('',*,*,#12197,.T.);
#12197 = EDGE_CURVE('',#12189,#12198,#12200,.T.);
#12198 = VERTEX_POINT('',#12199);
#12199 = CARTESIAN_POINT('',(60.,0.,39.));
#12200 = LINE('',#12201,#12202);
#12201 = CARTESIAN_POINT('',(60.,0.,39.));
#12202 = VECTOR('',#12203,1.);
#12203 = DIRECTION('',(0.,-1.,0.));
#12204 = ORIENTED_EDGE('',*,*,#12205,.T.);
#12205 = EDGE_CURVE('',#12198,#12198,#12206,.T.);
#12206 = CIRCLE('',#12207,8.);
#12207 = AXIS2_PLACEMENT_3D('',#12208,#12209,#12210);
#12208 = CARTESIAN_POINT('',(60.,0.,47.));
#12209 = DIRECTION('',(0.,1.,0.));
#12210 = DIRECTION('',(0.,-0.,1.));
#12211 = ORIENTED_EDGE('',*,*,#12197,.F.);
#12212 = CYLINDRICAL_SURFACE('',#12213,8.);
#12213 = AXIS2_PLACEMENT_3D('',#12214,#12215,#12216);
#12214 = CARTESIAN_POINT('',(60.,0.,47.));
#12215 = DIRECTION('',(0.,1.,0.));
#12216 = DIRECTION('',(0.,-0.,1.));
#12217 = ADVANCED_FACE('',(#12218),#12221,.T.);
#12218 = FACE_BOUND('',#12219,.T.);
#12219 = EDGE_LOOP('',(#12220));
#12220 = ORIENTED_EDGE('',*,*,#12188,.T.);
#12221 = PLANE('',#12222);
#12222 = AXIS2_PLACEMENT_3D('',#12223,#12224,#12225);
#12223 = CARTESIAN_POINT('',(60.,0.4,47.));
#12224 = DIRECTION('',(0.,1.,0.));
#12225 = DIRECTION('',(0.,-0.,1.));
#12226 = ADVANCED_FACE('',(#12227),#12230,.F.);
#12227 = FACE_BOUND('',#12228,.T.);
#12228 = EDGE_LOOP('',(#12229));
#12229 = ORIENTED_EDGE('',*,*,#12205,.F.);
#12230 = PLANE('',#12231);
#12231 = AXIS2_PLACEMENT_3D('',#12232,#12233,#12234);
#12232 = CARTESIAN_POINT('',(60.,0.,47.));
#12233 = DIRECTION('',(0.,1.,0.));
#12234 = DIRECTION('',(0.,-0.,1.));
#12235 = ( GEOMETRIC_REPRESENTATION_CONTEXT(3) 
GLOBAL_UNCERTAINTY_ASSIGNED_CONTEXT((#12239)) 
GLOBAL_UNIT_ASSIGNED_CONTEXT((#12236,#12237,#12238)) 
REPRESENTATION_CONTEXT('Context #1',
  '3D Context with UNIT and UNCERTAINTY') );
#12236 = ( LENGTH_UNIT() NAMED_UNIT(*) SI_UNIT(.MILLI.,.METRE.) );
#12237 = ( NAMED_UNIT(*) PLANE_ANGLE_UNIT() SI_UNIT($,.RADIAN.) );
#12238 = ( NAMED_UNIT(*) SI_UNIT($,.STERADIAN.) SOLID_ANGLE_UNIT() );
#12239 = UNCERTAINTY_MEASURE_WITH_UNIT(LENGTH_MEASURE(1.E-07),#12236,
  'distance_accuracy_value','confusion accuracy');
#12240 = CONTEXT_DEPENDENT_SHAPE_REPRESENTATION(#12241,#12243);
#12241 = ( REPRESENTATION_RELATIONSHIP('','',#12181,#12078) 
REPRESENTATION_RELATIONSHIP_WITH_TRANSFORMATION(#12242) 
SHAPE_REPRESENTATION_RELATIONSHIP() );
#12242 = ITEM_DEFINED_TRANSFORMATION('','',#11,#12079);
#12243 = PRODUCT_DEFINITION_SHAPE('Placement','Placement of an item',
  #12244);
#12244 = NEXT_ASSEMBLY_USAGE_OCCURRENCE('60',
  'Flush_round_fittings_schematic022','',#12073,#12176,$);
#12245 = PRODUCT_RELATED_PRODUCT_CATEGORY('part',$,(#12178));
#12246 = SHAPE_DEFINITION_REPRESENTATION(#12247,#12253);
#12247 = PRODUCT_DEFINITION_SHAPE('','',#12248);
#12248 = PRODUCT_DEFINITION('design','',#12249,#12252);
#12249 = PRODUCT_DEFINITION_FORMATION('','',#12250);
#12250 = PRODUCT('Flush_round_fittings_schematic023',
  'Flush_round_fittings_schematic023','',(#12251));
#12251 = PRODUCT_CONTEXT('',#2,'mechanical');
#12252 = PRODUCT_DEFINITION_CONTEXT('part definition',#2,'design');
#12253 = ADVANCED_BREP_SHAPE_REPRESENTATION('',(#11,#12254),#12307);
#12254 = MANIFOLD_SOLID_BREP('',#12255);
#12255 = CLOSED_SHELL('',(#12256,#12289,#12298));
#12256 = ADVANCED_FACE('',(#12257),#12284,.T.);
#12257 = FACE_BOUND('',#12258,.T.);
#12258 = EDGE_LOOP('',(#12259,#12268,#12276,#12283));
#12259 = ORIENTED_EDGE('',*,*,#12260,.F.);
#12260 = EDGE_CURVE('',#12261,#12261,#12263,.T.);
#12261 = VERTEX_POINT('',#12262);
#12262 = CARTESIAN_POINT('',(1.1E+03,60.,39.));
#12263 = CIRCLE('',#12264,8.);
#12264 = AXIS2_PLACEMENT_3D('',#12265,#12266,#12267);
#12265 = CARTESIAN_POINT('',(1.1E+03,60.,47.));
#12266 = DIRECTION('',(1.,0.,-0.));
#12267 = DIRECTION('',(0.,0.,1.));
#12268 = ORIENTED_EDGE('',*,*,#12269,.T.);
#12269 = EDGE_CURVE('',#12261,#12270,#12272,.T.);
#12270 = VERTEX_POINT('',#12271);
#12271 = CARTESIAN_POINT('',(1.0996E+03,60.,39.));
#12272 = LINE('',#12273,#12274);
#12273 = CARTESIAN_POINT('',(1.0996E+03,60.,39.));
#12274 = VECTOR('',#12275,1.);
#12275 = DIRECTION('',(-1.,0.,0.));
#12276 = ORIENTED_EDGE('',*,*,#12277,.T.);
#12277 = EDGE_CURVE('',#12270,#12270,#12278,.T.);
#12278 = CIRCLE('',#12279,8.);
#12279 = AXIS2_PLACEMENT_3D('',#12280,#12281,#12282);
#12280 = CARTESIAN_POINT('',(1.0996E+03,60.,47.));
#12281 = DIRECTION('',(1.,0.,-0.));
#12282 = DIRECTION('',(0.,0.,1.));
#12283 = ORIENTED_EDGE('',*,*,#12269,.F.);
#12284 = CYLINDRICAL_SURFACE('',#12285,8.);
#12285 = AXIS2_PLACEMENT_3D('',#12286,#12287,#12288);
#12286 = CARTESIAN_POINT('',(1.0996E+03,60.,47.));
#12287 = DIRECTION('',(1.,0.,0.));
#12288 = DIRECTION('',(0.,0.,1.));
#12289 = ADVANCED_FACE('',(#12290),#12293,.T.);
#12290 = FACE_BOUND('',#12291,.T.);
#12291 = EDGE_LOOP('',(#12292));
#12292 = ORIENTED_EDGE('',*,*,#12260,.T.);
#12293 = PLANE('',#12294);
#12294 = AXIS2_PLACEMENT_3D('',#12295,#12296,#12297);
#12295 = CARTESIAN_POINT('',(1.1E+03,60.,47.));
#12296 = DIRECTION('',(1.,0.,0.));
#12297 = DIRECTION('',(0.,0.,1.));
#12298 = ADVANCED_FACE('',(#12299),#12302,.F.);
#12299 = FACE_BOUND('',#12300,.T.);
#12300 = EDGE_LOOP('',(#12301));
#12301 = ORIENTED_EDGE('',*,*,#12277,.F.);
#12302 = PLANE('',#12303);
#12303 = AXIS2_PLACEMENT_3D('',#12304,#12305,#12306);
#12304 = CARTESIAN_POINT('',(1.0996E+03,60.,47.));
#12305 = DIRECTION('',(1.,0.,0.));
#12306 = DIRECTION('',(0.,0.,1.));
#12307 = ( GEOMETRIC_REPRESENTATION_CONTEXT(3) 
GLOBAL_UNCERTAINTY_ASSIGNED_CONTEXT((#12311)) 
GLOBAL_UNIT_ASSIGNED_CONTEXT((#12308,#12309,#12310)) 
REPRESENTATION_CONTEXT('Context #1',
  '3D Context with UNIT and UNCERTAINTY') );
#12308 = ( LENGTH_UNIT() NAMED_UNIT(*) SI_UNIT(.MILLI.,.METRE.) );
#12309 = ( NAMED_UNIT(*) PLANE_ANGLE_UNIT() SI_UNIT($,.RADIAN.) );
#12310 = ( NAMED_UNIT(*) SI_UNIT($,.STERADIAN.) SOLID_ANGLE_UNIT() );
#12311 = UNCERTAINTY_MEASURE_WITH_UNIT(LENGTH_MEASURE(1.E-07),#12308,
  'distance_accuracy_value','confusion accuracy');
#12312 = CONTEXT_DEPENDENT_SHAPE_REPRESENTATION(#12313,#12315);
#12313 = ( REPRESENTATION_RELATIONSHIP('','',#12253,#12078) 
REPRESENTATION_RELATIONSHIP_WITH_TRANSFORMATION(#12314) 
SHAPE_REPRESENTATION_RELATIONSHIP() );
#12314 = ITEM_DEFINED_TRANSFORMATION('','',#11,#12083);
#12315 = PRODUCT_DEFINITION_SHAPE('Placement','Placement of an item',
  #12316);
#12316 = NEXT_ASSEMBLY_USAGE_OCCURRENCE('61',
  'Flush_round_fittings_schematic023','',#12073,#12248,$);
#12317 = PRODUCT_RELATED_PRODUCT_CATEGORY('part',$,(#12250));
#12318 = SHAPE_DEFINITION_REPRESENTATION(#12319,#12325);
#12319 = PRODUCT_DEFINITION_SHAPE('','',#12320);
#12320 = PRODUCT_DEFINITION('design','',#12321,#12324);
#12321 = PRODUCT_DEFINITION_FORMATION('','',#12322);
#12322 = PRODUCT('Flush_round_fittings_schematic024',
  'Flush_round_fittings_schematic024','',(#12323));
#12323 = PRODUCT_CONTEXT('',#2,'mechanical');
#12324 = PRODUCT_DEFINITION_CONTEXT('part definition',#2,'design');
#12325 = ADVANCED_BREP_SHAPE_REPRESENTATION('',(#11,#12326),#12379);
#12326 = MANIFOLD_SOLID_BREP('',#12327);
#12327 = CLOSED_SHELL('',(#12328,#12361,#12370));
#12328 = ADVANCED_FACE('',(#12329),#12356,.T.);
#12329 = FACE_BOUND('',#12330,.T.);
#12330 = EDGE_LOOP('',(#12331,#12340,#12348,#12355));
#12331 = ORIENTED_EDGE('',*,*,#12332,.F.);
#12332 = EDGE_CURVE('',#12333,#12333,#12335,.T.);
#12333 = VERTEX_POINT('',#12334);
#12334 = CARTESIAN_POINT('',(0.4,1.04E+03,39.));
#12335 = CIRCLE('',#12336,8.);
#12336 = AXIS2_PLACEMENT_3D('',#12337,#12338,#12339);
#12337 = CARTESIAN_POINT('',(0.4,1.04E+03,47.));
#12338 = DIRECTION('',(1.,0.,-0.));
#12339 = DIRECTION('',(0.,0.,1.));
#12340 = ORIENTED_EDGE('',*,*,#12341,.T.);
#12341 = EDGE_CURVE('',#12333,#12342,#12344,.T.);
#12342 = VERTEX_POINT('',#12343);
#12343 = CARTESIAN_POINT('',(0.,1.04E+03,39.));
#12344 = LINE('',#12345,#12346);
#12345 = CARTESIAN_POINT('',(0.,1.04E+03,39.));
#12346 = VECTOR('',#12347,1.);
#12347 = DIRECTION('',(-1.,0.,0.));
#12348 = ORIENTED_EDGE('',*,*,#12349,.T.);
#12349 = EDGE_CURVE('',#12342,#12342,#12350,.T.);
#12350 = CIRCLE('',#12351,8.);
#12351 = AXIS2_PLACEMENT_3D('',#12352,#12353,#12354);
#12352 = CARTESIAN_POINT('',(0.,1.04E+03,47.));
#12353 = DIRECTION('',(1.,0.,-0.));
#12354 = DIRECTION('',(0.,0.,1.));
#12355 = ORIENTED_EDGE('',*,*,#12341,.F.);
#12356 = CYLINDRICAL_SURFACE('',#12357,8.);
#12357 = AXIS2_PLACEMENT_3D('',#12358,#12359,#12360);
#12358 = CARTESIAN_POINT('',(0.,1.04E+03,47.));
#12359 = DIRECTION('',(1.,0.,0.));
#12360 = DIRECTION('',(0.,0.,1.));
#12361 = ADVANCED_FACE('',(#12362),#12365,.T.);
#12362 = FACE_BOUND('',#12363,.T.);
#12363 = EDGE_LOOP('',(#12364));
#12364 = ORIENTED_EDGE('',*,*,#12332,.T.);
#12365 = PLANE('',#12366);
#12366 = AXIS2_PLACEMENT_3D('',#12367,#12368,#12369);
#12367 = CARTESIAN_POINT('',(0.4,1.04E+03,47.));
#12368 = DIRECTION('',(1.,0.,0.));
#12369 = DIRECTION('',(0.,0.,1.));
#12370 = ADVANCED_FACE('',(#12371),#12374,.F.);
#12371 = FACE_BOUND('',#12372,.T.);
#12372 = EDGE_LOOP('',(#12373));
#12373 = ORIENTED_EDGE('',*,*,#12349,.F.);
#12374 = PLANE('',#12375);
#12375 = AXIS2_PLACEMENT_3D('',#12376,#12377,#12378);
#12376 = CARTESIAN_POINT('',(0.,1.04E+03,47.));
#12377 = DIRECTION('',(1.,0.,0.));
#12378 = DIRECTION('',(0.,0.,1.));
#12379 = ( GEOMETRIC_REPRESENTATION_CONTEXT(3) 
GLOBAL_UNCERTAINTY_ASSIGNED_CONTEXT((#12383)) 
GLOBAL_UNIT_ASSIGNED_CONTEXT((#12380,#12381,#12382)) 
REPRESENTATION_CONTEXT('Context #1',
  '3D Context with UNIT and UNCERTAINTY') );
#12380 = ( LENGTH_UNIT() NAMED_UNIT(*) SI_UNIT(.MILLI.,.METRE.) );
#12381 = ( NAMED_UNIT(*) PLANE_ANGLE_UNIT() SI_UNIT($,.RADIAN.) );
#12382 = ( NAMED_UNIT(*) SI_UNIT($,.STERADIAN.) SOLID_ANGLE_UNIT() );
#12383 = UNCERTAINTY_MEASURE_WITH_UNIT(LENGTH_MEASURE(1.E-07),#12380,
  'distance_accuracy_value','confusion accuracy');
#12384 = CONTEXT_DEPENDENT_SHAPE_REPRESENTATION(#12385,#12387);
#12385 = ( REPRESENTATION_RELATIONSHIP('','',#12325,#12078) 
REPRESENTATION_RELATIONSHIP_WITH_TRANSFORMATION(#12386) 
SHAPE_REPRESENTATION_RELATIONSHIP() );
#12386 = ITEM_DEFINED_TRANSFORMATION('','',#11,#12087);
#12387 = PRODUCT_DEFINITION_SHAPE('Placement','Placement of an item',
  #12388);
#12388 = NEXT_ASSEMBLY_USAGE_OCCURRENCE('62',
  'Flush_round_fittings_schematic024','',#12073,#12320,$);
#12389 = PRODUCT_RELATED_PRODUCT_CATEGORY('part',$,(#12322));
#12390 = SHAPE_DEFINITION_REPRESENTATION(#12391,#12397);
#12391 = PRODUCT_DEFINITION_SHAPE('','',#12392);
#12392 = PRODUCT_DEFINITION('design','',#12393,#12396);
#12393 = PRODUCT_DEFINITION_FORMATION('','',#12394);
#12394 = PRODUCT('Flush_round_fittings_schematic025',
  'Flush_round_fittings_schematic025','',(#12395));
#12395 = PRODUCT_CONTEXT('',#2,'mechanical');
#12396 = PRODUCT_DEFINITION_CONTEXT('part definition',#2,'design');
#12397 = ADVANCED_BREP_SHAPE_REPRESENTATION('',(#11,#12398),#12451);
#12398 = MANIFOLD_SOLID_BREP('',#12399);
#12399 = CLOSED_SHELL('',(#12400,#12433,#12442));
#12400 = ADVANCED_FACE('',(#12401),#12428,.T.);
#12401 = FACE_BOUND('',#12402,.T.);
#12402 = EDGE_LOOP('',(#12403,#12412,#12420,#12427));
#12403 = ORIENTED_EDGE('',*,*,#12404,.F.);
#12404 = EDGE_CURVE('',#12405,#12405,#12407,.T.);
#12405 = VERTEX_POINT('',#12406);
#12406 = CARTESIAN_POINT('',(550.,0.4,39.));
#12407 = CIRCLE('',#12408,8.);
#12408 = AXIS2_PLACEMENT_3D('',#12409,#12410,#12411);
#12409 = CARTESIAN_POINT('',(550.,0.4,47.));
#12410 = DIRECTION('',(0.,1.,0.));
#12411 = DIRECTION('',(0.,-0.,1.));
#12412 = ORIENTED_EDGE('',*,*,#12413,.T.);
#12413 = EDGE_CURVE('',#12405,#12414,#12416,.T.);
#12414 = VERTEX_POINT('',#12415);
#12415 = CARTESIAN_POINT('',(550.,0.,39.));
#12416 = LINE('',#12417,#12418);
#12417 = CARTESIAN_POINT('',(550.,0.,39.));
#12418 = VECTOR('',#12419,1.);
#12419 = DIRECTION('',(0.,-1.,0.));
#12420 = ORIENTED_EDGE('',*,*,#12421,.T.);
#12421 = EDGE_CURVE('',#12414,#12414,#12422,.T.);
#12422 = CIRCLE('',#12423,8.);
#12423 = AXIS2_PLACEMENT_3D('',#12424,#12425,#12426);
#12424 = CARTESIAN_POINT('',(550.,0.,47.));
#12425 = DIRECTION('',(0.,1.,0.));
#12426 = DIRECTION('',(0.,-0.,1.));
#12427 = ORIENTED_EDGE('',*,*,#12413,.F.);
#12428 = CYLINDRICAL_SURFACE('',#12429,8.);
#12429 = AXIS2_PLACEMENT_3D('',#12430,#12431,#12432);
#12430 = CARTESIAN_POINT('',(550.,0.,47.));
#12431 = DIRECTION('',(0.,1.,0.));
#12432 = DIRECTION('',(0.,-0.,1.));
#12433 = ADVANCED_FACE('',(#12434),#12437,.T.);
#12434 = FACE_BOUND('',#12435,.T.);
#12435 = EDGE_LOOP('',(#12436));
#12436 = ORIENTED_EDGE('',*,*,#12404,.T.);
#12437 = PLANE('',#12438);
#12438 = AXIS2_PLACEMENT_3D('',#12439,#12440,#12441);
#12439 = CARTESIAN_POINT('',(550.,0.4,47.));
#12440 = DIRECTION('',(0.,1.,0.));
#12441 = DIRECTION('',(0.,-0.,1.));
#12442 = ADVANCED_FACE('',(#12443),#12446,.F.);
#12443 = FACE_BOUND('',#12444,.T.);
#12444 = EDGE_LOOP('',(#12445));
#12445 = ORIENTED_EDGE('',*,*,#12421,.F.);
#12446 = PLANE('',#12447);
#12447 = AXIS2_PLACEMENT_3D('',#12448,#12449,#12450);
#12448 = CARTESIAN_POINT('',(550.,0.,47.));
#12449 = DIRECTION('',(0.,1.,0.));
#12450 = DIRECTION('',(0.,-0.,1.));
#12451 = ( GEOMETRIC_REPRESENTATION_CONTEXT(3) 
GLOBAL_UNCERTAINTY_ASSIGNED_CONTEXT((#12455)) 
GLOBAL_UNIT_ASSIGNED_CONTEXT((#12452,#12453,#12454)) 
REPRESENTATION_CONTEXT('Context #1',
  '3D Context with UNIT and UNCERTAINTY') );
#12452 = ( LENGTH_UNIT() NAMED_UNIT(*) SI_UNIT(.MILLI.,.METRE.) );
#12453 = ( NAMED_UNIT(*) PLANE_ANGLE_UNIT() SI_UNIT($,.RADIAN.) );
#12454 = ( NAMED_UNIT(*) SI_UNIT($,.STERADIAN.) SOLID_ANGLE_UNIT() );
#12455 = UNCERTAINTY_MEASURE_WITH_UNIT(LENGTH_MEASURE(1.E-07),#12452,
  'distance_accuracy_value','confusion accuracy');
#12456 = CONTEXT_DEPENDENT_SHAPE_REPRESENTATION(#12457,#12459);
#12457 = ( REPRESENTATION_RELATIONSHIP('','',#12397,#12078) 
REPRESENTATION_RELATIONSHIP_WITH_TRANSFORMATION(#12458) 
SHAPE_REPRESENTATION_RELATIONSHIP() );
#12458 = ITEM_DEFINED_TRANSFORMATION('','',#11,#12091);
#12459 = PRODUCT_DEFINITION_SHAPE('Placement','Placement of an item',
  #12460);
#12460 = NEXT_ASSEMBLY_USAGE_OCCURRENCE('63',
  'Flush_round_fittings_schematic025','',#12073,#12392,$);
#12461 = PRODUCT_RELATED_PRODUCT_CATEGORY('part',$,(#12394));
#12462 = SHAPE_DEFINITION_REPRESENTATION(#12463,#12469);
#12463 = PRODUCT_DEFINITION_SHAPE('','',#12464);
#12464 = PRODUCT_DEFINITION('design','',#12465,#12468);
#12465 = PRODUCT_DEFINITION_FORMATION('','',#12466);
#12466 = PRODUCT('Flush_round_fittings_schematic026',
  'Flush_round_fittings_schematic026','',(#12467));
#12467 = PRODUCT_CONTEXT('',#2,'mechanical');
#12468 = PRODUCT_DEFINITION_CONTEXT('part definition',#2,'design');
#12469 = ADVANCED_BREP_SHAPE_REPRESENTATION('',(#11,#12470),#12523);
#12470 = MANIFOLD_SOLID_BREP('',#12471);
#12471 = CLOSED_SHELL('',(#12472,#12505,#12514));
#12472 = ADVANCED_FACE('',(#12473),#12500,.T.);
#12473 = FACE_BOUND('',#12474,.T.);
#12474 = EDGE_LOOP('',(#12475,#12484,#12492,#12499));
#12475 = ORIENTED_EDGE('',*,*,#12476,.F.);
#12476 = EDGE_CURVE('',#12477,#12477,#12479,.T.);
#12477 = VERTEX_POINT('',#12478);
#12478 = CARTESIAN_POINT('',(1.1E+03,550.,39.));
#12479 = CIRCLE('',#12480,8.);
#12480 = AXIS2_PLACEMENT_3D('',#12481,#12482,#12483);
#12481 = CARTESIAN_POINT('',(1.1E+03,550.,47.));
#12482 = DIRECTION('',(1.,0.,-0.));
#12483 = DIRECTION('',(0.,0.,1.));
#12484 = ORIENTED_EDGE('',*,*,#12485,.T.);
#12485 = EDGE_CURVE('',#12477,#12486,#12488,.T.);
#12486 = VERTEX_POINT('',#12487);
#12487 = CARTESIAN_POINT('',(1.0996E+03,550.,39.));
#12488 = LINE('',#12489,#12490);
#12489 = CARTESIAN_POINT('',(1.0996E+03,550.,39.));
#12490 = VECTOR('',#12491,1.);
#12491 = DIRECTION('',(-1.,0.,0.));
#12492 = ORIENTED_EDGE('',*,*,#12493,.T.);
#12493 = EDGE_CURVE('',#12486,#12486,#12494,.T.);
#12494 = CIRCLE('',#12495,8.);
#12495 = AXIS2_PLACEMENT_3D('',#12496,#12497,#12498);
#12496 = CARTESIAN_POINT('',(1.0996E+03,550.,47.));
#12497 = DIRECTION('',(1.,0.,-0.));
#12498 = DIRECTION('',(0.,0.,1.));
#12499 = ORIENTED_EDGE('',*,*,#12485,.F.);
#12500 = CYLINDRICAL_SURFACE('',#12501,8.);
#12501 = AXIS2_PLACEMENT_3D('',#12502,#12503,#12504);
#12502 = CARTESIAN_POINT('',(1.0996E+03,550.,47.));
#12503 = DIRECTION('',(1.,0.,0.));
#12504 = DIRECTION('',(0.,0.,1.));
#12505 = ADVANCED_FACE('',(#12506),#12509,.T.);
#12506 = FACE_BOUND('',#12507,.T.);
#12507 = EDGE_LOOP('',(#12508));
#12508 = ORIENTED_EDGE('',*,*,#12476,.T.);
#12509 = PLANE('',#12510);
#12510 = AXIS2_PLACEMENT_3D('',#12511,#12512,#12513);
#12511 = CARTESIAN_POINT('',(1.1E+03,550.,47.));
#12512 = DIRECTION('',(1.,0.,0.));
#12513 = DIRECTION('',(0.,0.,1.));
#12514 = ADVANCED_FACE('',(#12515),#12518,.F.);
#12515 = FACE_BOUND('',#12516,.T.);
#12516 = EDGE_LOOP('',(#12517));
#12517 = ORIENTED_EDGE('',*,*,#12493,.F.);
#12518 = PLANE('',#12519);
#12519 = AXIS2_PLACEMENT_3D('',#12520,#12521,#12522);
#12520 = CARTESIAN_POINT('',(1.0996E+03,550.,47.));
#12521 = DIRECTION('',(1.,0.,0.));
#12522 = DIRECTION('',(0.,0.,1.));
#12523 = ( GEOMETRIC_REPRESENTATION_CONTEXT(3) 
GLOBAL_UNCERTAINTY_ASSIGNED_CONTEXT((#12527)) 
GLOBAL_UNIT_ASSIGNED_CONTEXT((#12524,#12525,#12526)) 
REPRESENTATION_CONTEXT('Context #1',
  '3D Context with UNIT and UNCERTAINTY') );
#12524 = ( LENGTH_UNIT() NAMED_UNIT(*) SI_UNIT(.MILLI.,.METRE.) );
#12525 = ( NAMED_UNIT(*) PLANE_ANGLE_UNIT() SI_UNIT($,.RADIAN.) );
#12526 = ( NAMED_UNIT(*) SI_UNIT($,.STERADIAN.) SOLID_ANGLE_UNIT() );
#12527 = UNCERTAINTY_MEASURE_WITH_UNIT(LENGTH_MEASURE(1.E-07),#12524,
  'distance_accuracy_value','confusion accuracy');
#12528 = CONTEXT_DEPENDENT_SHAPE_REPRESENTATION(#12529,#12531);
#12529 = ( REPRESENTATION_RELATIONSHIP('','',#12469,#12078) 
REPRESENTATION_RELATIONSHIP_WITH_TRANSFORMATION(#12530) 
SHAPE_REPRESENTATION_RELATIONSHIP() );
#12530 = ITEM_DEFINED_TRANSFORMATION('','',#11,#12095);
#12531 = PRODUCT_DEFINITION_SHAPE('Placement','Placement of an item',
  #12532);
#12532 = NEXT_ASSEMBLY_USAGE_OCCURRENCE('64',
  'Flush_round_fittings_schematic026','',#12073,#12464,$);
#12533 = PRODUCT_RELATED_PRODUCT_CATEGORY('part',$,(#12466));
#12534 = SHAPE_DEFINITION_REPRESENTATION(#12535,#12541);
#12535 = PRODUCT_DEFINITION_SHAPE('','',#12536);
#12536 = PRODUCT_DEFINITION('design','',#12537,#12540);
#12537 = PRODUCT_DEFINITION_FORMATION('','',#12538);
#12538 = PRODUCT('Flush_round_fittings_schematic027',
  'Flush_round_fittings_schematic027','',(#12539));
#12539 = PRODUCT_CONTEXT('',#2,'mechanical');
#12540 = PRODUCT_DEFINITION_CONTEXT('part definition',#2,'design');
#12541 = ADVANCED_BREP_SHAPE_REPRESENTATION('',(#11,#12542),#12595);
#12542 = MANIFOLD_SOLID_BREP('',#12543);
#12543 = CLOSED_SHELL('',(#12544,#12577,#12586));
#12544 = ADVANCED_FACE('',(#12545),#12572,.T.);
#12545 = FACE_BOUND('',#12546,.T.);
#12546 = EDGE_LOOP('',(#12547,#12556,#12564,#12571));
#12547 = ORIENTED_EDGE('',*,*,#12548,.F.);
#12548 = EDGE_CURVE('',#12549,#12549,#12551,.T.);
#12549 = VERTEX_POINT('',#12550);
#12550 = CARTESIAN_POINT('',(0.4,550.,39.));
#12551 = CIRCLE('',#12552,8.);
#12552 = AXIS2_PLACEMENT_3D('',#12553,#12554,#12555);
#12553 = CARTESIAN_POINT('',(0.4,550.,47.));
#12554 = DIRECTION('',(1.,0.,-0.));
#12555 = DIRECTION('',(0.,0.,1.));
#12556 = ORIENTED_EDGE('',*,*,#12557,.T.);
#12557 = EDGE_CURVE('',#12549,#12558,#12560,.T.);
#12558 = VERTEX_POINT('',#12559);
#12559 = CARTESIAN_POINT('',(0.,550.,39.));
#12560 = LINE('',#12561,#12562);
#12561 = CARTESIAN_POINT('',(0.,550.,39.));
#12562 = VECTOR('',#12563,1.);
#12563 = DIRECTION('',(-1.,0.,0.));
#12564 = ORIENTED_EDGE('',*,*,#12565,.T.);
#12565 = EDGE_CURVE('',#12558,#12558,#12566,.T.);
#12566 = CIRCLE('',#12567,8.);
#12567 = AXIS2_PLACEMENT_3D('',#12568,#12569,#12570);
#12568 = CARTESIAN_POINT('',(0.,550.,47.));
#12569 = DIRECTION('',(1.,0.,-0.));
#12570 = DIRECTION('',(0.,0.,1.));
#12571 = ORIENTED_EDGE('',*,*,#12557,.F.);
#12572 = CYLINDRICAL_SURFACE('',#12573,8.);
#12573 = AXIS2_PLACEMENT_3D('',#12574,#12575,#12576);
#12574 = CARTESIAN_POINT('',(0.,550.,47.));
#12575 = DIRECTION('',(1.,0.,0.));
#12576 = DIRECTION('',(0.,0.,1.));
#12577 = ADVANCED_FACE('',(#12578),#12581,.T.);
#12578 = FACE_BOUND('',#12579,.T.);
#12579 = EDGE_LOOP('',(#12580));
#12580 = ORIENTED_EDGE('',*,*,#12548,.T.);
#12581 = PLANE('',#12582);
#12582 = AXIS2_PLACEMENT_3D('',#12583,#12584,#12585);
#12583 = CARTESIAN_POINT('',(0.4,550.,47.));
#12584 = DIRECTION('',(1.,0.,0.));
#12585 = DIRECTION('',(0.,0.,1.));
#12586 = ADVANCED_FACE('',(#12587),#12590,.F.);
#12587 = FACE_BOUND('',#12588,.T.);
#12588 = EDGE_LOOP('',(#12589));
#12589 = ORIENTED_EDGE('',*,*,#12565,.F.);
#12590 = PLANE('',#12591);
#12591 = AXIS2_PLACEMENT_3D('',#12592,#12593,#12594);
#12592 = CARTESIAN_POINT('',(0.,550.,47.));
#12593 = DIRECTION('',(1.,0.,0.));
#12594 = DIRECTION('',(0.,0.,1.));
#12595 = ( GEOMETRIC_REPRESENTATION_CONTEXT(3) 
GLOBAL_UNCERTAINTY_ASSIGNED_CONTEXT((#12599)) 
GLOBAL_UNIT_ASSIGNED_CONTEXT((#12596,#12597,#12598)) 
REPRESENTATION_CONTEXT('Context #1',
  '3D Context with UNIT and UNCERTAINTY') );
#12596 = ( LENGTH_UNIT() NAMED_UNIT(*) SI_UNIT(.MILLI.,.METRE.) );
#12597 = ( NAMED_UNIT(*) PLANE_ANGLE_UNIT() SI_UNIT($,.RADIAN.) );
#12598 = ( NAMED_UNIT(*) SI_UNIT($,.STERADIAN.) SOLID_ANGLE_UNIT() );
#12599 = UNCERTAINTY_MEASURE_WITH_UNIT(LENGTH_MEASURE(1.E-07),#12596,
  'distance_accuracy_value','confusion accuracy');
#12600 = CONTEXT_DEPENDENT_SHAPE_REPRESENTATION(#12601,#12603);
#12601 = ( REPRESENTATION_RELATIONSHIP('','',#12541,#12078) 
REPRESENTATION_RELATIONSHIP_WITH_TRANSFORMATION(#12602) 
SHAPE_REPRESENTATION_RELATIONSHIP() );
#12602 = ITEM_DEFINED_TRANSFORMATION('','',#11,#12099);
#12603 = PRODUCT_DEFINITION_SHAPE('Placement','Placement of an item',
  #12604);
#12604 = NEXT_ASSEMBLY_USAGE_OCCURRENCE('65',
  'Flush_round_fittings_schematic027','',#12073,#12536,$);
#12605 = PRODUCT_RELATED_PRODUCT_CATEGORY('part',$,(#12538));
#12606 = SHAPE_DEFINITION_REPRESENTATION(#12607,#12613);
#12607 = PRODUCT_DEFINITION_SHAPE('','',#12608);
#12608 = PRODUCT_DEFINITION('design','',#12609,#12612);
#12609 = PRODUCT_DEFINITION_FORMATION('','',#12610);
#12610 = PRODUCT('Flush_round_fittings_schematic028',
  'Flush_round_fittings_schematic028','',(#12611));
#12611 = PRODUCT_CONTEXT('',#2,'mechanical');
#12612 = PRODUCT_DEFINITION_CONTEXT('part definition',#2,'design');
#12613 = ADVANCED_BREP_SHAPE_REPRESENTATION('',(#11,#12614),#12667);
#12614 = MANIFOLD_SOLID_BREP('',#12615);
#12615 = CLOSED_SHELL('',(#12616,#12649,#12658));
#12616 = ADVANCED_FACE('',(#12617),#12644,.T.);
#12617 = FACE_BOUND('',#12618,.T.);
#12618 = EDGE_LOOP('',(#12619,#12628,#12636,#12643));
#12619 = ORIENTED_EDGE('',*,*,#12620,.F.);
#12620 = EDGE_CURVE('',#12621,#12621,#12623,.T.);
#12621 = VERTEX_POINT('',#12622);
#12622 = CARTESIAN_POINT('',(1.04E+03,0.4,39.));
#12623 = CIRCLE('',#12624,8.);
#12624 = AXIS2_PLACEMENT_3D('',#12625,#12626,#12627);
#12625 = CARTESIAN_POINT('',(1.04E+03,0.4,47.));
#12626 = DIRECTION('',(0.,1.,0.));
#12627 = DIRECTION('',(0.,-0.,1.));
#12628 = ORIENTED_EDGE('',*,*,#12629,.T.);
#12629 = EDGE_CURVE('',#12621,#12630,#12632,.T.);
#12630 = VERTEX_POINT('',#12631);
#12631 = CARTESIAN_POINT('',(1.04E+03,0.,39.));
#12632 = LINE('',#12633,#12634);
#12633 = CARTESIAN_POINT('',(1.04E+03,0.,39.));
#12634 = VECTOR('',#12635,1.);
#12635 = DIRECTION('',(0.,-1.,0.));
#12636 = ORIENTED_EDGE('',*,*,#12637,.T.);
#12637 = EDGE_CURVE('',#12630,#12630,#12638,.T.);
#12638 = CIRCLE('',#12639,8.);
#12639 = AXIS2_PLACEMENT_3D('',#12640,#12641,#12642);
#12640 = CARTESIAN_POINT('',(1.04E+03,0.,47.));
#12641 = DIRECTION('',(0.,1.,0.));
#12642 = DIRECTION('',(0.,-0.,1.));
#12643 = ORIENTED_EDGE('',*,*,#12629,.F.);
#12644 = CYLINDRICAL_SURFACE('',#12645,8.);
#12645 = AXIS2_PLACEMENT_3D('',#12646,#12647,#12648);
#12646 = CARTESIAN_POINT('',(1.04E+03,0.,47.));
#12647 = DIRECTION('',(0.,1.,0.));
#12648 = DIRECTION('',(0.,-0.,1.));
#12649 = ADVANCED_FACE('',(#12650),#12653,.T.);
#12650 = FACE_BOUND('',#12651,.T.);
#12651 = EDGE_LOOP('',(#12652));
#12652 = ORIENTED_EDGE('',*,*,#12620,.T.);
#12653 = PLANE('',#12654);
#12654 = AXIS2_PLACEMENT_3D('',#12655,#12656,#12657);
#12655 = CARTESIAN_POINT('',(1.04E+03,0.4,47.));
#12656 = DIRECTION('',(0.,1.,0.));
#12657 = DIRECTION('',(0.,-0.,1.));
#12658 = ADVANCED_FACE('',(#12659),#12662,.F.);
#12659 = FACE_BOUND('',#12660,.T.);
#12660 = EDGE_LOOP('',(#12661));
#12661 = ORIENTED_EDGE('',*,*,#12637,.F.);
#12662 = PLANE('',#12663);
#12663 = AXIS2_PLACEMENT_3D('',#12664,#12665,#12666);
#12664 = CARTESIAN_POINT('',(1.04E+03,0.,47.));
#12665 = DIRECTION('',(0.,1.,0.));
#12666 = DIRECTION('',(0.,-0.,1.));
#12667 = ( GEOMETRIC_REPRESENTATION_CONTEXT(3) 
GLOBAL_UNCERTAINTY_ASSIGNED_CONTEXT((#12671)) 
GLOBAL_UNIT_ASSIGNED_CONTEXT((#12668,#12669,#12670)) 
REPRESENTATION_CONTEXT('Context #1',
  '3D Context with UNIT and UNCERTAINTY') );
#12668 = ( LENGTH_UNIT() NAMED_UNIT(*) SI_UNIT(.MILLI.,.METRE.) );
#12669 = ( NAMED_UNIT(*) PLANE_ANGLE_UNIT() SI_UNIT($,.RADIAN.) );
#12670 = ( NAMED_UNIT(*) SI_UNIT($,.STERADIAN.) SOLID_ANGLE_UNIT() );
#12671 = UNCERTAINTY_MEASURE_WITH_UNIT(LENGTH_MEASURE(1.E-07),#12668,
  'distance_accuracy_value','confusion accuracy');
#12672 = CONTEXT_DEPENDENT_SHAPE_REPRESENTATION(#12673,#12675);
#12673 = ( REPRESENTATION_RELATIONSHIP('','',#12613,#12078) 
REPRESENTATION_RELATIONSHIP_WITH_TRANSFORMATION(#12674) 
SHAPE_REPRESENTATION_RELATIONSHIP() );
#12674 = ITEM_DEFINED_TRANSFORMATION('','',#11,#12103);
#12675 = PRODUCT_DEFINITION_SHAPE('Placement','Placement of an item',
  #12676);
#12676 = NEXT_ASSEMBLY_USAGE_OCCURRENCE('66',
  'Flush_round_fittings_schematic028','',#12073,#12608,$);
#12677 = PRODUCT_RELATED_PRODUCT_CATEGORY('part',$,(#12610));
#12678 = SHAPE_DEFINITION_REPRESENTATION(#12679,#12685);
#12679 = PRODUCT_DEFINITION_SHAPE('','',#12680);
#12680 = PRODUCT_DEFINITION('design','',#12681,#12684);
#12681 = PRODUCT_DEFINITION_FORMATION('','',#12682);
#12682 = PRODUCT('Flush_round_fittings_schematic029',
  'Flush_round_fittings_schematic029','',(#12683));
#12683 = PRODUCT_CONTEXT('',#2,'mechanical');
#12684 = PRODUCT_DEFINITION_CONTEXT('part definition',#2,'design');
#12685 = ADVANCED_BREP_SHAPE_REPRESENTATION('',(#11,#12686),#12739);
#12686 = MANIFOLD_SOLID_BREP('',#12687);
#12687 = CLOSED_SHELL('',(#12688,#12721,#12730));
#12688 = ADVANCED_FACE('',(#12689),#12716,.T.);
#12689 = FACE_BOUND('',#12690,.T.);
#12690 = EDGE_LOOP('',(#12691,#12700,#12708,#12715));
#12691 = ORIENTED_EDGE('',*,*,#12692,.F.);
#12692 = EDGE_CURVE('',#12693,#12693,#12695,.T.);
#12693 = VERTEX_POINT('',#12694);
#12694 = CARTESIAN_POINT('',(1.1E+03,1.04E+03,39.));
#12695 = CIRCLE('',#12696,8.);
#12696 = AXIS2_PLACEMENT_3D('',#12697,#12698,#12699);
#12697 = CARTESIAN_POINT('',(1.1E+03,1.04E+03,47.));
#12698 = DIRECTION('',(1.,0.,-0.));
#12699 = DIRECTION('',(0.,0.,1.));
#12700 = ORIENTED_EDGE('',*,*,#12701,.T.);
#12701 = EDGE_CURVE('',#12693,#12702,#12704,.T.);
#12702 = VERTEX_POINT('',#12703);
#12703 = CARTESIAN_POINT('',(1.0996E+03,1.04E+03,39.));
#12704 = LINE('',#12705,#12706);
#12705 = CARTESIAN_POINT('',(1.0996E+03,1.04E+03,39.));
#12706 = VECTOR('',#12707,1.);
#12707 = DIRECTION('',(-1.,0.,0.));
#12708 = ORIENTED_EDGE('',*,*,#12709,.T.);
#12709 = EDGE_CURVE('',#12702,#12702,#12710,.T.);
#12710 = CIRCLE('',#12711,8.);
#12711 = AXIS2_PLACEMENT_3D('',#12712,#12713,#12714);
#12712 = CARTESIAN_POINT('',(1.0996E+03,1.04E+03,47.));
#12713 = DIRECTION('',(1.,0.,-0.));
#12714 = DIRECTION('',(0.,0.,1.));
#12715 = ORIENTED_EDGE('',*,*,#12701,.F.);
#12716 = CYLINDRICAL_SURFACE('',#12717,8.);
#12717 = AXIS2_PLACEMENT_3D('',#12718,#12719,#12720);
#12718 = CARTESIAN_POINT('',(1.0996E+03,1.04E+03,47.));
#12719 = DIRECTION('',(1.,0.,0.));
#12720 = DIRECTION('',(0.,0.,1.));
#12721 = ADVANCED_FACE('',(#12722),#12725,.T.);
#12722 = FACE_BOUND('',#12723,.T.);
#12723 = EDGE_LOOP('',(#12724));
#12724 = ORIENTED_EDGE('',*,*,#12692,.T.);
#12725 = PLANE('',#12726);
#12726 = AXIS2_PLACEMENT_3D('',#12727,#12728,#12729);
#12727 = CARTESIAN_POINT('',(1.1E+03,1.04E+03,47.));
#12728 = DIRECTION('',(1.,0.,0.));
#12729 = DIRECTION('',(0.,0.,1.));
#12730 = ADVANCED_FACE('',(#12731),#12734,.F.);
#12731 = FACE_BOUND('',#12732,.T.);
#12732 = EDGE_LOOP('',(#12733));
#12733 = ORIENTED_EDGE('',*,*,#12709,.F.);
#12734 = PLANE('',#12735);
#12735 = AXIS2_PLACEMENT_3D('',#12736,#12737,#12738);
#12736 = CARTESIAN_POINT('',(1.0996E+03,1.04E+03,47.));
#12737 = DIRECTION('',(1.,0.,0.));
#12738 = DIRECTION('',(0.,0.,1.));
#12739 = ( GEOMETRIC_REPRESENTATION_CONTEXT(3) 
GLOBAL_UNCERTAINTY_ASSIGNED_CONTEXT((#12743)) 
GLOBAL_UNIT_ASSIGNED_CONTEXT((#12740,#12741,#12742)) 
REPRESENTATION_CONTEXT('Context #1',
  '3D Context with UNIT and UNCERTAINTY') );
#12740 = ( LENGTH_UNIT() NAMED_UNIT(*) SI_UNIT(.MILLI.,.METRE.) );
#12741 = ( NAMED_UNIT(*) PLANE_ANGLE_UNIT() SI_UNIT($,.RADIAN.) );
#12742 = ( NAMED_UNIT(*) SI_UNIT($,.STERADIAN.) SOLID_ANGLE_UNIT() );
#12743 = UNCERTAINTY_MEASURE_WITH_UNIT(LENGTH_MEASURE(1.E-07),#12740,
  'distance_accuracy_value','confusion accuracy');
#12744 = CONTEXT_DEPENDENT_SHAPE_REPRESENTATION(#12745,#12747);
#12745 = ( REPRESENTATION_RELATIONSHIP('','',#12685,#12078) 
REPRESENTATION_RELATIONSHIP_WITH_TRANSFORMATION(#12746) 
SHAPE_REPRESENTATION_RELATIONSHIP() );
#12746 = ITEM_DEFINED_TRANSFORMATION('','',#11,#12107);
#12747 = PRODUCT_DEFINITION_SHAPE('Placement','Placement of an item',
  #12748);
#12748 = NEXT_ASSEMBLY_USAGE_OCCURRENCE('67',
  'Flush_round_fittings_schematic029','',#12073,#12680,$);
#12749 = PRODUCT_RELATED_PRODUCT_CATEGORY('part',$,(#12682));
#12750 = SHAPE_DEFINITION_REPRESENTATION(#12751,#12757);
#12751 = PRODUCT_DEFINITION_SHAPE('','',#12752);
#12752 = PRODUCT_DEFINITION('design','',#12753,#12756);
#12753 = PRODUCT_DEFINITION_FORMATION('','',#12754);
#12754 = PRODUCT('Flush_round_fittings_schematic030',
  'Flush_round_fittings_schematic030','',(#12755));
#12755 = PRODUCT_CONTEXT('',#2,'mechanical');
#12756 = PRODUCT_DEFINITION_CONTEXT('part definition',#2,'design');
#12757 = ADVANCED_BREP_SHAPE_REPRESENTATION('',(#11,#12758),#12811);
#12758 = MANIFOLD_SOLID_BREP('',#12759);
#12759 = CLOSED_SHELL('',(#12760,#12793,#12802));
#12760 = ADVANCED_FACE('',(#12761),#12788,.T.);
#12761 = FACE_BOUND('',#12762,.T.);
#12762 = EDGE_LOOP('',(#12763,#12772,#12780,#12787));
#12763 = ORIENTED_EDGE('',*,*,#12764,.F.);
#12764 = EDGE_CURVE('',#12765,#12765,#12767,.T.);
#12765 = VERTEX_POINT('',#12766);
#12766 = CARTESIAN_POINT('',(0.4,60.,39.));
#12767 = CIRCLE('',#12768,8.);
#12768 = AXIS2_PLACEMENT_3D('',#12769,#12770,#12771);
#12769 = CARTESIAN_POINT('',(0.4,60.,47.));
#12770 = DIRECTION('',(1.,0.,-0.));
#12771 = DIRECTION('',(0.,0.,1.));
#12772 = ORIENTED_EDGE('',*,*,#12773,.T.);
#12773 = EDGE_CURVE('',#12765,#12774,#12776,.T.);
#12774 = VERTEX_POINT('',#12775);
#12775 = CARTESIAN_POINT('',(0.,60.,39.));
#12776 = LINE('',#12777,#12778);
#12777 = CARTESIAN_POINT('',(0.,60.,39.));
#12778 = VECTOR('',#12779,1.);
#12779 = DIRECTION('',(-1.,0.,0.));
#12780 = ORIENTED_EDGE('',*,*,#12781,.T.);
#12781 = EDGE_CURVE('',#12774,#12774,#12782,.T.);
#12782 = CIRCLE('',#12783,8.);
#12783 = AXIS2_PLACEMENT_3D('',#12784,#12785,#12786);
#12784 = CARTESIAN_POINT('',(0.,60.,47.));
#12785 = DIRECTION('',(1.,0.,-0.));
#12786 = DIRECTION('',(0.,0.,1.));
#12787 = ORIENTED_EDGE('',*,*,#12773,.F.);
#12788 = CYLINDRICAL_SURFACE('',#12789,8.);
#12789 = AXIS2_PLACEMENT_3D('',#12790,#12791,#12792);
#12790 = CARTESIAN_POINT('',(0.,60.,47.));
#12791 = DIRECTION('',(1.,0.,0.));
#12792 = DIRECTION('',(0.,0.,1.));
#12793 = ADVANCED_FACE('',(#12794),#12797,.T.);
#12794 = FACE_BOUND('',#12795,.T.);
#12795 = EDGE_LOOP('',(#12796));
#12796 = ORIENTED_EDGE('',*,*,#12764,.T.);
#12797 = PLANE('',#12798);
#12798 = AXIS2_PLACEMENT_3D('',#12799,#12800,#12801);
#12799 = CARTESIAN_POINT('',(0.4,60.,47.));
#12800 = DIRECTION('',(1.,0.,0.));
#12801 = DIRECTION('',(0.,0.,1.));
#12802 = ADVANCED_FACE('',(#12803),#12806,.F.);
#12803 = FACE_BOUND('',#12804,.T.);
#12804 = EDGE_LOOP('',(#12805));
#12805 = ORIENTED_EDGE('',*,*,#12781,.F.);
#12806 = PLANE('',#12807);
#12807 = AXIS2_PLACEMENT_3D('',#12808,#12809,#12810);
#12808 = CARTESIAN_POINT('',(0.,60.,47.));
#12809 = DIRECTION('',(1.,0.,0.));
#12810 = DIRECTION('',(0.,0.,1.));
#12811 = ( GEOMETRIC_REPRESENTATION_CONTEXT(3) 
GLOBAL_UNCERTAINTY_ASSIGNED_CONTEXT((#12815)) 
GLOBAL_UNIT_ASSIGNED_CONTEXT((#12812,#12813,#12814)) 
REPRESENTATION_CONTEXT('Context #1',
  '3D Context with UNIT and UNCERTAINTY') );
#12812 = ( LENGTH_UNIT() NAMED_UNIT(*) SI_UNIT(.MILLI.,.METRE.) );
#12813 = ( NAMED_UNIT(*) PLANE_ANGLE_UNIT() SI_UNIT($,.RADIAN.) );
#12814 = ( NAMED_UNIT(*) SI_UNIT($,.STERADIAN.) SOLID_ANGLE_UNIT() );
#12815 = UNCERTAINTY_MEASURE_WITH_UNIT(LENGTH_MEASURE(1.E-07),#12812,
  'distance_accuracy_value','confusion accuracy');
#12816 = CONTEXT_DEPENDENT_SHAPE_REPRESENTATION(#12817,#12819);
#12817 = ( REPRESENTATION_RELATIONSHIP('','',#12757,#12078) 
REPRESENTATION_RELATIONSHIP_WITH_TRANSFORMATION(#12818) 
SHAPE_REPRESENTATION_RELATIONSHIP() );
#12818 = ITEM_DEFINED_TRANSFORMATION('','',#11,#12111);
#12819 = PRODUCT_DEFINITION_SHAPE('Placement','Placement of an item',
  #12820);
#12820 = NEXT_ASSEMBLY_USAGE_OCCURRENCE('68',
  'Flush_round_fittings_schematic030','',#12073,#12752,$);
#12821 = PRODUCT_RELATED_PRODUCT_CATEGORY('part',$,(#12754));
#12822 = SHAPE_DEFINITION_REPRESENTATION(#12823,#12829);
#12823 = PRODUCT_DEFINITION_SHAPE('','',#12824);
#12824 = PRODUCT_DEFINITION('design','',#12825,#12828);
#12825 = PRODUCT_DEFINITION_FORMATION('','',#12826);
#12826 = PRODUCT('Flush_round_fittings_schematic031',
  'Flush_round_fittings_schematic031','',(#12827));
#12827 = PRODUCT_CONTEXT('',#2,'mechanical');
#12828 = PRODUCT_DEFINITION_CONTEXT('part definition',#2,'design');
#12829 = ADVANCED_BREP_SHAPE_REPRESENTATION('',(#11,#12830),#12883);
#12830 = MANIFOLD_SOLID_BREP('',#12831);
#12831 = CLOSED_SHELL('',(#12832,#12865,#12874));
#12832 = ADVANCED_FACE('',(#12833),#12860,.T.);
#12833 = FACE_BOUND('',#12834,.T.);
#12834 = EDGE_LOOP('',(#12835,#12844,#12852,#12859));
#12835 = ORIENTED_EDGE('',*,*,#12836,.F.);
#12836 = EDGE_CURVE('',#12837,#12837,#12839,.T.);
#12837 = VERTEX_POINT('',#12838);
#12838 = CARTESIAN_POINT('',(250.,0.4,496.8037));
#12839 = CIRCLE('',#12840,3.2);
#12840 = AXIS2_PLACEMENT_3D('',#12841,#12842,#12843);
#12841 = CARTESIAN_POINT('',(250.,0.4,500.0037));
#12842 = DIRECTION('',(0.,1.,0.));
#12843 = DIRECTION('',(0.,-0.,1.));
#12844 = ORIENTED_EDGE('',*,*,#12845,.T.);
#12845 = EDGE_CURVE('',#12837,#12846,#12848,.T.);
#12846 = VERTEX_POINT('',#12847);
#12847 = CARTESIAN_POINT('',(250.,0.,496.8037));
#12848 = LINE('',#12849,#12850);
#12849 = CARTESIAN_POINT('',(250.,0.,496.8037));
#12850 = VECTOR('',#12851,1.);
#12851 = DIRECTION('',(0.,-1.,0.));
#12852 = ORIENTED_EDGE('',*,*,#12853,.T.);
#12853 = EDGE_CURVE('',#12846,#12846,#12854,.T.);
#12854 = CIRCLE('',#12855,3.2);
#12855 = AXIS2_PLACEMENT_3D('',#12856,#12857,#12858);
#12856 = CARTESIAN_POINT('',(250.,0.,500.0037));
#12857 = DIRECTION('',(0.,1.,0.));
#12858 = DIRECTION('',(0.,-0.,1.));
#12859 = ORIENTED_EDGE('',*,*,#12845,.F.);
#12860 = CYLINDRICAL_SURFACE('',#12861,3.2);
#12861 = AXIS2_PLACEMENT_3D('',#12862,#12863,#12864);
#12862 = CARTESIAN_POINT('',(250.,0.,500.0037));
#12863 = DIRECTION('',(0.,1.,0.));
#12864 = DIRECTION('',(0.,-0.,1.));
#12865 = ADVANCED_FACE('',(#12866),#12869,.T.);
#12866 = FACE_BOUND('',#12867,.T.);
#12867 = EDGE_LOOP('',(#12868));
#12868 = ORIENTED_EDGE('',*,*,#12836,.T.);
#12869 = PLANE('',#12870);
#12870 = AXIS2_PLACEMENT_3D('',#12871,#12872,#12873);
#12871 = CARTESIAN_POINT('',(250.,0.4,500.0037));
#12872 = DIRECTION('',(0.,1.,0.));
#12873 = DIRECTION('',(0.,-0.,1.));
#12874 = ADVANCED_FACE('',(#12875),#12878,.F.);
#12875 = FACE_BOUND('',#12876,.T.);
#12876 = EDGE_LOOP('',(#12877));
#12877 = ORIENTED_EDGE('',*,*,#12853,.F.);
#12878 = PLANE('',#12879);
#12879 = AXIS2_PLACEMENT_3D('',#12880,#12881,#12882);
#12880 = CARTESIAN_POINT('',(250.,0.,500.0037));
#12881 = DIRECTION('',(0.,1.,0.));
#12882 = DIRECTION('',(0.,-0.,1.));
#12883 = ( GEOMETRIC_REPRESENTATION_CONTEXT(3) 
GLOBAL_UNCERTAINTY_ASSIGNED_CONTEXT((#12887)) 
GLOBAL_UNIT_ASSIGNED_CONTEXT((#12884,#12885,#12886)) 
REPRESENTATION_CONTEXT('Context #1',
  '3D Context with UNIT and UNCERTAINTY') );
#12884 = ( LENGTH_UNIT() NAMED_UNIT(*) SI_UNIT(.MILLI.,.METRE.) );
#12885 = ( NAMED_UNIT(*) PLANE_ANGLE_UNIT() SI_UNIT($,.RADIAN.) );
#12886 = ( NAMED_UNIT(*) SI_UNIT($,.STERADIAN.) SOLID_ANGLE_UNIT() );
#12887 = UNCERTAINTY_MEASURE_WITH_UNIT(LENGTH_MEASURE(1.E-07),#12884,
  'distance_accuracy_value','confusion accuracy');
#12888 = CONTEXT_DEPENDENT_SHAPE_REPRESENTATION(#12889,#12891);
#12889 = ( REPRESENTATION_RELATIONSHIP('','',#12829,#12078) 
REPRESENTATION_RELATIONSHIP_WITH_TRANSFORMATION(#12890) 
SHAPE_REPRESENTATION_RELATIONSHIP() );
#12890 = ITEM_DEFINED_TRANSFORMATION('','',#11,#12115);
#12891 = PRODUCT_DEFINITION_SHAPE('Placement','Placement of an item',
  #12892);
#12892 = NEXT_ASSEMBLY_USAGE_OCCURRENCE('69',
  'Flush_round_fittings_schematic031','',#12073,#12824,$);
#12893 = PRODUCT_RELATED_PRODUCT_CATEGORY('part',$,(#12826));
#12894 = SHAPE_DEFINITION_REPRESENTATION(#12895,#12901);
#12895 = PRODUCT_DEFINITION_SHAPE('','',#12896);
#12896 = PRODUCT_DEFINITION('design','',#12897,#12900);
#12897 = PRODUCT_DEFINITION_FORMATION('','',#12898);
#12898 = PRODUCT('Flush_round_fittings_schematic032',
  'Flush_round_fittings_schematic032','',(#12899));
#12899 = PRODUCT_CONTEXT('',#2,'mechanical');
#12900 = PRODUCT_DEFINITION_CONTEXT('part definition',#2,'design');
#12901 = ADVANCED_BREP_SHAPE_REPRESENTATION('',(#11,#12902),#12955);
#12902 = MANIFOLD_SOLID_BREP('',#12903);
#12903 = CLOSED_SHELL('',(#12904,#12937,#12946));
#12904 = ADVANCED_FACE('',(#12905),#12932,.T.);
#12905 = FACE_BOUND('',#12906,.T.);
#12906 = EDGE_LOOP('',(#12907,#12916,#12924,#12931));
#12907 = ORIENTED_EDGE('',*,*,#12908,.F.);
#12908 = EDGE_CURVE('',#12909,#12909,#12911,.T.);
#12909 = VERTEX_POINT('',#12910);
#12910 = CARTESIAN_POINT('',(1.1E+03,250.,496.8037));
#12911 = CIRCLE('',#12912,3.2);
#12912 = AXIS2_PLACEMENT_3D('',#12913,#12914,#12915);
#12913 = CARTESIAN_POINT('',(1.1E+03,250.,500.0037));
#12914 = DIRECTION('',(1.,0.,-0.));
#12915 = DIRECTION('',(0.,0.,1.));
#12916 = ORIENTED_EDGE('',*,*,#12917,.T.);
#12917 = EDGE_CURVE('',#12909,#12918,#12920,.T.);
#12918 = VERTEX_POINT('',#12919);
#12919 = CARTESIAN_POINT('',(1.0996E+03,250.,496.8037));
#12920 = LINE('',#12921,#12922);
#12921 = CARTESIAN_POINT('',(1.0996E+03,250.,496.8037));
#12922 = VECTOR('',#12923,1.);
#12923 = DIRECTION('',(-1.,0.,0.));
#12924 = ORIENTED_EDGE('',*,*,#12925,.T.);
#12925 = EDGE_CURVE('',#12918,#12918,#12926,.T.);
#12926 = CIRCLE('',#12927,3.2);
#12927 = AXIS2_PLACEMENT_3D('',#12928,#12929,#12930);
#12928 = CARTESIAN_POINT('',(1.0996E+03,250.,500.0037));
#12929 = DIRECTION('',(1.,0.,-0.));
#12930 = DIRECTION('',(0.,0.,1.));
#12931 = ORIENTED_EDGE('',*,*,#12917,.F.);
#12932 = CYLINDRICAL_SURFACE('',#12933,3.2);
#12933 = AXIS2_PLACEMENT_3D('',#12934,#12935,#12936);
#12934 = CARTESIAN_POINT('',(1.0996E+03,250.,500.0037));
#12935 = DIRECTION('',(1.,0.,0.));
#12936 = DIRECTION('',(0.,0.,1.));
#12937 = ADVANCED_FACE('',(#12938),#12941,.T.);
#12938 = FACE_BOUND('',#12939,.T.);
#12939 = EDGE_LOOP('',(#12940));
#12940 = ORIENTED_EDGE('',*,*,#12908,.T.);
#12941 = PLANE('',#12942);
#12942 = AXIS2_PLACEMENT_3D('',#12943,#12944,#12945);
#12943 = CARTESIAN_POINT('',(1.1E+03,250.,500.0037));
#12944 = DIRECTION('',(1.,0.,0.));
#12945 = DIRECTION('',(0.,0.,1.));
#12946 = ADVANCED_FACE('',(#12947),#12950,.F.);
#12947 = FACE_BOUND('',#12948,.T.);
#12948 = EDGE_LOOP('',(#12949));
#12949 = ORIENTED_EDGE('',*,*,#12925,.F.);
#12950 = PLANE('',#12951);
#12951 = AXIS2_PLACEMENT_3D('',#12952,#12953,#12954);
#12952 = CARTESIAN_POINT('',(1.0996E+03,250.,500.0037));
#12953 = DIRECTION('',(1.,0.,0.));
#12954 = DIRECTION('',(0.,0.,1.));
#12955 = ( GEOMETRIC_REPRESENTATION_CONTEXT(3) 
GLOBAL_UNCERTAINTY_ASSIGNED_CONTEXT((#12959)) 
GLOBAL_UNIT_ASSIGNED_CONTEXT((#12956,#12957,#12958)) 
REPRESENTATION_CONTEXT('Context #1',
  '3D Context with UNIT and UNCERTAINTY') );
#12956 = ( LENGTH_UNIT() NAMED_UNIT(*) SI_UNIT(.MILLI.,.METRE.) );
#12957 = ( NAMED_UNIT(*) PLANE_ANGLE_UNIT() SI_UNIT($,.RADIAN.) );
#12958 = ( NAMED_UNIT(*) SI_UNIT($,.STERADIAN.) SOLID_ANGLE_UNIT() );
#12959 = UNCERTAINTY_MEASURE_WITH_UNIT(LENGTH_MEASURE(1.E-07),#12956,
  'distance_accuracy_value','confusion accuracy');
#12960 = CONTEXT_DEPENDENT_SHAPE_REPRESENTATION(#12961,#12963);
#12961 = ( REPRESENTATION_RELATIONSHIP('','',#12901,#12078) 
REPRESENTATION_RELATIONSHIP_WITH_TRANSFORMATION(#12962) 
SHAPE_REPRESENTATION_RELATIONSHIP() );
#12962 = ITEM_DEFINED_TRANSFORMATION('','',#11,#12119);
#12963 = PRODUCT_DEFINITION_SHAPE('Placement','Placement of an item',
  #12964);
#12964 = NEXT_ASSEMBLY_USAGE_OCCURRENCE('70',
  'Flush_round_fittings_schematic032','',#12073,#12896,$);
#12965 = PRODUCT_RELATED_PRODUCT_CATEGORY('part',$,(#12898));
#12966 = SHAPE_DEFINITION_REPRESENTATION(#12967,#12973);
#12967 = PRODUCT_DEFINITION_SHAPE('','',#12968);
#12968 = PRODUCT_DEFINITION('design','',#12969,#12972);
#12969 = PRODUCT_DEFINITION_FORMATION('','',#12970);
#12970 = PRODUCT('Flush_round_fittings_schematic033',
  'Flush_round_fittings_schematic033','',(#12971));
#12971 = PRODUCT_CONTEXT('',#2,'mechanical');
#12972 = PRODUCT_DEFINITION_CONTEXT('part definition',#2,'design');
#12973 = ADVANCED_BREP_SHAPE_REPRESENTATION('',(#11,#12974),#13027);
#12974 = MANIFOLD_SOLID_BREP('',#12975);
#12975 = CLOSED_SHELL('',(#12976,#13009,#13018));
#12976 = ADVANCED_FACE('',(#12977),#13004,.T.);
#12977 = FACE_BOUND('',#12978,.T.);
#12978 = EDGE_LOOP('',(#12979,#12988,#12996,#13003));
#12979 = ORIENTED_EDGE('',*,*,#12980,.F.);
#12980 = EDGE_CURVE('',#12981,#12981,#12983,.T.);
#12981 = VERTEX_POINT('',#12982);
#12982 = CARTESIAN_POINT('',(0.4,850.,496.8037));
#12983 = CIRCLE('',#12984,3.2);
#12984 = AXIS2_PLACEMENT_3D('',#12985,#12986,#12987);
#12985 = CARTESIAN_POINT('',(0.4,850.,500.0037));
#12986 = DIRECTION('',(1.,0.,-0.));
#12987 = DIRECTION('',(0.,0.,1.));
#12988 = ORIENTED_EDGE('',*,*,#12989,.T.);
#12989 = EDGE_CURVE('',#12981,#12990,#12992,.T.);
#12990 = VERTEX_POINT('',#12991);
#12991 = CARTESIAN_POINT('',(0.,850.,496.8037));
#12992 = LINE('',#12993,#12994);
#12993 = CARTESIAN_POINT('',(0.,850.,496.8037));
#12994 = VECTOR('',#12995,1.);
#12995 = DIRECTION('',(-1.,0.,0.));
#12996 = ORIENTED_EDGE('',*,*,#12997,.T.);
#12997 = EDGE_CURVE('',#12990,#12990,#12998,.T.);
#12998 = CIRCLE('',#12999,3.2);
#12999 = AXIS2_PLACEMENT_3D('',#13000,#13001,#13002);
#13000 = CARTESIAN_POINT('',(0.,850.,500.0037));
#13001 = DIRECTION('',(1.,0.,-0.));
#13002 = DIRECTION('',(0.,0.,1.));
#13003 = ORIENTED_EDGE('',*,*,#12989,.F.);
#13004 = CYLINDRICAL_SURFACE('',#13005,3.2);
#13005 = AXIS2_PLACEMENT_3D('',#13006,#13007,#13008);
#13006 = CARTESIAN_POINT('',(0.,850.,500.0037));
#13007 = DIRECTION('',(1.,0.,0.));
#13008 = DIRECTION('',(0.,0.,1.));
#13009 = ADVANCED_FACE('',(#13010),#13013,.T.);
#13010 = FACE_BOUND('',#13011,.T.);
#13011 = EDGE_LOOP('',(#13012));
#13012 = ORIENTED_EDGE('',*,*,#12980,.T.);
#13013 = PLANE('',#13014);
#13014 = AXIS2_PLACEMENT_3D('',#13015,#13016,#13017);
#13015 = CARTESIAN_POINT('',(0.4,850.,500.0037));
#13016 = DIRECTION('',(1.,0.,0.));
#13017 = DIRECTION('',(0.,0.,1.));
#13018 = ADVANCED_FACE('',(#13019),#13022,.F.);
#13019 = FACE_BOUND('',#13020,.T.);
#13020 = EDGE_LOOP('',(#13021));
#13021 = ORIENTED_EDGE('',*,*,#12997,.F.);
#13022 = PLANE('',#13023);
#13023 = AXIS2_PLACEMENT_3D('',#13024,#13025,#13026);
#13024 = CARTESIAN_POINT('',(0.,850.,500.0037));
#13025 = DIRECTION('',(1.,0.,0.));
#13026 = DIRECTION('',(0.,0.,1.));
#13027 = ( GEOMETRIC_REPRESENTATION_CONTEXT(3) 
GLOBAL_UNCERTAINTY_ASSIGNED_CONTEXT((#13031)) 
GLOBAL_UNIT_ASSIGNED_CONTEXT((#13028,#13029,#13030)) 
REPRESENTATION_CONTEXT('Context #1',
  '3D Context with UNIT and UNCERTAINTY') );
#13028 = ( LENGTH_UNIT() NAMED_UNIT(*) SI_UNIT(.MILLI.,.METRE.) );
#13029 = ( NAMED_UNIT(*) PLANE_ANGLE_UNIT() SI_UNIT($,.RADIAN.) );
#13030 = ( NAMED_UNIT(*) SI_UNIT($,.STERADIAN.) SOLID_ANGLE_UNIT() );
#13031 = UNCERTAINTY_MEASURE_WITH_UNIT(LENGTH_MEASURE(1.E-07),#13028,
  'distance_accuracy_value','confusion accuracy');
#13032 = CONTEXT_DEPENDENT_SHAPE_REPRESENTATION(#13033,#13035);
#13033 = ( REPRESENTATION_RELATIONSHIP('','',#12973,#12078) 
REPRESENTATION_RELATIONSHIP_WITH_TRANSFORMATION(#13034) 
SHAPE_REPRESENTATION_RELATIONSHIP() );
#13034 = ITEM_DEFINED_TRANSFORMATION('','',#11,#12123);
#13035 = PRODUCT_DEFINITION_SHAPE('Placement','Placement of an item',
  #13036);
#13036 = NEXT_ASSEMBLY_USAGE_OCCURRENCE('71',
  'Flush_round_fittings_schematic033','',#12073,#12968,$);
#13037 = PRODUCT_RELATED_PRODUCT_CATEGORY('part',$,(#12970));
#13038 = SHAPE_DEFINITION_REPRESENTATION(#13039,#13045);
#13039 = PRODUCT_DEFINITION_SHAPE('','',#13040);
#13040 = PRODUCT_DEFINITION('design','',#13041,#13044);
#13041 = PRODUCT_DEFINITION_FORMATION('','',#13042);
#13042 = PRODUCT('Flush_round_fittings_schematic034',
  'Flush_round_fittings_schematic034','',(#13043));
#13043 = PRODUCT_CONTEXT('',#2,'mechanical');
#13044 = PRODUCT_DEFINITION_CONTEXT('part definition',#2,'design');
#13045 = ADVANCED_BREP_SHAPE_REPRESENTATION('',(#11,#13046),#13099);
#13046 = MANIFOLD_SOLID_BREP('',#13047);
#13047 = CLOSED_SHELL('',(#13048,#13081,#13090));
#13048 = ADVANCED_FACE('',(#13049),#13076,.T.);
#13049 = FACE_BOUND('',#13050,.T.);
#13050 = EDGE_LOOP('',(#13051,#13060,#13068,#13075));
#13051 = ORIENTED_EDGE('',*,*,#13052,.F.);
#13052 = EDGE_CURVE('',#13053,#13053,#13055,.T.);
#13053 = VERTEX_POINT('',#13054);
#13054 = CARTESIAN_POINT('',(450.,0.4,496.8037));
#13055 = CIRCLE('',#13056,3.2);
#13056 = AXIS2_PLACEMENT_3D('',#13057,#13058,#13059);
#13057 = CARTESIAN_POINT('',(450.,0.4,500.0037));
#13058 = DIRECTION('',(0.,1.,0.));
#13059 = DIRECTION('',(0.,-0.,1.));
#13060 = ORIENTED_EDGE('',*,*,#13061,.T.);
#13061 = EDGE_CURVE('',#13053,#13062,#13064,.T.);
#13062 = VERTEX_POINT('',#13063);
#13063 = CARTESIAN_POINT('',(450.,0.,496.8037));
#13064 = LINE('',#13065,#13066);
#13065 = CARTESIAN_POINT('',(450.,0.,496.8037));
#13066 = VECTOR('',#13067,1.);
#13067 = DIRECTION('',(0.,-1.,0.));
#13068 = ORIENTED_EDGE('',*,*,#13069,.T.);
#13069 = EDGE_CURVE('',#13062,#13062,#13070,.T.);
#13070 = CIRCLE('',#13071,3.2);
#13071 = AXIS2_PLACEMENT_3D('',#13072,#13073,#13074);
#13072 = CARTESIAN_POINT('',(450.,0.,500.0037));
#13073 = DIRECTION('',(0.,1.,0.));
#13074 = DIRECTION('',(0.,-0.,1.));
#13075 = ORIENTED_EDGE('',*,*,#13061,.F.);
#13076 = CYLINDRICAL_SURFACE('',#13077,3.2);
#13077 = AXIS2_PLACEMENT_3D('',#13078,#13079,#13080);
#13078 = CARTESIAN_POINT('',(450.,0.,500.0037));
#13079 = DIRECTION('',(0.,1.,0.));
#13080 = DIRECTION('',(0.,-0.,1.));
#13081 = ADVANCED_FACE('',(#13082),#13085,.T.);
#13082 = FACE_BOUND('',#13083,.T.);
#13083 = EDGE_LOOP('',(#13084));
#13084 = ORIENTED_EDGE('',*,*,#13052,.T.);
#13085 = PLANE('',#13086);
#13086 = AXIS2_PLACEMENT_3D('',#13087,#13088,#13089);
#13087 = CARTESIAN_POINT('',(450.,0.4,500.0037));
#13088 = DIRECTION('',(0.,1.,0.));
#13089 = DIRECTION('',(0.,-0.,1.));
#13090 = ADVANCED_FACE('',(#13091),#13094,.F.);
#13091 = FACE_BOUND('',#13092,.T.);
#13092 = EDGE_LOOP('',(#13093));
#13093 = ORIENTED_EDGE('',*,*,#13069,.F.);
#13094 = PLANE('',#13095);
#13095 = AXIS2_PLACEMENT_3D('',#13096,#13097,#13098);
#13096 = CARTESIAN_POINT('',(450.,0.,500.0037));
#13097 = DIRECTION('',(0.,1.,0.));
#13098 = DIRECTION('',(0.,-0.,1.));
#13099 = ( GEOMETRIC_REPRESENTATION_CONTEXT(3) 
GLOBAL_UNCERTAINTY_ASSIGNED_CONTEXT((#13103)) 
GLOBAL_UNIT_ASSIGNED_CONTEXT((#13100,#13101,#13102)) 
REPRESENTATION_CONTEXT('Context #1',
  '3D Context with UNIT and UNCERTAINTY') );
#13100 = ( LENGTH_UNIT() NAMED_UNIT(*) SI_UNIT(.MILLI.,.METRE.) );
#13101 = ( NAMED_UNIT(*) PLANE_ANGLE_UNIT() SI_UNIT($,.RADIAN.) );
#13102 = ( NAMED_UNIT(*) SI_UNIT($,.STERADIAN.) SOLID_ANGLE_UNIT() );
#13103 = UNCERTAINTY_MEASURE_WITH_UNIT(LENGTH_MEASURE(1.E-07),#13100,
  'distance_accuracy_value','confusion accuracy');
#13104 = CONTEXT_DEPENDENT_SHAPE_REPRESENTATION(#13105,#13107);
#13105 = ( REPRESENTATION_RELATIONSHIP('','',#13045,#12078) 
REPRESENTATION_RELATIONSHIP_WITH_TRANSFORMATION(#13106) 
SHAPE_REPRESENTATION_RELATIONSHIP() );
#13106 = ITEM_DEFINED_TRANSFORMATION('','',#11,#12127);
#13107 = PRODUCT_DEFINITION_SHAPE('Placement','Placement of an item',
  #13108);
#13108 = NEXT_ASSEMBLY_USAGE_OCCURRENCE('72',
  'Flush_round_fittings_schematic034','',#12073,#13040,$);
#13109 = PRODUCT_RELATED_PRODUCT_CATEGORY('part',$,(#13042));
#13110 = SHAPE_DEFINITION_REPRESENTATION(#13111,#13117);
#13111 = PRODUCT_DEFINITION_SHAPE('','',#13112);
#13112 = PRODUCT_DEFINITION('design','',#13113,#13116);
#13113 = PRODUCT_DEFINITION_FORMATION('','',#13114);
#13114 = PRODUCT('Flush_round_fittings_schematic035',
  'Flush_round_fittings_schematic035','',(#13115));
#13115 = PRODUCT_CONTEXT('',#2,'mechanical');
#13116 = PRODUCT_DEFINITION_CONTEXT('part definition',#2,'design');
#13117 = ADVANCED_BREP_SHAPE_REPRESENTATION('',(#11,#13118),#13171);
#13118 = MANIFOLD_SOLID_BREP('',#13119);
#13119 = CLOSED_SHELL('',(#13120,#13153,#13162));
#13120 = ADVANCED_FACE('',(#13121),#13148,.T.);
#13121 = FACE_BOUND('',#13122,.T.);
#13122 = EDGE_LOOP('',(#13123,#13132,#13140,#13147));
#13123 = ORIENTED_EDGE('',*,*,#13124,.F.);
#13124 = EDGE_CURVE('',#13125,#13125,#13127,.T.);
#13125 = VERTEX_POINT('',#13126);
#13126 = CARTESIAN_POINT('',(1.1E+03,450.,496.8037));
#13127 = CIRCLE('',#13128,3.2);
#13128 = AXIS2_PLACEMENT_3D('',#13129,#13130,#13131);
#13129 = CARTESIAN_POINT('',(1.1E+03,450.,500.0037));
#13130 = DIRECTION('',(1.,0.,-0.));
#13131 = DIRECTION('',(0.,0.,1.));
#13132 = ORIENTED_EDGE('',*,*,#13133,.T.);
#13133 = EDGE_CURVE('',#13125,#13134,#13136,.T.);
#13134 = VERTEX_POINT('',#13135);
#13135 = CARTESIAN_POINT('',(1.0996E+03,450.,496.8037));
#13136 = LINE('',#13137,#13138);
#13137 = CARTESIAN_POINT('',(1.0996E+03,450.,496.8037));
#13138 = VECTOR('',#13139,1.);
#13139 = DIRECTION('',(-1.,0.,0.));
#13140 = ORIENTED_EDGE('',*,*,#13141,.T.);
#13141 = EDGE_CURVE('',#13134,#13134,#13142,.T.);
#13142 = CIRCLE('',#13143,3.2);
#13143 = AXIS2_PLACEMENT_3D('',#13144,#13145,#13146);
#13144 = CARTESIAN_POINT('',(1.0996E+03,450.,500.0037));
#13145 = DIRECTION('',(1.,0.,-0.));
#13146 = DIRECTION('',(0.,0.,1.));
#13147 = ORIENTED_EDGE('',*,*,#13133,.F.);
#13148 = CYLINDRICAL_SURFACE('',#13149,3.2);
#13149 = AXIS2_PLACEMENT_3D('',#13150,#13151,#13152);
#13150 = CARTESIAN_POINT('',(1.0996E+03,450.,500.0037));
#13151 = DIRECTION('',(1.,0.,0.));
#13152 = DIRECTION('',(0.,0.,1.));
#13153 = ADVANCED_FACE('',(#13154),#13157,.T.);
#13154 = FACE_BOUND('',#13155,.T.);
#13155 = EDGE_LOOP('',(#13156));
#13156 = ORIENTED_EDGE('',*,*,#13124,.T.);
#13157 = PLANE('',#13158);
#13158 = AXIS2_PLACEMENT_3D('',#13159,#13160,#13161);
#13159 = CARTESIAN_POINT('',(1.1E+03,450.,500.0037));
#13160 = DIRECTION('',(1.,0.,0.));
#13161 = DIRECTION('',(0.,0.,1.));
#13162 = ADVANCED_FACE('',(#13163),#13166,.F.);
#13163 = FACE_BOUND('',#13164,.T.);
#13164 = EDGE_LOOP('',(#13165));
#13165 = ORIENTED_EDGE('',*,*,#13141,.F.);
#13166 = PLANE('',#13167);
#13167 = AXIS2_PLACEMENT_3D('',#13168,#13169,#13170);
#13168 = CARTESIAN_POINT('',(1.0996E+03,450.,500.0037));
#13169 = DIRECTION('',(1.,0.,0.));
#13170 = DIRECTION('',(0.,0.,1.));
#13171 = ( GEOMETRIC_REPRESENTATION_CONTEXT(3) 
GLOBAL_UNCERTAINTY_ASSIGNED_CONTEXT((#13175)) 
GLOBAL_UNIT_ASSIGNED_CONTEXT((#13172,#13173,#13174)) 
REPRESENTATION_CONTEXT('Context #1',
  '3D Context with UNIT and UNCERTAINTY') );
#13172 = ( LENGTH_UNIT() NAMED_UNIT(*) SI_UNIT(.MILLI.,.METRE.) );
#13173 = ( NAMED_UNIT(*) PLANE_ANGLE_UNIT() SI_UNIT($,.RADIAN.) );
#13174 = ( NAMED_UNIT(*) SI_UNIT($,.STERADIAN.) SOLID_ANGLE_UNIT() );
#13175 = UNCERTAINTY_MEASURE_WITH_UNIT(LENGTH_MEASURE(1.E-07),#13172,
  'distance_accuracy_value','confusion accuracy');
#13176 = CONTEXT_DEPENDENT_SHAPE_REPRESENTATION(#13177,#13179);
#13177 = ( REPRESENTATION_RELATIONSHIP('','',#13117,#12078) 
REPRESENTATION_RELATIONSHIP_WITH_TRANSFORMATION(#13178) 
SHAPE_REPRESENTATION_RELATIONSHIP() );
#13178 = ITEM_DEFINED_TRANSFORMATION('','',#11,#12131);
#13179 = PRODUCT_DEFINITION_SHAPE('Placement','Placement of an item',
  #13180);
#13180 = NEXT_ASSEMBLY_USAGE_OCCURRENCE('73',
  'Flush_round_fittings_schematic035','',#12073,#13112,$);
#13181 = PRODUCT_RELATED_PRODUCT_CATEGORY('part',$,(#13114));
#13182 = SHAPE_DEFINITION_REPRESENTATION(#13183,#13189);
#13183 = PRODUCT_DEFINITION_SHAPE('','',#13184);
#13184 = PRODUCT_DEFINITION('design','',#13185,#13188);
#13185 = PRODUCT_DEFINITION_FORMATION('','',#13186);
#13186 = PRODUCT('Flush_round_fittings_schematic036',
  'Flush_round_fittings_schematic036','',(#13187));
#13187 = PRODUCT_CONTEXT('',#2,'mechanical');
#13188 = PRODUCT_DEFINITION_CONTEXT('part definition',#2,'design');
#13189 = ADVANCED_BREP_SHAPE_REPRESENTATION('',(#11,#13190),#13243);
#13190 = MANIFOLD_SOLID_BREP('',#13191);
#13191 = CLOSED_SHELL('',(#13192,#13225,#13234));
#13192 = ADVANCED_FACE('',(#13193),#13220,.T.);
#13193 = FACE_BOUND('',#13194,.T.);
#13194 = EDGE_LOOP('',(#13195,#13204,#13212,#13219));
#13195 = ORIENTED_EDGE('',*,*,#13196,.F.);
#13196 = EDGE_CURVE('',#13197,#13197,#13199,.T.);
#13197 = VERTEX_POINT('',#13198);
#13198 = CARTESIAN_POINT('',(0.4,650.,496.8037));
#13199 = CIRCLE('',#13200,3.2);
#13200 = AXIS2_PLACEMENT_3D('',#13201,#13202,#13203);
#13201 = CARTESIAN_POINT('',(0.4,650.,500.0037));
#13202 = DIRECTION('',(1.,0.,-0.));
#13203 = DIRECTION('',(0.,0.,1.));
#13204 = ORIENTED_EDGE('',*,*,#13205,.T.);
#13205 = EDGE_CURVE('',#13197,#13206,#13208,.T.);
#13206 = VERTEX_POINT('',#13207);
#13207 = CARTESIAN_POINT('',(0.,650.,496.8037));
#13208 = LINE('',#13209,#13210);
#13209 = CARTESIAN_POINT('',(0.,650.,496.8037));
#13210 = VECTOR('',#13211,1.);
#13211 = DIRECTION('',(-1.,0.,0.));
#13212 = ORIENTED_EDGE('',*,*,#13213,.T.);
#13213 = EDGE_CURVE('',#13206,#13206,#13214,.T.);
#13214 = CIRCLE('',#13215,3.2);
#13215 = AXIS2_PLACEMENT_3D('',#13216,#13217,#13218);
#13216 = CARTESIAN_POINT('',(0.,650.,500.0037));
#13217 = DIRECTION('',(1.,0.,-0.));
#13218 = DIRECTION('',(0.,0.,1.));
#13219 = ORIENTED_EDGE('',*,*,#13205,.F.);
#13220 = CYLINDRICAL_SURFACE('',#13221,3.2);
#13221 = AXIS2_PLACEMENT_3D('',#13222,#13223,#13224);
#13222 = CARTESIAN_POINT('',(0.,650.,500.0037));
#13223 = DIRECTION('',(1.,0.,0.));
#13224 = DIRECTION('',(0.,0.,1.));
#13225 = ADVANCED_FACE('',(#13226),#13229,.T.);
#13226 = FACE_BOUND('',#13227,.T.);
#13227 = EDGE_LOOP('',(#13228));
#13228 = ORIENTED_EDGE('',*,*,#13196,.T.);
#13229 = PLANE('',#13230);
#13230 = AXIS2_PLACEMENT_3D('',#13231,#13232,#13233);
#13231 = CARTESIAN_POINT('',(0.4,650.,500.0037));
#13232 = DIRECTION('',(1.,0.,0.));
#13233 = DIRECTION('',(0.,0.,1.));
#13234 = ADVANCED_FACE('',(#13235),#13238,.F.);
#13235 = FACE_BOUND('',#13236,.T.);
#13236 = EDGE_LOOP('',(#13237));
#13237 = ORIENTED_EDGE('',*,*,#13213,.F.);
#13238 = PLANE('',#13239);
#13239 = AXIS2_PLACEMENT_3D('',#13240,#13241,#13242);
#13240 = CARTESIAN_POINT('',(0.,650.,500.0037));
#13241 = DIRECTION('',(1.,0.,0.));
#13242 = DIRECTION('',(0.,0.,1.));
#13243 = ( GEOMETRIC_REPRESENTATION_CONTEXT(3) 
GLOBAL_UNCERTAINTY_ASSIGNED_CONTEXT((#13247)) 
GLOBAL_UNIT_ASSIGNED_CONTEXT((#13244,#13245,#13246)) 
REPRESENTATION_CONTEXT('Context #1',
  '3D Context with UNIT and UNCERTAINTY') );
#13244 = ( LENGTH_UNIT() NAMED_UNIT(*) SI_UNIT(.MILLI.,.METRE.) );
#13245 = ( NAMED_UNIT(*) PLANE_ANGLE_UNIT() SI_UNIT($,.RADIAN.) );
#13246 = ( NAMED_UNIT(*) SI_UNIT($,.STERADIAN.) SOLID_ANGLE_UNIT() );
#13247 = UNCERTAINTY_MEASURE_WITH_UNIT(LENGTH_MEASURE(1.E-07),#13244,
  'distance_accuracy_value','confusion accuracy');
#13248 = CONTEXT_DEPENDENT_SHAPE_REPRESENTATION(#13249,#13251);
#13249 = ( REPRESENTATION_RELATIONSHIP('','',#13189,#12078) 
REPRESENTATION_RELATIONSHIP_WITH_TRANSFORMATION(#13250) 
SHAPE_REPRESENTATION_RELATIONSHIP() );
#13250 = ITEM_DEFINED_TRANSFORMATION('','',#11,#12135);
#13251 = PRODUCT_DEFINITION_SHAPE('Placement','Placement of an item',
  #13252);
#13252 = NEXT_ASSEMBLY_USAGE_OCCURRENCE('74',
  'Flush_round_fittings_schematic036','',#12073,#13184,$);
#13253 = PRODUCT_RELATED_PRODUCT_CATEGORY('part',$,(#13186));
#13254 = SHAPE_DEFINITION_REPRESENTATION(#13255,#13261);
#13255 = PRODUCT_DEFINITION_SHAPE('','',#13256);
#13256 = PRODUCT_DEFINITION('design','',#13257,#13260);
#13257 = PRODUCT_DEFINITION_FORMATION('','',#13258);
#13258 = PRODUCT('Flush_round_fittings_schematic037',
  'Flush_round_fittings_schematic037','',(#13259));
#13259 = PRODUCT_CONTEXT('',#2,'mechanical');
#13260 = PRODUCT_DEFINITION_CONTEXT('part definition',#2,'design');
#13261 = ADVANCED_BREP_SHAPE_REPRESENTATION('',(#11,#13262),#13315);
#13262 = MANIFOLD_SOLID_BREP('',#13263);
#13263 = CLOSED_SHELL('',(#13264,#13297,#13306));
#13264 = ADVANCED_FACE('',(#13265),#13292,.T.);
#13265 = FACE_BOUND('',#13266,.T.);
#13266 = EDGE_LOOP('',(#13267,#13276,#13284,#13291));
#13267 = ORIENTED_EDGE('',*,*,#13268,.F.);
#13268 = EDGE_CURVE('',#13269,#13269,#13271,.T.);
#13269 = VERTEX_POINT('',#13270);
#13270 = CARTESIAN_POINT('',(650.,0.4,496.8037));
#13271 = CIRCLE('',#13272,3.2);
#13272 = AXIS2_PLACEMENT_3D('',#13273,#13274,#13275);
#13273 = CARTESIAN_POINT('',(650.,0.4,500.0037));
#13274 = DIRECTION('',(0.,1.,0.));
#13275 = DIRECTION('',(0.,-0.,1.));
#13276 = ORIENTED_EDGE('',*,*,#13277,.T.);
#13277 = EDGE_CURVE('',#13269,#13278,#13280,.T.);
#13278 = VERTEX_POINT('',#13279);
#13279 = CARTESIAN_POINT('',(650.,0.,496.8037));
#13280 = LINE('',#13281,#13282);
#13281 = CARTESIAN_POINT('',(650.,0.,496.8037));
#13282 = VECTOR('',#13283,1.);
#13283 = DIRECTION('',(0.,-1.,0.));
#13284 = ORIENTED_EDGE('',*,*,#13285,.T.);
#13285 = EDGE_CURVE('',#13278,#13278,#13286,.T.);
#13286 = CIRCLE('',#13287,3.2);
#13287 = AXIS2_PLACEMENT_3D('',#13288,#13289,#13290);
#13288 = CARTESIAN_POINT('',(650.,0.,500.0037));
#13289 = DIRECTION('',(0.,1.,0.));
#13290 = DIRECTION('',(0.,-0.,1.));
#13291 = ORIENTED_EDGE('',*,*,#13277,.F.);
#13292 = CYLINDRICAL_SURFACE('',#13293,3.2);
#13293 = AXIS2_PLACEMENT_3D('',#13294,#13295,#13296);
#13294 = CARTESIAN_POINT('',(650.,0.,500.0037));
#13295 = DIRECTION('',(0.,1.,0.));
#13296 = DIRECTION('',(0.,-0.,1.));
#13297 = ADVANCED_FACE('',(#13298),#13301,.T.);
#13298 = FACE_BOUND('',#13299,.T.);
#13299 = EDGE_LOOP('',(#13300));
#13300 = ORIENTED_EDGE('',*,*,#13268,.T.);
#13301 = PLANE('',#13302);
#13302 = AXIS2_PLACEMENT_3D('',#13303,#13304,#13305);
#13303 = CARTESIAN_POINT('',(650.,0.4,500.0037));
#13304 = DIRECTION('',(0.,1.,0.));
#13305 = DIRECTION('',(0.,-0.,1.));
#13306 = ADVANCED_FACE('',(#13307),#13310,.F.);
#13307 = FACE_BOUND('',#13308,.T.);
#13308 = EDGE_LOOP('',(#13309));
#13309 = ORIENTED_EDGE('',*,*,#13285,.F.);
#13310 = PLANE('',#13311);
#13311 = AXIS2_PLACEMENT_3D('',#13312,#13313,#13314);
#13312 = CARTESIAN_POINT('',(650.,0.,500.0037));
#13313 = DIRECTION('',(0.,1.,0.));
#13314 = DIRECTION('',(0.,-0.,1.));
#13315 = ( GEOMETRIC_REPRESENTATION_CONTEXT(3) 
GLOBAL_UNCERTAINTY_ASSIGNED_CONTEXT((#13319)) 
GLOBAL_UNIT_ASSIGNED_CONTEXT((#13316,#13317,#13318)) 
REPRESENTATION_CONTEXT('Context #1',
  '3D Context with UNIT and UNCERTAINTY') );
#13316 = ( LENGTH_UNIT() NAMED_UNIT(*) SI_UNIT(.MILLI.,.METRE.) );
#13317 = ( NAMED_UNIT(*) PLANE_ANGLE_UNIT() SI_UNIT($,.RADIAN.) );
#13318 = ( NAMED_UNIT(*) SI_UNIT($,.STERADIAN.) SOLID_ANGLE_UNIT() );
#13319 = UNCERTAINTY_MEASURE_WITH_UNIT(LENGTH_MEASURE(1.E-07),#13316,
  'distance_accuracy_value','confusion accuracy');
#13320 = CONTEXT_DEPENDENT_SHAPE_REPRESENTATION(#13321,#13323);
#13321 = ( REPRESENTATION_RELATIONSHIP('','',#13261,#12078) 
REPRESENTATION_RELATIONSHIP_WITH_TRANSFORMATION(#13322) 
SHAPE_REPRESENTATION_RELATIONSHIP() );
#13322 = ITEM_DEFINED_TRANSFORMATION('','',#11,#12139);
#13323 = PRODUCT_DEFINITION_SHAPE('Placement','Placement of an item',
  #13324);
#13324 = NEXT_ASSEMBLY_USAGE_OCCURRENCE('75',
  'Flush_round_fittings_schematic037','',#12073,#13256,$);
#13325 = PRODUCT_RELATED_PRODUCT_CATEGORY('part',$,(#13258));
#13326 = SHAPE_DEFINITION_REPRESENTATION(#13327,#13333);
#13327 = PRODUCT_DEFINITION_SHAPE('','',#13328);
#13328 = PRODUCT_DEFINITION('design','',#13329,#13332);
#13329 = PRODUCT_DEFINITION_FORMATION('','',#13330);
#13330 = PRODUCT('Flush_round_fittings_schematic038',
  'Flush_round_fittings_schematic038','',(#13331));
#13331 = PRODUCT_CONTEXT('',#2,'mechanical');
#13332 = PRODUCT_DEFINITION_CONTEXT('part definition',#2,'design');
#13333 = ADVANCED_BREP_SHAPE_REPRESENTATION('',(#11,#13334),#13387);
#13334 = MANIFOLD_SOLID_BREP('',#13335);
#13335 = CLOSED_SHELL('',(#13336,#13369,#13378));
#13336 = ADVANCED_FACE('',(#13337),#13364,.T.);
#13337 = FACE_BOUND('',#13338,.T.);
#13338 = EDGE_LOOP('',(#13339,#13348,#13356,#13363));
#13339 = ORIENTED_EDGE('',*,*,#13340,.F.);
#13340 = EDGE_CURVE('',#13341,#13341,#13343,.T.);
#13341 = VERTEX_POINT('',#13342);
#13342 = CARTESIAN_POINT('',(1.1E+03,650.,496.8037));
#13343 = CIRCLE('',#13344,3.2);
#13344 = AXIS2_PLACEMENT_3D('',#13345,#13346,#13347);
#13345 = CARTESIAN_POINT('',(1.1E+03,650.,500.0037));
#13346 = DIRECTION('',(1.,0.,-0.));
#13347 = DIRECTION('',(0.,0.,1.));
#13348 = ORIENTED_EDGE('',*,*,#13349,.T.);
#13349 = EDGE_CURVE('',#13341,#13350,#13352,.T.);
#13350 = VERTEX_POINT('',#13351);
#13351 = CARTESIAN_POINT('',(1.0996E+03,650.,496.8037));
#13352 = LINE('',#13353,#13354);
#13353 = CARTESIAN_POINT('',(1.0996E+03,650.,496.8037));
#13354 = VECTOR('',#13355,1.);
#13355 = DIRECTION('',(-1.,0.,0.));
#13356 = ORIENTED_EDGE('',*,*,#13357,.T.);
#13357 = EDGE_CURVE('',#13350,#13350,#13358,.T.);
#13358 = CIRCLE('',#13359,3.2);
#13359 = AXIS2_PLACEMENT_3D('',#13360,#13361,#13362);
#13360 = CARTESIAN_POINT('',(1.0996E+03,650.,500.0037));
#13361 = DIRECTION('',(1.,0.,-0.));
#13362 = DIRECTION('',(0.,0.,1.));
#13363 = ORIENTED_EDGE('',*,*,#13349,.F.);
#13364 = CYLINDRICAL_SURFACE('',#13365,3.2);
#13365 = AXIS2_PLACEMENT_3D('',#13366,#13367,#13368);
#13366 = CARTESIAN_POINT('',(1.0996E+03,650.,500.0037));
#13367 = DIRECTION('',(1.,0.,0.));
#13368 = DIRECTION('',(0.,0.,1.));
#13369 = ADVANCED_FACE('',(#13370),#13373,.T.);
#13370 = FACE_BOUND('',#13371,.T.);
#13371 = EDGE_LOOP('',(#13372));
#13372 = ORIENTED_EDGE('',*,*,#13340,.T.);
#13373 = PLANE('',#13374);
#13374 = AXIS2_PLACEMENT_3D('',#13375,#13376,#13377);
#13375 = CARTESIAN_POINT('',(1.1E+03,650.,500.0037));
#13376 = DIRECTION('',(1.,0.,0.));
#13377 = DIRECTION('',(0.,0.,1.));
#13378 = ADVANCED_FACE('',(#13379),#13382,.F.);
#13379 = FACE_BOUND('',#13380,.T.);
#13380 = EDGE_LOOP('',(#13381));
#13381 = ORIENTED_EDGE('',*,*,#13357,.F.);
#13382 = PLANE('',#13383);
#13383 = AXIS2_PLACEMENT_3D('',#13384,#13385,#13386);
#13384 = CARTESIAN_POINT('',(1.0996E+03,650.,500.0037));
#13385 = DIRECTION('',(1.,0.,0.));
#13386 = DIRECTION('',(0.,0.,1.));
#13387 = ( GEOMETRIC_REPRESENTATION_CONTEXT(3) 
GLOBAL_UNCERTAINTY_ASSIGNED_CONTEXT((#13391)) 
GLOBAL_UNIT_ASSIGNED_CONTEXT((#13388,#13389,#13390)) 
REPRESENTATION_CONTEXT('Context #1',
  '3D Context with UNIT and UNCERTAINTY') );
#13388 = ( LENGTH_UNIT() NAMED_UNIT(*) SI_UNIT(.MILLI.,.METRE.) );
#13389 = ( NAMED_UNIT(*) PLANE_ANGLE_UNIT() SI_UNIT($,.RADIAN.) );
#13390 = ( NAMED_UNIT(*) SI_UNIT($,.STERADIAN.) SOLID_ANGLE_UNIT() );
#13391 = UNCERTAINTY_MEASURE_WITH_UNIT(LENGTH_MEASURE(1.E-07),#13388,
  'distance_accuracy_value','confusion accuracy');
#13392 = CONTEXT_DEPENDENT_SHAPE_REPRESENTATION(#13393,#13395);
#13393 = ( REPRESENTATION_RELATIONSHIP('','',#13333,#12078) 
REPRESENTATION_RELATIONSHIP_WITH_TRANSFORMATION(#13394) 
SHAPE_REPRESENTATION_RELATIONSHIP() );
#13394 = ITEM_DEFINED_TRANSFORMATION('','',#11,#12143);
#13395 = PRODUCT_DEFINITION_SHAPE('Placement','Placement of an item',
  #13396);
#13396 = NEXT_ASSEMBLY_USAGE_OCCURRENCE('76',
  'Flush_round_fittings_schematic038','',#12073,#13328,$);
#13397 = PRODUCT_RELATED_PRODUCT_CATEGORY('part',$,(#13330));
#13398 = SHAPE_DEFINITION_REPRESENTATION(#13399,#13405);
#13399 = PRODUCT_DEFINITION_SHAPE('','',#13400);
#13400 = PRODUCT_DEFINITION('design','',#13401,#13404);
#13401 = PRODUCT_DEFINITION_FORMATION('','',#13402);
#13402 = PRODUCT('Flush_round_fittings_schematic039',
  'Flush_round_fittings_schematic039','',(#13403));
#13403 = PRODUCT_CONTEXT('',#2,'mechanical');
#13404 = PRODUCT_DEFINITION_CONTEXT('part definition',#2,'design');
#13405 = ADVANCED_BREP_SHAPE_REPRESENTATION('',(#11,#13406),#13459);
#13406 = MANIFOLD_SOLID_BREP('',#13407);
#13407 = CLOSED_SHELL('',(#13408,#13441,#13450));
#13408 = ADVANCED_FACE('',(#13409),#13436,.T.);
#13409 = FACE_BOUND('',#13410,.T.);
#13410 = EDGE_LOOP('',(#13411,#13420,#13428,#13435));
#13411 = ORIENTED_EDGE('',*,*,#13412,.F.);
#13412 = EDGE_CURVE('',#13413,#13413,#13415,.T.);
#13413 = VERTEX_POINT('',#13414);
#13414 = CARTESIAN_POINT('',(0.4,450.,496.8037));
#13415 = CIRCLE('',#13416,3.2);
#13416 = AXIS2_PLACEMENT_3D('',#13417,#13418,#13419);
#13417 = CARTESIAN_POINT('',(0.4,450.,500.0037));
#13418 = DIRECTION('',(1.,0.,-0.));
#13419 = DIRECTION('',(0.,0.,1.));
#13420 = ORIENTED_EDGE('',*,*,#13421,.T.);
#13421 = EDGE_CURVE('',#13413,#13422,#13424,.T.);
#13422 = VERTEX_POINT('',#13423);
#13423 = CARTESIAN_POINT('',(0.,450.,496.8037));
#13424 = LINE('',#13425,#13426);
#13425 = CARTESIAN_POINT('',(0.,450.,496.8037));
#13426 = VECTOR('',#13427,1.);
#13427 = DIRECTION('',(-1.,0.,0.));
#13428 = ORIENTED_EDGE('',*,*,#13429,.T.);
#13429 = EDGE_CURVE('',#13422,#13422,#13430,.T.);
#13430 = CIRCLE('',#13431,3.2);
#13431 = AXIS2_PLACEMENT_3D('',#13432,#13433,#13434);
#13432 = CARTESIAN_POINT('',(0.,450.,500.0037));
#13433 = DIRECTION('',(1.,0.,-0.));
#13434 = DIRECTION('',(0.,0.,1.));
#13435 = ORIENTED_EDGE('',*,*,#13421,.F.);
#13436 = CYLINDRICAL_SURFACE('',#13437,3.2);
#13437 = AXIS2_PLACEMENT_3D('',#13438,#13439,#13440);
#13438 = CARTESIAN_POINT('',(0.,450.,500.0037));
#13439 = DIRECTION('',(1.,0.,0.));
#13440 = DIRECTION('',(0.,0.,1.));
#13441 = ADVANCED_FACE('',(#13442),#13445,.T.);
#13442 = FACE_BOUND('',#13443,.T.);
#13443 = EDGE_LOOP('',(#13444));
#13444 = ORIENTED_EDGE('',*,*,#13412,.T.);
#13445 = PLANE('',#13446);
#13446 = AXIS2_PLACEMENT_3D('',#13447,#13448,#13449);
#13447 = CARTESIAN_POINT('',(0.4,450.,500.0037));
#13448 = DIRECTION('',(1.,0.,0.));
#13449 = DIRECTION('',(0.,0.,1.));
#13450 = ADVANCED_FACE('',(#13451),#13454,.F.);
#13451 = FACE_BOUND('',#13452,.T.);
#13452 = EDGE_LOOP('',(#13453));
#13453 = ORIENTED_EDGE('',*,*,#13429,.F.);
#13454 = PLANE('',#13455);
#13455 = AXIS2_PLACEMENT_3D('',#13456,#13457,#13458);
#13456 = CARTESIAN_POINT('',(0.,450.,500.0037));
#13457 = DIRECTION('',(1.,0.,0.));
#13458 = DIRECTION('',(0.,0.,1.));
#13459 = ( GEOMETRIC_REPRESENTATION_CONTEXT(3) 
GLOBAL_UNCERTAINTY_ASSIGNED_CONTEXT((#13463)) 
GLOBAL_UNIT_ASSIGNED_CONTEXT((#13460,#13461,#13462)) 
REPRESENTATION_CONTEXT('Context #1',
  '3D Context with UNIT and UNCERTAINTY') );
#13460 = ( LENGTH_UNIT() NAMED_UNIT(*) SI_UNIT(.MILLI.,.METRE.) );
#13461 = ( NAMED_UNIT(*) PLANE_ANGLE_UNIT() SI_UNIT($,.RADIAN.) );
#13462 = ( NAMED_UNIT(*) SI_UNIT($,.STERADIAN.) SOLID_ANGLE_UNIT() );
#13463 = UNCERTAINTY_MEASURE_WITH_UNIT(LENGTH_MEASURE(1.E-07),#13460,
  'distance_accuracy_value','confusion accuracy');
#13464 = CONTEXT_DEPENDENT_SHAPE_REPRESENTATION(#13465,#13467);
#13465 = ( REPRESENTATION_RELATIONSHIP('','',#13405,#12078) 
REPRESENTATION_RELATIONSHIP_WITH_TRANSFORMATION(#13466) 
SHAPE_REPRESENTATION_RELATIONSHIP() );
#13466 = ITEM_DEFINED_TRANSFORMATION('','',#11,#12147);
#13467 = PRODUCT_DEFINITION_SHAPE('Placement','Placement of an item',
  #13468);
#13468 = NEXT_ASSEMBLY_USAGE_OCCURRENCE('77',
  'Flush_round_fittings_schematic039','',#12073,#13400,$);
#13469 = PRODUCT_RELATED_PRODUCT_CATEGORY('part',$,(#13402));
#13470 = SHAPE_DEFINITION_REPRESENTATION(#13471,#13477);
#13471 = PRODUCT_DEFINITION_SHAPE('','',#13472);
#13472 = PRODUCT_DEFINITION('design','',#13473,#13476);
#13473 = PRODUCT_DEFINITION_FORMATION('','',#13474);
#13474 = PRODUCT('Flush_round_fittings_schematic040',
  'Flush_round_fittings_schematic040','',(#13475));
#13475 = PRODUCT_CONTEXT('',#2,'mechanical');
#13476 = PRODUCT_DEFINITION_CONTEXT('part definition',#2,'design');
#13477 = ADVANCED_BREP_SHAPE_REPRESENTATION('',(#11,#13478),#13531);
#13478 = MANIFOLD_SOLID_BREP('',#13479);
#13479 = CLOSED_SHELL('',(#13480,#13513,#13522));
#13480 = ADVANCED_FACE('',(#13481),#13508,.T.);
#13481 = FACE_BOUND('',#13482,.T.);
#13482 = EDGE_LOOP('',(#13483,#13492,#13500,#13507));
#13483 = ORIENTED_EDGE('',*,*,#13484,.F.);
#13484 = EDGE_CURVE('',#13485,#13485,#13487,.T.);
#13485 = VERTEX_POINT('',#13486);
#13486 = CARTESIAN_POINT('',(850.,0.4,496.8037));
#13487 = CIRCLE('',#13488,3.2);
#13488 = AXIS2_PLACEMENT_3D('',#13489,#13490,#13491);
#13489 = CARTESIAN_POINT('',(850.,0.4,500.0037));
#13490 = DIRECTION('',(0.,1.,0.));
#13491 = DIRECTION('',(0.,-0.,1.));
#13492 = ORIENTED_EDGE('',*,*,#13493,.T.);
#13493 = EDGE_CURVE('',#13485,#13494,#13496,.T.);
#13494 = VERTEX_POINT('',#13495);
#13495 = CARTESIAN_POINT('',(850.,0.,496.8037));
#13496 = LINE('',#13497,#13498);
#13497 = CARTESIAN_POINT('',(850.,0.,496.8037));
#13498 = VECTOR('',#13499,1.);
#13499 = DIRECTION('',(0.,-1.,0.));
#13500 = ORIENTED_EDGE('',*,*,#13501,.T.);
#13501 = EDGE_CURVE('',#13494,#13494,#13502,.T.);
#13502 = CIRCLE('',#13503,3.2);
#13503 = AXIS2_PLACEMENT_3D('',#13504,#13505,#13506);
#13504 = CARTESIAN_POINT('',(850.,0.,500.0037));
#13505 = DIRECTION('',(0.,1.,0.));
#13506 = DIRECTION('',(0.,-0.,1.));
#13507 = ORIENTED_EDGE('',*,*,#13493,.F.);
#13508 = CYLINDRICAL_SURFACE('',#13509,3.2);
#13509 = AXIS2_PLACEMENT_3D('',#13510,#13511,#13512);
#13510 = CARTESIAN_POINT('',(850.,0.,500.0037));
#13511 = DIRECTION('',(0.,1.,0.));
#13512 = DIRECTION('',(0.,-0.,1.));
#13513 = ADVANCED_FACE('',(#13514),#13517,.T.);
#13514 = FACE_BOUND('',#13515,.T.);
#13515 = EDGE_LOOP('',(#13516));
#13516 = ORIENTED_EDGE('',*,*,#13484,.T.);
#13517 = PLANE('',#13518);
#13518 = AXIS2_PLACEMENT_3D('',#13519,#13520,#13521);
#13519 = CARTESIAN_POINT('',(850.,0.4,500.0037));
#13520 = DIRECTION('',(0.,1.,0.));
#13521 = DIRECTION('',(0.,-0.,1.));
#13522 = ADVANCED_FACE('',(#13523),#13526,.F.);
#13523 = FACE_BOUND('',#13524,.T.);
#13524 = EDGE_LOOP('',(#13525));
#13525 = ORIENTED_EDGE('',*,*,#13501,.F.);
#13526 = PLANE('',#13527);
#13527 = AXIS2_PLACEMENT_3D('',#13528,#13529,#13530);
#13528 = CARTESIAN_POINT('',(850.,0.,500.0037));
#13529 = DIRECTION('',(0.,1.,0.));
#13530 = DIRECTION('',(0.,-0.,1.));
#13531 = ( GEOMETRIC_REPRESENTATION_CONTEXT(3) 
GLOBAL_UNCERTAINTY_ASSIGNED_CONTEXT((#13535)) 
GLOBAL_UNIT_ASSIGNED_CONTEXT((#13532,#13533,#13534)) 
REPRESENTATION_CONTEXT('Context #1',
  '3D Context with UNIT and UNCERTAINTY') );
#13532 = ( LENGTH_UNIT() NAMED_UNIT(*) SI_UNIT(.MILLI.,.METRE.) );
#13533 = ( NAMED_UNIT(*) PLANE_ANGLE_UNIT() SI_UNIT($,.RADIAN.) );
#13534 = ( NAMED_UNIT(*) SI_UNIT($,.STERADIAN.) SOLID_ANGLE_UNIT() );
#13535 = UNCERTAINTY_MEASURE_WITH_UNIT(LENGTH_MEASURE(1.E-07),#13532,
  'distance_accuracy_value','confusion accuracy');
#13536 = CONTEXT_DEPENDENT_SHAPE_REPRESENTATION(#13537,#13539);
#13537 = ( REPRESENTATION_RELATIONSHIP('','',#13477,#12078) 
REPRESENTATION_RELATIONSHIP_WITH_TRANSFORMATION(#13538) 
SHAPE_REPRESENTATION_RELATIONSHIP() );
#13538 = ITEM_DEFINED_TRANSFORMATION('','',#11,#12151);
#13539 = PRODUCT_DEFINITION_SHAPE('Placement','Placement of an item',
  #13540);
#13540 = NEXT_ASSEMBLY_USAGE_OCCURRENCE('78',
  'Flush_round_fittings_schematic040','',#12073,#13472,$);
#13541 = PRODUCT_RELATED_PRODUCT_CATEGORY('part',$,(#13474));
#13542 = SHAPE_DEFINITION_REPRESENTATION(#13543,#13549);
#13543 = PRODUCT_DEFINITION_SHAPE('','',#13544);
#13544 = PRODUCT_DEFINITION('design','',#13545,#13548);
#13545 = PRODUCT_DEFINITION_FORMATION('','',#13546);
#13546 = PRODUCT('Flush_round_fittings_schematic041',
  'Flush_round_fittings_schematic041','',(#13547));
#13547 = PRODUCT_CONTEXT('',#2,'mechanical');
#13548 = PRODUCT_DEFINITION_CONTEXT('part definition',#2,'design');
#13549 = ADVANCED_BREP_SHAPE_REPRESENTATION('',(#11,#13550),#13603);
#13550 = MANIFOLD_SOLID_BREP('',#13551);
#13551 = CLOSED_SHELL('',(#13552,#13585,#13594));
#13552 = ADVANCED_FACE('',(#13553),#13580,.T.);
#13553 = FACE_BOUND('',#13554,.T.);
#13554 = EDGE_LOOP('',(#13555,#13564,#13572,#13579));
#13555 = ORIENTED_EDGE('',*,*,#13556,.F.);
#13556 = EDGE_CURVE('',#13557,#13557,#13559,.T.);
#13557 = VERTEX_POINT('',#13558);
#13558 = CARTESIAN_POINT('',(1.1E+03,850.,496.8037));
#13559 = CIRCLE('',#13560,3.2);
#13560 = AXIS2_PLACEMENT_3D('',#13561,#13562,#13563);
#13561 = CARTESIAN_POINT('',(1.1E+03,850.,500.0037));
#13562 = DIRECTION('',(1.,0.,-0.));
#13563 = DIRECTION('',(0.,0.,1.));
#13564 = ORIENTED_EDGE('',*,*,#13565,.T.);
#13565 = EDGE_CURVE('',#13557,#13566,#13568,.T.);
#13566 = VERTEX_POINT('',#13567);
#13567 = CARTESIAN_POINT('',(1.0996E+03,850.,496.8037));
#13568 = LINE('',#13569,#13570);
#13569 = CARTESIAN_POINT('',(1.0996E+03,850.,496.8037));
#13570 = VECTOR('',#13571,1.);
#13571 = DIRECTION('',(-1.,0.,0.));
#13572 = ORIENTED_EDGE('',*,*,#13573,.T.);
#13573 = EDGE_CURVE('',#13566,#13566,#13574,.T.);
#13574 = CIRCLE('',#13575,3.2);
#13575 = AXIS2_PLACEMENT_3D('',#13576,#13577,#13578);
#13576 = CARTESIAN_POINT('',(1.0996E+03,850.,500.0037));
#13577 = DIRECTION('',(1.,0.,-0.));
#13578 = DIRECTION('',(0.,0.,1.));
#13579 = ORIENTED_EDGE('',*,*,#13565,.F.);
#13580 = CYLINDRICAL_SURFACE('',#13581,3.2);
#13581 = AXIS2_PLACEMENT_3D('',#13582,#13583,#13584);
#13582 = CARTESIAN_POINT('',(1.0996E+03,850.,500.0037));
#13583 = DIRECTION('',(1.,0.,0.));
#13584 = DIRECTION('',(0.,0.,1.));
#13585 = ADVANCED_FACE('',(#13586),#13589,.T.);
#13586 = FACE_BOUND('',#13587,.T.);
#13587 = EDGE_LOOP('',(#13588));
#13588 = ORIENTED_EDGE('',*,*,#13556,.T.);
#13589 = PLANE('',#13590);
#13590 = AXIS2_PLACEMENT_3D('',#13591,#13592,#13593);
#13591 = CARTESIAN_POINT('',(1.1E+03,850.,500.0037));
#13592 = DIRECTION('',(1.,0.,0.));
#13593 = DIRECTION('',(0.,0.,1.));
#13594 = ADVANCED_FACE('',(#13595),#13598,.F.);
#13595 = FACE_BOUND('',#13596,.T.);
#13596 = EDGE_LOOP('',(#13597));
#13597 = ORIENTED_EDGE('',*,*,#13573,.F.);
#13598 = PLANE('',#13599);
#13599 = AXIS2_PLACEMENT_3D('',#13600,#13601,#13602);
#13600 = CARTESIAN_POINT('',(1.0996E+03,850.,500.0037));
#13601 = DIRECTION('',(1.,0.,0.));
#13602 = DIRECTION('',(0.,0.,1.));
#13603 = ( GEOMETRIC_REPRESENTATION_CONTEXT(3) 
GLOBAL_UNCERTAINTY_ASSIGNED_CONTEXT((#13607)) 
GLOBAL_UNIT_ASSIGNED_CONTEXT((#13604,#13605,#13606)) 
REPRESENTATION_CONTEXT('Context #1',
  '3D Context with UNIT and UNCERTAINTY') );
#13604 = ( LENGTH_UNIT() NAMED_UNIT(*) SI_UNIT(.MILLI.,.METRE.) );
#13605 = ( NAMED_UNIT(*) PLANE_ANGLE_UNIT() SI_UNIT($,.RADIAN.) );
#13606 = ( NAMED_UNIT(*) SI_UNIT($,.STERADIAN.) SOLID_ANGLE_UNIT() );
#13607 = UNCERTAINTY_MEASURE_WITH_UNIT(LENGTH_MEASURE(1.E-07),#13604,
  'distance_accuracy_value','confusion accuracy');
#13608 = CONTEXT_DEPENDENT_SHAPE_REPRESENTATION(#13609,#13611);
#13609 = ( REPRESENTATION_RELATIONSHIP('','',#13549,#12078) 
REPRESENTATION_RELATIONSHIP_WITH_TRANSFORMATION(#13610) 
SHAPE_REPRESENTATION_RELATIONSHIP() );
#13610 = ITEM_DEFINED_TRANSFORMATION('','',#11,#12155);
#13611 = PRODUCT_DEFINITION_SHAPE('Placement','Placement of an item',
  #13612);
#13612 = NEXT_ASSEMBLY_USAGE_OCCURRENCE('79',
  'Flush_round_fittings_schematic041','',#12073,#13544,$);
#13613 = PRODUCT_RELATED_PRODUCT_CATEGORY('part',$,(#13546));
#13614 = SHAPE_DEFINITION_REPRESENTATION(#13615,#13621);
#13615 = PRODUCT_DEFINITION_SHAPE('','',#13616);
#13616 = PRODUCT_DEFINITION('design','',#13617,#13620);
#13617 = PRODUCT_DEFINITION_FORMATION('','',#13618);
#13618 = PRODUCT('Flush_round_fittings_schematic042',
  'Flush_round_fittings_schematic042','',(#13619));
#13619 = PRODUCT_CONTEXT('',#2,'mechanical');
#13620 = PRODUCT_DEFINITION_CONTEXT('part definition',#2,'design');
#13621 = ADVANCED_BREP_SHAPE_REPRESENTATION('',(#11,#13622),#13675);
#13622 = MANIFOLD_SOLID_BREP('',#13623);
#13623 = CLOSED_SHELL('',(#13624,#13657,#13666));
#13624 = ADVANCED_FACE('',(#13625),#13652,.T.);
#13625 = FACE_BOUND('',#13626,.T.);
#13626 = EDGE_LOOP('',(#13627,#13636,#13644,#13651));
#13627 = ORIENTED_EDGE('',*,*,#13628,.F.);
#13628 = EDGE_CURVE('',#13629,#13629,#13631,.T.);
#13629 = VERTEX_POINT('',#13630);
#13630 = CARTESIAN_POINT('',(0.4,250.,496.8037));
#13631 = CIRCLE('',#13632,3.2);
#13632 = AXIS2_PLACEMENT_3D('',#13633,#13634,#13635);
#13633 = CARTESIAN_POINT('',(0.4,250.,500.0037));
#13634 = DIRECTION('',(1.,0.,-0.));
#13635 = DIRECTION('',(0.,0.,1.));
#13636 = ORIENTED_EDGE('',*,*,#13637,.T.);
#13637 = EDGE_CURVE('',#13629,#13638,#13640,.T.);
#13638 = VERTEX_POINT('',#13639);
#13639 = CARTESIAN_POINT('',(0.,250.,496.8037));
#13640 = LINE('',#13641,#13642);
#13641 = CARTESIAN_POINT('',(0.,250.,496.8037));
#13642 = VECTOR('',#13643,1.);
#13643 = DIRECTION('',(-1.,0.,0.));
#13644 = ORIENTED_EDGE('',*,*,#13645,.T.);
#13645 = EDGE_CURVE('',#13638,#13638,#13646,.T.);
#13646 = CIRCLE('',#13647,3.2);
#13647 = AXIS2_PLACEMENT_3D('',#13648,#13649,#13650);
#13648 = CARTESIAN_POINT('',(0.,250.,500.0037));
#13649 = DIRECTION('',(1.,0.,-0.));
#13650 = DIRECTION('',(0.,0.,1.));
#13651 = ORIENTED_EDGE('',*,*,#13637,.F.);
#13652 = CYLINDRICAL_SURFACE('',#13653,3.2);
#13653 = AXIS2_PLACEMENT_3D('',#13654,#13655,#13656);
#13654 = CARTESIAN_POINT('',(0.,250.,500.0037));
#13655 = DIRECTION('',(1.,0.,0.));
#13656 = DIRECTION('',(0.,0.,1.));
#13657 = ADVANCED_FACE('',(#13658),#13661,.T.);
#13658 = FACE_BOUND('',#13659,.T.);
#13659 = EDGE_LOOP('',(#13660));
#13660 = ORIENTED_EDGE('',*,*,#13628,.T.);
#13661 = PLANE('',#13662);
#13662 = AXIS2_PLACEMENT_3D('',#13663,#13664,#13665);
#13663 = CARTESIAN_POINT('',(0.4,250.,500.0037));
#13664 = DIRECTION('',(1.,0.,0.));
#13665 = DIRECTION('',(0.,0.,1.));
#13666 = ADVANCED_FACE('',(#13667),#13670,.F.);
#13667 = FACE_BOUND('',#13668,.T.);
#13668 = EDGE_LOOP('',(#13669));
#13669 = ORIENTED_EDGE('',*,*,#13645,.F.);
#13670 = PLANE('',#13671);
#13671 = AXIS2_PLACEMENT_3D('',#13672,#13673,#13674);
#13672 = CARTESIAN_POINT('',(0.,250.,500.0037));
#13673 = DIRECTION('',(1.,0.,0.));
#13674 = DIRECTION('',(0.,0.,1.));
#13675 = ( GEOMETRIC_REPRESENTATION_CONTEXT(3) 
GLOBAL_UNCERTAINTY_ASSIGNED_CONTEXT((#13679)) 
GLOBAL_UNIT_ASSIGNED_CONTEXT((#13676,#13677,#13678)) 
REPRESENTATION_CONTEXT('Context #1',
  '3D Context with UNIT and UNCERTAINTY') );
#13676 = ( LENGTH_UNIT() NAMED_UNIT(*) SI_UNIT(.MILLI.,.METRE.) );
#13677 = ( NAMED_UNIT(*) PLANE_ANGLE_UNIT() SI_UNIT($,.RADIAN.) );
#13678 = ( NAMED_UNIT(*) SI_UNIT($,.STERADIAN.) SOLID_ANGLE_UNIT() );
#13679 = UNCERTAINTY_MEASURE_WITH_UNIT(LENGTH_MEASURE(1.E-07),#13676,
  'distance_accuracy_value','confusion accuracy');
#13680 = CONTEXT_DEPENDENT_SHAPE_REPRESENTATION(#13681,#13683);
#13681 = ( REPRESENTATION_RELATIONSHIP('','',#13621,#12078) 
REPRESENTATION_RELATIONSHIP_WITH_TRANSFORMATION(#13682) 
SHAPE_REPRESENTATION_RELATIONSHIP() );
#13682 = ITEM_DEFINED_TRANSFORMATION('','',#11,#12159);
#13683 = PRODUCT_DEFINITION_SHAPE('Placement','Placement of an item',
  #13684);
#13684 = NEXT_ASSEMBLY_USAGE_OCCURRENCE('80',
  'Flush_round_fittings_schematic042','',#12073,#13616,$);
#13685 = PRODUCT_RELATED_PRODUCT_CATEGORY('part',$,(#13618));
#13686 = SHAPE_DEFINITION_REPRESENTATION(#13687,#13693);
#13687 = PRODUCT_DEFINITION_SHAPE('','',#13688);
#13688 = PRODUCT_DEFINITION('design','',#13689,#13692);
#13689 = PRODUCT_DEFINITION_FORMATION('','',#13690);
#13690 = PRODUCT('01_Lower_connection(Mirror)001',
  '01_Lower_connection(Mirror)001','',(#13691));
#13691 = PRODUCT_CONTEXT('',#2,'mechanical');
#13692 = PRODUCT_DEFINITION_CONTEXT('part definition',#2,'design');
#13693 = SHAPE_REPRESENTATION('',(#11,#13694,#13698),#13702);
#13694 = AXIS2_PLACEMENT_3D('',#13695,#13696,#13697);
#13695 = CARTESIAN_POINT('',(0.,0.,0.));
#13696 = DIRECTION('',(0.,0.,1.));
#13697 = DIRECTION('',(1.,0.,0.));
#13698 = AXIS2_PLACEMENT_3D('',#13699,#13700,#13701);
#13699 = CARTESIAN_POINT('',(0.,0.,0.));
#13700 = DIRECTION('',(0.,0.,1.));
#13701 = DIRECTION('',(1.,0.,0.));
#13702 = ( GEOMETRIC_REPRESENTATION_CONTEXT(3) 
GLOBAL_UNCERTAINTY_ASSIGNED_CONTEXT((#13706)) 
GLOBAL_UNIT_ASSIGNED_CONTEXT((#13703,#13704,#13705)) 
REPRESENTATION_CONTEXT('Context #1',
  '3D Context with UNIT and UNCERTAINTY') );
#13703 = ( LENGTH_UNIT() NAMED_UNIT(*) SI_UNIT(.MILLI.,.METRE.) );
#13704 = ( NAMED_UNIT(*) PLANE_ANGLE_UNIT() SI_UNIT($,.RADIAN.) );
#13705 = ( NAMED_UNIT(*) SI_UNIT($,.STERADIAN.) SOLID_ANGLE_UNIT() );
#13706 = UNCERTAINTY_MEASURE_WITH_UNIT(LENGTH_MEASURE(1.E-07),#13703,
  'distance_accuracy_value','confusion accuracy');
#13707 = CONTEXT_DEPENDENT_SHAPE_REPRESENTATION(#13708,#13710);
#13708 = ( REPRESENTATION_RELATIONSHIP('','',#13693,#9137) 
REPRESENTATION_RELATIONSHIP_WITH_TRANSFORMATION(#13709) 
SHAPE_REPRESENTATION_RELATIONSHIP() );
#13709 = ITEM_DEFINED_TRANSFORMATION('','',#11,#9150);
#13710 = PRODUCT_DEFINITION_SHAPE('Placement','Placement of an item',
  #13711);
#13711 = NEXT_ASSEMBLY_USAGE_OCCURRENCE('85',
  '01_Lower_connection(Mirror)001','',#9132,#13688,$);
#13712 = PRODUCT_RELATED_PRODUCT_CATEGORY('part',$,(#13690));
#13713 = SHAPE_DEFINITION_REPRESENTATION(#13714,#13720);
#13714 = PRODUCT_DEFINITION_SHAPE('','',#13715);
#13715 = PRODUCT_DEFINITION('design','',#13716,#13719);
#13716 = PRODUCT_DEFINITION_FORMATION('','',#13717);
#13717 = PRODUCT('Bottom_flange_860_open_800_12xD8(Mirror)001',
  'Bottom_flange_860_open_800_12xD8(Mirror)001','',(#13718));
#13718 = PRODUCT_CONTEXT('',#2,'mechanical');
#13719 = PRODUCT_DEFINITION_CONTEXT('part definition',#2,'design');
#13720 = ADVANCED_BREP_SHAPE_REPRESENTATION('',(#11,#13721),#14475);
#13721 = MANIFOLD_SOLID_BREP('',#13722);
#13722 = CLOSED_SHELL('',(#13723,#13763,#13794,#13984,#14008,#14191,
    #14203,#14220,#14237,#14254,#14271,#14288,#14305,#14322,#14339,
    #14356,#14378,#14395,#14412,#14424,#14441,#14458));
#13723 = ADVANCED_FACE('',(#13724),#13758,.T.);
#13724 = FACE_BOUND('',#13725,.T.);
#13725 = EDGE_LOOP('',(#13726,#13736,#13744,#13752));
#13726 = ORIENTED_EDGE('',*,*,#13727,.F.);
#13727 = EDGE_CURVE('',#13728,#13730,#13732,.T.);
#13728 = VERTEX_POINT('',#13729);
#13729 = CARTESIAN_POINT('',(120.,120.,0.));
#13730 = VERTEX_POINT('',#13731);
#13731 = CARTESIAN_POINT('',(120.,120.,-1.5));
#13732 = LINE('',#13733,#13734);
#13733 = CARTESIAN_POINT('',(120.,120.,0.));
#13734 = VECTOR('',#13735,1.);
#13735 = DIRECTION('',(0.,0.,-1.));
#13736 = ORIENTED_EDGE('',*,*,#13737,.T.);
#13737 = EDGE_CURVE('',#13728,#13738,#13740,.T.);
#13738 = VERTEX_POINT('',#13739);
#13739 = CARTESIAN_POINT('',(120.,980.,0.));
#13740 = LINE('',#13741,#13742);
#13741 = CARTESIAN_POINT('',(120.,120.,0.));
#13742 = VECTOR('',#13743,1.);
#13743 = DIRECTION('',(0.,1.,0.));
#13744 = ORIENTED_EDGE('',*,*,#13745,.T.);
#13745 = EDGE_CURVE('',#13738,#13746,#13748,.T.);
#13746 = VERTEX_POINT('',#13747);
#13747 = CARTESIAN_POINT('',(120.,980.,-1.5));
#13748 = LINE('',#13749,#13750);
#13749 = CARTESIAN_POINT('',(120.,980.,0.));
#13750 = VECTOR('',#13751,1.);
#13751 = DIRECTION('',(0.,0.,-1.));
#13752 = ORIENTED_EDGE('',*,*,#13753,.F.);
#13753 = EDGE_CURVE('',#13730,#13746,#13754,.T.);
#13754 = LINE('',#13755,#13756);
#13755 = CARTESIAN_POINT('',(120.,120.,-1.5));
#13756 = VECTOR('',#13757,1.);
#13757 = DIRECTION('',(0.,1.,0.));
#13758 = PLANE('',#13759);
#13759 = AXIS2_PLACEMENT_3D('',#13760,#13761,#13762);
#13760 = CARTESIAN_POINT('',(120.,120.,0.));
#13761 = DIRECTION('',(-1.,0.,0.));
#13762 = DIRECTION('',(0.,0.,-1.));
#13763 = ADVANCED_FACE('',(#13764),#13789,.T.);
#13764 = FACE_BOUND('',#13765,.T.);
#13765 = EDGE_LOOP('',(#13766,#13774,#13775,#13783));
#13766 = ORIENTED_EDGE('',*,*,#13767,.F.);
#13767 = EDGE_CURVE('',#13728,#13768,#13770,.T.);
#13768 = VERTEX_POINT('',#13769);
#13769 = CARTESIAN_POINT('',(980.,120.,0.));
#13770 = LINE('',#13771,#13772);
#13771 = CARTESIAN_POINT('',(120.,120.,0.));
#13772 = VECTOR('',#13773,1.);
#13773 = DIRECTION('',(1.,0.,0.));
#13774 = ORIENTED_EDGE('',*,*,#13727,.T.);
#13775 = ORIENTED_EDGE('',*,*,#13776,.T.);
#13776 = EDGE_CURVE('',#13730,#13777,#13779,.T.);
#13777 = VERTEX_POINT('',#13778);
#13778 = CARTESIAN_POINT('',(980.,120.,-1.5));
#13779 = LINE('',#13780,#13781);
#13780 = CARTESIAN_POINT('',(120.,120.,-1.5));
#13781 = VECTOR('',#13782,1.);
#13782 = DIRECTION('',(1.,0.,0.));
#13783 = ORIENTED_EDGE('',*,*,#13784,.F.);
#13784 = EDGE_CURVE('',#13768,#13777,#13785,.T.);
#13785 = LINE('',#13786,#13787);
#13786 = CARTESIAN_POINT('',(980.,120.,0.));
#13787 = VECTOR('',#13788,1.);
#13788 = DIRECTION('',(0.,0.,-1.));
#13789 = PLANE('',#13790);
#13790 = AXIS2_PLACEMENT_3D('',#13791,#13792,#13793);
#13791 = CARTESIAN_POINT('',(120.,120.,0.));
#13792 = DIRECTION('',(0.,-1.,0.));
#13793 = DIRECTION('',(0.,0.,-1.));
#13794 = ADVANCED_FACE('',(#13795,#13813,#13824,#13835,#13846,#13857,
    #13868,#13879,#13890,#13901,#13912,#13946,#13957,#13968),#13979,.F.
  );
#13795 = FACE_BOUND('',#13796,.T.);
#13796 = EDGE_LOOP('',(#13797,#13798,#13806,#13812));
#13797 = ORIENTED_EDGE('',*,*,#13753,.T.);
#13798 = ORIENTED_EDGE('',*,*,#13799,.T.);
#13799 = EDGE_CURVE('',#13746,#13800,#13802,.T.);
#13800 = VERTEX_POINT('',#13801);
#13801 = CARTESIAN_POINT('',(980.,980.,-1.5));
#13802 = LINE('',#13803,#13804);
#13803 = CARTESIAN_POINT('',(120.,980.,-1.5));
#13804 = VECTOR('',#13805,1.);
#13805 = DIRECTION('',(1.,0.,0.));
#13806 = ORIENTED_EDGE('',*,*,#13807,.F.);
#13807 = EDGE_CURVE('',#13777,#13800,#13808,.T.);
#13808 = LINE('',#13809,#13810);
#13809 = CARTESIAN_POINT('',(980.,120.,-1.5));
#13810 = VECTOR('',#13811,1.);
#13811 = DIRECTION('',(0.,1.,0.));
#13812 = ORIENTED_EDGE('',*,*,#13776,.F.);
#13813 = FACE_BOUND('',#13814,.T.);
#13814 = EDGE_LOOP('',(#13815));
#13815 = ORIENTED_EDGE('',*,*,#13816,.T.);
#13816 = EDGE_CURVE('',#13817,#13817,#13819,.T.);
#13817 = VERTEX_POINT('',#13818);
#13818 = CARTESIAN_POINT('',(132.,136.,-1.5));
#13819 = CIRCLE('',#13820,4.);
#13820 = AXIS2_PLACEMENT_3D('',#13821,#13822,#13823);
#13821 = CARTESIAN_POINT('',(136.,136.,-1.5));
#13822 = DIRECTION('',(0.,0.,1.));
#13823 = DIRECTION('',(1.,0.,-0.));
#13824 = FACE_BOUND('',#13825,.T.);
#13825 = EDGE_LOOP('',(#13826));
#13826 = ORIENTED_EDGE('',*,*,#13827,.T.);
#13827 = EDGE_CURVE('',#13828,#13828,#13830,.T.);
#13828 = VERTEX_POINT('',#13829);
#13829 = CARTESIAN_POINT('',(408.,136.,-1.5));
#13830 = CIRCLE('',#13831,4.);
#13831 = AXIS2_PLACEMENT_3D('',#13832,#13833,#13834);
#13832 = CARTESIAN_POINT('',(412.,136.,-1.5));
#13833 = DIRECTION('',(0.,0.,1.));
#13834 = DIRECTION('',(1.,0.,-0.));
#13835 = FACE_BOUND('',#13836,.T.);
#13836 = EDGE_LOOP('',(#13837));
#13837 = ORIENTED_EDGE('',*,*,#13838,.T.);
#13838 = EDGE_CURVE('',#13839,#13839,#13841,.T.);
#13839 = VERTEX_POINT('',#13840);
#13840 = CARTESIAN_POINT('',(132.,412.,-1.5));
#13841 = CIRCLE('',#13842,4.);
#13842 = AXIS2_PLACEMENT_3D('',#13843,#13844,#13845);
#13843 = CARTESIAN_POINT('',(136.,412.,-1.5));
#13844 = DIRECTION('',(0.,0.,1.));
#13845 = DIRECTION('',(1.,0.,-0.));
#13846 = FACE_BOUND('',#13847,.T.);
#13847 = EDGE_LOOP('',(#13848));
#13848 = ORIENTED_EDGE('',*,*,#13849,.T.);
#13849 = EDGE_CURVE('',#13850,#13850,#13852,.T.);
#13850 = VERTEX_POINT('',#13851);
#13851 = CARTESIAN_POINT('',(684.,136.,-1.5));
#13852 = CIRCLE('',#13853,4.);
#13853 = AXIS2_PLACEMENT_3D('',#13854,#13855,#13856);
#13854 = CARTESIAN_POINT('',(688.,136.,-1.5));
#13855 = DIRECTION('',(0.,0.,1.));
#13856 = DIRECTION('',(1.,0.,-0.));
#13857 = FACE_BOUND('',#13858,.T.);
#13858 = EDGE_LOOP('',(#13859));
#13859 = ORIENTED_EDGE('',*,*,#13860,.T.);
#13860 = EDGE_CURVE('',#13861,#13861,#13863,.T.);
#13861 = VERTEX_POINT('',#13862);
#13862 = CARTESIAN_POINT('',(960.,136.,-1.5));
#13863 = CIRCLE('',#13864,4.);
#13864 = AXIS2_PLACEMENT_3D('',#13865,#13866,#13867);
#13865 = CARTESIAN_POINT('',(964.,136.,-1.5));
#13866 = DIRECTION('',(0.,0.,1.));
#13867 = DIRECTION('',(1.,0.,-0.));
#13868 = FACE_BOUND('',#13869,.T.);
#13869 = EDGE_LOOP('',(#13870));
#13870 = ORIENTED_EDGE('',*,*,#13871,.T.);
#13871 = EDGE_CURVE('',#13872,#13872,#13874,.T.);
#13872 = VERTEX_POINT('',#13873);
#13873 = CARTESIAN_POINT('',(960.,412.,-1.5));
#13874 = CIRCLE('',#13875,4.);
#13875 = AXIS2_PLACEMENT_3D('',#13876,#13877,#13878);
#13876 = CARTESIAN_POINT('',(964.,412.,-1.5));
#13877 = DIRECTION('',(0.,0.,1.));
#13878 = DIRECTION('',(1.,0.,-0.));
#13879 = FACE_BOUND('',#13880,.T.);
#13880 = EDGE_LOOP('',(#13881));
#13881 = ORIENTED_EDGE('',*,*,#13882,.T.);
#13882 = EDGE_CURVE('',#13883,#13883,#13885,.T.);
#13883 = VERTEX_POINT('',#13884);
#13884 = CARTESIAN_POINT('',(132.,688.,-1.5));
#13885 = CIRCLE('',#13886,4.);
#13886 = AXIS2_PLACEMENT_3D('',#13887,#13888,#13889);
#13887 = CARTESIAN_POINT('',(136.,688.,-1.5));
#13888 = DIRECTION('',(0.,0.,1.));
#13889 = DIRECTION('',(1.,0.,-0.));
#13890 = FACE_BOUND('',#13891,.T.);
#13891 = EDGE_LOOP('',(#13892));
#13892 = ORIENTED_EDGE('',*,*,#13893,.T.);
#13893 = EDGE_CURVE('',#13894,#13894,#13896,.T.);
#13894 = VERTEX_POINT('',#13895);
#13895 = CARTESIAN_POINT('',(132.,964.,-1.5));
#13896 = CIRCLE('',#13897,4.);
#13897 = AXIS2_PLACEMENT_3D('',#13898,#13899,#13900);
#13898 = CARTESIAN_POINT('',(136.,964.,-1.5));
#13899 = DIRECTION('',(0.,0.,1.));
#13900 = DIRECTION('',(1.,0.,-0.));
#13901 = FACE_BOUND('',#13902,.T.);
#13902 = EDGE_LOOP('',(#13903));
#13903 = ORIENTED_EDGE('',*,*,#13904,.T.);
#13904 = EDGE_CURVE('',#13905,#13905,#13907,.T.);
#13905 = VERTEX_POINT('',#13906);
#13906 = CARTESIAN_POINT('',(408.,964.,-1.5));
#13907 = CIRCLE('',#13908,4.);
#13908 = AXIS2_PLACEMENT_3D('',#13909,#13910,#13911);
#13909 = CARTESIAN_POINT('',(412.,964.,-1.5));
#13910 = DIRECTION('',(0.,0.,1.));
#13911 = DIRECTION('',(1.,0.,-0.));
#13912 = FACE_BOUND('',#13913,.T.);
#13913 = EDGE_LOOP('',(#13914,#13924,#13932,#13940));
#13914 = ORIENTED_EDGE('',*,*,#13915,.F.);
#13915 = EDGE_CURVE('',#13916,#13918,#13920,.T.);
#13916 = VERTEX_POINT('',#13917);
#13917 = CARTESIAN_POINT('',(950.,150.,-1.5));
#13918 = VERTEX_POINT('',#13919);
#13919 = CARTESIAN_POINT('',(150.,150.,-1.5));
#13920 = LINE('',#13921,#13922);
#13921 = CARTESIAN_POINT('',(135.,150.,-1.5));
#13922 = VECTOR('',#13923,1.);
#13923 = DIRECTION('',(-1.,0.,0.));
#13924 = ORIENTED_EDGE('',*,*,#13925,.T.);
#13925 = EDGE_CURVE('',#13916,#13926,#13928,.T.);
#13926 = VERTEX_POINT('',#13927);
#13927 = CARTESIAN_POINT('',(950.,950.,-1.5));
#13928 = LINE('',#13929,#13930);
#13929 = CARTESIAN_POINT('',(950.,135.,-1.5));
#13930 = VECTOR('',#13931,1.);
#13931 = DIRECTION('',(0.,1.,0.));
#13932 = ORIENTED_EDGE('',*,*,#13933,.T.);
#13933 = EDGE_CURVE('',#13926,#13934,#13936,.T.);
#13934 = VERTEX_POINT('',#13935);
#13935 = CARTESIAN_POINT('',(150.,950.,-1.5));
#13936 = LINE('',#13937,#13938);
#13937 = CARTESIAN_POINT('',(135.,950.,-1.5));
#13938 = VECTOR('',#13939,1.);
#13939 = DIRECTION('',(-1.,0.,0.));
#13940 = ORIENTED_EDGE('',*,*,#13941,.F.);
#13941 = EDGE_CURVE('',#13918,#13934,#13942,.T.);
#13942 = LINE('',#13943,#13944);
#13943 = CARTESIAN_POINT('',(150.,135.,-1.5));
#13944 = VECTOR('',#13945,1.);
#13945 = DIRECTION('',(0.,1.,0.));
#13946 = FACE_BOUND('',#13947,.T.);
#13947 = EDGE_LOOP('',(#13948));
#13948 = ORIENTED_EDGE('',*,*,#13949,.T.);
#13949 = EDGE_CURVE('',#13950,#13950,#13952,.T.);
#13950 = VERTEX_POINT('',#13951);
#13951 = CARTESIAN_POINT('',(960.,688.,-1.5));
#13952 = CIRCLE('',#13953,4.);
#13953 = AXIS2_PLACEMENT_3D('',#13954,#13955,#13956);
#13954 = CARTESIAN_POINT('',(964.,688.,-1.5));
#13955 = DIRECTION('',(0.,0.,1.));
#13956 = DIRECTION('',(1.,0.,-0.));
#13957 = FACE_BOUND('',#13958,.T.);
#13958 = EDGE_LOOP('',(#13959));
#13959 = ORIENTED_EDGE('',*,*,#13960,.T.);
#13960 = EDGE_CURVE('',#13961,#13961,#13963,.T.);
#13961 = VERTEX_POINT('',#13962);
#13962 = CARTESIAN_POINT('',(684.,964.,-1.5));
#13963 = CIRCLE('',#13964,4.);
#13964 = AXIS2_PLACEMENT_3D('',#13965,#13966,#13967);
#13965 = CARTESIAN_POINT('',(688.,964.,-1.5));
#13966 = DIRECTION('',(0.,0.,1.));
#13967 = DIRECTION('',(1.,0.,-0.));
#13968 = FACE_BOUND('',#13969,.T.);
#13969 = EDGE_LOOP('',(#13970));
#13970 = ORIENTED_EDGE('',*,*,#13971,.T.);
#13971 = EDGE_CURVE('',#13972,#13972,#13974,.T.);
#13972 = VERTEX_POINT('',#13973);
#13973 = CARTESIAN_POINT('',(960.,964.,-1.5));
#13974 = CIRCLE('',#13975,4.);
#13975 = AXIS2_PLACEMENT_3D('',#13976,#13977,#13978);
#13976 = CARTESIAN_POINT('',(964.,964.,-1.5));
#13977 = DIRECTION('',(0.,0.,1.));
#13978 = DIRECTION('',(1.,0.,-0.));
#13979 = PLANE('',#13980);
#13980 = AXIS2_PLACEMENT_3D('',#13981,#13982,#13983);
#13981 = CARTESIAN_POINT('',(120.,120.,-1.5));
#13982 = DIRECTION('',(0.,0.,1.));
#13983 = DIRECTION('',(1.,0.,-0.));
#13984 = ADVANCED_FACE('',(#13985),#14003,.F.);
#13985 = FACE_BOUND('',#13986,.T.);
#13986 = EDGE_LOOP('',(#13987,#13995,#14001,#14002));
#13987 = ORIENTED_EDGE('',*,*,#13988,.T.);
#13988 = EDGE_CURVE('',#13738,#13989,#13991,.T.);
#13989 = VERTEX_POINT('',#13990);
#13990 = CARTESIAN_POINT('',(980.,980.,0.));
#13991 = LINE('',#13992,#13993);
#13992 = CARTESIAN_POINT('',(120.,980.,0.));
#13993 = VECTOR('',#13994,1.);
#13994 = DIRECTION('',(1.,0.,0.));
#13995 = ORIENTED_EDGE('',*,*,#13996,.T.);
#13996 = EDGE_CURVE('',#13989,#13800,#13997,.T.);
#13997 = LINE('',#13998,#13999);
#13998 = CARTESIAN_POINT('',(980.,980.,0.));
#13999 = VECTOR('',#14000,1.);
#14000 = DIRECTION('',(0.,0.,-1.));
#14001 = ORIENTED_EDGE('',*,*,#13799,.F.);
#14002 = ORIENTED_EDGE('',*,*,#13745,.F.);
#14003 = PLANE('',#14004);
#14004 = AXIS2_PLACEMENT_3D('',#14005,#14006,#14007);
#14005 = CARTESIAN_POINT('',(120.,980.,0.));
#14006 = DIRECTION('',(0.,-1.,0.));
#14007 = DIRECTION('',(0.,0.,-1.));
#14008 = ADVANCED_FACE('',(#14009,#14020,#14031,#14042,#14053,#14064,
    #14075,#14086,#14097,#14108,#14119,#14153,#14164,#14175),#14186,.T.
  );
#14009 = FACE_BOUND('',#14010,.T.);
#14010 = EDGE_LOOP('',(#14011,#14012,#14013,#14019));
#14011 = ORIENTED_EDGE('',*,*,#13737,.F.);
#14012 = ORIENTED_EDGE('',*,*,#13767,.T.);
#14013 = ORIENTED_EDGE('',*,*,#14014,.T.);
#14014 = EDGE_CURVE('',#13768,#13989,#14015,.T.);
#14015 = LINE('',#14016,#14017);
#14016 = CARTESIAN_POINT('',(980.,120.,0.));
#14017 = VECTOR('',#14018,1.);
#14018 = DIRECTION('',(0.,1.,0.));
#14019 = ORIENTED_EDGE('',*,*,#13988,.F.);
#14020 = FACE_BOUND('',#14021,.T.);
#14021 = EDGE_LOOP('',(#14022));
#14022 = ORIENTED_EDGE('',*,*,#14023,.F.);
#14023 = EDGE_CURVE('',#14024,#14024,#14026,.T.);
#14024 = VERTEX_POINT('',#14025);
#14025 = CARTESIAN_POINT('',(132.,136.,0.));
#14026 = CIRCLE('',#14027,4.);
#14027 = AXIS2_PLACEMENT_3D('',#14028,#14029,#14030);
#14028 = CARTESIAN_POINT('',(136.,136.,0.));
#14029 = DIRECTION('',(0.,0.,1.));
#14030 = DIRECTION('',(1.,0.,-0.));
#14031 = FACE_BOUND('',#14032,.T.);
#14032 = EDGE_LOOP('',(#14033));
#14033 = ORIENTED_EDGE('',*,*,#14034,.F.);
#14034 = EDGE_CURVE('',#14035,#14035,#14037,.T.);
#14035 = VERTEX_POINT('',#14036);
#14036 = CARTESIAN_POINT('',(408.,136.,0.));
#14037 = CIRCLE('',#14038,4.);
#14038 = AXIS2_PLACEMENT_3D('',#14039,#14040,#14041);
#14039 = CARTESIAN_POINT('',(412.,136.,0.));
#14040 = DIRECTION('',(0.,0.,1.));
#14041 = DIRECTION('',(1.,0.,-0.));
#14042 = FACE_BOUND('',#14043,.T.);
#14043 = EDGE_LOOP('',(#14044));
#14044 = ORIENTED_EDGE('',*,*,#14045,.F.);
#14045 = EDGE_CURVE('',#14046,#14046,#14048,.T.);
#14046 = VERTEX_POINT('',#14047);
#14047 = CARTESIAN_POINT('',(132.,412.,0.));
#14048 = CIRCLE('',#14049,4.);
#14049 = AXIS2_PLACEMENT_3D('',#14050,#14051,#14052);
#14050 = CARTESIAN_POINT('',(136.,412.,0.));
#14051 = DIRECTION('',(0.,0.,1.));
#14052 = DIRECTION('',(1.,0.,-0.));
#14053 = FACE_BOUND('',#14054,.T.);
#14054 = EDGE_LOOP('',(#14055));
#14055 = ORIENTED_EDGE('',*,*,#14056,.F.);
#14056 = EDGE_CURVE('',#14057,#14057,#14059,.T.);
#14057 = VERTEX_POINT('',#14058);
#14058 = CARTESIAN_POINT('',(684.,136.,0.));
#14059 = CIRCLE('',#14060,4.);
#14060 = AXIS2_PLACEMENT_3D('',#14061,#14062,#14063);
#14061 = CARTESIAN_POINT('',(688.,136.,0.));
#14062 = DIRECTION('',(0.,0.,1.));
#14063 = DIRECTION('',(1.,0.,-0.));
#14064 = FACE_BOUND('',#14065,.T.);
#14065 = EDGE_LOOP('',(#14066));
#14066 = ORIENTED_EDGE('',*,*,#14067,.F.);
#14067 = EDGE_CURVE('',#14068,#14068,#14070,.T.);
#14068 = VERTEX_POINT('',#14069);
#14069 = CARTESIAN_POINT('',(960.,136.,0.));
#14070 = CIRCLE('',#14071,4.);
#14071 = AXIS2_PLACEMENT_3D('',#14072,#14073,#14074);
#14072 = CARTESIAN_POINT('',(964.,136.,0.));
#14073 = DIRECTION('',(0.,0.,1.));
#14074 = DIRECTION('',(1.,0.,-0.));
#14075 = FACE_BOUND('',#14076,.T.);
#14076 = EDGE_LOOP('',(#14077));
#14077 = ORIENTED_EDGE('',*,*,#14078,.F.);
#14078 = EDGE_CURVE('',#14079,#14079,#14081,.T.);
#14079 = VERTEX_POINT('',#14080);
#14080 = CARTESIAN_POINT('',(960.,412.,0.));
#14081 = CIRCLE('',#14082,4.);
#14082 = AXIS2_PLACEMENT_3D('',#14083,#14084,#14085);
#14083 = CARTESIAN_POINT('',(964.,412.,0.));
#14084 = DIRECTION('',(0.,0.,1.));
#14085 = DIRECTION('',(1.,0.,-0.));
#14086 = FACE_BOUND('',#14087,.T.);
#14087 = EDGE_LOOP('',(#14088));
#14088 = ORIENTED_EDGE('',*,*,#14089,.F.);
#14089 = EDGE_CURVE('',#14090,#14090,#14092,.T.);
#14090 = VERTEX_POINT('',#14091);
#14091 = CARTESIAN_POINT('',(132.,688.,0.));
#14092 = CIRCLE('',#14093,4.);
#14093 = AXIS2_PLACEMENT_3D('',#14094,#14095,#14096);
#14094 = CARTESIAN_POINT('',(136.,688.,0.));
#14095 = DIRECTION('',(0.,0.,1.));
#14096 = DIRECTION('',(1.,0.,-0.));
#14097 = FACE_BOUND('',#14098,.T.);
#14098 = EDGE_LOOP('',(#14099));
#14099 = ORIENTED_EDGE('',*,*,#14100,.F.);
#14100 = EDGE_CURVE('',#14101,#14101,#14103,.T.);
#14101 = VERTEX_POINT('',#14102);
#14102 = CARTESIAN_POINT('',(132.,964.,0.));
#14103 = CIRCLE('',#14104,4.);
#14104 = AXIS2_PLACEMENT_3D('',#14105,#14106,#14107);
#14105 = CARTESIAN_POINT('',(136.,964.,0.));
#14106 = DIRECTION('',(0.,0.,1.));
#14107 = DIRECTION('',(1.,0.,-0.));
#14108 = FACE_BOUND('',#14109,.T.);
#14109 = EDGE_LOOP('',(#14110));
#14110 = ORIENTED_EDGE('',*,*,#14111,.F.);
#14111 = EDGE_CURVE('',#14112,#14112,#14114,.T.);
#14112 = VERTEX_POINT('',#14113);
#14113 = CARTESIAN_POINT('',(408.,964.,0.));
#14114 = CIRCLE('',#14115,4.);
#14115 = AXIS2_PLACEMENT_3D('',#14116,#14117,#14118);
#14116 = CARTESIAN_POINT('',(412.,964.,0.));
#14117 = DIRECTION('',(0.,0.,1.));
#14118 = DIRECTION('',(1.,0.,-0.));
#14119 = FACE_BOUND('',#14120,.T.);
#14120 = EDGE_LOOP('',(#14121,#14131,#14139,#14147));
#14121 = ORIENTED_EDGE('',*,*,#14122,.T.);
#14122 = EDGE_CURVE('',#14123,#14125,#14127,.T.);
#14123 = VERTEX_POINT('',#14124);
#14124 = CARTESIAN_POINT('',(950.,150.,0.));
#14125 = VERTEX_POINT('',#14126);
#14126 = CARTESIAN_POINT('',(150.,150.,0.));
#14127 = LINE('',#14128,#14129);
#14128 = CARTESIAN_POINT('',(135.,150.,0.));
#14129 = VECTOR('',#14130,1.);
#14130 = DIRECTION('',(-1.,0.,0.));
#14131 = ORIENTED_EDGE('',*,*,#14132,.T.);
#14132 = EDGE_CURVE('',#14125,#14133,#14135,.T.);
#14133 = VERTEX_POINT('',#14134);
#14134 = CARTESIAN_POINT('',(150.,950.,0.));
#14135 = LINE('',#14136,#14137);
#14136 = CARTESIAN_POINT('',(150.,135.,0.));
#14137 = VECTOR('',#14138,1.);
#14138 = DIRECTION('',(0.,1.,0.));
#14139 = ORIENTED_EDGE('',*,*,#14140,.F.);
#14140 = EDGE_CURVE('',#14141,#14133,#14143,.T.);
#14141 = VERTEX_POINT('',#14142);
#14142 = CARTESIAN_POINT('',(950.,950.,0.));
#14143 = LINE('',#14144,#14145);
#14144 = CARTESIAN_POINT('',(135.,950.,0.));
#14145 = VECTOR('',#14146,1.);
#14146 = DIRECTION('',(-1.,0.,0.));
#14147 = ORIENTED_EDGE('',*,*,#14148,.F.);
#14148 = EDGE_CURVE('',#14123,#14141,#14149,.T.);
#14149 = LINE('',#14150,#14151);
#14150 = CARTESIAN_POINT('',(950.,135.,0.));
#14151 = VECTOR('',#14152,1.);
#14152 = DIRECTION('',(0.,1.,0.));
#14153 = FACE_BOUND('',#14154,.T.);
#14154 = EDGE_LOOP('',(#14155));
#14155 = ORIENTED_EDGE('',*,*,#14156,.F.);
#14156 = EDGE_CURVE('',#14157,#14157,#14159,.T.);
#14157 = VERTEX_POINT('',#14158);
#14158 = CARTESIAN_POINT('',(960.,688.,0.));
#14159 = CIRCLE('',#14160,4.);
#14160 = AXIS2_PLACEMENT_3D('',#14161,#14162,#14163);
#14161 = CARTESIAN_POINT('',(964.,688.,0.));
#14162 = DIRECTION('',(0.,0.,1.));
#14163 = DIRECTION('',(1.,0.,-0.));
#14164 = FACE_BOUND('',#14165,.T.);
#14165 = EDGE_LOOP('',(#14166));
#14166 = ORIENTED_EDGE('',*,*,#14167,.F.);
#14167 = EDGE_CURVE('',#14168,#14168,#14170,.T.);
#14168 = VERTEX_POINT('',#14169);
#14169 = CARTESIAN_POINT('',(684.,964.,0.));
#14170 = CIRCLE('',#14171,4.);
#14171 = AXIS2_PLACEMENT_3D('',#14172,#14173,#14174);
#14172 = CARTESIAN_POINT('',(688.,964.,0.));
#14173 = DIRECTION('',(0.,0.,1.));
#14174 = DIRECTION('',(1.,0.,-0.));
#14175 = FACE_BOUND('',#14176,.T.);
#14176 = EDGE_LOOP('',(#14177));
#14177 = ORIENTED_EDGE('',*,*,#14178,.F.);
#14178 = EDGE_CURVE('',#14179,#14179,#14181,.T.);
#14179 = VERTEX_POINT('',#14180);
#14180 = CARTESIAN_POINT('',(960.,964.,0.));
#14181 = CIRCLE('',#14182,4.);
#14182 = AXIS2_PLACEMENT_3D('',#14183,#14184,#14185);
#14183 = CARTESIAN_POINT('',(964.,964.,0.));
#14184 = DIRECTION('',(0.,0.,1.));
#14185 = DIRECTION('',(1.,0.,-0.));
#14186 = PLANE('',#14187);
#14187 = AXIS2_PLACEMENT_3D('',#14188,#14189,#14190);
#14188 = CARTESIAN_POINT('',(120.,120.,0.));
#14189 = DIRECTION('',(0.,0.,1.));
#14190 = DIRECTION('',(1.,0.,-0.));
#14191 = ADVANCED_FACE('',(#14192),#14198,.F.);
#14192 = FACE_BOUND('',#14193,.T.);
#14193 = EDGE_LOOP('',(#14194,#14195,#14196,#14197));
#14194 = ORIENTED_EDGE('',*,*,#13784,.T.);
#14195 = ORIENTED_EDGE('',*,*,#13807,.T.);
#14196 = ORIENTED_EDGE('',*,*,#13996,.F.);
#14197 = ORIENTED_EDGE('',*,*,#14014,.F.);
#14198 = PLANE('',#14199);
#14199 = AXIS2_PLACEMENT_3D('',#14200,#14201,#14202);
#14200 = CARTESIAN_POINT('',(980.,120.,0.));
#14201 = DIRECTION('',(-1.,0.,0.));
#14202 = DIRECTION('',(0.,0.,-1.));
#14203 = ADVANCED_FACE('',(#14204),#14215,.F.);
#14204 = FACE_BOUND('',#14205,.F.);
#14205 = EDGE_LOOP('',(#14206,#14212,#14213,#14214));
#14206 = ORIENTED_EDGE('',*,*,#14207,.T.);
#14207 = EDGE_CURVE('',#13817,#14024,#14208,.T.);
#14208 = LINE('',#14209,#14210);
#14209 = CARTESIAN_POINT('',(132.,136.,1.));
#14210 = VECTOR('',#14211,1.);
#14211 = DIRECTION('',(0.,0.,1.));
#14212 = ORIENTED_EDGE('',*,*,#14023,.F.);
#14213 = ORIENTED_EDGE('',*,*,#14207,.F.);
#14214 = ORIENTED_EDGE('',*,*,#13816,.T.);
#14215 = CYLINDRICAL_SURFACE('',#14216,4.);
#14216 = AXIS2_PLACEMENT_3D('',#14217,#14218,#14219);
#14217 = CARTESIAN_POINT('',(136.,136.,1.));
#14218 = DIRECTION('',(0.,0.,1.));
#14219 = DIRECTION('',(1.,0.,-0.));
#14220 = ADVANCED_FACE('',(#14221),#14232,.F.);
#14221 = FACE_BOUND('',#14222,.F.);
#14222 = EDGE_LOOP('',(#14223,#14229,#14230,#14231));
#14223 = ORIENTED_EDGE('',*,*,#14224,.T.);
#14224 = EDGE_CURVE('',#13828,#14035,#14225,.T.);
#14225 = LINE('',#14226,#14227);
#14226 = CARTESIAN_POINT('',(408.,136.,1.));
#14227 = VECTOR('',#14228,1.);
#14228 = DIRECTION('',(0.,0.,1.));
#14229 = ORIENTED_EDGE('',*,*,#14034,.F.);
#14230 = ORIENTED_EDGE('',*,*,#14224,.F.);
#14231 = ORIENTED_EDGE('',*,*,#13827,.T.);
#14232 = CYLINDRICAL_SURFACE('',#14233,4.);
#14233 = AXIS2_PLACEMENT_3D('',#14234,#14235,#14236);
#14234 = CARTESIAN_POINT('',(412.,136.,1.));
#14235 = DIRECTION('',(0.,0.,1.));
#14236 = DIRECTION('',(1.,0.,-0.));
#14237 = ADVANCED_FACE('',(#14238),#14249,.F.);
#14238 = FACE_BOUND('',#14239,.F.);
#14239 = EDGE_LOOP('',(#14240,#14246,#14247,#14248));
#14240 = ORIENTED_EDGE('',*,*,#14241,.T.);
#14241 = EDGE_CURVE('',#13839,#14046,#14242,.T.);
#14242 = LINE('',#14243,#14244);
#14243 = CARTESIAN_POINT('',(132.,412.,1.));
#14244 = VECTOR('',#14245,1.);
#14245 = DIRECTION('',(0.,0.,1.));
#14246 = ORIENTED_EDGE('',*,*,#14045,.F.);
#14247 = ORIENTED_EDGE('',*,*,#14241,.F.);
#14248 = ORIENTED_EDGE('',*,*,#13838,.T.);
#14249 = CYLINDRICAL_SURFACE('',#14250,4.);
#14250 = AXIS2_PLACEMENT_3D('',#14251,#14252,#14253);
#14251 = CARTESIAN_POINT('',(136.,412.,1.));
#14252 = DIRECTION('',(0.,0.,1.));
#14253 = DIRECTION('',(1.,0.,-0.));
#14254 = ADVANCED_FACE('',(#14255),#14266,.F.);
#14255 = FACE_BOUND('',#14256,.F.);
#14256 = EDGE_LOOP('',(#14257,#14263,#14264,#14265));
#14257 = ORIENTED_EDGE('',*,*,#14258,.T.);
#14258 = EDGE_CURVE('',#13850,#14057,#14259,.T.);
#14259 = LINE('',#14260,#14261);
#14260 = CARTESIAN_POINT('',(684.,136.,1.));
#14261 = VECTOR('',#14262,1.);
#14262 = DIRECTION('',(0.,0.,1.));
#14263 = ORIENTED_EDGE('',*,*,#14056,.F.);
#14264 = ORIENTED_EDGE('',*,*,#14258,.F.);
#14265 = ORIENTED_EDGE('',*,*,#13849,.T.);
#14266 = CYLINDRICAL_SURFACE('',#14267,4.);
#14267 = AXIS2_PLACEMENT_3D('',#14268,#14269,#14270);
#14268 = CARTESIAN_POINT('',(688.,136.,1.));
#14269 = DIRECTION('',(0.,0.,1.));
#14270 = DIRECTION('',(1.,0.,-0.));
#14271 = ADVANCED_FACE('',(#14272),#14283,.F.);
#14272 = FACE_BOUND('',#14273,.F.);
#14273 = EDGE_LOOP('',(#14274,#14280,#14281,#14282));
#14274 = ORIENTED_EDGE('',*,*,#14275,.T.);
#14275 = EDGE_CURVE('',#13861,#14068,#14276,.T.);
#14276 = LINE('',#14277,#14278);
#14277 = CARTESIAN_POINT('',(960.,136.,1.));
#14278 = VECTOR('',#14279,1.);
#14279 = DIRECTION('',(0.,0.,1.));
#14280 = ORIENTED_EDGE('',*,*,#14067,.F.);
#14281 = ORIENTED_EDGE('',*,*,#14275,.F.);
#14282 = ORIENTED_EDGE('',*,*,#13860,.T.);
#14283 = CYLINDRICAL_SURFACE('',#14284,4.);
#14284 = AXIS2_PLACEMENT_3D('',#14285,#14286,#14287);
#14285 = CARTESIAN_POINT('',(964.,136.,1.));
#14286 = DIRECTION('',(0.,0.,1.));
#14287 = DIRECTION('',(1.,0.,-0.));
#14288 = ADVANCED_FACE('',(#14289),#14300,.F.);
#14289 = FACE_BOUND('',#14290,.F.);
#14290 = EDGE_LOOP('',(#14291,#14297,#14298,#14299));
#14291 = ORIENTED_EDGE('',*,*,#14292,.T.);
#14292 = EDGE_CURVE('',#13872,#14079,#14293,.T.);
#14293 = LINE('',#14294,#14295);
#14294 = CARTESIAN_POINT('',(960.,412.,1.));
#14295 = VECTOR('',#14296,1.);
#14296 = DIRECTION('',(0.,0.,1.));
#14297 = ORIENTED_EDGE('',*,*,#14078,.F.);
#14298 = ORIENTED_EDGE('',*,*,#14292,.F.);
#14299 = ORIENTED_EDGE('',*,*,#13871,.T.);
#14300 = CYLINDRICAL_SURFACE('',#14301,4.);
#14301 = AXIS2_PLACEMENT_3D('',#14302,#14303,#14304);
#14302 = CARTESIAN_POINT('',(964.,412.,1.));
#14303 = DIRECTION('',(0.,0.,1.));
#14304 = DIRECTION('',(1.,0.,-0.));
#14305 = ADVANCED_FACE('',(#14306),#14317,.F.);
#14306 = FACE_BOUND('',#14307,.F.);
#14307 = EDGE_LOOP('',(#14308,#14314,#14315,#14316));
#14308 = ORIENTED_EDGE('',*,*,#14309,.T.);
#14309 = EDGE_CURVE('',#13883,#14090,#14310,.T.);
#14310 = LINE('',#14311,#14312);
#14311 = CARTESIAN_POINT('',(132.,688.,1.));
#14312 = VECTOR('',#14313,1.);
#14313 = DIRECTION('',(0.,0.,1.));
#14314 = ORIENTED_EDGE('',*,*,#14089,.F.);
#14315 = ORIENTED_EDGE('',*,*,#14309,.F.);
#14316 = ORIENTED_EDGE('',*,*,#13882,.T.);
#14317 = CYLINDRICAL_SURFACE('',#14318,4.);
#14318 = AXIS2_PLACEMENT_3D('',#14319,#14320,#14321);
#14319 = CARTESIAN_POINT('',(136.,688.,1.));
#14320 = DIRECTION('',(0.,0.,1.));
#14321 = DIRECTION('',(1.,0.,-0.));
#14322 = ADVANCED_FACE('',(#14323),#14334,.F.);
#14323 = FACE_BOUND('',#14324,.F.);
#14324 = EDGE_LOOP('',(#14325,#14331,#14332,#14333));
#14325 = ORIENTED_EDGE('',*,*,#14326,.T.);
#14326 = EDGE_CURVE('',#13894,#14101,#14327,.T.);
#14327 = LINE('',#14328,#14329);
#14328 = CARTESIAN_POINT('',(132.,964.,1.));
#14329 = VECTOR('',#14330,1.);
#14330 = DIRECTION('',(0.,0.,1.));
#14331 = ORIENTED_EDGE('',*,*,#14100,.F.);
#14332 = ORIENTED_EDGE('',*,*,#14326,.F.);
#14333 = ORIENTED_EDGE('',*,*,#13893,.T.);
#14334 = CYLINDRICAL_SURFACE('',#14335,4.);
#14335 = AXIS2_PLACEMENT_3D('',#14336,#14337,#14338);
#14336 = CARTESIAN_POINT('',(136.,964.,1.));
#14337 = DIRECTION('',(0.,0.,1.));
#14338 = DIRECTION('',(1.,0.,-0.));
#14339 = ADVANCED_FACE('',(#14340),#14351,.F.);
#14340 = FACE_BOUND('',#14341,.F.);
#14341 = EDGE_LOOP('',(#14342,#14348,#14349,#14350));
#14342 = ORIENTED_EDGE('',*,*,#14343,.T.);
#14343 = EDGE_CURVE('',#13905,#14112,#14344,.T.);
#14344 = LINE('',#14345,#14346);
#14345 = CARTESIAN_POINT('',(408.,964.,1.));
#14346 = VECTOR('',#14347,1.);
#14347 = DIRECTION('',(0.,0.,1.));
#14348 = ORIENTED_EDGE('',*,*,#14111,.F.);
#14349 = ORIENTED_EDGE('',*,*,#14343,.F.);
#14350 = ORIENTED_EDGE('',*,*,#13904,.T.);
#14351 = CYLINDRICAL_SURFACE('',#14352,4.);
#14352 = AXIS2_PLACEMENT_3D('',#14353,#14354,#14355);
#14353 = CARTESIAN_POINT('',(412.,964.,1.));
#14354 = DIRECTION('',(0.,0.,1.));
#14355 = DIRECTION('',(1.,0.,-0.));
#14356 = ADVANCED_FACE('',(#14357),#14373,.F.);
#14357 = FACE_BOUND('',#14358,.T.);
#14358 = EDGE_LOOP('',(#14359,#14365,#14366,#14372));
#14359 = ORIENTED_EDGE('',*,*,#14360,.T.);
#14360 = EDGE_CURVE('',#14123,#13916,#14361,.T.);
#14361 = LINE('',#14362,#14363);
#14362 = CARTESIAN_POINT('',(950.,150.,1.));
#14363 = VECTOR('',#14364,1.);
#14364 = DIRECTION('',(0.,0.,-1.));
#14365 = ORIENTED_EDGE('',*,*,#13915,.T.);
#14366 = ORIENTED_EDGE('',*,*,#14367,.F.);
#14367 = EDGE_CURVE('',#14125,#13918,#14368,.T.);
#14368 = LINE('',#14369,#14370);
#14369 = CARTESIAN_POINT('',(150.,150.,1.));
#14370 = VECTOR('',#14371,1.);
#14371 = DIRECTION('',(0.,0.,-1.));
#14372 = ORIENTED_EDGE('',*,*,#14122,.F.);
#14373 = PLANE('',#14374);
#14374 = AXIS2_PLACEMENT_3D('',#14375,#14376,#14377);
#14375 = CARTESIAN_POINT('',(150.,150.,1.));
#14376 = DIRECTION('',(0.,-1.,0.));
#14377 = DIRECTION('',(0.,0.,-1.));
#14378 = ADVANCED_FACE('',(#14379),#14390,.T.);
#14379 = FACE_BOUND('',#14380,.T.);
#14380 = EDGE_LOOP('',(#14381,#14382,#14383,#14389));
#14381 = ORIENTED_EDGE('',*,*,#14360,.F.);
#14382 = ORIENTED_EDGE('',*,*,#14148,.T.);
#14383 = ORIENTED_EDGE('',*,*,#14384,.T.);
#14384 = EDGE_CURVE('',#14141,#13926,#14385,.T.);
#14385 = LINE('',#14386,#14387);
#14386 = CARTESIAN_POINT('',(950.,950.,1.));
#14387 = VECTOR('',#14388,1.);
#14388 = DIRECTION('',(0.,0.,-1.));
#14389 = ORIENTED_EDGE('',*,*,#13925,.F.);
#14390 = PLANE('',#14391);
#14391 = AXIS2_PLACEMENT_3D('',#14392,#14393,#14394);
#14392 = CARTESIAN_POINT('',(950.,150.,1.));
#14393 = DIRECTION('',(-1.,0.,0.));
#14394 = DIRECTION('',(0.,0.,-1.));
#14395 = ADVANCED_FACE('',(#14396),#14407,.F.);
#14396 = FACE_BOUND('',#14397,.T.);
#14397 = EDGE_LOOP('',(#14398,#14399,#14400,#14406));
#14398 = ORIENTED_EDGE('',*,*,#14367,.T.);
#14399 = ORIENTED_EDGE('',*,*,#13941,.T.);
#14400 = ORIENTED_EDGE('',*,*,#14401,.F.);
#14401 = EDGE_CURVE('',#14133,#13934,#14402,.T.);
#14402 = LINE('',#14403,#14404);
#14403 = CARTESIAN_POINT('',(150.,950.,1.));
#14404 = VECTOR('',#14405,1.);
#14405 = DIRECTION('',(0.,0.,-1.));
#14406 = ORIENTED_EDGE('',*,*,#14132,.F.);
#14407 = PLANE('',#14408);
#14408 = AXIS2_PLACEMENT_3D('',#14409,#14410,#14411);
#14409 = CARTESIAN_POINT('',(150.,150.,1.));
#14410 = DIRECTION('',(-1.,0.,0.));
#14411 = DIRECTION('',(0.,0.,-1.));
#14412 = ADVANCED_FACE('',(#14413),#14419,.T.);
#14413 = FACE_BOUND('',#14414,.T.);
#14414 = EDGE_LOOP('',(#14415,#14416,#14417,#14418));
#14415 = ORIENTED_EDGE('',*,*,#14384,.F.);
#14416 = ORIENTED_EDGE('',*,*,#14140,.T.);
#14417 = ORIENTED_EDGE('',*,*,#14401,.T.);
#14418 = ORIENTED_EDGE('',*,*,#13933,.F.);
#14419 = PLANE('',#14420);
#14420 = AXIS2_PLACEMENT_3D('',#14421,#14422,#14423);
#14421 = CARTESIAN_POINT('',(150.,950.,1.));
#14422 = DIRECTION('',(0.,-1.,0.));
#14423 = DIRECTION('',(0.,0.,-1.));
#14424 = ADVANCED_FACE('',(#14425),#14436,.F.);
#14425 = FACE_BOUND('',#14426,.F.);
#14426 = EDGE_LOOP('',(#14427,#14433,#14434,#14435));
#14427 = ORIENTED_EDGE('',*,*,#14428,.T.);
#14428 = EDGE_CURVE('',#13950,#14157,#14429,.T.);
#14429 = LINE('',#14430,#14431);
#14430 = CARTESIAN_POINT('',(960.,688.,1.));
#14431 = VECTOR('',#14432,1.);
#14432 = DIRECTION('',(0.,0.,1.));
#14433 = ORIENTED_EDGE('',*,*,#14156,.F.);
#14434 = ORIENTED_EDGE('',*,*,#14428,.F.);
#14435 = ORIENTED_EDGE('',*,*,#13949,.T.);
#14436 = CYLINDRICAL_SURFACE('',#14437,4.);
#14437 = AXIS2_PLACEMENT_3D('',#14438,#14439,#14440);
#14438 = CARTESIAN_POINT('',(964.,688.,1.));
#14439 = DIRECTION('',(0.,0.,1.));
#14440 = DIRECTION('',(1.,0.,-0.));
#14441 = ADVANCED_FACE('',(#14442),#14453,.F.);
#14442 = FACE_BOUND('',#14443,.F.);
#14443 = EDGE_LOOP('',(#14444,#14450,#14451,#14452));
#14444 = ORIENTED_EDGE('',*,*,#14445,.T.);
#14445 = EDGE_CURVE('',#13961,#14168,#14446,.T.);
#14446 = LINE('',#14447,#14448);
#14447 = CARTESIAN_POINT('',(684.,964.,1.));
#14448 = VECTOR('',#14449,1.);
#14449 = DIRECTION('',(0.,0.,1.));
#14450 = ORIENTED_EDGE('',*,*,#14167,.F.);
#14451 = ORIENTED_EDGE('',*,*,#14445,.F.);
#14452 = ORIENTED_EDGE('',*,*,#13960,.T.);
#14453 = CYLINDRICAL_SURFACE('',#14454,4.);
#14454 = AXIS2_PLACEMENT_3D('',#14455,#14456,#14457);
#14455 = CARTESIAN_POINT('',(688.,964.,1.));
#14456 = DIRECTION('',(0.,0.,1.));
#14457 = DIRECTION('',(1.,0.,-0.));
#14458 = ADVANCED_FACE('',(#14459),#14470,.F.);
#14459 = FACE_BOUND('',#14460,.F.);
#14460 = EDGE_LOOP('',(#14461,#14467,#14468,#14469));
#14461 = ORIENTED_EDGE('',*,*,#14462,.T.);
#14462 = EDGE_CURVE('',#13972,#14179,#14463,.T.);
#14463 = LINE('',#14464,#14465);
#14464 = CARTESIAN_POINT('',(960.,964.,1.));
#14465 = VECTOR('',#14466,1.);
#14466 = DIRECTION('',(0.,0.,1.));
#14467 = ORIENTED_EDGE('',*,*,#14178,.F.);
#14468 = ORIENTED_EDGE('',*,*,#14462,.F.);
#14469 = ORIENTED_EDGE('',*,*,#13971,.T.);
#14470 = CYLINDRICAL_SURFACE('',#14471,4.);
#14471 = AXIS2_PLACEMENT_3D('',#14472,#14473,#14474);
#14472 = CARTESIAN_POINT('',(964.,964.,1.));
#14473 = DIRECTION('',(0.,0.,1.));
#14474 = DIRECTION('',(1.,0.,-0.));
#14475 = ( GEOMETRIC_REPRESENTATION_CONTEXT(3) 
GLOBAL_UNCERTAINTY_ASSIGNED_CONTEXT((#14479)) 
GLOBAL_UNIT_ASSIGNED_CONTEXT((#14476,#14477,#14478)) 
REPRESENTATION_CONTEXT('Context #1',
  '3D Context with UNIT and UNCERTAINTY') );
#14476 = ( LENGTH_UNIT() NAMED_UNIT(*) SI_UNIT(.MILLI.,.METRE.) );
#14477 = ( NAMED_UNIT(*) PLANE_ANGLE_UNIT() SI_UNIT($,.RADIAN.) );
#14478 = ( NAMED_UNIT(*) SI_UNIT($,.STERADIAN.) SOLID_ANGLE_UNIT() );
#14479 = UNCERTAINTY_MEASURE_WITH_UNIT(LENGTH_MEASURE(1.E-07),#14476,
  'distance_accuracy_value','confusion accuracy');
#14480 = CONTEXT_DEPENDENT_SHAPE_REPRESENTATION(#14481,#14483);
#14481 = ( REPRESENTATION_RELATIONSHIP('','',#13720,#13693) 
REPRESENTATION_RELATIONSHIP_WITH_TRANSFORMATION(#14482) 
SHAPE_REPRESENTATION_RELATIONSHIP() );
#14482 = ITEM_DEFINED_TRANSFORMATION('','',#11,#13694);
#14483 = PRODUCT_DEFINITION_SHAPE('Placement','Placement of an item',
  #14484);
#14484 = NEXT_ASSEMBLY_USAGE_OCCURRENCE('83',
  'Bottom_flange_860_open_800_12xD8(Mirror)001','',#13688,#13715,$);
#14485 = PRODUCT_RELATED_PRODUCT_CATEGORY('part',$,(#13717));
#14486 = SHAPE_DEFINITION_REPRESENTATION(#14487,#14493);
#14487 = PRODUCT_DEFINITION_SHAPE('','',#14488);
#14488 = PRODUCT_DEFINITION('design','',#14489,#14492);
#14489 = PRODUCT_DEFINITION_FORMATION('','',#14490);
#14490 = PRODUCT('Bottom_neck_800_clear(Mirror)001',
  'Bottom_neck_800_clear(Mirror)001','',(#14491));
#14491 = PRODUCT_CONTEXT('',#2,'mechanical');
#14492 = PRODUCT_DEFINITION_CONTEXT('part definition',#2,'design');
#14493 = ADVANCED_BREP_SHAPE_REPRESENTATION('',(#11,#14494),#14780);
#14494 = MANIFOLD_SOLID_BREP('',#14495);
#14495 = CLOSED_SHELL('',(#14496,#14536,#14567,#14625,#14649,#14700,
    #14712,#14734,#14751,#14768));
#14496 = ADVANCED_FACE('',(#14497),#14531,.T.);
#14497 = FACE_BOUND('',#14498,.T.);
#14498 = EDGE_LOOP('',(#14499,#14509,#14517,#14525));
#14499 = ORIENTED_EDGE('',*,*,#14500,.F.);
#14500 = EDGE_CURVE('',#14501,#14503,#14505,.T.);
#14501 = VERTEX_POINT('',#14502);
#14502 = CARTESIAN_POINT('',(148.5,148.5,-1.5));
#14503 = VERTEX_POINT('',#14504);
#14504 = CARTESIAN_POINT('',(148.5,148.5,-30.));
#14505 = LINE('',#14506,#14507);
#14506 = CARTESIAN_POINT('',(148.5,148.5,-1.5));
#14507 = VECTOR('',#14508,1.);
#14508 = DIRECTION('',(0.,0.,-1.));
#14509 = ORIENTED_EDGE('',*,*,#14510,.T.);
#14510 = EDGE_CURVE('',#14501,#14511,#14513,.T.);
#14511 = VERTEX_POINT('',#14512);
#14512 = CARTESIAN_POINT('',(148.5,951.5,-1.5));
#14513 = LINE('',#14514,#14515);
#14514 = CARTESIAN_POINT('',(148.5,148.5,-1.5));
#14515 = VECTOR('',#14516,1.);
#14516 = DIRECTION('',(0.,1.,0.));
#14517 = ORIENTED_EDGE('',*,*,#14518,.T.);
#14518 = EDGE_CURVE('',#14511,#14519,#14521,.T.);
#14519 = VERTEX_POINT('',#14520);
#14520 = CARTESIAN_POINT('',(148.5,951.5,-30.));
#14521 = LINE('',#14522,#14523);
#14522 = CARTESIAN_POINT('',(148.5,951.5,-1.5));
#14523 = VECTOR('',#14524,1.);
#14524 = DIRECTION('',(0.,0.,-1.));
#14525 = ORIENTED_EDGE('',*,*,#14526,.F.);
#14526 = EDGE_CURVE('',#14503,#14519,#14527,.T.);
#14527 = LINE('',#14528,#14529);
#14528 = CARTESIAN_POINT('',(148.5,148.5,-30.));
#14529 = VECTOR('',#14530,1.);
#14530 = DIRECTION('',(0.,1.,0.));
#14531 = PLANE('',#14532);
#14532 = AXIS2_PLACEMENT_3D('',#14533,#14534,#14535);
#14533 = CARTESIAN_POINT('',(148.5,148.5,-1.5));
#14534 = DIRECTION('',(-1.,0.,0.));
#14535 = DIRECTION('',(0.,0.,-1.));
#14536 = ADVANCED_FACE('',(#14537),#14562,.T.);
#14537 = FACE_BOUND('',#14538,.T.);
#14538 = EDGE_LOOP('',(#14539,#14547,#14548,#14556));
#14539 = ORIENTED_EDGE('',*,*,#14540,.F.);
#14540 = EDGE_CURVE('',#14501,#14541,#14543,.T.);
#14541 = VERTEX_POINT('',#14542);
#14542 = CARTESIAN_POINT('',(951.5,148.5,-1.5));
#14543 = LINE('',#14544,#14545);
#14544 = CARTESIAN_POINT('',(148.5,148.5,-1.5));
#14545 = VECTOR('',#14546,1.);
#14546 = DIRECTION('',(1.,0.,0.));
#14547 = ORIENTED_EDGE('',*,*,#14500,.T.);
#14548 = ORIENTED_EDGE('',*,*,#14549,.T.);
#14549 = EDGE_CURVE('',#14503,#14550,#14552,.T.);
#14550 = VERTEX_POINT('',#14551);
#14551 = CARTESIAN_POINT('',(951.5,148.5,-30.));
#14552 = LINE('',#14553,#14554);
#14553 = CARTESIAN_POINT('',(148.5,148.5,-30.));
#14554 = VECTOR('',#14555,1.);
#14555 = DIRECTION('',(1.,0.,0.));
#14556 = ORIENTED_EDGE('',*,*,#14557,.F.);
#14557 = EDGE_CURVE('',#14541,#14550,#14558,.T.);
#14558 = LINE('',#14559,#14560);
#14559 = CARTESIAN_POINT('',(951.5,148.5,-1.5));
#14560 = VECTOR('',#14561,1.);
#14561 = DIRECTION('',(0.,0.,-1.));
#14562 = PLANE('',#14563);
#14563 = AXIS2_PLACEMENT_3D('',#14564,#14565,#14566);
#14564 = CARTESIAN_POINT('',(148.5,148.5,-1.5));
#14565 = DIRECTION('',(0.,-1.,0.));
#14566 = DIRECTION('',(0.,0.,-1.));
#14567 = ADVANCED_FACE('',(#14568,#14586),#14620,.F.);
#14568 = FACE_BOUND('',#14569,.T.);
#14569 = EDGE_LOOP('',(#14570,#14571,#14579,#14585));
#14570 = ORIENTED_EDGE('',*,*,#14526,.T.);
#14571 = ORIENTED_EDGE('',*,*,#14572,.T.);
#14572 = EDGE_CURVE('',#14519,#14573,#14575,.T.);
#14573 = VERTEX_POINT('',#14574);
#14574 = CARTESIAN_POINT('',(951.5,951.5,-30.));
#14575 = LINE('',#14576,#14577);
#14576 = CARTESIAN_POINT('',(148.5,951.5,-30.));
#14577 = VECTOR('',#14578,1.);
#14578 = DIRECTION('',(1.,0.,0.));
#14579 = ORIENTED_EDGE('',*,*,#14580,.F.);
#14580 = EDGE_CURVE('',#14550,#14573,#14581,.T.);
#14581 = LINE('',#14582,#14583);
#14582 = CARTESIAN_POINT('',(951.5,148.5,-30.));
#14583 = VECTOR('',#14584,1.);
#14584 = DIRECTION('',(0.,1.,0.));
#14585 = ORIENTED_EDGE('',*,*,#14549,.F.);
#14586 = FACE_BOUND('',#14587,.T.);
#14587 = EDGE_LOOP('',(#14588,#14598,#14606,#14614));
#14588 = ORIENTED_EDGE('',*,*,#14589,.F.);
#14589 = EDGE_CURVE('',#14590,#14592,#14594,.T.);
#14590 = VERTEX_POINT('',#14591);
#14591 = CARTESIAN_POINT('',(950.,150.,-30.));
#14592 = VERTEX_POINT('',#14593);
#14593 = CARTESIAN_POINT('',(150.,150.,-30.));
#14594 = LINE('',#14595,#14596);
#14595 = CARTESIAN_POINT('',(149.25,150.,-30.));
#14596 = VECTOR('',#14597,1.);
#14597 = DIRECTION('',(-1.,0.,0.));
#14598 = ORIENTED_EDGE('',*,*,#14599,.T.);
#14599 = EDGE_CURVE('',#14590,#14600,#14602,.T.);
#14600 = VERTEX_POINT('',#14601);
#14601 = CARTESIAN_POINT('',(950.,950.,-30.));
#14602 = LINE('',#14603,#14604);
#14603 = CARTESIAN_POINT('',(950.,149.25,-30.));
#14604 = VECTOR('',#14605,1.);
#14605 = DIRECTION('',(0.,1.,0.));
#14606 = ORIENTED_EDGE('',*,*,#14607,.T.);
#14607 = EDGE_CURVE('',#14600,#14608,#14610,.T.);
#14608 = VERTEX_POINT('',#14609);
#14609 = CARTESIAN_POINT('',(150.,950.,-30.));
#14610 = LINE('',#14611,#14612);
#14611 = CARTESIAN_POINT('',(149.25,950.,-30.));
#14612 = VECTOR('',#14613,1.);
#14613 = DIRECTION('',(-1.,0.,0.));
#14614 = ORIENTED_EDGE('',*,*,#14615,.F.);
#14615 = EDGE_CURVE('',#14592,#14608,#14616,.T.);
#14616 = LINE('',#14617,#14618);
#14617 = CARTESIAN_POINT('',(150.,149.25,-30.));
#14618 = VECTOR('',#14619,1.);
#14619 = DIRECTION('',(0.,1.,0.));
#14620 = PLANE('',#14621);
#14621 = AXIS2_PLACEMENT_3D('',#14622,#14623,#14624);
#14622 = CARTESIAN_POINT('',(148.5,148.5,-30.));
#14623 = DIRECTION('',(0.,0.,1.));
#14624 = DIRECTION('',(1.,0.,-0.));
#14625 = ADVANCED_FACE('',(#14626),#14644,.F.);
#14626 = FACE_BOUND('',#14627,.T.);
#14627 = EDGE_LOOP('',(#14628,#14636,#14642,#14643));
#14628 = ORIENTED_EDGE('',*,*,#14629,.T.);
#14629 = EDGE_CURVE('',#14511,#14630,#14632,.T.);
#14630 = VERTEX_POINT('',#14631);
#14631 = CARTESIAN_POINT('',(951.5,951.5,-1.5));
#14632 = LINE('',#14633,#14634);
#14633 = CARTESIAN_POINT('',(148.5,951.5,-1.5));
#14634 = VECTOR('',#14635,1.);
#14635 = DIRECTION('',(1.,0.,0.));
#14636 = ORIENTED_EDGE('',*,*,#14637,.T.);
#14637 = EDGE_CURVE('',#14630,#14573,#14638,.T.);
#14638 = LINE('',#14639,#14640);
#14639 = CARTESIAN_POINT('',(951.5,951.5,-1.5));
#14640 = VECTOR('',#14641,1.);
#14641 = DIRECTION('',(0.,0.,-1.));
#14642 = ORIENTED_EDGE('',*,*,#14572,.F.);
#14643 = ORIENTED_EDGE('',*,*,#14518,.F.);
#14644 = PLANE('',#14645);
#14645 = AXIS2_PLACEMENT_3D('',#14646,#14647,#14648);
#14646 = CARTESIAN_POINT('',(148.5,951.5,-1.5));
#14647 = DIRECTION('',(0.,-1.,0.));
#14648 = DIRECTION('',(0.,0.,-1.));
#14649 = ADVANCED_FACE('',(#14650,#14661),#14695,.T.);
#14650 = FACE_BOUND('',#14651,.T.);
#14651 = EDGE_LOOP('',(#14652,#14653,#14654,#14660));
#14652 = ORIENTED_EDGE('',*,*,#14510,.F.);
#14653 = ORIENTED_EDGE('',*,*,#14540,.T.);
#14654 = ORIENTED_EDGE('',*,*,#14655,.T.);
#14655 = EDGE_CURVE('',#14541,#14630,#14656,.T.);
#14656 = LINE('',#14657,#14658);
#14657 = CARTESIAN_POINT('',(951.5,148.5,-1.5));
#14658 = VECTOR('',#14659,1.);
#14659 = DIRECTION('',(0.,1.,0.));
#14660 = ORIENTED_EDGE('',*,*,#14629,.F.);
#14661 = FACE_BOUND('',#14662,.T.);
#14662 = EDGE_LOOP('',(#14663,#14673,#14681,#14689));
#14663 = ORIENTED_EDGE('',*,*,#14664,.T.);
#14664 = EDGE_CURVE('',#14665,#14667,#14669,.T.);
#14665 = VERTEX_POINT('',#14666);
#14666 = CARTESIAN_POINT('',(950.,150.,-1.5));
#14667 = VERTEX_POINT('',#14668);
#14668 = CARTESIAN_POINT('',(150.,150.,-1.5));
#14669 = LINE('',#14670,#14671);
#14670 = CARTESIAN_POINT('',(149.25,150.,-1.5));
#14671 = VECTOR('',#14672,1.);
#14672 = DIRECTION('',(-1.,0.,0.));
#14673 = ORIENTED_EDGE('',*,*,#14674,.T.);
#14674 = EDGE_CURVE('',#14667,#14675,#14677,.T.);
#14675 = VERTEX_POINT('',#14676);
#14676 = CARTESIAN_POINT('',(150.,950.,-1.5));
#14677 = LINE('',#14678,#14679);
#14678 = CARTESIAN_POINT('',(150.,149.25,-1.5));
#14679 = VECTOR('',#14680,1.);
#14680 = DIRECTION('',(0.,1.,0.));
#14681 = ORIENTED_EDGE('',*,*,#14682,.F.);
#14682 = EDGE_CURVE('',#14683,#14675,#14685,.T.);
#14683 = VERTEX_POINT('',#14684);
#14684 = CARTESIAN_POINT('',(950.,950.,-1.5));
#14685 = LINE('',#14686,#14687);
#14686 = CARTESIAN_POINT('',(149.25,950.,-1.5));
#14687 = VECTOR('',#14688,1.);
#14688 = DIRECTION('',(-1.,0.,0.));
#14689 = ORIENTED_EDGE('',*,*,#14690,.F.);
#14690 = EDGE_CURVE('',#14665,#14683,#14691,.T.);
#14691 = LINE('',#14692,#14693);
#14692 = CARTESIAN_POINT('',(950.,149.25,-1.5));
#14693 = VECTOR('',#14694,1.);
#14694 = DIRECTION('',(0.,1.,0.));
#14695 = PLANE('',#14696);
#14696 = AXIS2_PLACEMENT_3D('',#14697,#14698,#14699);
#14697 = CARTESIAN_POINT('',(148.5,148.5,-1.5));
#14698 = DIRECTION('',(0.,0.,1.));
#14699 = DIRECTION('',(1.,0.,-0.));
#14700 = ADVANCED_FACE('',(#14701),#14707,.F.);
#14701 = FACE_BOUND('',#14702,.T.);
#14702 = EDGE_LOOP('',(#14703,#14704,#14705,#14706));
#14703 = ORIENTED_EDGE('',*,*,#14557,.T.);
#14704 = ORIENTED_EDGE('',*,*,#14580,.T.);
#14705 = ORIENTED_EDGE('',*,*,#14637,.F.);
#14706 = ORIENTED_EDGE('',*,*,#14655,.F.);
#14707 = PLANE('',#14708);
#14708 = AXIS2_PLACEMENT_3D('',#14709,#14710,#14711);
#14709 = CARTESIAN_POINT('',(951.5,148.5,-1.5));
#14710 = DIRECTION('',(-1.,0.,0.));
#14711 = DIRECTION('',(0.,0.,-1.));
#14712 = ADVANCED_FACE('',(#14713),#14729,.F.);
#14713 = FACE_BOUND('',#14714,.T.);
#14714 = EDGE_LOOP('',(#14715,#14721,#14722,#14728));
#14715 = ORIENTED_EDGE('',*,*,#14716,.T.);
#14716 = EDGE_CURVE('',#14665,#14590,#14717,.T.);
#14717 = LINE('',#14718,#14719);
#14718 = CARTESIAN_POINT('',(950.,150.,-0.5));
#14719 = VECTOR('',#14720,1.);
#14720 = DIRECTION('',(0.,0.,-1.));
#14721 = ORIENTED_EDGE('',*,*,#14589,.T.);
#14722 = ORIENTED_EDGE('',*,*,#14723,.F.);
#14723 = EDGE_CURVE('',#14667,#14592,#14724,.T.);
#14724 = LINE('',#14725,#14726);
#14725 = CARTESIAN_POINT('',(150.,150.,-0.5));
#14726 = VECTOR('',#14727,1.);
#14727 = DIRECTION('',(0.,0.,-1.));
#14728 = ORIENTED_EDGE('',*,*,#14664,.F.);
#14729 = PLANE('',#14730);
#14730 = AXIS2_PLACEMENT_3D('',#14731,#14732,#14733);
#14731 = CARTESIAN_POINT('',(150.,150.,-0.5));
#14732 = DIRECTION('',(0.,-1.,0.));
#14733 = DIRECTION('',(0.,0.,-1.));
#14734 = ADVANCED_FACE('',(#14735),#14746,.T.);
#14735 = FACE_BOUND('',#14736,.T.);
#14736 = EDGE_LOOP('',(#14737,#14738,#14739,#14745));
#14737 = ORIENTED_EDGE('',*,*,#14716,.F.);
#14738 = ORIENTED_EDGE('',*,*,#14690,.T.);
#14739 = ORIENTED_EDGE('',*,*,#14740,.T.);
#14740 = EDGE_CURVE('',#14683,#14600,#14741,.T.);
#14741 = LINE('',#14742,#14743);
#14742 = CARTESIAN_POINT('',(950.,950.,-0.5));
#14743 = VECTOR('',#14744,1.);
#14744 = DIRECTION('',(0.,0.,-1.));
#14745 = ORIENTED_EDGE('',*,*,#14599,.F.);
#14746 = PLANE('',#14747);
#14747 = AXIS2_PLACEMENT_3D('',#14748,#14749,#14750);
#14748 = CARTESIAN_POINT('',(950.,150.,-0.5));
#14749 = DIRECTION('',(-1.,0.,0.));
#14750 = DIRECTION('',(0.,0.,-1.));
#14751 = ADVANCED_FACE('',(#14752),#14763,.T.);
#14752 = FACE_BOUND('',#14753,.T.);
#14753 = EDGE_LOOP('',(#14754,#14755,#14756,#14762));
#14754 = ORIENTED_EDGE('',*,*,#14740,.F.);
#14755 = ORIENTED_EDGE('',*,*,#14682,.T.);
#14756 = ORIENTED_EDGE('',*,*,#14757,.T.);
#14757 = EDGE_CURVE('',#14675,#14608,#14758,.T.);
#14758 = LINE('',#14759,#14760);
#14759 = CARTESIAN_POINT('',(150.,950.,-0.5));
#14760 = VECTOR('',#14761,1.);
#14761 = DIRECTION('',(0.,0.,-1.));
#14762 = ORIENTED_EDGE('',*,*,#14607,.F.);
#14763 = PLANE('',#14764);
#14764 = AXIS2_PLACEMENT_3D('',#14765,#14766,#14767);
#14765 = CARTESIAN_POINT('',(150.,950.,-0.5));
#14766 = DIRECTION('',(0.,-1.,0.));
#14767 = DIRECTION('',(0.,0.,-1.));
#14768 = ADVANCED_FACE('',(#14769),#14775,.F.);
#14769 = FACE_BOUND('',#14770,.T.);
#14770 = EDGE_LOOP('',(#14771,#14772,#14773,#14774));
#14771 = ORIENTED_EDGE('',*,*,#14723,.T.);
#14772 = ORIENTED_EDGE('',*,*,#14615,.T.);
#14773 = ORIENTED_EDGE('',*,*,#14757,.F.);
#14774 = ORIENTED_EDGE('',*,*,#14674,.F.);
#14775 = PLANE('',#14776);
#14776 = AXIS2_PLACEMENT_3D('',#14777,#14778,#14779);
#14777 = CARTESIAN_POINT('',(150.,150.,-0.5));
#14778 = DIRECTION('',(-1.,0.,0.));
#14779 = DIRECTION('',(0.,0.,-1.));
#14780 = ( GEOMETRIC_REPRESENTATION_CONTEXT(3) 
GLOBAL_UNCERTAINTY_ASSIGNED_CONTEXT((#14784)) 
GLOBAL_UNIT_ASSIGNED_CONTEXT((#14781,#14782,#14783)) 
REPRESENTATION_CONTEXT('Context #1',
  '3D Context with UNIT and UNCERTAINTY') );
#14781 = ( LENGTH_UNIT() NAMED_UNIT(*) SI_UNIT(.MILLI.,.METRE.) );
#14782 = ( NAMED_UNIT(*) PLANE_ANGLE_UNIT() SI_UNIT($,.RADIAN.) );
#14783 = ( NAMED_UNIT(*) SI_UNIT($,.STERADIAN.) SOLID_ANGLE_UNIT() );
#14784 = UNCERTAINTY_MEASURE_WITH_UNIT(LENGTH_MEASURE(1.E-07),#14781,
  'distance_accuracy_value','confusion accuracy');
#14785 = CONTEXT_DEPENDENT_SHAPE_REPRESENTATION(#14786,#14788);
#14786 = ( REPRESENTATION_RELATIONSHIP('','',#14493,#13693) 
REPRESENTATION_RELATIONSHIP_WITH_TRANSFORMATION(#14787) 
SHAPE_REPRESENTATION_RELATIONSHIP() );
#14787 = ITEM_DEFINED_TRANSFORMATION('','',#11,#13698);
#14788 = PRODUCT_DEFINITION_SHAPE('Placement','Placement of an item',
  #14789);
#14789 = NEXT_ASSEMBLY_USAGE_OCCURRENCE('84',
  'Bottom_neck_800_clear(Mirror)001','',#13688,#14488,$);
#14790 = PRODUCT_RELATED_PRODUCT_CATEGORY('part',$,(#14490));
#14791 = CONTEXT_DEPENDENT_SHAPE_REPRESENTATION(#14792,#14794);
#14792 = ( REPRESENTATION_RELATIONSHIP('','',#747,#10) 
REPRESENTATION_RELATIONSHIP_WITH_TRANSFORMATION(#14793) 
SHAPE_REPRESENTATION_RELATIONSHIP() );
#14793 = ITEM_DEFINED_TRANSFORMATION('','',#11,#19);
#14794 = PRODUCT_DEFINITION_SHAPE('Placement','Placement of an item',
  #14795);
#14795 = NEXT_ASSEMBLY_USAGE_OCCURRENCE('89',
  'Custom plenum and Airkan-style offsets','',#5,#742,$);
#14796 = CONTEXT_DEPENDENT_SHAPE_REPRESENTATION(#14797,#14799);
#14797 = ( REPRESENTATION_RELATIONSHIP('','',#2584,#10) 
REPRESENTATION_RELATIONSHIP_WITH_TRANSFORMATION(#14798) 
SHAPE_REPRESENTATION_RELATIONSHIP() );
#14798 = ITEM_DEFINED_TRANSFORMATION('','',#11,#23);
#14799 = PRODUCT_DEFINITION_SHAPE('Placement','Placement of an item',
  #14800);
#14800 = NEXT_ASSEMBLY_USAGE_OCCURRENCE('90',
  'Imported STEP references (visual placement)','',#5,#2579,$);
#14801 = CONTEXT_DEPENDENT_SHAPE_REPRESENTATION(#14802,#14804);
#14802 = ( REPRESENTATION_RELATIONSHIP('','',#790,#10) 
REPRESENTATION_RELATIONSHIP_WITH_TRANSFORMATION(#14803) 
SHAPE_REPRESENTATION_RELATIONSHIP() );
#14803 = ITEM_DEFINED_TRANSFORMATION('','',#11,#27);
#14804 = PRODUCT_DEFINITION_SHAPE('Placement','Placement of an item',
  #14805);
#14805 = NEXT_ASSEMBLY_USAGE_OCCURRENCE('91',
  'Custom 1-to-2 distribution plenum','',#5,#785,$);
#14806 = CONTEXT_DEPENDENT_SHAPE_REPRESENTATION(#14807,#14809);
#14807 = ( REPRESENTATION_RELATIONSHIP('','',#1083,#10) 
REPRESENTATION_RELATIONSHIP_WITH_TRANSFORMATION(#14808) 
SHAPE_REPRESENTATION_RELATIONSHIP() );
#14808 = ITEM_DEFINED_TRANSFORMATION('','',#11,#31);
#14809 = PRODUCT_DEFINITION_SHAPE('Placement','Placement of an item',
  #14810);
#14810 = NEXT_ASSEMBLY_USAGE_OCCURRENCE('92',
  'Airkan-style offset, left branch','',#5,#1078,$);
#14811 = CONTEXT_DEPENDENT_SHAPE_REPRESENTATION(#14812,#14814);
#14812 = ( REPRESENTATION_RELATIONSHIP('','',#1376,#10) 
REPRESENTATION_RELATIONSHIP_WITH_TRANSFORMATION(#14813) 
SHAPE_REPRESENTATION_RELATIONSHIP() );
#14813 = ITEM_DEFINED_TRANSFORMATION('','',#11,#35);
#14814 = PRODUCT_DEFINITION_SHAPE('Placement','Placement of an item',
  #14815);
#14815 = NEXT_ASSEMBLY_USAGE_OCCURRENCE('93',
  'Airkan-style offset, right branch','',#5,#1371,$);
#14816 = CONTEXT_DEPENDENT_SHAPE_REPRESENTATION(#14817,#14819);
#14817 = ( REPRESENTATION_RELATIONSHIP('','',#1669,#10) 
REPRESENTATION_RELATIONSHIP_WITH_TRANSFORMATION(#14818) 
SHAPE_REPRESENTATION_RELATIONSHIP() );
#14818 = ITEM_DEFINED_TRANSFORMATION('','',#11,#39);
#14819 = PRODUCT_DEFINITION_SHAPE('Placement','Placement of an item',
  #14820);
#14820 = NEXT_ASSEMBLY_USAGE_OCCURRENCE('94',
  'Reference inlet flange frame','',#5,#1664,$);
#14821 = CONTEXT_DEPENDENT_SHAPE_REPRESENTATION(#14822,#14824);
#14822 = ( REPRESENTATION_RELATIONSHIP('','',#1974,#10) 
REPRESENTATION_RELATIONSHIP_WITH_TRANSFORMATION(#14823) 
SHAPE_REPRESENTATION_RELATIONSHIP() );
#14823 = ITEM_DEFINED_TRANSFORMATION('','',#11,#43);
#14824 = PRODUCT_DEFINITION_SHAPE('Placement','Placement of an item',
  #14825);
#14825 = NEXT_ASSEMBLY_USAGE_OCCURRENCE('95',
  'Reference left outlet flange frame','',#5,#1969,$);
#14826 = CONTEXT_DEPENDENT_SHAPE_REPRESENTATION(#14827,#14829);
#14827 = ( REPRESENTATION_RELATIONSHIP('','',#2279,#10) 
REPRESENTATION_RELATIONSHIP_WITH_TRANSFORMATION(#14828) 
SHAPE_REPRESENTATION_RELATIONSHIP() );
#14828 = ITEM_DEFINED_TRANSFORMATION('','',#11,#47);
#14829 = PRODUCT_DEFINITION_SHAPE('Placement','Placement of an item',
  #14830);
#14830 = NEXT_ASSEMBLY_USAGE_OCCURRENCE('96',
  'Reference right outlet flange frame','',#5,#2274,$);
#14831 = CONTEXT_DEPENDENT_SHAPE_REPRESENTATION(#14832,#14834);
#14832 = ( REPRESENTATION_RELATIONSHIP('','',#2615,#10) 
REPRESENTATION_RELATIONSHIP_WITH_TRANSFORMATION(#14833) 
SHAPE_REPRESENTATION_RELATIONSHIP() );
#14833 = ITEM_DEFINED_TRANSFORMATION('','',#11,#51);
#14834 = PRODUCT_DEFINITION_SHAPE('Placement','Placement of an item',
  #14835);
#14835 = NEXT_ASSEMBLY_USAGE_OCCURRENCE('97','Bend 1000x1000 90 deg','',
  #5,#2610,$);
#14836 = CONTEXT_DEPENDENT_SHAPE_REPRESENTATION(#14837,#14839);
#14837 = ( REPRESENTATION_RELATIONSHIP('','',#3538,#10) 
REPRESENTATION_RELATIONSHIP_WITH_TRANSFORMATION(#14838) 
SHAPE_REPRESENTATION_RELATIONSHIP() );
#14838 = ITEM_DEFINED_TRANSFORMATION('','',#11,#55);
#14839 = PRODUCT_DEFINITION_SHAPE('Placement','Placement of an item',
  #14840);
#14840 = NEXT_ASSEMBLY_USAGE_OCCURRENCE('98',
  'Bottom_flange_860_open_800_12xD8','',#5,#3533,$);
#14841 = CONTEXT_DEPENDENT_SHAPE_REPRESENTATION(#14842,#14844);
#14842 = ( REPRESENTATION_RELATIONSHIP('','',#4311,#10) 
REPRESENTATION_RELATIONSHIP_WITH_TRANSFORMATION(#14843) 
SHAPE_REPRESENTATION_RELATIONSHIP() );
#14843 = ITEM_DEFINED_TRANSFORMATION('','',#11,#59);
#14844 = PRODUCT_DEFINITION_SHAPE('Placement','Placement of an item',
  #14845);
#14845 = NEXT_ASSEMBLY_USAGE_OCCURRENCE('99','Bottom_neck_800_clear','',
  #5,#4306,$);
#14846 = CONTEXT_DEPENDENT_SHAPE_REPRESENTATION(#14847,#14849);
#14847 = ( REPRESENTATION_RELATIONSHIP('','',#3511,#10) 
REPRESENTATION_RELATIONSHIP_WITH_TRANSFORMATION(#14848) 
SHAPE_REPRESENTATION_RELATIONSHIP() );
#14848 = ITEM_DEFINED_TRANSFORMATION('','',#11,#63);
#14849 = PRODUCT_DEFINITION_SHAPE('Placement','Placement of an item',
  #14850);
#14850 = NEXT_ASSEMBLY_USAGE_OCCURRENCE('100','01_Lower_connection','',
  #5,#3506,$);
#14851 = SHAPE_DEFINITION_REPRESENTATION(#14852,#14858);
#14852 = PRODUCT_DEFINITION_SHAPE('','',#14853);
#14853 = PRODUCT_DEFINITION('design','',#14854,#14857);
#14854 = PRODUCT_DEFINITION_FORMATION('','',#14855);
#14855 = PRODUCT('X-axis','X-axis','',(#14856));
#14856 = PRODUCT_CONTEXT('',#2,'mechanical');
#14857 = PRODUCT_DEFINITION_CONTEXT('part definition',#2,'design');
#14858 = GEOMETRICALLY_BOUNDED_WIREFRAME_SHAPE_REPRESENTATION('',(#11,
    #14859),#14864);
#14859 = GEOMETRIC_CURVE_SET('',(#14860));
#14860 = LINE('',#14861,#14862);
#14861 = CARTESIAN_POINT('',(0.,0.,0.));
#14862 = VECTOR('',#14863,1.);
#14863 = DIRECTION('',(1.,0.,0.));
#14864 = ( GEOMETRIC_REPRESENTATION_CONTEXT(3) 
GLOBAL_UNCERTAINTY_ASSIGNED_CONTEXT((#14868)) 
GLOBAL_UNIT_ASSIGNED_CONTEXT((#14865,#14866,#14867)) 
REPRESENTATION_CONTEXT('Context #1',
  '3D Context with UNIT and UNCERTAINTY') );
#14865 = ( LENGTH_UNIT() NAMED_UNIT(*) SI_UNIT(.MILLI.,.METRE.) );
#14866 = ( NAMED_UNIT(*) PLANE_ANGLE_UNIT() SI_UNIT($,.RADIAN.) );
#14867 = ( NAMED_UNIT(*) SI_UNIT($,.STERADIAN.) SOLID_ANGLE_UNIT() );
#14868 = UNCERTAINTY_MEASURE_WITH_UNIT(LENGTH_MEASURE(1.E-07),#14865,
  'distance_accuracy_value','confusion accuracy');
#14869 = CONTEXT_DEPENDENT_SHAPE_REPRESENTATION(#14870,#14872);
#14870 = ( REPRESENTATION_RELATIONSHIP('','',#14858,#10) 
REPRESENTATION_RELATIONSHIP_WITH_TRANSFORMATION(#14871) 
SHAPE_REPRESENTATION_RELATIONSHIP() );
#14871 = ITEM_DEFINED_TRANSFORMATION('','',#11,#67);
#14872 = PRODUCT_DEFINITION_SHAPE('Placement','Placement of an item',
  #14873);
#14873 = NEXT_ASSEMBLY_USAGE_OCCURRENCE('101','X-axis','',#5,#14853,$);
#14874 = PRODUCT_RELATED_PRODUCT_CATEGORY('part',$,(#14855));
#14875 = CONTEXT_DEPENDENT_SHAPE_REPRESENTATION(#14876,#14878);
#14876 = ( REPRESENTATION_RELATIONSHIP('','',#14858,#10) 
REPRESENTATION_RELATIONSHIP_WITH_TRANSFORMATION(#14877) 
SHAPE_REPRESENTATION_RELATIONSHIP() );
#14877 = ITEM_DEFINED_TRANSFORMATION('','',#11,#71);
#14878 = PRODUCT_DEFINITION_SHAPE('Placement','Placement of an item',
  #14879);
#14879 = NEXT_ASSEMBLY_USAGE_OCCURRENCE('102','Y-axis','',#5,#14853,$);
#14880 = CONTEXT_DEPENDENT_SHAPE_REPRESENTATION(#14881,#14883);
#14881 = ( REPRESENTATION_RELATIONSHIP('','',#14858,#10) 
REPRESENTATION_RELATIONSHIP_WITH_TRANSFORMATION(#14882) 
SHAPE_REPRESENTATION_RELATIONSHIP() );
#14882 = ITEM_DEFINED_TRANSFORMATION('','',#11,#75);
#14883 = PRODUCT_DEFINITION_SHAPE('Placement','Placement of an item',
  #14884);
#14884 = NEXT_ASSEMBLY_USAGE_OCCURRENCE('103','Z-axis','',#5,#14853,$);
#14885 = SHAPE_DEFINITION_REPRESENTATION(#14886,#14892);
#14886 = PRODUCT_DEFINITION_SHAPE('','',#14887);
#14887 = PRODUCT_DEFINITION('design','',#14888,#14891);
#14888 = PRODUCT_DEFINITION_FORMATION('','',#14889);
#14889 = PRODUCT('XY-plane','XY-plane','',(#14890));
#14890 = PRODUCT_CONTEXT('',#2,'mechanical');
#14891 = PRODUCT_DEFINITION_CONTEXT('part definition',#2,'design');
#14892 = MANIFOLD_SURFACE_SHAPE_REPRESENTATION('',(#11),#14893);
#14893 = ( GEOMETRIC_REPRESENTATION_CONTEXT(3) 
GLOBAL_UNCERTAINTY_ASSIGNED_CONTEXT((#14897)) 
GLOBAL_UNIT_ASSIGNED_CONTEXT((#14894,#14895,#14896)) 
REPRESENTATION_CONTEXT('Context #1',
  '3D Context with UNIT and UNCERTAINTY') );
#14894 = ( LENGTH_UNIT() NAMED_UNIT(*) SI_UNIT(.MILLI.,.METRE.) );
#14895 = ( NAMED_UNIT(*) PLANE_ANGLE_UNIT() SI_UNIT($,.RADIAN.) );
#14896 = ( NAMED_UNIT(*) SI_UNIT($,.STERADIAN.) SOLID_ANGLE_UNIT() );
#14897 = UNCERTAINTY_MEASURE_WITH_UNIT(LENGTH_MEASURE(1.E-07),#14894,
  'distance_accuracy_value','confusion accuracy');
#14898 = CONTEXT_DEPENDENT_SHAPE_REPRESENTATION(#14899,#14901);
#14899 = ( REPRESENTATION_RELATIONSHIP('','',#14892,#10) 
REPRESENTATION_RELATIONSHIP_WITH_TRANSFORMATION(#14900) 
SHAPE_REPRESENTATION_RELATIONSHIP() );
#14900 = ITEM_DEFINED_TRANSFORMATION('','',#11,#79);
#14901 = PRODUCT_DEFINITION_SHAPE('Placement','Placement of an item',
  #14902);
#14902 = NEXT_ASSEMBLY_USAGE_OCCURRENCE('104','XY-plane','',#5,#14887,$
  );
#14903 = PRODUCT_RELATED_PRODUCT_CATEGORY('part',$,(#14889));
#14904 = CONTEXT_DEPENDENT_SHAPE_REPRESENTATION(#14905,#14907);
#14905 = ( REPRESENTATION_RELATIONSHIP('','',#14892,#10) 
REPRESENTATION_RELATIONSHIP_WITH_TRANSFORMATION(#14906) 
SHAPE_REPRESENTATION_RELATIONSHIP() );
#14906 = ITEM_DEFINED_TRANSFORMATION('','',#11,#83);
#14907 = PRODUCT_DEFINITION_SHAPE('Placement','Placement of an item',
  #14908);
#14908 = NEXT_ASSEMBLY_USAGE_OCCURRENCE('105','XZ-plane','',#5,#14887,$
  );
#14909 = CONTEXT_DEPENDENT_SHAPE_REPRESENTATION(#14910,#14912);
#14910 = ( REPRESENTATION_RELATIONSHIP('','',#14892,#10) 
REPRESENTATION_RELATIONSHIP_WITH_TRANSFORMATION(#14911) 
SHAPE_REPRESENTATION_RELATIONSHIP() );
#14911 = ITEM_DEFINED_TRANSFORMATION('','',#11,#87);
#14912 = PRODUCT_DEFINITION_SHAPE('Placement','Placement of an item',
  #14913);
#14913 = NEXT_ASSEMBLY_USAGE_OCCURRENCE('106','YZ-plane','',#5,#14887,$
  );
#14914 = CONTEXT_DEPENDENT_SHAPE_REPRESENTATION(#14915,#14917);
#14915 = ( REPRESENTATION_RELATIONSHIP('','',#4686,#10) 
REPRESENTATION_RELATIONSHIP_WITH_TRANSFORMATION(#14916) 
SHAPE_REPRESENTATION_RELATIONSHIP() );
#14916 = ITEM_DEFINED_TRANSFORMATION('','',#11,#91);
#14917 = PRODUCT_DEFINITION_SHAPE('Placement','Placement of an item',
  #14918);
#14918 = NEXT_ASSEMBLY_USAGE_OCCURRENCE('107','Housing_bottom_panel','',
  #5,#4681,$);
#14919 = CONTEXT_DEPENDENT_SHAPE_REPRESENTATION(#14920,#14922);
#14920 = ( REPRESENTATION_RELATIONSHIP('','',#4991,#10) 
REPRESENTATION_RELATIONSHIP_WITH_TRANSFORMATION(#14921) 
SHAPE_REPRESENTATION_RELATIONSHIP() );
#14921 = ITEM_DEFINED_TRANSFORMATION('','',#11,#95);
#14922 = PRODUCT_DEFINITION_SHAPE('Placement','Placement of an item',
  #14923);
#14923 = NEXT_ASSEMBLY_USAGE_OCCURRENCE('108','Housing_bottom_panel001',
  '',#5,#4986,$);
#14924 = CONTEXT_DEPENDENT_SHAPE_REPRESENTATION(#14925,#14927);
#14925 = ( REPRESENTATION_RELATIONSHIP('','',#4659,#10) 
REPRESENTATION_RELATIONSHIP_WITH_TRANSFORMATION(#14926) 
SHAPE_REPRESENTATION_RELATIONSHIP() );
#14926 = ITEM_DEFINED_TRANSFORMATION('','',#11,#99);
#14927 = PRODUCT_DEFINITION_SHAPE('Placement','Placement of an item',
  #14928);
#14928 = NEXT_ASSEMBLY_USAGE_OCCURRENCE('109','Housing_bottom_panel002',
  '',#5,#4654,$);
#14929 = CONTEXT_DEPENDENT_SHAPE_REPRESENTATION(#14930,#14932);
#14930 = ( REPRESENTATION_RELATIONSHIP('','',#14858,#10) 
REPRESENTATION_RELATIONSHIP_WITH_TRANSFORMATION(#14931) 
SHAPE_REPRESENTATION_RELATIONSHIP() );
#14931 = ITEM_DEFINED_TRANSFORMATION('','',#11,#103);
#14932 = PRODUCT_DEFINITION_SHAPE('Placement','Placement of an item',
  #14933);
#14933 = NEXT_ASSEMBLY_USAGE_OCCURRENCE('110','X-axis001','',#5,#14853,$
  );
#14934 = CONTEXT_DEPENDENT_SHAPE_REPRESENTATION(#14935,#14937);
#14935 = ( REPRESENTATION_RELATIONSHIP('','',#14858,#10) 
REPRESENTATION_RELATIONSHIP_WITH_TRANSFORMATION(#14936) 
SHAPE_REPRESENTATION_RELATIONSHIP() );
#14936 = ITEM_DEFINED_TRANSFORMATION('','',#11,#107);
#14937 = PRODUCT_DEFINITION_SHAPE('Placement','Placement of an item',
  #14938);
#14938 = NEXT_ASSEMBLY_USAGE_OCCURRENCE('111','Y-axis001','',#5,#14853,$
  );
#14939 = CONTEXT_DEPENDENT_SHAPE_REPRESENTATION(#14940,#14942);
#14940 = ( REPRESENTATION_RELATIONSHIP('','',#14858,#10) 
REPRESENTATION_RELATIONSHIP_WITH_TRANSFORMATION(#14941) 
SHAPE_REPRESENTATION_RELATIONSHIP() );
#14941 = ITEM_DEFINED_TRANSFORMATION('','',#11,#111);
#14942 = PRODUCT_DEFINITION_SHAPE('Placement','Placement of an item',
  #14943);
#14943 = NEXT_ASSEMBLY_USAGE_OCCURRENCE('112','Z-axis001','',#5,#14853,$
  );
#14944 = CONTEXT_DEPENDENT_SHAPE_REPRESENTATION(#14945,#14947);
#14945 = ( REPRESENTATION_RELATIONSHIP('','',#14892,#10) 
REPRESENTATION_RELATIONSHIP_WITH_TRANSFORMATION(#14946) 
SHAPE_REPRESENTATION_RELATIONSHIP() );
#14946 = ITEM_DEFINED_TRANSFORMATION('','',#11,#115);
#14947 = PRODUCT_DEFINITION_SHAPE('Placement','Placement of an item',
  #14948);
#14948 = NEXT_ASSEMBLY_USAGE_OCCURRENCE('113','XY-plane001','',#5,#14887
  ,$);
#14949 = CONTEXT_DEPENDENT_SHAPE_REPRESENTATION(#14950,#14952);
#14950 = ( REPRESENTATION_RELATIONSHIP('','',#14892,#10) 
REPRESENTATION_RELATIONSHIP_WITH_TRANSFORMATION(#14951) 
SHAPE_REPRESENTATION_RELATIONSHIP() );
#14951 = ITEM_DEFINED_TRANSFORMATION('','',#11,#119);
#14952 = PRODUCT_DEFINITION_SHAPE('Placement','Placement of an item',
  #14953);
#14953 = NEXT_ASSEMBLY_USAGE_OCCURRENCE('114','XZ-plane001','',#5,#14887
  ,$);
#14954 = CONTEXT_DEPENDENT_SHAPE_REPRESENTATION(#14955,#14957);
#14955 = ( REPRESENTATION_RELATIONSHIP('','',#14892,#10) 
REPRESENTATION_RELATIONSHIP_WITH_TRANSFORMATION(#14956) 
SHAPE_REPRESENTATION_RELATIONSHIP() );
#14956 = ITEM_DEFINED_TRANSFORMATION('','',#11,#123);
#14957 = PRODUCT_DEFINITION_SHAPE('Placement','Placement of an item',
  #14958);
#14958 = NEXT_ASSEMBLY_USAGE_OCCURRENCE('115','YZ-plane001','',#5,#14887
  ,$);
#14959 = CONTEXT_DEPENDENT_SHAPE_REPRESENTATION(#14960,#14962);
#14960 = ( REPRESENTATION_RELATIONSHIP('','',#5296,#10) 
REPRESENTATION_RELATIONSHIP_WITH_TRANSFORMATION(#14961) 
SHAPE_REPRESENTATION_RELATIONSHIP() );
#14961 = ITEM_DEFINED_TRANSFORMATION('','',#11,#127);
#14962 = PRODUCT_DEFINITION_SHAPE('Placement','Placement of an item',
  #14963);
#14963 = NEXT_ASSEMBLY_USAGE_OCCURRENCE('116','Housing_top_rim','',#5,
  #5291,$);
#14964 = CONTEXT_DEPENDENT_SHAPE_REPRESENTATION(#14965,#14967);
#14965 = ( REPRESENTATION_RELATIONSHIP('','',#5601,#10) 
REPRESENTATION_RELATIONSHIP_WITH_TRANSFORMATION(#14966) 
SHAPE_REPRESENTATION_RELATIONSHIP() );
#14966 = ITEM_DEFINED_TRANSFORMATION('','',#11,#131);
#14967 = PRODUCT_DEFINITION_SHAPE('Placement','Placement of an item',
  #14968);
#14968 = NEXT_ASSEMBLY_USAGE_OCCURRENCE('117','Front_panel_D90_opening',
  '',#5,#5596,$);
#14969 = CONTEXT_DEPENDENT_SHAPE_REPRESENTATION(#14970,#14972);
#14970 = ( REPRESENTATION_RELATIONSHIP('','',#5809,#10) 
REPRESENTATION_RELATIONSHIP_WITH_TRANSFORMATION(#14971) 
SHAPE_REPRESENTATION_RELATIONSHIP() );
#14971 = ITEM_DEFINED_TRANSFORMATION('','',#11,#135);
#14972 = PRODUCT_DEFINITION_SHAPE('Placement','Placement of an item',
  #14973);
#14973 = NEXT_ASSEMBLY_USAGE_OCCURRENCE('118',
  'Right_panel_two_D104_openings','',#5,#5804,$);
#14974 = CONTEXT_DEPENDENT_SHAPE_REPRESENTATION(#14975,#14977);
#14975 = ( REPRESENTATION_RELATIONSHIP('','',#6056,#10) 
REPRESENTATION_RELATIONSHIP_WITH_TRANSFORMATION(#14976) 
SHAPE_REPRESENTATION_RELATIONSHIP() );
#14976 = ITEM_DEFINED_TRANSFORMATION('','',#11,#139);
#14977 = PRODUCT_DEFINITION_SHAPE('Placement','Placement of an item',
  #14978);
#14978 = NEXT_ASSEMBLY_USAGE_OCCURRENCE('119','Left_panel_cabinet_side',
  '',#5,#6051,$);
#14979 = CONTEXT_DEPENDENT_SHAPE_REPRESENTATION(#14980,#14982);
#14980 = ( REPRESENTATION_RELATIONSHIP('','',#6225,#10) 
REPRESENTATION_RELATIONSHIP_WITH_TRANSFORMATION(#14981) 
SHAPE_REPRESENTATION_RELATIONSHIP() );
#14981 = ITEM_DEFINED_TRANSFORMATION('','',#11,#143);
#14982 = PRODUCT_DEFINITION_SHAPE('Placement','Placement of an item',
  #14983);
#14983 = NEXT_ASSEMBLY_USAGE_OCCURRENCE('120','Rear_panel_simplified',''
  ,#5,#6220,$);
#14984 = CONTEXT_DEPENDENT_SHAPE_REPRESENTATION(#14985,#14987);
#14985 = ( REPRESENTATION_RELATIONSHIP('','',#4616,#10) 
REPRESENTATION_RELATIONSHIP_WITH_TRANSFORMATION(#14986) 
SHAPE_REPRESENTATION_RELATIONSHIP() );
#14986 = ITEM_DEFINED_TRANSFORMATION('','',#11,#147);
#14987 = PRODUCT_DEFINITION_SHAPE('Placement','Placement of an item',
  #14988);
#14988 = NEXT_ASSEMBLY_USAGE_OCCURRENCE('121','02_Housing','',#5,#4611,$
  );
#14989 = CONTEXT_DEPENDENT_SHAPE_REPRESENTATION(#14990,#14992);
#14990 = ( REPRESENTATION_RELATIONSHIP('','',#14858,#10) 
REPRESENTATION_RELATIONSHIP_WITH_TRANSFORMATION(#14991) 
SHAPE_REPRESENTATION_RELATIONSHIP() );
#14991 = ITEM_DEFINED_TRANSFORMATION('','',#11,#151);
#14992 = PRODUCT_DEFINITION_SHAPE('Placement','Placement of an item',
  #14993);
#14993 = NEXT_ASSEMBLY_USAGE_OCCURRENCE('122','X-axis002','',#5,#14853,$
  );
#14994 = CONTEXT_DEPENDENT_SHAPE_REPRESENTATION(#14995,#14997);
#14995 = ( REPRESENTATION_RELATIONSHIP('','',#14858,#10) 
REPRESENTATION_RELATIONSHIP_WITH_TRANSFORMATION(#14996) 
SHAPE_REPRESENTATION_RELATIONSHIP() );
#14996 = ITEM_DEFINED_TRANSFORMATION('','',#11,#155);
#14997 = PRODUCT_DEFINITION_SHAPE('Placement','Placement of an item',
  #14998);
#14998 = NEXT_ASSEMBLY_USAGE_OCCURRENCE('123','Y-axis002','',#5,#14853,$
  );
#14999 = CONTEXT_DEPENDENT_SHAPE_REPRESENTATION(#15000,#15002);
#15000 = ( REPRESENTATION_RELATIONSHIP('','',#14858,#10) 
REPRESENTATION_RELATIONSHIP_WITH_TRANSFORMATION(#15001) 
SHAPE_REPRESENTATION_RELATIONSHIP() );
#15001 = ITEM_DEFINED_TRANSFORMATION('','',#11,#159);
#15002 = PRODUCT_DEFINITION_SHAPE('Placement','Placement of an item',
  #15003);
#15003 = NEXT_ASSEMBLY_USAGE_OCCURRENCE('124','Z-axis002','',#5,#14853,$
  );
#15004 = CONTEXT_DEPENDENT_SHAPE_REPRESENTATION(#15005,#15007);
#15005 = ( REPRESENTATION_RELATIONSHIP('','',#14892,#10) 
REPRESENTATION_RELATIONSHIP_WITH_TRANSFORMATION(#15006) 
SHAPE_REPRESENTATION_RELATIONSHIP() );
#15006 = ITEM_DEFINED_TRANSFORMATION('','',#11,#163);
#15007 = PRODUCT_DEFINITION_SHAPE('Placement','Placement of an item',
  #15008);
#15008 = NEXT_ASSEMBLY_USAGE_OCCURRENCE('125','XY-plane002','',#5,#14887
  ,$);
#15009 = CONTEXT_DEPENDENT_SHAPE_REPRESENTATION(#15010,#15012);
#15010 = ( REPRESENTATION_RELATIONSHIP('','',#14892,#10) 
REPRESENTATION_RELATIONSHIP_WITH_TRANSFORMATION(#15011) 
SHAPE_REPRESENTATION_RELATIONSHIP() );
#15011 = ITEM_DEFINED_TRANSFORMATION('','',#11,#167);
#15012 = PRODUCT_DEFINITION_SHAPE('Placement','Placement of an item',
  #15013);
#15013 = NEXT_ASSEMBLY_USAGE_OCCURRENCE('126','XZ-plane002','',#5,#14887
  ,$);
#15014 = CONTEXT_DEPENDENT_SHAPE_REPRESENTATION(#15015,#15017);
#15015 = ( REPRESENTATION_RELATIONSHIP('','',#14892,#10) 
REPRESENTATION_RELATIONSHIP_WITH_TRANSFORMATION(#15016) 
SHAPE_REPRESENTATION_RELATIONSHIP() );
#15016 = ITEM_DEFINED_TRANSFORMATION('','',#11,#171);
#15017 = PRODUCT_DEFINITION_SHAPE('Placement','Placement of an item',
  #15018);
#15018 = NEXT_ASSEMBLY_USAGE_OCCURRENCE('127','YZ-plane002','',#5,#14887
  ,$);
#15019 = CONTEXT_DEPENDENT_SHAPE_REPRESENTATION(#15020,#15022);
#15020 = ( REPRESENTATION_RELATIONSHIP('','',#6520,#10) 
REPRESENTATION_RELATIONSHIP_WITH_TRANSFORMATION(#15021) 
SHAPE_REPRESENTATION_RELATIONSHIP() );
#15021 = ITEM_DEFINED_TRANSFORMATION('','',#11,#175);
#15022 = PRODUCT_DEFINITION_SHAPE('Placement','Placement of an item',
  #15023);
#15023 = NEXT_ASSEMBLY_USAGE_OCCURRENCE('128',
  'Flush_round_fittings_schematic','',#5,#6515,$);
#15024 = CONTEXT_DEPENDENT_SHAPE_REPRESENTATION(#15025,#15027);
#15025 = ( REPRESENTATION_RELATIONSHIP('','',#6592,#10) 
REPRESENTATION_RELATIONSHIP_WITH_TRANSFORMATION(#15026) 
SHAPE_REPRESENTATION_RELATIONSHIP() );
#15026 = ITEM_DEFINED_TRANSFORMATION('','',#11,#179);
#15027 = PRODUCT_DEFINITION_SHAPE('Placement','Placement of an item',
  #15028);
#15028 = NEXT_ASSEMBLY_USAGE_OCCURRENCE('129',
  'Flush_round_fittings_schematic001','',#5,#6587,$);
#15029 = CONTEXT_DEPENDENT_SHAPE_REPRESENTATION(#15030,#15032);
#15030 = ( REPRESENTATION_RELATIONSHIP('','',#6664,#10) 
REPRESENTATION_RELATIONSHIP_WITH_TRANSFORMATION(#15031) 
SHAPE_REPRESENTATION_RELATIONSHIP() );
#15031 = ITEM_DEFINED_TRANSFORMATION('','',#11,#183);
#15032 = PRODUCT_DEFINITION_SHAPE('Placement','Placement of an item',
  #15033);
#15033 = NEXT_ASSEMBLY_USAGE_OCCURRENCE('130',
  'Flush_round_fittings_schematic002','',#5,#6659,$);
#15034 = CONTEXT_DEPENDENT_SHAPE_REPRESENTATION(#15035,#15037);
#15035 = ( REPRESENTATION_RELATIONSHIP('','',#6736,#10) 
REPRESENTATION_RELATIONSHIP_WITH_TRANSFORMATION(#15036) 
SHAPE_REPRESENTATION_RELATIONSHIP() );
#15036 = ITEM_DEFINED_TRANSFORMATION('','',#11,#187);
#15037 = PRODUCT_DEFINITION_SHAPE('Placement','Placement of an item',
  #15038);
#15038 = NEXT_ASSEMBLY_USAGE_OCCURRENCE('131',
  'Flush_round_fittings_schematic003','',#5,#6731,$);
#15039 = CONTEXT_DEPENDENT_SHAPE_REPRESENTATION(#15040,#15042);
#15040 = ( REPRESENTATION_RELATIONSHIP('','',#6808,#10) 
REPRESENTATION_RELATIONSHIP_WITH_TRANSFORMATION(#15041) 
SHAPE_REPRESENTATION_RELATIONSHIP() );
#15041 = ITEM_DEFINED_TRANSFORMATION('','',#11,#191);
#15042 = PRODUCT_DEFINITION_SHAPE('Placement','Placement of an item',
  #15043);
#15043 = NEXT_ASSEMBLY_USAGE_OCCURRENCE('132',
  'Flush_round_fittings_schematic004','',#5,#6803,$);
#15044 = CONTEXT_DEPENDENT_SHAPE_REPRESENTATION(#15045,#15047);
#15045 = ( REPRESENTATION_RELATIONSHIP('','',#6880,#10) 
REPRESENTATION_RELATIONSHIP_WITH_TRANSFORMATION(#15046) 
SHAPE_REPRESENTATION_RELATIONSHIP() );
#15046 = ITEM_DEFINED_TRANSFORMATION('','',#11,#195);
#15047 = PRODUCT_DEFINITION_SHAPE('Placement','Placement of an item',
  #15048);
#15048 = NEXT_ASSEMBLY_USAGE_OCCURRENCE('133',
  'Flush_round_fittings_schematic005','',#5,#6875,$);
#15049 = CONTEXT_DEPENDENT_SHAPE_REPRESENTATION(#15050,#15052);
#15050 = ( REPRESENTATION_RELATIONSHIP('','',#6952,#10) 
REPRESENTATION_RELATIONSHIP_WITH_TRANSFORMATION(#15051) 
SHAPE_REPRESENTATION_RELATIONSHIP() );
#15051 = ITEM_DEFINED_TRANSFORMATION('','',#11,#199);
#15052 = PRODUCT_DEFINITION_SHAPE('Placement','Placement of an item',
  #15053);
#15053 = NEXT_ASSEMBLY_USAGE_OCCURRENCE('134',
  'Flush_round_fittings_schematic006','',#5,#6947,$);
#15054 = CONTEXT_DEPENDENT_SHAPE_REPRESENTATION(#15055,#15057);
#15055 = ( REPRESENTATION_RELATIONSHIP('','',#7024,#10) 
REPRESENTATION_RELATIONSHIP_WITH_TRANSFORMATION(#15056) 
SHAPE_REPRESENTATION_RELATIONSHIP() );
#15056 = ITEM_DEFINED_TRANSFORMATION('','',#11,#203);
#15057 = PRODUCT_DEFINITION_SHAPE('Placement','Placement of an item',
  #15058);
#15058 = NEXT_ASSEMBLY_USAGE_OCCURRENCE('135',
  'Flush_round_fittings_schematic007','',#5,#7019,$);
#15059 = CONTEXT_DEPENDENT_SHAPE_REPRESENTATION(#15060,#15062);
#15060 = ( REPRESENTATION_RELATIONSHIP('','',#7096,#10) 
REPRESENTATION_RELATIONSHIP_WITH_TRANSFORMATION(#15061) 
SHAPE_REPRESENTATION_RELATIONSHIP() );
#15061 = ITEM_DEFINED_TRANSFORMATION('','',#11,#207);
#15062 = PRODUCT_DEFINITION_SHAPE('Placement','Placement of an item',
  #15063);
#15063 = NEXT_ASSEMBLY_USAGE_OCCURRENCE('136',
  'Flush_round_fittings_schematic008','',#5,#7091,$);
#15064 = CONTEXT_DEPENDENT_SHAPE_REPRESENTATION(#15065,#15067);
#15065 = ( REPRESENTATION_RELATIONSHIP('','',#7168,#10) 
REPRESENTATION_RELATIONSHIP_WITH_TRANSFORMATION(#15066) 
SHAPE_REPRESENTATION_RELATIONSHIP() );
#15066 = ITEM_DEFINED_TRANSFORMATION('','',#11,#211);
#15067 = PRODUCT_DEFINITION_SHAPE('Placement','Placement of an item',
  #15068);
#15068 = NEXT_ASSEMBLY_USAGE_OCCURRENCE('137',
  'Flush_round_fittings_schematic009','',#5,#7163,$);
#15069 = CONTEXT_DEPENDENT_SHAPE_REPRESENTATION(#15070,#15072);
#15070 = ( REPRESENTATION_RELATIONSHIP('','',#7240,#10) 
REPRESENTATION_RELATIONSHIP_WITH_TRANSFORMATION(#15071) 
SHAPE_REPRESENTATION_RELATIONSHIP() );
#15071 = ITEM_DEFINED_TRANSFORMATION('','',#11,#215);
#15072 = PRODUCT_DEFINITION_SHAPE('Placement','Placement of an item',
  #15073);
#15073 = NEXT_ASSEMBLY_USAGE_OCCURRENCE('138',
  'Flush_round_fittings_schematic010','',#5,#7235,$);
#15074 = CONTEXT_DEPENDENT_SHAPE_REPRESENTATION(#15075,#15077);
#15075 = ( REPRESENTATION_RELATIONSHIP('','',#7312,#10) 
REPRESENTATION_RELATIONSHIP_WITH_TRANSFORMATION(#15076) 
SHAPE_REPRESENTATION_RELATIONSHIP() );
#15076 = ITEM_DEFINED_TRANSFORMATION('','',#11,#219);
#15077 = PRODUCT_DEFINITION_SHAPE('Placement','Placement of an item',
  #15078);
#15078 = NEXT_ASSEMBLY_USAGE_OCCURRENCE('139',
  'Flush_round_fittings_schematic011','',#5,#7307,$);
#15079 = CONTEXT_DEPENDENT_SHAPE_REPRESENTATION(#15080,#15082);
#15080 = ( REPRESENTATION_RELATIONSHIP('','',#7384,#10) 
REPRESENTATION_RELATIONSHIP_WITH_TRANSFORMATION(#15081) 
SHAPE_REPRESENTATION_RELATIONSHIP() );
#15081 = ITEM_DEFINED_TRANSFORMATION('','',#11,#223);
#15082 = PRODUCT_DEFINITION_SHAPE('Placement','Placement of an item',
  #15083);
#15083 = NEXT_ASSEMBLY_USAGE_OCCURRENCE('140',
  'Flush_round_fittings_schematic012','',#5,#7379,$);
#15084 = CONTEXT_DEPENDENT_SHAPE_REPRESENTATION(#15085,#15087);
#15085 = ( REPRESENTATION_RELATIONSHIP('','',#7456,#10) 
REPRESENTATION_RELATIONSHIP_WITH_TRANSFORMATION(#15086) 
SHAPE_REPRESENTATION_RELATIONSHIP() );
#15086 = ITEM_DEFINED_TRANSFORMATION('','',#11,#227);
#15087 = PRODUCT_DEFINITION_SHAPE('Placement','Placement of an item',
  #15088);
#15088 = NEXT_ASSEMBLY_USAGE_OCCURRENCE('141',
  'Flush_round_fittings_schematic013','',#5,#7451,$);
#15089 = CONTEXT_DEPENDENT_SHAPE_REPRESENTATION(#15090,#15092);
#15090 = ( REPRESENTATION_RELATIONSHIP('','',#7528,#10) 
REPRESENTATION_RELATIONSHIP_WITH_TRANSFORMATION(#15091) 
SHAPE_REPRESENTATION_RELATIONSHIP() );
#15091 = ITEM_DEFINED_TRANSFORMATION('','',#11,#231);
#15092 = PRODUCT_DEFINITION_SHAPE('Placement','Placement of an item',
  #15093);
#15093 = NEXT_ASSEMBLY_USAGE_OCCURRENCE('142',
  'Flush_round_fittings_schematic014','',#5,#7523,$);
#15094 = CONTEXT_DEPENDENT_SHAPE_REPRESENTATION(#15095,#15097);
#15095 = ( REPRESENTATION_RELATIONSHIP('','',#7600,#10) 
REPRESENTATION_RELATIONSHIP_WITH_TRANSFORMATION(#15096) 
SHAPE_REPRESENTATION_RELATIONSHIP() );
#15096 = ITEM_DEFINED_TRANSFORMATION('','',#11,#235);
#15097 = PRODUCT_DEFINITION_SHAPE('Placement','Placement of an item',
  #15098);
#15098 = NEXT_ASSEMBLY_USAGE_OCCURRENCE('143',
  'Flush_round_fittings_schematic015','',#5,#7595,$);
#15099 = CONTEXT_DEPENDENT_SHAPE_REPRESENTATION(#15100,#15102);
#15100 = ( REPRESENTATION_RELATIONSHIP('','',#7672,#10) 
REPRESENTATION_RELATIONSHIP_WITH_TRANSFORMATION(#15101) 
SHAPE_REPRESENTATION_RELATIONSHIP() );
#15101 = ITEM_DEFINED_TRANSFORMATION('','',#11,#239);
#15102 = PRODUCT_DEFINITION_SHAPE('Placement','Placement of an item',
  #15103);
#15103 = NEXT_ASSEMBLY_USAGE_OCCURRENCE('144',
  'Flush_round_fittings_schematic016','',#5,#7667,$);
#15104 = CONTEXT_DEPENDENT_SHAPE_REPRESENTATION(#15105,#15107);
#15105 = ( REPRESENTATION_RELATIONSHIP('','',#7744,#10) 
REPRESENTATION_RELATIONSHIP_WITH_TRANSFORMATION(#15106) 
SHAPE_REPRESENTATION_RELATIONSHIP() );
#15106 = ITEM_DEFINED_TRANSFORMATION('','',#11,#243);
#15107 = PRODUCT_DEFINITION_SHAPE('Placement','Placement of an item',
  #15108);
#15108 = NEXT_ASSEMBLY_USAGE_OCCURRENCE('145',
  'Flush_round_fittings_schematic017','',#5,#7739,$);
#15109 = CONTEXT_DEPENDENT_SHAPE_REPRESENTATION(#15110,#15112);
#15110 = ( REPRESENTATION_RELATIONSHIP('','',#7816,#10) 
REPRESENTATION_RELATIONSHIP_WITH_TRANSFORMATION(#15111) 
SHAPE_REPRESENTATION_RELATIONSHIP() );
#15111 = ITEM_DEFINED_TRANSFORMATION('','',#11,#247);
#15112 = PRODUCT_DEFINITION_SHAPE('Placement','Placement of an item',
  #15113);
#15113 = NEXT_ASSEMBLY_USAGE_OCCURRENCE('146',
  'Flush_round_fittings_schematic018','',#5,#7811,$);
#15114 = CONTEXT_DEPENDENT_SHAPE_REPRESENTATION(#15115,#15117);
#15115 = ( REPRESENTATION_RELATIONSHIP('','',#7888,#10) 
REPRESENTATION_RELATIONSHIP_WITH_TRANSFORMATION(#15116) 
SHAPE_REPRESENTATION_RELATIONSHIP() );
#15116 = ITEM_DEFINED_TRANSFORMATION('','',#11,#251);
#15117 = PRODUCT_DEFINITION_SHAPE('Placement','Placement of an item',
  #15118);
#15118 = NEXT_ASSEMBLY_USAGE_OCCURRENCE('147',
  'Flush_round_fittings_schematic019','',#5,#7883,$);
#15119 = CONTEXT_DEPENDENT_SHAPE_REPRESENTATION(#15120,#15122);
#15120 = ( REPRESENTATION_RELATIONSHIP('','',#7960,#10) 
REPRESENTATION_RELATIONSHIP_WITH_TRANSFORMATION(#15121) 
SHAPE_REPRESENTATION_RELATIONSHIP() );
#15121 = ITEM_DEFINED_TRANSFORMATION('','',#11,#255);
#15122 = PRODUCT_DEFINITION_SHAPE('Placement','Placement of an item',
  #15123);
#15123 = NEXT_ASSEMBLY_USAGE_OCCURRENCE('148',
  'Flush_round_fittings_schematic020','',#5,#7955,$);
#15124 = CONTEXT_DEPENDENT_SHAPE_REPRESENTATION(#15125,#15127);
#15125 = ( REPRESENTATION_RELATIONSHIP('','',#6417,#10) 
REPRESENTATION_RELATIONSHIP_WITH_TRANSFORMATION(#15126) 
SHAPE_REPRESENTATION_RELATIONSHIP() );
#15126 = ITEM_DEFINED_TRANSFORMATION('','',#11,#259);
#15127 = PRODUCT_DEFINITION_SHAPE('Placement','Placement of an item',
  #15128);
#15128 = NEXT_ASSEMBLY_USAGE_OCCURRENCE('149',
  'Flush_round_fittings_schematic021','',#5,#6412,$);
#15129 = CONTEXT_DEPENDENT_SHAPE_REPRESENTATION(#15130,#15132);
#15130 = ( REPRESENTATION_RELATIONSHIP('','',#14858,#10) 
REPRESENTATION_RELATIONSHIP_WITH_TRANSFORMATION(#15131) 
SHAPE_REPRESENTATION_RELATIONSHIP() );
#15131 = ITEM_DEFINED_TRANSFORMATION('','',#11,#263);
#15132 = PRODUCT_DEFINITION_SHAPE('Placement','Placement of an item',
  #15133);
#15133 = NEXT_ASSEMBLY_USAGE_OCCURRENCE('150','X-axis003','',#5,#14853,$
  );
#15134 = CONTEXT_DEPENDENT_SHAPE_REPRESENTATION(#15135,#15137);
#15135 = ( REPRESENTATION_RELATIONSHIP('','',#14858,#10) 
REPRESENTATION_RELATIONSHIP_WITH_TRANSFORMATION(#15136) 
SHAPE_REPRESENTATION_RELATIONSHIP() );
#15136 = ITEM_DEFINED_TRANSFORMATION('','',#11,#267);
#15137 = PRODUCT_DEFINITION_SHAPE('Placement','Placement of an item',
  #15138);
#15138 = NEXT_ASSEMBLY_USAGE_OCCURRENCE('151','Y-axis003','',#5,#14853,$
  );
#15139 = CONTEXT_DEPENDENT_SHAPE_REPRESENTATION(#15140,#15142);
#15140 = ( REPRESENTATION_RELATIONSHIP('','',#14858,#10) 
REPRESENTATION_RELATIONSHIP_WITH_TRANSFORMATION(#15141) 
SHAPE_REPRESENTATION_RELATIONSHIP() );
#15141 = ITEM_DEFINED_TRANSFORMATION('','',#11,#271);
#15142 = PRODUCT_DEFINITION_SHAPE('Placement','Placement of an item',
  #15143);
#15143 = NEXT_ASSEMBLY_USAGE_OCCURRENCE('152','Z-axis003','',#5,#14853,$
  );
#15144 = CONTEXT_DEPENDENT_SHAPE_REPRESENTATION(#15145,#15147);
#15145 = ( REPRESENTATION_RELATIONSHIP('','',#14892,#10) 
REPRESENTATION_RELATIONSHIP_WITH_TRANSFORMATION(#15146) 
SHAPE_REPRESENTATION_RELATIONSHIP() );
#15146 = ITEM_DEFINED_TRANSFORMATION('','',#11,#275);
#15147 = PRODUCT_DEFINITION_SHAPE('Placement','Placement of an item',
  #15148);
#15148 = NEXT_ASSEMBLY_USAGE_OCCURRENCE('153','XY-plane003','',#5,#14887
  ,$);
#15149 = CONTEXT_DEPENDENT_SHAPE_REPRESENTATION(#15150,#15152);
#15150 = ( REPRESENTATION_RELATIONSHIP('','',#14892,#10) 
REPRESENTATION_RELATIONSHIP_WITH_TRANSFORMATION(#15151) 
SHAPE_REPRESENTATION_RELATIONSHIP() );
#15151 = ITEM_DEFINED_TRANSFORMATION('','',#11,#279);
#15152 = PRODUCT_DEFINITION_SHAPE('Placement','Placement of an item',
  #15153);
#15153 = NEXT_ASSEMBLY_USAGE_OCCURRENCE('154','XZ-plane003','',#5,#14887
  ,$);
#15154 = CONTEXT_DEPENDENT_SHAPE_REPRESENTATION(#15155,#15157);
#15155 = ( REPRESENTATION_RELATIONSHIP('','',#14892,#10) 
REPRESENTATION_RELATIONSHIP_WITH_TRANSFORMATION(#15156) 
SHAPE_REPRESENTATION_RELATIONSHIP() );
#15156 = ITEM_DEFINED_TRANSFORMATION('','',#11,#283);
#15157 = PRODUCT_DEFINITION_SHAPE('Placement','Placement of an item',
  #15158);
#15158 = NEXT_ASSEMBLY_USAGE_OCCURRENCE('155','YZ-plane003','',#5,#14887
  ,$);
#15159 = CONTEXT_DEPENDENT_SHAPE_REPRESENTATION(#15160,#15162);
#15160 = ( REPRESENTATION_RELATIONSHIP('','',#6394,#10) 
REPRESENTATION_RELATIONSHIP_WITH_TRANSFORMATION(#15161) 
SHAPE_REPRESENTATION_RELATIONSHIP() );
#15161 = ITEM_DEFINED_TRANSFORMATION('','',#11,#287);
#15162 = PRODUCT_DEFINITION_SHAPE('Placement','Placement of an item',
  #15163);
#15163 = NEXT_ASSEMBLY_USAGE_OCCURRENCE('156','06_Fittings','',#5,#6389,
  $);
#15164 = CONTEXT_DEPENDENT_SHAPE_REPRESENTATION(#15165,#15167);
#15165 = ( REPRESENTATION_RELATIONSHIP('','',#14858,#10) 
REPRESENTATION_RELATIONSHIP_WITH_TRANSFORMATION(#15166) 
SHAPE_REPRESENTATION_RELATIONSHIP() );
#15166 = ITEM_DEFINED_TRANSFORMATION('','',#11,#291);
#15167 = PRODUCT_DEFINITION_SHAPE('Placement','Placement of an item',
  #15168);
#15168 = NEXT_ASSEMBLY_USAGE_OCCURRENCE('157','X-axis004','',#5,#14853,$
  );
#15169 = CONTEXT_DEPENDENT_SHAPE_REPRESENTATION(#15170,#15172);
#15170 = ( REPRESENTATION_RELATIONSHIP('','',#14858,#10) 
REPRESENTATION_RELATIONSHIP_WITH_TRANSFORMATION(#15171) 
SHAPE_REPRESENTATION_RELATIONSHIP() );
#15171 = ITEM_DEFINED_TRANSFORMATION('','',#11,#295);
#15172 = PRODUCT_DEFINITION_SHAPE('Placement','Placement of an item',
  #15173);
#15173 = NEXT_ASSEMBLY_USAGE_OCCURRENCE('158','Y-axis004','',#5,#14853,$
  );
#15174 = CONTEXT_DEPENDENT_SHAPE_REPRESENTATION(#15175,#15177);
#15175 = ( REPRESENTATION_RELATIONSHIP('','',#14858,#10) 
REPRESENTATION_RELATIONSHIP_WITH_TRANSFORMATION(#15176) 
SHAPE_REPRESENTATION_RELATIONSHIP() );
#15176 = ITEM_DEFINED_TRANSFORMATION('','',#11,#299);
#15177 = PRODUCT_DEFINITION_SHAPE('Placement','Placement of an item',
  #15178);
#15178 = NEXT_ASSEMBLY_USAGE_OCCURRENCE('159','Z-axis004','',#5,#14853,$
  );
#15179 = CONTEXT_DEPENDENT_SHAPE_REPRESENTATION(#15180,#15182);
#15180 = ( REPRESENTATION_RELATIONSHIP('','',#14892,#10) 
REPRESENTATION_RELATIONSHIP_WITH_TRANSFORMATION(#15181) 
SHAPE_REPRESENTATION_RELATIONSHIP() );
#15181 = ITEM_DEFINED_TRANSFORMATION('','',#11,#303);
#15182 = PRODUCT_DEFINITION_SHAPE('Placement','Placement of an item',
  #15183);
#15183 = NEXT_ASSEMBLY_USAGE_OCCURRENCE('160','XY-plane004','',#5,#14887
  ,$);
#15184 = CONTEXT_DEPENDENT_SHAPE_REPRESENTATION(#15185,#15187);
#15185 = ( REPRESENTATION_RELATIONSHIP('','',#14892,#10) 
REPRESENTATION_RELATIONSHIP_WITH_TRANSFORMATION(#15186) 
SHAPE_REPRESENTATION_RELATIONSHIP() );
#15186 = ITEM_DEFINED_TRANSFORMATION('','',#11,#307);
#15187 = PRODUCT_DEFINITION_SHAPE('Placement','Placement of an item',
  #15188);
#15188 = NEXT_ASSEMBLY_USAGE_OCCURRENCE('161','XZ-plane004','',#5,#14887
  ,$);
#15189 = CONTEXT_DEPENDENT_SHAPE_REPRESENTATION(#15190,#15192);
#15190 = ( REPRESENTATION_RELATIONSHIP('','',#14892,#10) 
REPRESENTATION_RELATIONSHIP_WITH_TRANSFORMATION(#15191) 
SHAPE_REPRESENTATION_RELATIONSHIP() );
#15191 = ITEM_DEFINED_TRANSFORMATION('','',#11,#311);
#15192 = PRODUCT_DEFINITION_SHAPE('Placement','Placement of an item',
  #15193);
#15193 = NEXT_ASSEMBLY_USAGE_OCCURRENCE('162','YZ-plane004','',#5,#14887
  ,$);
#15194 = CONTEXT_DEPENDENT_SHAPE_REPRESENTATION(#15195,#15197);
#15195 = ( REPRESENTATION_RELATIONSHIP('','',#8059,#10) 
REPRESENTATION_RELATIONSHIP_WITH_TRANSFORMATION(#15196) 
SHAPE_REPRESENTATION_RELATIONSHIP() );
#15196 = ITEM_DEFINED_TRANSFORMATION('','',#11,#315);
#15197 = PRODUCT_DEFINITION_SHAPE('Placement','Placement of an item',
  #15198);
#15198 = NEXT_ASSEMBLY_USAGE_OCCURRENCE('163',
  'Bottom_flange_860_open_800_12xD8(Mirror)','',#5,#8054,$);
#15199 = CONTEXT_DEPENDENT_SHAPE_REPRESENTATION(#15200,#15202);
#15200 = ( REPRESENTATION_RELATIONSHIP('','',#8832,#10) 
REPRESENTATION_RELATIONSHIP_WITH_TRANSFORMATION(#15201) 
SHAPE_REPRESENTATION_RELATIONSHIP() );
#15201 = ITEM_DEFINED_TRANSFORMATION('','',#11,#319);
#15202 = PRODUCT_DEFINITION_SHAPE('Placement','Placement of an item',
  #15203);
#15203 = NEXT_ASSEMBLY_USAGE_OCCURRENCE('164',
  'Bottom_neck_800_clear(Mirror)','',#5,#8827,$);
#15204 = CONTEXT_DEPENDENT_SHAPE_REPRESENTATION(#15205,#15207);
#15205 = ( REPRESENTATION_RELATIONSHIP('','',#8032,#10) 
REPRESENTATION_RELATIONSHIP_WITH_TRANSFORMATION(#15206) 
SHAPE_REPRESENTATION_RELATIONSHIP() );
#15206 = ITEM_DEFINED_TRANSFORMATION('','',#11,#323);
#15207 = PRODUCT_DEFINITION_SHAPE('Placement','Placement of an item',
  #15208);
#15208 = NEXT_ASSEMBLY_USAGE_OCCURRENCE('165',
  '01_Lower_connection(Mirror)','',#5,#8027,$);
#15209 = CONTEXT_DEPENDENT_SHAPE_REPRESENTATION(#15210,#15212);
#15210 = ( REPRESENTATION_RELATIONSHIP('','',#14858,#10) 
REPRESENTATION_RELATIONSHIP_WITH_TRANSFORMATION(#15211) 
SHAPE_REPRESENTATION_RELATIONSHIP() );
#15211 = ITEM_DEFINED_TRANSFORMATION('','',#11,#327);
#15212 = PRODUCT_DEFINITION_SHAPE('Placement','Placement of an item',
  #15213);
#15213 = NEXT_ASSEMBLY_USAGE_OCCURRENCE('166','X-axis005','',#5,#14853,$
  );
#15214 = CONTEXT_DEPENDENT_SHAPE_REPRESENTATION(#15215,#15217);
#15215 = ( REPRESENTATION_RELATIONSHIP('','',#14858,#10) 
REPRESENTATION_RELATIONSHIP_WITH_TRANSFORMATION(#15216) 
SHAPE_REPRESENTATION_RELATIONSHIP() );
#15216 = ITEM_DEFINED_TRANSFORMATION('','',#11,#331);
#15217 = PRODUCT_DEFINITION_SHAPE('Placement','Placement of an item',
  #15218);
#15218 = NEXT_ASSEMBLY_USAGE_OCCURRENCE('167','Y-axis005','',#5,#14853,$
  );
#15219 = CONTEXT_DEPENDENT_SHAPE_REPRESENTATION(#15220,#15222);
#15220 = ( REPRESENTATION_RELATIONSHIP('','',#14858,#10) 
REPRESENTATION_RELATIONSHIP_WITH_TRANSFORMATION(#15221) 
SHAPE_REPRESENTATION_RELATIONSHIP() );
#15221 = ITEM_DEFINED_TRANSFORMATION('','',#11,#335);
#15222 = PRODUCT_DEFINITION_SHAPE('Placement','Placement of an item',
  #15223);
#15223 = NEXT_ASSEMBLY_USAGE_OCCURRENCE('168','Z-axis005','',#5,#14853,$
  );
#15224 = CONTEXT_DEPENDENT_SHAPE_REPRESENTATION(#15225,#15227);
#15225 = ( REPRESENTATION_RELATIONSHIP('','',#14892,#10) 
REPRESENTATION_RELATIONSHIP_WITH_TRANSFORMATION(#15226) 
SHAPE_REPRESENTATION_RELATIONSHIP() );
#15226 = ITEM_DEFINED_TRANSFORMATION('','',#11,#339);
#15227 = PRODUCT_DEFINITION_SHAPE('Placement','Placement of an item',
  #15228);
#15228 = NEXT_ASSEMBLY_USAGE_OCCURRENCE('169','XY-plane005','',#5,#14887
  ,$);
#15229 = CONTEXT_DEPENDENT_SHAPE_REPRESENTATION(#15230,#15232);
#15230 = ( REPRESENTATION_RELATIONSHIP('','',#14892,#10) 
REPRESENTATION_RELATIONSHIP_WITH_TRANSFORMATION(#15231) 
SHAPE_REPRESENTATION_RELATIONSHIP() );
#15231 = ITEM_DEFINED_TRANSFORMATION('','',#11,#343);
#15232 = PRODUCT_DEFINITION_SHAPE('Placement','Placement of an item',
  #15233);
#15233 = NEXT_ASSEMBLY_USAGE_OCCURRENCE('170','XZ-plane005','',#5,#14887
  ,$);
#15234 = CONTEXT_DEPENDENT_SHAPE_REPRESENTATION(#15235,#15237);
#15235 = ( REPRESENTATION_RELATIONSHIP('','',#14892,#10) 
REPRESENTATION_RELATIONSHIP_WITH_TRANSFORMATION(#15236) 
SHAPE_REPRESENTATION_RELATIONSHIP() );
#15236 = ITEM_DEFINED_TRANSFORMATION('','',#11,#347);
#15237 = PRODUCT_DEFINITION_SHAPE('Placement','Placement of an item',
  #15238);
#15238 = NEXT_ASSEMBLY_USAGE_OCCURRENCE('171','YZ-plane005','',#5,#14887
  ,$);
#15239 = CONTEXT_DEPENDENT_SHAPE_REPRESENTATION(#15240,#15242);
#15240 = ( REPRESENTATION_RELATIONSHIP('','',#3476,#10) 
REPRESENTATION_RELATIONSHIP_WITH_TRANSFORMATION(#15241) 
SHAPE_REPRESENTATION_RELATIONSHIP() );
#15241 = ITEM_DEFINED_TRANSFORMATION('','',#11,#351);
#15242 = PRODUCT_DEFINITION_SHAPE('Placement','Placement of an item',
  #15243);
#15243 = NEXT_ASSEMBLY_USAGE_OCCURRENCE('172','AirTS left','',#5,#3471,$
  );
#15244 = CONTEXT_DEPENDENT_SHAPE_REPRESENTATION(#15245,#15247);
#15245 = ( REPRESENTATION_RELATIONSHIP('','',#14858,#10) 
REPRESENTATION_RELATIONSHIP_WITH_TRANSFORMATION(#15246) 
SHAPE_REPRESENTATION_RELATIONSHIP() );
#15246 = ITEM_DEFINED_TRANSFORMATION('','',#11,#355);
#15247 = PRODUCT_DEFINITION_SHAPE('Placement','Placement of an item',
  #15248);
#15248 = NEXT_ASSEMBLY_USAGE_OCCURRENCE('173','X-axis006','',#5,#14853,$
  );
#15249 = CONTEXT_DEPENDENT_SHAPE_REPRESENTATION(#15250,#15252);
#15250 = ( REPRESENTATION_RELATIONSHIP('','',#14858,#10) 
REPRESENTATION_RELATIONSHIP_WITH_TRANSFORMATION(#15251) 
SHAPE_REPRESENTATION_RELATIONSHIP() );
#15251 = ITEM_DEFINED_TRANSFORMATION('','',#11,#359);
#15252 = PRODUCT_DEFINITION_SHAPE('Placement','Placement of an item',
  #15253);
#15253 = NEXT_ASSEMBLY_USAGE_OCCURRENCE('174','Y-axis006','',#5,#14853,$
  );
#15254 = CONTEXT_DEPENDENT_SHAPE_REPRESENTATION(#15255,#15257);
#15255 = ( REPRESENTATION_RELATIONSHIP('','',#14858,#10) 
REPRESENTATION_RELATIONSHIP_WITH_TRANSFORMATION(#15256) 
SHAPE_REPRESENTATION_RELATIONSHIP() );
#15256 = ITEM_DEFINED_TRANSFORMATION('','',#11,#363);
#15257 = PRODUCT_DEFINITION_SHAPE('Placement','Placement of an item',
  #15258);
#15258 = NEXT_ASSEMBLY_USAGE_OCCURRENCE('175','Z-axis006','',#5,#14853,$
  );
#15259 = CONTEXT_DEPENDENT_SHAPE_REPRESENTATION(#15260,#15262);
#15260 = ( REPRESENTATION_RELATIONSHIP('','',#14892,#10) 
REPRESENTATION_RELATIONSHIP_WITH_TRANSFORMATION(#15261) 
SHAPE_REPRESENTATION_RELATIONSHIP() );
#15261 = ITEM_DEFINED_TRANSFORMATION('','',#11,#367);
#15262 = PRODUCT_DEFINITION_SHAPE('Placement','Placement of an item',
  #15263);
#15263 = NEXT_ASSEMBLY_USAGE_OCCURRENCE('176','XY-plane006','',#5,#14887
  ,$);
#15264 = CONTEXT_DEPENDENT_SHAPE_REPRESENTATION(#15265,#15267);
#15265 = ( REPRESENTATION_RELATIONSHIP('','',#14892,#10) 
REPRESENTATION_RELATIONSHIP_WITH_TRANSFORMATION(#15266) 
SHAPE_REPRESENTATION_RELATIONSHIP() );
#15266 = ITEM_DEFINED_TRANSFORMATION('','',#11,#371);
#15267 = PRODUCT_DEFINITION_SHAPE('Placement','Placement of an item',
  #15268);
#15268 = NEXT_ASSEMBLY_USAGE_OCCURRENCE('177','XZ-plane006','',#5,#14887
  ,$);
#15269 = CONTEXT_DEPENDENT_SHAPE_REPRESENTATION(#15270,#15272);
#15270 = ( REPRESENTATION_RELATIONSHIP('','',#14892,#10) 
REPRESENTATION_RELATIONSHIP_WITH_TRANSFORMATION(#15271) 
SHAPE_REPRESENTATION_RELATIONSHIP() );
#15271 = ITEM_DEFINED_TRANSFORMATION('','',#11,#375);
#15272 = PRODUCT_DEFINITION_SHAPE('Placement','Placement of an item',
  #15273);
#15273 = NEXT_ASSEMBLY_USAGE_OCCURRENCE('178','YZ-plane006','',#5,#14887
  ,$);
#15274 = CONTEXT_DEPENDENT_SHAPE_REPRESENTATION(#15275,#15277);
#15275 = ( REPRESENTATION_RELATIONSHIP('','',#9199,#10) 
REPRESENTATION_RELATIONSHIP_WITH_TRANSFORMATION(#15276) 
SHAPE_REPRESENTATION_RELATIONSHIP() );
#15276 = ITEM_DEFINED_TRANSFORMATION('','',#11,#379);
#15277 = PRODUCT_DEFINITION_SHAPE('Placement','Placement of an item',
  #15278);
#15278 = NEXT_ASSEMBLY_USAGE_OCCURRENCE('179',
  'Bottom_flange_860_open_800_12xD001','',#5,#9194,$);
#15279 = CONTEXT_DEPENDENT_SHAPE_REPRESENTATION(#15280,#15282);
#15280 = ( REPRESENTATION_RELATIONSHIP('','',#9972,#10) 
REPRESENTATION_RELATIONSHIP_WITH_TRANSFORMATION(#15281) 
SHAPE_REPRESENTATION_RELATIONSHIP() );
#15281 = ITEM_DEFINED_TRANSFORMATION('','',#11,#383);
#15282 = PRODUCT_DEFINITION_SHAPE('Placement','Placement of an item',
  #15283);
#15283 = NEXT_ASSEMBLY_USAGE_OCCURRENCE('180','Bottom_neck_800_clear001'
  ,'',#5,#9967,$);
#15284 = CONTEXT_DEPENDENT_SHAPE_REPRESENTATION(#15285,#15287);
#15285 = ( REPRESENTATION_RELATIONSHIP('','',#9172,#10) 
REPRESENTATION_RELATIONSHIP_WITH_TRANSFORMATION(#15286) 
SHAPE_REPRESENTATION_RELATIONSHIP() );
#15286 = ITEM_DEFINED_TRANSFORMATION('','',#11,#387);
#15287 = PRODUCT_DEFINITION_SHAPE('Placement','Placement of an item',
  #15288);
#15288 = NEXT_ASSEMBLY_USAGE_OCCURRENCE('181','01_Lower_connection001',
  '',#5,#9167,$);
#15289 = CONTEXT_DEPENDENT_SHAPE_REPRESENTATION(#15290,#15292);
#15290 = ( REPRESENTATION_RELATIONSHIP('','',#14858,#10) 
REPRESENTATION_RELATIONSHIP_WITH_TRANSFORMATION(#15291) 
SHAPE_REPRESENTATION_RELATIONSHIP() );
#15291 = ITEM_DEFINED_TRANSFORMATION('','',#11,#391);
#15292 = PRODUCT_DEFINITION_SHAPE('Placement','Placement of an item',
  #15293);
#15293 = NEXT_ASSEMBLY_USAGE_OCCURRENCE('182','X-axis007','',#5,#14853,$
  );
#15294 = CONTEXT_DEPENDENT_SHAPE_REPRESENTATION(#15295,#15297);
#15295 = ( REPRESENTATION_RELATIONSHIP('','',#14858,#10) 
REPRESENTATION_RELATIONSHIP_WITH_TRANSFORMATION(#15296) 
SHAPE_REPRESENTATION_RELATIONSHIP() );
#15296 = ITEM_DEFINED_TRANSFORMATION('','',#11,#395);
#15297 = PRODUCT_DEFINITION_SHAPE('Placement','Placement of an item',
  #15298);
#15298 = NEXT_ASSEMBLY_USAGE_OCCURRENCE('183','Y-axis007','',#5,#14853,$
  );
#15299 = CONTEXT_DEPENDENT_SHAPE_REPRESENTATION(#15300,#15302);
#15300 = ( REPRESENTATION_RELATIONSHIP('','',#14858,#10) 
REPRESENTATION_RELATIONSHIP_WITH_TRANSFORMATION(#15301) 
SHAPE_REPRESENTATION_RELATIONSHIP() );
#15301 = ITEM_DEFINED_TRANSFORMATION('','',#11,#399);
#15302 = PRODUCT_DEFINITION_SHAPE('Placement','Placement of an item',
  #15303);
#15303 = NEXT_ASSEMBLY_USAGE_OCCURRENCE('184','Z-axis007','',#5,#14853,$
  );
#15304 = CONTEXT_DEPENDENT_SHAPE_REPRESENTATION(#15305,#15307);
#15305 = ( REPRESENTATION_RELATIONSHIP('','',#14892,#10) 
REPRESENTATION_RELATIONSHIP_WITH_TRANSFORMATION(#15306) 
SHAPE_REPRESENTATION_RELATIONSHIP() );
#15306 = ITEM_DEFINED_TRANSFORMATION('','',#11,#403);
#15307 = PRODUCT_DEFINITION_SHAPE('Placement','Placement of an item',
  #15308);
#15308 = NEXT_ASSEMBLY_USAGE_OCCURRENCE('185','XY-plane007','',#5,#14887
  ,$);
#15309 = CONTEXT_DEPENDENT_SHAPE_REPRESENTATION(#15310,#15312);
#15310 = ( REPRESENTATION_RELATIONSHIP('','',#14892,#10) 
REPRESENTATION_RELATIONSHIP_WITH_TRANSFORMATION(#15311) 
SHAPE_REPRESENTATION_RELATIONSHIP() );
#15311 = ITEM_DEFINED_TRANSFORMATION('','',#11,#407);
#15312 = PRODUCT_DEFINITION_SHAPE('Placement','Placement of an item',
  #15313);
#15313 = NEXT_ASSEMBLY_USAGE_OCCURRENCE('186','XZ-plane007','',#5,#14887
  ,$);
#15314 = CONTEXT_DEPENDENT_SHAPE_REPRESENTATION(#15315,#15317);
#15315 = ( REPRESENTATION_RELATIONSHIP('','',#14892,#10) 
REPRESENTATION_RELATIONSHIP_WITH_TRANSFORMATION(#15316) 
SHAPE_REPRESENTATION_RELATIONSHIP() );
#15316 = ITEM_DEFINED_TRANSFORMATION('','',#11,#411);
#15317 = PRODUCT_DEFINITION_SHAPE('Placement','Placement of an item',
  #15318);
#15318 = NEXT_ASSEMBLY_USAGE_OCCURRENCE('187','YZ-plane007','',#5,#14887
  ,$);
#15319 = CONTEXT_DEPENDENT_SHAPE_REPRESENTATION(#15320,#15322);
#15320 = ( REPRESENTATION_RELATIONSHIP('','',#10347,#10) 
REPRESENTATION_RELATIONSHIP_WITH_TRANSFORMATION(#15321) 
SHAPE_REPRESENTATION_RELATIONSHIP() );
#15321 = ITEM_DEFINED_TRANSFORMATION('','',#11,#415);
#15322 = PRODUCT_DEFINITION_SHAPE('Placement','Placement of an item',
  #15323);
#15323 = NEXT_ASSEMBLY_USAGE_OCCURRENCE('188','Housing_bottom_panel003',
  '',#5,#10342,$);
#15324 = CONTEXT_DEPENDENT_SHAPE_REPRESENTATION(#15325,#15327);
#15325 = ( REPRESENTATION_RELATIONSHIP('','',#10652,#10) 
REPRESENTATION_RELATIONSHIP_WITH_TRANSFORMATION(#15326) 
SHAPE_REPRESENTATION_RELATIONSHIP() );
#15326 = ITEM_DEFINED_TRANSFORMATION('','',#11,#419);
#15327 = PRODUCT_DEFINITION_SHAPE('Placement','Placement of an item',
  #15328);
#15328 = NEXT_ASSEMBLY_USAGE_OCCURRENCE('189','Housing_bottom_panel004',
  '',#5,#10647,$);
#15329 = CONTEXT_DEPENDENT_SHAPE_REPRESENTATION(#15330,#15332);
#15330 = ( REPRESENTATION_RELATIONSHIP('','',#10320,#10) 
REPRESENTATION_RELATIONSHIP_WITH_TRANSFORMATION(#15331) 
SHAPE_REPRESENTATION_RELATIONSHIP() );
#15331 = ITEM_DEFINED_TRANSFORMATION('','',#11,#423);
#15332 = PRODUCT_DEFINITION_SHAPE('Placement','Placement of an item',
  #15333);
#15333 = NEXT_ASSEMBLY_USAGE_OCCURRENCE('190','Housing_bottom_panel005',
  '',#5,#10315,$);
#15334 = CONTEXT_DEPENDENT_SHAPE_REPRESENTATION(#15335,#15337);
#15335 = ( REPRESENTATION_RELATIONSHIP('','',#14858,#10) 
REPRESENTATION_RELATIONSHIP_WITH_TRANSFORMATION(#15336) 
SHAPE_REPRESENTATION_RELATIONSHIP() );
#15336 = ITEM_DEFINED_TRANSFORMATION('','',#11,#427);
#15337 = PRODUCT_DEFINITION_SHAPE('Placement','Placement of an item',
  #15338);
#15338 = NEXT_ASSEMBLY_USAGE_OCCURRENCE('191','X-axis008','',#5,#14853,$
  );
#15339 = CONTEXT_DEPENDENT_SHAPE_REPRESENTATION(#15340,#15342);
#15340 = ( REPRESENTATION_RELATIONSHIP('','',#14858,#10) 
REPRESENTATION_RELATIONSHIP_WITH_TRANSFORMATION(#15341) 
SHAPE_REPRESENTATION_RELATIONSHIP() );
#15341 = ITEM_DEFINED_TRANSFORMATION('','',#11,#431);
#15342 = PRODUCT_DEFINITION_SHAPE('Placement','Placement of an item',
  #15343);
#15343 = NEXT_ASSEMBLY_USAGE_OCCURRENCE('192','Y-axis008','',#5,#14853,$
  );
#15344 = CONTEXT_DEPENDENT_SHAPE_REPRESENTATION(#15345,#15347);
#15345 = ( REPRESENTATION_RELATIONSHIP('','',#14858,#10) 
REPRESENTATION_RELATIONSHIP_WITH_TRANSFORMATION(#15346) 
SHAPE_REPRESENTATION_RELATIONSHIP() );
#15346 = ITEM_DEFINED_TRANSFORMATION('','',#11,#435);
#15347 = PRODUCT_DEFINITION_SHAPE('Placement','Placement of an item',
  #15348);
#15348 = NEXT_ASSEMBLY_USAGE_OCCURRENCE('193','Z-axis008','',#5,#14853,$
  );
#15349 = CONTEXT_DEPENDENT_SHAPE_REPRESENTATION(#15350,#15352);
#15350 = ( REPRESENTATION_RELATIONSHIP('','',#14892,#10) 
REPRESENTATION_RELATIONSHIP_WITH_TRANSFORMATION(#15351) 
SHAPE_REPRESENTATION_RELATIONSHIP() );
#15351 = ITEM_DEFINED_TRANSFORMATION('','',#11,#439);
#15352 = PRODUCT_DEFINITION_SHAPE('Placement','Placement of an item',
  #15353);
#15353 = NEXT_ASSEMBLY_USAGE_OCCURRENCE('194','XY-plane008','',#5,#14887
  ,$);
#15354 = CONTEXT_DEPENDENT_SHAPE_REPRESENTATION(#15355,#15357);
#15355 = ( REPRESENTATION_RELATIONSHIP('','',#14892,#10) 
REPRESENTATION_RELATIONSHIP_WITH_TRANSFORMATION(#15356) 
SHAPE_REPRESENTATION_RELATIONSHIP() );
#15356 = ITEM_DEFINED_TRANSFORMATION('','',#11,#443);
#15357 = PRODUCT_DEFINITION_SHAPE('Placement','Placement of an item',
  #15358);
#15358 = NEXT_ASSEMBLY_USAGE_OCCURRENCE('195','XZ-plane008','',#5,#14887
  ,$);
#15359 = CONTEXT_DEPENDENT_SHAPE_REPRESENTATION(#15360,#15362);
#15360 = ( REPRESENTATION_RELATIONSHIP('','',#14892,#10) 
REPRESENTATION_RELATIONSHIP_WITH_TRANSFORMATION(#15361) 
SHAPE_REPRESENTATION_RELATIONSHIP() );
#15361 = ITEM_DEFINED_TRANSFORMATION('','',#11,#447);
#15362 = PRODUCT_DEFINITION_SHAPE('Placement','Placement of an item',
  #15363);
#15363 = NEXT_ASSEMBLY_USAGE_OCCURRENCE('196','YZ-plane008','',#5,#14887
  ,$);
#15364 = CONTEXT_DEPENDENT_SHAPE_REPRESENTATION(#15365,#15367);
#15365 = ( REPRESENTATION_RELATIONSHIP('','',#10957,#10) 
REPRESENTATION_RELATIONSHIP_WITH_TRANSFORMATION(#15366) 
SHAPE_REPRESENTATION_RELATIONSHIP() );
#15366 = ITEM_DEFINED_TRANSFORMATION('','',#11,#451);
#15367 = PRODUCT_DEFINITION_SHAPE('Placement','Placement of an item',
  #15368);
#15368 = NEXT_ASSEMBLY_USAGE_OCCURRENCE('197','Housing_top_rim001','',#5
  ,#10952,$);
#15369 = CONTEXT_DEPENDENT_SHAPE_REPRESENTATION(#15370,#15372);
#15370 = ( REPRESENTATION_RELATIONSHIP('','',#11262,#10) 
REPRESENTATION_RELATIONSHIP_WITH_TRANSFORMATION(#15371) 
SHAPE_REPRESENTATION_RELATIONSHIP() );
#15371 = ITEM_DEFINED_TRANSFORMATION('','',#11,#455);
#15372 = PRODUCT_DEFINITION_SHAPE('Placement','Placement of an item',
  #15373);
#15373 = NEXT_ASSEMBLY_USAGE_OCCURRENCE('198',
  'Front_panel_D90_opening001','',#5,#11257,$);
#15374 = CONTEXT_DEPENDENT_SHAPE_REPRESENTATION(#15375,#15377);
#15375 = ( REPRESENTATION_RELATIONSHIP('','',#11470,#10) 
REPRESENTATION_RELATIONSHIP_WITH_TRANSFORMATION(#15376) 
SHAPE_REPRESENTATION_RELATIONSHIP() );
#15376 = ITEM_DEFINED_TRANSFORMATION('','',#11,#459);
#15377 = PRODUCT_DEFINITION_SHAPE('Placement','Placement of an item',
  #15378);
#15378 = NEXT_ASSEMBLY_USAGE_OCCURRENCE('199',
  'Right_panel_two_D104_openings001','',#5,#11465,$);
#15379 = CONTEXT_DEPENDENT_SHAPE_REPRESENTATION(#15380,#15382);
#15380 = ( REPRESENTATION_RELATIONSHIP('','',#11717,#10) 
REPRESENTATION_RELATIONSHIP_WITH_TRANSFORMATION(#15381) 
SHAPE_REPRESENTATION_RELATIONSHIP() );
#15381 = ITEM_DEFINED_TRANSFORMATION('','',#11,#463);
#15382 = PRODUCT_DEFINITION_SHAPE('Placement','Placement of an item',
  #15383);
#15383 = NEXT_ASSEMBLY_USAGE_OCCURRENCE('200',
  'Left_panel_cabinet_side001','',#5,#11712,$);
#15384 = CONTEXT_DEPENDENT_SHAPE_REPRESENTATION(#15385,#15387);
#15385 = ( REPRESENTATION_RELATIONSHIP('','',#11886,#10) 
REPRESENTATION_RELATIONSHIP_WITH_TRANSFORMATION(#15386) 
SHAPE_REPRESENTATION_RELATIONSHIP() );
#15386 = ITEM_DEFINED_TRANSFORMATION('','',#11,#467);
#15387 = PRODUCT_DEFINITION_SHAPE('Placement','Placement of an item',
  #15388);
#15388 = NEXT_ASSEMBLY_USAGE_OCCURRENCE('201','Rear_panel_simplified001'
  ,'',#5,#11881,$);
#15389 = CONTEXT_DEPENDENT_SHAPE_REPRESENTATION(#15390,#15392);
#15390 = ( REPRESENTATION_RELATIONSHIP('','',#10277,#10) 
REPRESENTATION_RELATIONSHIP_WITH_TRANSFORMATION(#15391) 
SHAPE_REPRESENTATION_RELATIONSHIP() );
#15391 = ITEM_DEFINED_TRANSFORMATION('','',#11,#471);
#15392 = PRODUCT_DEFINITION_SHAPE('Placement','Placement of an item',
  #15393);
#15393 = NEXT_ASSEMBLY_USAGE_OCCURRENCE('202','02_Housing001','',#5,
  #10272,$);
#15394 = CONTEXT_DEPENDENT_SHAPE_REPRESENTATION(#15395,#15397);
#15395 = ( REPRESENTATION_RELATIONSHIP('','',#14858,#10) 
REPRESENTATION_RELATIONSHIP_WITH_TRANSFORMATION(#15396) 
SHAPE_REPRESENTATION_RELATIONSHIP() );
#15396 = ITEM_DEFINED_TRANSFORMATION('','',#11,#475);
#15397 = PRODUCT_DEFINITION_SHAPE('Placement','Placement of an item',
  #15398);
#15398 = NEXT_ASSEMBLY_USAGE_OCCURRENCE('203','X-axis009','',#5,#14853,$
  );
#15399 = CONTEXT_DEPENDENT_SHAPE_REPRESENTATION(#15400,#15402);
#15400 = ( REPRESENTATION_RELATIONSHIP('','',#14858,#10) 
REPRESENTATION_RELATIONSHIP_WITH_TRANSFORMATION(#15401) 
SHAPE_REPRESENTATION_RELATIONSHIP() );
#15401 = ITEM_DEFINED_TRANSFORMATION('','',#11,#479);
#15402 = PRODUCT_DEFINITION_SHAPE('Placement','Placement of an item',
  #15403);
#15403 = NEXT_ASSEMBLY_USAGE_OCCURRENCE('204','Y-axis009','',#5,#14853,$
  );
#15404 = CONTEXT_DEPENDENT_SHAPE_REPRESENTATION(#15405,#15407);
#15405 = ( REPRESENTATION_RELATIONSHIP('','',#14858,#10) 
REPRESENTATION_RELATIONSHIP_WITH_TRANSFORMATION(#15406) 
SHAPE_REPRESENTATION_RELATIONSHIP() );
#15406 = ITEM_DEFINED_TRANSFORMATION('','',#11,#483);
#15407 = PRODUCT_DEFINITION_SHAPE('Placement','Placement of an item',
  #15408);
#15408 = NEXT_ASSEMBLY_USAGE_OCCURRENCE('205','Z-axis009','',#5,#14853,$
  );
#15409 = CONTEXT_DEPENDENT_SHAPE_REPRESENTATION(#15410,#15412);
#15410 = ( REPRESENTATION_RELATIONSHIP('','',#14892,#10) 
REPRESENTATION_RELATIONSHIP_WITH_TRANSFORMATION(#15411) 
SHAPE_REPRESENTATION_RELATIONSHIP() );
#15411 = ITEM_DEFINED_TRANSFORMATION('','',#11,#487);
#15412 = PRODUCT_DEFINITION_SHAPE('Placement','Placement of an item',
  #15413);
#15413 = NEXT_ASSEMBLY_USAGE_OCCURRENCE('206','XY-plane009','',#5,#14887
  ,$);
#15414 = CONTEXT_DEPENDENT_SHAPE_REPRESENTATION(#15415,#15417);
#15415 = ( REPRESENTATION_RELATIONSHIP('','',#14892,#10) 
REPRESENTATION_RELATIONSHIP_WITH_TRANSFORMATION(#15416) 
SHAPE_REPRESENTATION_RELATIONSHIP() );
#15416 = ITEM_DEFINED_TRANSFORMATION('','',#11,#491);
#15417 = PRODUCT_DEFINITION_SHAPE('Placement','Placement of an item',
  #15418);
#15418 = NEXT_ASSEMBLY_USAGE_OCCURRENCE('207','XZ-plane009','',#5,#14887
  ,$);
#15419 = CONTEXT_DEPENDENT_SHAPE_REPRESENTATION(#15420,#15422);
#15420 = ( REPRESENTATION_RELATIONSHIP('','',#14892,#10) 
REPRESENTATION_RELATIONSHIP_WITH_TRANSFORMATION(#15421) 
SHAPE_REPRESENTATION_RELATIONSHIP() );
#15421 = ITEM_DEFINED_TRANSFORMATION('','',#11,#495);
#15422 = PRODUCT_DEFINITION_SHAPE('Placement','Placement of an item',
  #15423);
#15423 = NEXT_ASSEMBLY_USAGE_OCCURRENCE('208','YZ-plane009','',#5,#14887
  ,$);
#15424 = CONTEXT_DEPENDENT_SHAPE_REPRESENTATION(#15425,#15427);
#15425 = ( REPRESENTATION_RELATIONSHIP('','',#12181,#10) 
REPRESENTATION_RELATIONSHIP_WITH_TRANSFORMATION(#15426) 
SHAPE_REPRESENTATION_RELATIONSHIP() );
#15426 = ITEM_DEFINED_TRANSFORMATION('','',#11,#499);
#15427 = PRODUCT_DEFINITION_SHAPE('Placement','Placement of an item',
  #15428);
#15428 = NEXT_ASSEMBLY_USAGE_OCCURRENCE('209',
  'Flush_round_fittings_schematic022','',#5,#12176,$);
#15429 = CONTEXT_DEPENDENT_SHAPE_REPRESENTATION(#15430,#15432);
#15430 = ( REPRESENTATION_RELATIONSHIP('','',#12253,#10) 
REPRESENTATION_RELATIONSHIP_WITH_TRANSFORMATION(#15431) 
SHAPE_REPRESENTATION_RELATIONSHIP() );
#15431 = ITEM_DEFINED_TRANSFORMATION('','',#11,#503);
#15432 = PRODUCT_DEFINITION_SHAPE('Placement','Placement of an item',
  #15433);
#15433 = NEXT_ASSEMBLY_USAGE_OCCURRENCE('210',
  'Flush_round_fittings_schematic023','',#5,#12248,$);
#15434 = CONTEXT_DEPENDENT_SHAPE_REPRESENTATION(#15435,#15437);
#15435 = ( REPRESENTATION_RELATIONSHIP('','',#12325,#10) 
REPRESENTATION_RELATIONSHIP_WITH_TRANSFORMATION(#15436) 
SHAPE_REPRESENTATION_RELATIONSHIP() );
#15436 = ITEM_DEFINED_TRANSFORMATION('','',#11,#507);
#15437 = PRODUCT_DEFINITION_SHAPE('Placement','Placement of an item',
  #15438);
#15438 = NEXT_ASSEMBLY_USAGE_OCCURRENCE('211',
  'Flush_round_fittings_schematic024','',#5,#12320,$);
#15439 = CONTEXT_DEPENDENT_SHAPE_REPRESENTATION(#15440,#15442);
#15440 = ( REPRESENTATION_RELATIONSHIP('','',#12397,#10) 
REPRESENTATION_RELATIONSHIP_WITH_TRANSFORMATION(#15441) 
SHAPE_REPRESENTATION_RELATIONSHIP() );
#15441 = ITEM_DEFINED_TRANSFORMATION('','',#11,#511);
#15442 = PRODUCT_DEFINITION_SHAPE('Placement','Placement of an item',
  #15443);
#15443 = NEXT_ASSEMBLY_USAGE_OCCURRENCE('212',
  'Flush_round_fittings_schematic025','',#5,#12392,$);
#15444 = CONTEXT_DEPENDENT_SHAPE_REPRESENTATION(#15445,#15447);
#15445 = ( REPRESENTATION_RELATIONSHIP('','',#12469,#10) 
REPRESENTATION_RELATIONSHIP_WITH_TRANSFORMATION(#15446) 
SHAPE_REPRESENTATION_RELATIONSHIP() );
#15446 = ITEM_DEFINED_TRANSFORMATION('','',#11,#515);
#15447 = PRODUCT_DEFINITION_SHAPE('Placement','Placement of an item',
  #15448);
#15448 = NEXT_ASSEMBLY_USAGE_OCCURRENCE('213',
  'Flush_round_fittings_schematic026','',#5,#12464,$);
#15449 = CONTEXT_DEPENDENT_SHAPE_REPRESENTATION(#15450,#15452);
#15450 = ( REPRESENTATION_RELATIONSHIP('','',#12541,#10) 
REPRESENTATION_RELATIONSHIP_WITH_TRANSFORMATION(#15451) 
SHAPE_REPRESENTATION_RELATIONSHIP() );
#15451 = ITEM_DEFINED_TRANSFORMATION('','',#11,#519);
#15452 = PRODUCT_DEFINITION_SHAPE('Placement','Placement of an item',
  #15453);
#15453 = NEXT_ASSEMBLY_USAGE_OCCURRENCE('214',
  'Flush_round_fittings_schematic027','',#5,#12536,$);
#15454 = CONTEXT_DEPENDENT_SHAPE_REPRESENTATION(#15455,#15457);
#15455 = ( REPRESENTATION_RELATIONSHIP('','',#12613,#10) 
REPRESENTATION_RELATIONSHIP_WITH_TRANSFORMATION(#15456) 
SHAPE_REPRESENTATION_RELATIONSHIP() );
#15456 = ITEM_DEFINED_TRANSFORMATION('','',#11,#523);
#15457 = PRODUCT_DEFINITION_SHAPE('Placement','Placement of an item',
  #15458);
#15458 = NEXT_ASSEMBLY_USAGE_OCCURRENCE('215',
  'Flush_round_fittings_schematic028','',#5,#12608,$);
#15459 = CONTEXT_DEPENDENT_SHAPE_REPRESENTATION(#15460,#15462);
#15460 = ( REPRESENTATION_RELATIONSHIP('','',#12685,#10) 
REPRESENTATION_RELATIONSHIP_WITH_TRANSFORMATION(#15461) 
SHAPE_REPRESENTATION_RELATIONSHIP() );
#15461 = ITEM_DEFINED_TRANSFORMATION('','',#11,#527);
#15462 = PRODUCT_DEFINITION_SHAPE('Placement','Placement of an item',
  #15463);
#15463 = NEXT_ASSEMBLY_USAGE_OCCURRENCE('216',
  'Flush_round_fittings_schematic029','',#5,#12680,$);
#15464 = CONTEXT_DEPENDENT_SHAPE_REPRESENTATION(#15465,#15467);
#15465 = ( REPRESENTATION_RELATIONSHIP('','',#12757,#10) 
REPRESENTATION_RELATIONSHIP_WITH_TRANSFORMATION(#15466) 
SHAPE_REPRESENTATION_RELATIONSHIP() );
#15466 = ITEM_DEFINED_TRANSFORMATION('','',#11,#531);
#15467 = PRODUCT_DEFINITION_SHAPE('Placement','Placement of an item',
  #15468);
#15468 = NEXT_ASSEMBLY_USAGE_OCCURRENCE('217',
  'Flush_round_fittings_schematic030','',#5,#12752,$);
#15469 = CONTEXT_DEPENDENT_SHAPE_REPRESENTATION(#15470,#15472);
#15470 = ( REPRESENTATION_RELATIONSHIP('','',#12829,#10) 
REPRESENTATION_RELATIONSHIP_WITH_TRANSFORMATION(#15471) 
SHAPE_REPRESENTATION_RELATIONSHIP() );
#15471 = ITEM_DEFINED_TRANSFORMATION('','',#11,#535);
#15472 = PRODUCT_DEFINITION_SHAPE('Placement','Placement of an item',
  #15473);
#15473 = NEXT_ASSEMBLY_USAGE_OCCURRENCE('218',
  'Flush_round_fittings_schematic031','',#5,#12824,$);
#15474 = CONTEXT_DEPENDENT_SHAPE_REPRESENTATION(#15475,#15477);
#15475 = ( REPRESENTATION_RELATIONSHIP('','',#12901,#10) 
REPRESENTATION_RELATIONSHIP_WITH_TRANSFORMATION(#15476) 
SHAPE_REPRESENTATION_RELATIONSHIP() );
#15476 = ITEM_DEFINED_TRANSFORMATION('','',#11,#539);
#15477 = PRODUCT_DEFINITION_SHAPE('Placement','Placement of an item',
  #15478);
#15478 = NEXT_ASSEMBLY_USAGE_OCCURRENCE('219',
  'Flush_round_fittings_schematic032','',#5,#12896,$);
#15479 = CONTEXT_DEPENDENT_SHAPE_REPRESENTATION(#15480,#15482);
#15480 = ( REPRESENTATION_RELATIONSHIP('','',#12973,#10) 
REPRESENTATION_RELATIONSHIP_WITH_TRANSFORMATION(#15481) 
SHAPE_REPRESENTATION_RELATIONSHIP() );
#15481 = ITEM_DEFINED_TRANSFORMATION('','',#11,#543);
#15482 = PRODUCT_DEFINITION_SHAPE('Placement','Placement of an item',
  #15483);
#15483 = NEXT_ASSEMBLY_USAGE_OCCURRENCE('220',
  'Flush_round_fittings_schematic033','',#5,#12968,$);
#15484 = CONTEXT_DEPENDENT_SHAPE_REPRESENTATION(#15485,#15487);
#15485 = ( REPRESENTATION_RELATIONSHIP('','',#13045,#10) 
REPRESENTATION_RELATIONSHIP_WITH_TRANSFORMATION(#15486) 
SHAPE_REPRESENTATION_RELATIONSHIP() );
#15486 = ITEM_DEFINED_TRANSFORMATION('','',#11,#547);
#15487 = PRODUCT_DEFINITION_SHAPE('Placement','Placement of an item',
  #15488);
#15488 = NEXT_ASSEMBLY_USAGE_OCCURRENCE('221',
  'Flush_round_fittings_schematic034','',#5,#13040,$);
#15489 = CONTEXT_DEPENDENT_SHAPE_REPRESENTATION(#15490,#15492);
#15490 = ( REPRESENTATION_RELATIONSHIP('','',#13117,#10) 
REPRESENTATION_RELATIONSHIP_WITH_TRANSFORMATION(#15491) 
SHAPE_REPRESENTATION_RELATIONSHIP() );
#15491 = ITEM_DEFINED_TRANSFORMATION('','',#11,#551);
#15492 = PRODUCT_DEFINITION_SHAPE('Placement','Placement of an item',
  #15493);
#15493 = NEXT_ASSEMBLY_USAGE_OCCURRENCE('222',
  'Flush_round_fittings_schematic035','',#5,#13112,$);
#15494 = CONTEXT_DEPENDENT_SHAPE_REPRESENTATION(#15495,#15497);
#15495 = ( REPRESENTATION_RELATIONSHIP('','',#13189,#10) 
REPRESENTATION_RELATIONSHIP_WITH_TRANSFORMATION(#15496) 
SHAPE_REPRESENTATION_RELATIONSHIP() );
#15496 = ITEM_DEFINED_TRANSFORMATION('','',#11,#555);
#15497 = PRODUCT_DEFINITION_SHAPE('Placement','Placement of an item',
  #15498);
#15498 = NEXT_ASSEMBLY_USAGE_OCCURRENCE('223',
  'Flush_round_fittings_schematic036','',#5,#13184,$);
#15499 = CONTEXT_DEPENDENT_SHAPE_REPRESENTATION(#15500,#15502);
#15500 = ( REPRESENTATION_RELATIONSHIP('','',#13261,#10) 
REPRESENTATION_RELATIONSHIP_WITH_TRANSFORMATION(#15501) 
SHAPE_REPRESENTATION_RELATIONSHIP() );
#15501 = ITEM_DEFINED_TRANSFORMATION('','',#11,#559);
#15502 = PRODUCT_DEFINITION_SHAPE('Placement','Placement of an item',
  #15503);
#15503 = NEXT_ASSEMBLY_USAGE_OCCURRENCE('224',
  'Flush_round_fittings_schematic037','',#5,#13256,$);
#15504 = CONTEXT_DEPENDENT_SHAPE_REPRESENTATION(#15505,#15507);
#15505 = ( REPRESENTATION_RELATIONSHIP('','',#13333,#10) 
REPRESENTATION_RELATIONSHIP_WITH_TRANSFORMATION(#15506) 
SHAPE_REPRESENTATION_RELATIONSHIP() );
#15506 = ITEM_DEFINED_TRANSFORMATION('','',#11,#563);
#15507 = PRODUCT_DEFINITION_SHAPE('Placement','Placement of an item',
  #15508);
#15508 = NEXT_ASSEMBLY_USAGE_OCCURRENCE('225',
  'Flush_round_fittings_schematic038','',#5,#13328,$);
#15509 = CONTEXT_DEPENDENT_SHAPE_REPRESENTATION(#15510,#15512);
#15510 = ( REPRESENTATION_RELATIONSHIP('','',#13405,#10) 
REPRESENTATION_RELATIONSHIP_WITH_TRANSFORMATION(#15511) 
SHAPE_REPRESENTATION_RELATIONSHIP() );
#15511 = ITEM_DEFINED_TRANSFORMATION('','',#11,#567);
#15512 = PRODUCT_DEFINITION_SHAPE('Placement','Placement of an item',
  #15513);
#15513 = NEXT_ASSEMBLY_USAGE_OCCURRENCE('226',
  'Flush_round_fittings_schematic039','',#5,#13400,$);
#15514 = CONTEXT_DEPENDENT_SHAPE_REPRESENTATION(#15515,#15517);
#15515 = ( REPRESENTATION_RELATIONSHIP('','',#13477,#10) 
REPRESENTATION_RELATIONSHIP_WITH_TRANSFORMATION(#15516) 
SHAPE_REPRESENTATION_RELATIONSHIP() );
#15516 = ITEM_DEFINED_TRANSFORMATION('','',#11,#571);
#15517 = PRODUCT_DEFINITION_SHAPE('Placement','Placement of an item',
  #15518);
#15518 = NEXT_ASSEMBLY_USAGE_OCCURRENCE('227',
  'Flush_round_fittings_schematic040','',#5,#13472,$);
#15519 = CONTEXT_DEPENDENT_SHAPE_REPRESENTATION(#15520,#15522);
#15520 = ( REPRESENTATION_RELATIONSHIP('','',#13549,#10) 
REPRESENTATION_RELATIONSHIP_WITH_TRANSFORMATION(#15521) 
SHAPE_REPRESENTATION_RELATIONSHIP() );
#15521 = ITEM_DEFINED_TRANSFORMATION('','',#11,#575);
#15522 = PRODUCT_DEFINITION_SHAPE('Placement','Placement of an item',
  #15523);
#15523 = NEXT_ASSEMBLY_USAGE_OCCURRENCE('228',
  'Flush_round_fittings_schematic041','',#5,#13544,$);
#15524 = CONTEXT_DEPENDENT_SHAPE_REPRESENTATION(#15525,#15527);
#15525 = ( REPRESENTATION_RELATIONSHIP('','',#13621,#10) 
REPRESENTATION_RELATIONSHIP_WITH_TRANSFORMATION(#15526) 
SHAPE_REPRESENTATION_RELATIONSHIP() );
#15526 = ITEM_DEFINED_TRANSFORMATION('','',#11,#579);
#15527 = PRODUCT_DEFINITION_SHAPE('Placement','Placement of an item',
  #15528);
#15528 = NEXT_ASSEMBLY_USAGE_OCCURRENCE('229',
  'Flush_round_fittings_schematic042','',#5,#13616,$);
#15529 = CONTEXT_DEPENDENT_SHAPE_REPRESENTATION(#15530,#15532);
#15530 = ( REPRESENTATION_RELATIONSHIP('','',#12078,#10) 
REPRESENTATION_RELATIONSHIP_WITH_TRANSFORMATION(#15531) 
SHAPE_REPRESENTATION_RELATIONSHIP() );
#15531 = ITEM_DEFINED_TRANSFORMATION('','',#11,#583);
#15532 = PRODUCT_DEFINITION_SHAPE('Placement','Placement of an item',
  #15533);
#15533 = NEXT_ASSEMBLY_USAGE_OCCURRENCE('230',
  'Flush_round_fittings_schematic043','',#5,#12073,$);
#15534 = CONTEXT_DEPENDENT_SHAPE_REPRESENTATION(#15535,#15537);
#15535 = ( REPRESENTATION_RELATIONSHIP('','',#14858,#10) 
REPRESENTATION_RELATIONSHIP_WITH_TRANSFORMATION(#15536) 
SHAPE_REPRESENTATION_RELATIONSHIP() );
#15536 = ITEM_DEFINED_TRANSFORMATION('','',#11,#587);
#15537 = PRODUCT_DEFINITION_SHAPE('Placement','Placement of an item',
  #15538);
#15538 = NEXT_ASSEMBLY_USAGE_OCCURRENCE('231','X-axis010','',#5,#14853,$
  );
#15539 = CONTEXT_DEPENDENT_SHAPE_REPRESENTATION(#15540,#15542);
#15540 = ( REPRESENTATION_RELATIONSHIP('','',#14858,#10) 
REPRESENTATION_RELATIONSHIP_WITH_TRANSFORMATION(#15541) 
SHAPE_REPRESENTATION_RELATIONSHIP() );
#15541 = ITEM_DEFINED_TRANSFORMATION('','',#11,#591);
#15542 = PRODUCT_DEFINITION_SHAPE('Placement','Placement of an item',
  #15543);
#15543 = NEXT_ASSEMBLY_USAGE_OCCURRENCE('232','Y-axis010','',#5,#14853,$
  );
#15544 = CONTEXT_DEPENDENT_SHAPE_REPRESENTATION(#15545,#15547);
#15545 = ( REPRESENTATION_RELATIONSHIP('','',#14858,#10) 
REPRESENTATION_RELATIONSHIP_WITH_TRANSFORMATION(#15546) 
SHAPE_REPRESENTATION_RELATIONSHIP() );
#15546 = ITEM_DEFINED_TRANSFORMATION('','',#11,#595);
#15547 = PRODUCT_DEFINITION_SHAPE('Placement','Placement of an item',
  #15548);
#15548 = NEXT_ASSEMBLY_USAGE_OCCURRENCE('233','Z-axis010','',#5,#14853,$
  );
#15549 = CONTEXT_DEPENDENT_SHAPE_REPRESENTATION(#15550,#15552);
#15550 = ( REPRESENTATION_RELATIONSHIP('','',#14892,#10) 
REPRESENTATION_RELATIONSHIP_WITH_TRANSFORMATION(#15551) 
SHAPE_REPRESENTATION_RELATIONSHIP() );
#15551 = ITEM_DEFINED_TRANSFORMATION('','',#11,#599);
#15552 = PRODUCT_DEFINITION_SHAPE('Placement','Placement of an item',
  #15553);
#15553 = NEXT_ASSEMBLY_USAGE_OCCURRENCE('234','XY-plane010','',#5,#14887
  ,$);
#15554 = CONTEXT_DEPENDENT_SHAPE_REPRESENTATION(#15555,#15557);
#15555 = ( REPRESENTATION_RELATIONSHIP('','',#14892,#10) 
REPRESENTATION_RELATIONSHIP_WITH_TRANSFORMATION(#15556) 
SHAPE_REPRESENTATION_RELATIONSHIP() );
#15556 = ITEM_DEFINED_TRANSFORMATION('','',#11,#603);
#15557 = PRODUCT_DEFINITION_SHAPE('Placement','Placement of an item',
  #15558);
#15558 = NEXT_ASSEMBLY_USAGE_OCCURRENCE('235','XZ-plane010','',#5,#14887
  ,$);
#15559 = CONTEXT_DEPENDENT_SHAPE_REPRESENTATION(#15560,#15562);
#15560 = ( REPRESENTATION_RELATIONSHIP('','',#14892,#10) 
REPRESENTATION_RELATIONSHIP_WITH_TRANSFORMATION(#15561) 
SHAPE_REPRESENTATION_RELATIONSHIP() );
#15561 = ITEM_DEFINED_TRANSFORMATION('','',#11,#607);
#15562 = PRODUCT_DEFINITION_SHAPE('Placement','Placement of an item',
  #15563);
#15563 = NEXT_ASSEMBLY_USAGE_OCCURRENCE('236','YZ-plane010','',#5,#14887
  ,$);
#15564 = CONTEXT_DEPENDENT_SHAPE_REPRESENTATION(#15565,#15567);
#15565 = ( REPRESENTATION_RELATIONSHIP('','',#12055,#10) 
REPRESENTATION_RELATIONSHIP_WITH_TRANSFORMATION(#15566) 
SHAPE_REPRESENTATION_RELATIONSHIP() );
#15566 = ITEM_DEFINED_TRANSFORMATION('','',#11,#611);
#15567 = PRODUCT_DEFINITION_SHAPE('Placement','Placement of an item',
  #15568);
#15568 = NEXT_ASSEMBLY_USAGE_OCCURRENCE('237','06_Fittings001','',#5,
  #12050,$);
#15569 = CONTEXT_DEPENDENT_SHAPE_REPRESENTATION(#15570,#15572);
#15570 = ( REPRESENTATION_RELATIONSHIP('','',#14858,#10) 
REPRESENTATION_RELATIONSHIP_WITH_TRANSFORMATION(#15571) 
SHAPE_REPRESENTATION_RELATIONSHIP() );
#15571 = ITEM_DEFINED_TRANSFORMATION('','',#11,#615);
#15572 = PRODUCT_DEFINITION_SHAPE('Placement','Placement of an item',
  #15573);
#15573 = NEXT_ASSEMBLY_USAGE_OCCURRENCE('238','X-axis011','',#5,#14853,$
  );
#15574 = CONTEXT_DEPENDENT_SHAPE_REPRESENTATION(#15575,#15577);
#15575 = ( REPRESENTATION_RELATIONSHIP('','',#14858,#10) 
REPRESENTATION_RELATIONSHIP_WITH_TRANSFORMATION(#15576) 
SHAPE_REPRESENTATION_RELATIONSHIP() );
#15576 = ITEM_DEFINED_TRANSFORMATION('','',#11,#619);
#15577 = PRODUCT_DEFINITION_SHAPE('Placement','Placement of an item',
  #15578);
#15578 = NEXT_ASSEMBLY_USAGE_OCCURRENCE('239','Y-axis011','',#5,#14853,$
  );
#15579 = CONTEXT_DEPENDENT_SHAPE_REPRESENTATION(#15580,#15582);
#15580 = ( REPRESENTATION_RELATIONSHIP('','',#14858,#10) 
REPRESENTATION_RELATIONSHIP_WITH_TRANSFORMATION(#15581) 
SHAPE_REPRESENTATION_RELATIONSHIP() );
#15581 = ITEM_DEFINED_TRANSFORMATION('','',#11,#623);
#15582 = PRODUCT_DEFINITION_SHAPE('Placement','Placement of an item',
  #15583);
#15583 = NEXT_ASSEMBLY_USAGE_OCCURRENCE('240','Z-axis011','',#5,#14853,$
  );
#15584 = CONTEXT_DEPENDENT_SHAPE_REPRESENTATION(#15585,#15587);
#15585 = ( REPRESENTATION_RELATIONSHIP('','',#14892,#10) 
REPRESENTATION_RELATIONSHIP_WITH_TRANSFORMATION(#15586) 
SHAPE_REPRESENTATION_RELATIONSHIP() );
#15586 = ITEM_DEFINED_TRANSFORMATION('','',#11,#627);
#15587 = PRODUCT_DEFINITION_SHAPE('Placement','Placement of an item',
  #15588);
#15588 = NEXT_ASSEMBLY_USAGE_OCCURRENCE('241','XY-plane011','',#5,#14887
  ,$);
#15589 = CONTEXT_DEPENDENT_SHAPE_REPRESENTATION(#15590,#15592);
#15590 = ( REPRESENTATION_RELATIONSHIP('','',#14892,#10) 
REPRESENTATION_RELATIONSHIP_WITH_TRANSFORMATION(#15591) 
SHAPE_REPRESENTATION_RELATIONSHIP() );
#15591 = ITEM_DEFINED_TRANSFORMATION('','',#11,#631);
#15592 = PRODUCT_DEFINITION_SHAPE('Placement','Placement of an item',
  #15593);
#15593 = NEXT_ASSEMBLY_USAGE_OCCURRENCE('242','XZ-plane011','',#5,#14887
  ,$);
#15594 = CONTEXT_DEPENDENT_SHAPE_REPRESENTATION(#15595,#15597);
#15595 = ( REPRESENTATION_RELATIONSHIP('','',#14892,#10) 
REPRESENTATION_RELATIONSHIP_WITH_TRANSFORMATION(#15596) 
SHAPE_REPRESENTATION_RELATIONSHIP() );
#15596 = ITEM_DEFINED_TRANSFORMATION('','',#11,#635);
#15597 = PRODUCT_DEFINITION_SHAPE('Placement','Placement of an item',
  #15598);
#15598 = NEXT_ASSEMBLY_USAGE_OCCURRENCE('243','YZ-plane011','',#5,#14887
  ,$);
#15599 = CONTEXT_DEPENDENT_SHAPE_REPRESENTATION(#15600,#15602);
#15600 = ( REPRESENTATION_RELATIONSHIP('','',#13720,#10) 
REPRESENTATION_RELATIONSHIP_WITH_TRANSFORMATION(#15601) 
SHAPE_REPRESENTATION_RELATIONSHIP() );
#15601 = ITEM_DEFINED_TRANSFORMATION('','',#11,#639);
#15602 = PRODUCT_DEFINITION_SHAPE('Placement','Placement of an item',
  #15603);
#15603 = NEXT_ASSEMBLY_USAGE_OCCURRENCE('244',
  'Bottom_flange_860_open_800_12xD8(Mirror)001','',#5,#13715,$);
#15604 = CONTEXT_DEPENDENT_SHAPE_REPRESENTATION(#15605,#15607);
#15605 = ( REPRESENTATION_RELATIONSHIP('','',#14493,#10) 
REPRESENTATION_RELATIONSHIP_WITH_TRANSFORMATION(#15606) 
SHAPE_REPRESENTATION_RELATIONSHIP() );
#15606 = ITEM_DEFINED_TRANSFORMATION('','',#11,#643);
#15607 = PRODUCT_DEFINITION_SHAPE('Placement','Placement of an item',
  #15608);
#15608 = NEXT_ASSEMBLY_USAGE_OCCURRENCE('245',
  'Bottom_neck_800_clear(Mirror)001','',#5,#14488,$);
#15609 = CONTEXT_DEPENDENT_SHAPE_REPRESENTATION(#15610,#15612);
#15610 = ( REPRESENTATION_RELATIONSHIP('','',#13693,#10) 
REPRESENTATION_RELATIONSHIP_WITH_TRANSFORMATION(#15611) 
SHAPE_REPRESENTATION_RELATIONSHIP() );
#15611 = ITEM_DEFINED_TRANSFORMATION('','',#11,#647);
#15612 = PRODUCT_DEFINITION_SHAPE('Placement','Placement of an item',
  #15613);
#15613 = NEXT_ASSEMBLY_USAGE_OCCURRENCE('246',
  '01_Lower_connection(Mirror)001','',#5,#13688,$);
#15614 = CONTEXT_DEPENDENT_SHAPE_REPRESENTATION(#15615,#15617);
#15615 = ( REPRESENTATION_RELATIONSHIP('','',#14858,#10) 
REPRESENTATION_RELATIONSHIP_WITH_TRANSFORMATION(#15616) 
SHAPE_REPRESENTATION_RELATIONSHIP() );
#15616 = ITEM_DEFINED_TRANSFORMATION('','',#11,#651);
#15617 = PRODUCT_DEFINITION_SHAPE('Placement','Placement of an item',
  #15618);
#15618 = NEXT_ASSEMBLY_USAGE_OCCURRENCE('247','X-axis012','',#5,#14853,$
  );
#15619 = CONTEXT_DEPENDENT_SHAPE_REPRESENTATION(#15620,#15622);
#15620 = ( REPRESENTATION_RELATIONSHIP('','',#14858,#10) 
REPRESENTATION_RELATIONSHIP_WITH_TRANSFORMATION(#15621) 
SHAPE_REPRESENTATION_RELATIONSHIP() );
#15621 = ITEM_DEFINED_TRANSFORMATION('','',#11,#655);
#15622 = PRODUCT_DEFINITION_SHAPE('Placement','Placement of an item',
  #15623);
#15623 = NEXT_ASSEMBLY_USAGE_OCCURRENCE('248','Y-axis012','',#5,#14853,$
  );
#15624 = CONTEXT_DEPENDENT_SHAPE_REPRESENTATION(#15625,#15627);
#15625 = ( REPRESENTATION_RELATIONSHIP('','',#14858,#10) 
REPRESENTATION_RELATIONSHIP_WITH_TRANSFORMATION(#15626) 
SHAPE_REPRESENTATION_RELATIONSHIP() );
#15626 = ITEM_DEFINED_TRANSFORMATION('','',#11,#659);
#15627 = PRODUCT_DEFINITION_SHAPE('Placement','Placement of an item',
  #15628);
#15628 = NEXT_ASSEMBLY_USAGE_OCCURRENCE('249','Z-axis012','',#5,#14853,$
  );
#15629 = CONTEXT_DEPENDENT_SHAPE_REPRESENTATION(#15630,#15632);
#15630 = ( REPRESENTATION_RELATIONSHIP('','',#14892,#10) 
REPRESENTATION_RELATIONSHIP_WITH_TRANSFORMATION(#15631) 
SHAPE_REPRESENTATION_RELATIONSHIP() );
#15631 = ITEM_DEFINED_TRANSFORMATION('','',#11,#663);
#15632 = PRODUCT_DEFINITION_SHAPE('Placement','Placement of an item',
  #15633);
#15633 = NEXT_ASSEMBLY_USAGE_OCCURRENCE('250','XY-plane012','',#5,#14887
  ,$);
#15634 = CONTEXT_DEPENDENT_SHAPE_REPRESENTATION(#15635,#15637);
#15635 = ( REPRESENTATION_RELATIONSHIP('','',#14892,#10) 
REPRESENTATION_RELATIONSHIP_WITH_TRANSFORMATION(#15636) 
SHAPE_REPRESENTATION_RELATIONSHIP() );
#15636 = ITEM_DEFINED_TRANSFORMATION('','',#11,#667);
#15637 = PRODUCT_DEFINITION_SHAPE('Placement','Placement of an item',
  #15638);
#15638 = NEXT_ASSEMBLY_USAGE_OCCURRENCE('251','XZ-plane012','',#5,#14887
  ,$);
#15639 = CONTEXT_DEPENDENT_SHAPE_REPRESENTATION(#15640,#15642);
#15640 = ( REPRESENTATION_RELATIONSHIP('','',#14892,#10) 
REPRESENTATION_RELATIONSHIP_WITH_TRANSFORMATION(#15641) 
SHAPE_REPRESENTATION_RELATIONSHIP() );
#15641 = ITEM_DEFINED_TRANSFORMATION('','',#11,#671);
#15642 = PRODUCT_DEFINITION_SHAPE('Placement','Placement of an item',
  #15643);
#15643 = NEXT_ASSEMBLY_USAGE_OCCURRENCE('252','YZ-plane012','',#5,#14887
  ,$);
#15644 = CONTEXT_DEPENDENT_SHAPE_REPRESENTATION(#15645,#15647);
#15645 = ( REPRESENTATION_RELATIONSHIP('','',#9137,#10) 
REPRESENTATION_RELATIONSHIP_WITH_TRANSFORMATION(#15646) 
SHAPE_REPRESENTATION_RELATIONSHIP() );
#15646 = ITEM_DEFINED_TRANSFORMATION('','',#11,#675);
#15647 = PRODUCT_DEFINITION_SHAPE('Placement','Placement of an item',
  #15648);
#15648 = NEXT_ASSEMBLY_USAGE_OCCURRENCE('253','AirTS right','',#5,#9132,
  $);
#15649 = CONTEXT_DEPENDENT_SHAPE_REPRESENTATION(#15650,#15652);
#15650 = ( REPRESENTATION_RELATIONSHIP('','',#14858,#10) 
REPRESENTATION_RELATIONSHIP_WITH_TRANSFORMATION(#15651) 
SHAPE_REPRESENTATION_RELATIONSHIP() );
#15651 = ITEM_DEFINED_TRANSFORMATION('','',#11,#679);
#15652 = PRODUCT_DEFINITION_SHAPE('Placement','Placement of an item',
  #15653);
#15653 = NEXT_ASSEMBLY_USAGE_OCCURRENCE('254','X-axis013','',#5,#14853,$
  );
#15654 = CONTEXT_DEPENDENT_SHAPE_REPRESENTATION(#15655,#15657);
#15655 = ( REPRESENTATION_RELATIONSHIP('','',#14858,#10) 
REPRESENTATION_RELATIONSHIP_WITH_TRANSFORMATION(#15656) 
SHAPE_REPRESENTATION_RELATIONSHIP() );
#15656 = ITEM_DEFINED_TRANSFORMATION('','',#11,#683);
#15657 = PRODUCT_DEFINITION_SHAPE('Placement','Placement of an item',
  #15658);
#15658 = NEXT_ASSEMBLY_USAGE_OCCURRENCE('255','Y-axis013','',#5,#14853,$
  );
#15659 = CONTEXT_DEPENDENT_SHAPE_REPRESENTATION(#15660,#15662);
#15660 = ( REPRESENTATION_RELATIONSHIP('','',#14858,#10) 
REPRESENTATION_RELATIONSHIP_WITH_TRANSFORMATION(#15661) 
SHAPE_REPRESENTATION_RELATIONSHIP() );
#15661 = ITEM_DEFINED_TRANSFORMATION('','',#11,#687);
#15662 = PRODUCT_DEFINITION_SHAPE('Placement','Placement of an item',
  #15663);
#15663 = NEXT_ASSEMBLY_USAGE_OCCURRENCE('256','Z-axis013','',#5,#14853,$
  );
#15664 = CONTEXT_DEPENDENT_SHAPE_REPRESENTATION(#15665,#15667);
#15665 = ( REPRESENTATION_RELATIONSHIP('','',#14892,#10) 
REPRESENTATION_RELATIONSHIP_WITH_TRANSFORMATION(#15666) 
SHAPE_REPRESENTATION_RELATIONSHIP() );
#15666 = ITEM_DEFINED_TRANSFORMATION('','',#11,#691);
#15667 = PRODUCT_DEFINITION_SHAPE('Placement','Placement of an item',
  #15668);
#15668 = NEXT_ASSEMBLY_USAGE_OCCURRENCE('257','XY-plane013','',#5,#14887
  ,$);
#15669 = CONTEXT_DEPENDENT_SHAPE_REPRESENTATION(#15670,#15672);
#15670 = ( REPRESENTATION_RELATIONSHIP('','',#14892,#10) 
REPRESENTATION_RELATIONSHIP_WITH_TRANSFORMATION(#15671) 
SHAPE_REPRESENTATION_RELATIONSHIP() );
#15671 = ITEM_DEFINED_TRANSFORMATION('','',#11,#695);
#15672 = PRODUCT_DEFINITION_SHAPE('Placement','Placement of an item',
  #15673);
#15673 = NEXT_ASSEMBLY_USAGE_OCCURRENCE('258','XZ-plane013','',#5,#14887
  ,$);
#15674 = CONTEXT_DEPENDENT_SHAPE_REPRESENTATION(#15675,#15677);
#15675 = ( REPRESENTATION_RELATIONSHIP('','',#14892,#10) 
REPRESENTATION_RELATIONSHIP_WITH_TRANSFORMATION(#15676) 
SHAPE_REPRESENTATION_RELATIONSHIP() );
#15676 = ITEM_DEFINED_TRANSFORMATION('','',#11,#699);
#15677 = PRODUCT_DEFINITION_SHAPE('Placement','Placement of an item',
  #15678);
#15678 = NEXT_ASSEMBLY_USAGE_OCCURRENCE('259','YZ-plane013','',#5,#14887
  ,$);
#15679 = SHAPE_DEFINITION_REPRESENTATION(#15680,#15686);
#15680 = PRODUCT_DEFINITION_SHAPE('','',#15681);
#15681 = PRODUCT_DEFINITION('design','',#15682,#15685);
#15682 = PRODUCT_DEFINITION_FORMATION('','',#15683);
#15683 = PRODUCT('Open CASCADE STEP translator 7.8 1.173',
  'Open CASCADE STEP translator 7.8 1.173','',(#15684));
#15684 = PRODUCT_CONTEXT('',#2,'mechanical');
#15685 = PRODUCT_DEFINITION_CONTEXT('part definition',#2,'design');
#15686 = GEOMETRICALLY_BOUNDED_WIREFRAME_SHAPE_REPRESENTATION('',(#11,
    #15687),#15702);
#15687 = GEOMETRIC_CURVE_SET('',(#15688,#15689,#15690,#15691,#15692,
    #15693,#15694,#15695,#15696,#15697,#15698,#15699,#15700,#15701));
#15688 = CARTESIAN_POINT('',(0.,0.,0.));
#15689 = CARTESIAN_POINT('',(0.,0.,0.));
#15690 = CARTESIAN_POINT('',(0.,0.,0.));
#15691 = CARTESIAN_POINT('',(0.,0.,0.));
#15692 = CARTESIAN_POINT('',(0.,0.,0.));
#15693 = CARTESIAN_POINT('',(0.,0.,0.));
#15694 = CARTESIAN_POINT('',(0.,0.,0.));
#15695 = CARTESIAN_POINT('',(0.,0.,0.));
#15696 = CARTESIAN_POINT('',(0.,0.,0.));
#15697 = CARTESIAN_POINT('',(0.,0.,0.));
#15698 = CARTESIAN_POINT('',(0.,0.,0.));
#15699 = CARTESIAN_POINT('',(0.,0.,0.));
#15700 = CARTESIAN_POINT('',(0.,0.,0.));
#15701 = CARTESIAN_POINT('',(0.,0.,0.));
#15702 = ( GEOMETRIC_REPRESENTATION_CONTEXT(3) 
GLOBAL_UNCERTAINTY_ASSIGNED_CONTEXT((#15706)) 
GLOBAL_UNIT_ASSIGNED_CONTEXT((#15703,#15704,#15705)) 
REPRESENTATION_CONTEXT('Context #1',
  '3D Context with UNIT and UNCERTAINTY') );
#15703 = ( LENGTH_UNIT() NAMED_UNIT(*) SI_UNIT(.MILLI.,.METRE.) );
#15704 = ( NAMED_UNIT(*) PLANE_ANGLE_UNIT() SI_UNIT($,.RADIAN.) );
#15705 = ( NAMED_UNIT(*) SI_UNIT($,.STERADIAN.) SOLID_ANGLE_UNIT() );
#15706 = UNCERTAINTY_MEASURE_WITH_UNIT(LENGTH_MEASURE(1.E-07),#15703,
  'distance_accuracy_value','confusion accuracy');
#15707 = CONTEXT_DEPENDENT_SHAPE_REPRESENTATION(#15708,#15710);
#15708 = ( REPRESENTATION_RELATIONSHIP('','',#15686,#10) 
REPRESENTATION_RELATIONSHIP_WITH_TRANSFORMATION(#15709) 
SHAPE_REPRESENTATION_RELATIONSHIP() );
#15709 = ITEM_DEFINED_TRANSFORMATION('','',#11,#703);
#15710 = PRODUCT_DEFINITION_SHAPE('Placement','Placement of an item',
  #15711);
#15711 = NEXT_ASSEMBLY_USAGE_OCCURRENCE('260','','',#5,#15681,$);
#15712 = PRODUCT_RELATED_PRODUCT_CATEGORY('part',$,(#15683));
#15713 = MECHANICAL_DESIGN_GEOMETRIC_PRESENTATION_REPRESENTATION('',(
    #15714),#6862);
#15714 = STYLED_ITEM('color',(#15715),#6809);
#15715 = PRESENTATION_STYLE_ASSIGNMENT((#15716,#15722));
#15716 = SURFACE_STYLE_USAGE(.BOTH.,#15717);
#15717 = SURFACE_SIDE_STYLE('',(#15718));
#15718 = SURFACE_STYLE_FILL_AREA(#15719);
#15719 = FILL_AREA_STYLE('',(#15720));
#15720 = FILL_AREA_STYLE_COLOUR('',#15721);
#15721 = COLOUR_RGB('',0.678431390124,0.709803936702,0.741176476869);
#15722 = CURVE_STYLE('',#15723,POSITIVE_LENGTH_MEASURE(0.1),#15724);
#15723 = DRAUGHTING_PRE_DEFINED_CURVE_FONT('continuous');
#15724 = COLOUR_RGB('',9.803921802644E-02,9.803921802644E-02,
  9.803921802644E-02);
#15725 = MECHANICAL_DESIGN_GEOMETRIC_PRESENTATION_REPRESENTATION('',(
    #15726),#13603);
#15726 = STYLED_ITEM('color',(#15727),#13550);
#15727 = PRESENTATION_STYLE_ASSIGNMENT((#15728,#15733));
#15728 = SURFACE_STYLE_USAGE(.BOTH.,#15729);
#15729 = SURFACE_SIDE_STYLE('',(#15730));
#15730 = SURFACE_STYLE_FILL_AREA(#15731);
#15731 = FILL_AREA_STYLE('',(#15732));
#15732 = FILL_AREA_STYLE_COLOUR('',#15721);
#15733 = CURVE_STYLE('',#15734,POSITIVE_LENGTH_MEASURE(0.1),#15724);
#15734 = DRAUGHTING_PRE_DEFINED_CURVE_FONT('continuous');
#15735 = MECHANICAL_DESIGN_GEOMETRIC_PRESENTATION_REPRESENTATION('',(
    #15736),#12595);
#15736 = STYLED_ITEM('color',(#15737),#12542);
#15737 = PRESENTATION_STYLE_ASSIGNMENT((#15738,#15743));
#15738 = SURFACE_STYLE_USAGE(.BOTH.,#15739);
#15739 = SURFACE_SIDE_STYLE('',(#15740));
#15740 = SURFACE_STYLE_FILL_AREA(#15741);
#15741 = FILL_AREA_STYLE('',(#15742));
#15742 = FILL_AREA_STYLE_COLOUR('',#15721);
#15743 = CURVE_STYLE('',#15744,POSITIVE_LENGTH_MEASURE(0.1),#15724);
#15744 = DRAUGHTING_PRE_DEFINED_CURVE_FONT('continuous');
#15745 = MECHANICAL_DESIGN_GEOMETRIC_PRESENTATION_REPRESENTATION('',(
    #15746),#10259);
#15746 = STYLED_ITEM('color',(#15747),#9973);
#15747 = PRESENTATION_STYLE_ASSIGNMENT((#15748,#15753));
#15748 = SURFACE_STYLE_USAGE(.BOTH.,#15749);
#15749 = SURFACE_SIDE_STYLE('',(#15750));
#15750 = SURFACE_STYLE_FILL_AREA(#15751);
#15751 = FILL_AREA_STYLE('',(#15752));
#15752 = FILL_AREA_STYLE_COLOUR('',#15721);
#15753 = CURVE_STYLE('',#15754,POSITIVE_LENGTH_MEASURE(0.1),#15724);
#15754 = DRAUGHTING_PRE_DEFINED_CURVE_FONT('continuous');
#15755 = MECHANICAL_DESIGN_GEOMETRIC_PRESENTATION_REPRESENTATION('',(
    #15756),#11244);
#15756 = STYLED_ITEM('color',(#15757),#10958);
#15757 = PRESENTATION_STYLE_ASSIGNMENT((#15758,#15763));
#15758 = SURFACE_STYLE_USAGE(.BOTH.,#15759);
#15759 = SURFACE_SIDE_STYLE('',(#15760));
#15760 = SURFACE_STYLE_FILL_AREA(#15761);
#15761 = FILL_AREA_STYLE('',(#15762));
#15762 = FILL_AREA_STYLE_COLOUR('',#15721);
#15763 = CURVE_STYLE('',#15764,POSITIVE_LENGTH_MEASURE(0.1),#15724);
#15764 = DRAUGHTING_PRE_DEFINED_CURVE_FONT('continuous');
#15765 = MECHANICAL_DESIGN_GEOMETRIC_PRESENTATION_REPRESENTATION('',(
    #15766),#8014);
#15766 = STYLED_ITEM('color',(#15767),#7961);
#15767 = PRESENTATION_STYLE_ASSIGNMENT((#15768,#15773));
#15768 = SURFACE_STYLE_USAGE(.BOTH.,#15769);
#15769 = SURFACE_SIDE_STYLE('',(#15770));
#15770 = SURFACE_STYLE_FILL_AREA(#15771);
#15771 = FILL_AREA_STYLE('',(#15772));
#15772 = FILL_AREA_STYLE_COLOUR('',#15721);
#15773 = CURVE_STYLE('',#15774,POSITIVE_LENGTH_MEASURE(0.1),#15724);
#15774 = DRAUGHTING_PRE_DEFINED_CURVE_FONT('continuous');
#15775 = MECHANICAL_DESIGN_GEOMETRIC_PRESENTATION_REPRESENTATION('',(
    #15776),#6207);
#15776 = STYLED_ITEM('color',(#15777),#6057);
#15777 = PRESENTATION_STYLE_ASSIGNMENT((#15778,#15783));
#15778 = SURFACE_STYLE_USAGE(.BOTH.,#15779);
#15779 = SURFACE_SIDE_STYLE('',(#15780));
#15780 = SURFACE_STYLE_FILL_AREA(#15781);
#15781 = FILL_AREA_STYLE('',(#15782));
#15782 = FILL_AREA_STYLE_COLOUR('',#15721);
#15783 = CURVE_STYLE('',#15784,POSITIVE_LENGTH_MEASURE(0.1),#15724);
#15784 = DRAUGHTING_PRE_DEFINED_CURVE_FONT('continuous');
#15785 = MECHANICAL_DESIGN_GEOMETRIC_PRESENTATION_REPRESENTATION('',(
    #15786),#7438);
#15786 = STYLED_ITEM('color',(#15787),#7385);
#15787 = PRESENTATION_STYLE_ASSIGNMENT((#15788,#15793));
#15788 = SURFACE_STYLE_USAGE(.BOTH.,#15789);
#15789 = SURFACE_SIDE_STYLE('',(#15790));
#15790 = SURFACE_STYLE_FILL_AREA(#15791);
#15791 = FILL_AREA_STYLE('',(#15792));
#15792 = FILL_AREA_STYLE_COLOUR('',#15721);
#15793 = CURVE_STYLE('',#15794,POSITIVE_LENGTH_MEASURE(0.1),#15724);
#15794 = DRAUGHTING_PRE_DEFINED_CURVE_FONT('continuous');
#15795 = MECHANICAL_DESIGN_GEOMETRIC_PRESENTATION_REPRESENTATION('',(
    #15796),#2566);
#15796 = STYLED_ITEM('color',(#15797),#2280);
#15797 = PRESENTATION_STYLE_ASSIGNMENT((#15798,#15804));
#15798 = SURFACE_STYLE_USAGE(.BOTH.,#15799);
#15799 = SURFACE_SIDE_STYLE('',(#15800));
#15800 = SURFACE_STYLE_FILL_AREA(#15801);
#15801 = FILL_AREA_STYLE('',(#15802));
#15802 = FILL_AREA_STYLE_COLOUR('',#15803);
#15803 = COLOUR_RGB('',0.449999985486,0.479999987737,0.519999974566);
#15804 = CURVE_STYLE('',#15805,POSITIVE_LENGTH_MEASURE(0.1),#15724);
#15805 = DRAUGHTING_PRE_DEFINED_CURVE_FONT('continuous');
#15806 = MECHANICAL_DESIGN_GEOMETRIC_PRESENTATION_REPRESENTATION('',(
    #15807),#7150);
#15807 = STYLED_ITEM('color',(#15808),#7097);
#15808 = PRESENTATION_STYLE_ASSIGNMENT((#15809,#15814));
#15809 = SURFACE_STYLE_USAGE(.BOTH.,#15810);
#15810 = SURFACE_SIDE_STYLE('',(#15811));
#15811 = SURFACE_STYLE_FILL_AREA(#15812);
#15812 = FILL_AREA_STYLE('',(#15813));
#15813 = FILL_AREA_STYLE_COLOUR('',#15721);
#15814 = CURVE_STYLE('',#15815,POSITIVE_LENGTH_MEASURE(0.1),#15724);
#15815 = DRAUGHTING_PRE_DEFINED_CURVE_FONT('continuous');
#15816 = MECHANICAL_DESIGN_GEOMETRIC_PRESENTATION_REPRESENTATION('',(
    #15817),#4973);
#15817 = STYLED_ITEM('color',(#15818),#4687);
#15818 = PRESENTATION_STYLE_ASSIGNMENT((#15819,#15824));
#15819 = SURFACE_STYLE_USAGE(.BOTH.,#15820);
#15820 = SURFACE_SIDE_STYLE('',(#15821));
#15821 = SURFACE_STYLE_FILL_AREA(#15822);
#15822 = FILL_AREA_STYLE('',(#15823));
#15823 = FILL_AREA_STYLE_COLOUR('',#15721);
#15824 = CURVE_STYLE('',#15825,POSITIVE_LENGTH_MEASURE(0.1),#15724);
#15825 = DRAUGHTING_PRE_DEFINED_CURVE_FONT('continuous');
#15826 = MECHANICAL_DESIGN_GEOMETRIC_PRESENTATION_REPRESENTATION('',(
    #15827),#7366);
#15827 = STYLED_ITEM('color',(#15828),#7313);
#15828 = PRESENTATION_STYLE_ASSIGNMENT((#15829,#15834));
#15829 = SURFACE_STYLE_USAGE(.BOTH.,#15830);
#15830 = SURFACE_SIDE_STYLE('',(#15831));
#15831 = SURFACE_STYLE_FILL_AREA(#15832);
#15832 = FILL_AREA_STYLE('',(#15833));
#15833 = FILL_AREA_STYLE_COLOUR('',#15721);
#15834 = CURVE_STYLE('',#15835,POSITIVE_LENGTH_MEASURE(0.1),#15724);
#15835 = DRAUGHTING_PRE_DEFINED_CURVE_FONT('continuous');
#15836 = MECHANICAL_DESIGN_GEOMETRIC_PRESENTATION_REPRESENTATION('',(
    #15837),#11452);
#15837 = STYLED_ITEM('color',(#15838),#11263);
#15838 = PRESENTATION_STYLE_ASSIGNMENT((#15839,#15844));
#15839 = SURFACE_STYLE_USAGE(.BOTH.,#15840);
#15840 = SURFACE_SIDE_STYLE('',(#15841));
#15841 = SURFACE_STYLE_FILL_AREA(#15842);
#15842 = FILL_AREA_STYLE('',(#15843));
#15843 = FILL_AREA_STYLE_COLOUR('',#15721);
#15844 = CURVE_STYLE('',#15845,POSITIVE_LENGTH_MEASURE(0.1),#15724);
#15845 = DRAUGHTING_PRE_DEFINED_CURVE_FONT('continuous');
#15846 = MECHANICAL_DESIGN_GEOMETRIC_PRESENTATION_REPRESENTATION('',(
    #15847),#6790);
#15847 = STYLED_ITEM('color',(#15848),#6737);
#15848 = PRESENTATION_STYLE_ASSIGNMENT((#15849,#15854));
#15849 = SURFACE_STYLE_USAGE(.BOTH.,#15850);
#15850 = SURFACE_SIDE_STYLE('',(#15851));
#15851 = SURFACE_STYLE_FILL_AREA(#15852);
#15852 = FILL_AREA_STYLE('',(#15853));
#15853 = FILL_AREA_STYLE_COLOUR('',#15721);
#15854 = CURVE_STYLE('',#15855,POSITIVE_LENGTH_MEASURE(0.1),#15724);
#15855 = DRAUGHTING_PRE_DEFINED_CURVE_FONT('continuous');
#15856 = MECHANICAL_DESIGN_GEOMETRIC_PRESENTATION_REPRESENTATION('',(
    #15857),#12235);
#15857 = STYLED_ITEM('color',(#15858),#12182);
#15858 = PRESENTATION_STYLE_ASSIGNMENT((#15859,#15864));
#15859 = SURFACE_STYLE_USAGE(.BOTH.,#15860);
#15860 = SURFACE_SIDE_STYLE('',(#15861));
#15861 = SURFACE_STYLE_FILL_AREA(#15862);
#15862 = FILL_AREA_STYLE('',(#15863));
#15863 = FILL_AREA_STYLE_COLOUR('',#15721);
#15864 = CURVE_STYLE('',#15865,POSITIVE_LENGTH_MEASURE(0.1),#15724);
#15865 = DRAUGHTING_PRE_DEFINED_CURVE_FONT('continuous');
#15866 = MECHANICAL_DESIGN_GEOMETRIC_PRESENTATION_REPRESENTATION('',(
    #15867),#6718);
#15867 = STYLED_ITEM('color',(#15868),#6665);
#15868 = PRESENTATION_STYLE_ASSIGNMENT((#15869,#15874));
#15869 = SURFACE_STYLE_USAGE(.BOTH.,#15870);
#15870 = SURFACE_SIDE_STYLE('',(#15871));
#15871 = SURFACE_STYLE_FILL_AREA(#15872);
#15872 = FILL_AREA_STYLE('',(#15873));
#15873 = FILL_AREA_STYLE_COLOUR('',#15721);
#15874 = CURVE_STYLE('',#15875,POSITIVE_LENGTH_MEASURE(0.1),#15724);
#15875 = DRAUGHTING_PRE_DEFINED_CURVE_FONT('continuous');
#15876 = MECHANICAL_DESIGN_GEOMETRIC_PRESENTATION_REPRESENTATION('',(
    #15877),#1065);
#15877 = STYLED_ITEM('color',(#15878),#791);
#15878 = PRESENTATION_STYLE_ASSIGNMENT((#15879,#15885));
#15879 = SURFACE_STYLE_USAGE(.BOTH.,#15880);
#15880 = SURFACE_SIDE_STYLE('',(#15881));
#15881 = SURFACE_STYLE_FILL_AREA(#15882);
#15882 = FILL_AREA_STYLE('',(#15883));
#15883 = FILL_AREA_STYLE_COLOUR('',#15884);
#15884 = COLOUR_RGB('',0.759999975995,0.759999975995,0.779999965419);
#15885 = CURVE_STYLE('',#15886,POSITIVE_LENGTH_MEASURE(0.1),#15724);
#15886 = DRAUGHTING_PRE_DEFINED_CURVE_FONT('continuous');
#15887 = MECHANICAL_DESIGN_GEOMETRIC_PRESENTATION_REPRESENTATION('',(
    #15888),#13459);
#15888 = STYLED_ITEM('color',(#15889),#13406);
#15889 = PRESENTATION_STYLE_ASSIGNMENT((#15890,#15895));
#15890 = SURFACE_STYLE_USAGE(.BOTH.,#15891);
#15891 = SURFACE_SIDE_STYLE('',(#15892));
#15892 = SURFACE_STYLE_FILL_AREA(#15893);
#15893 = FILL_AREA_STYLE('',(#15894));
#15894 = FILL_AREA_STYLE_COLOUR('',#15721);
#15895 = CURVE_STYLE('',#15896,POSITIVE_LENGTH_MEASURE(0.1),#15724);
#15896 = DRAUGHTING_PRE_DEFINED_CURVE_FONT('continuous');
#15897 = MECHANICAL_DESIGN_GEOMETRIC_PRESENTATION_REPRESENTATION('',(
    #15898),#13243);
#15898 = STYLED_ITEM('color',(#15899),#13190);
#15899 = PRESENTATION_STYLE_ASSIGNMENT((#15900,#15905));
#15900 = SURFACE_STYLE_USAGE(.BOTH.,#15901);
#15901 = SURFACE_SIDE_STYLE('',(#15902));
#15902 = SURFACE_STYLE_FILL_AREA(#15903);
#15903 = FILL_AREA_STYLE('',(#15904));
#15904 = FILL_AREA_STYLE_COLOUR('',#15721);
#15905 = CURVE_STYLE('',#15906,POSITIVE_LENGTH_MEASURE(0.1),#15724);
#15906 = DRAUGHTING_PRE_DEFINED_CURVE_FONT('continuous');
#15907 = MECHANICAL_DESIGN_GEOMETRIC_PRESENTATION_REPRESENTATION('',(
    #15908),#12523);
#15908 = STYLED_ITEM('color',(#15909),#12470);
#15909 = PRESENTATION_STYLE_ASSIGNMENT((#15910,#15915));
#15910 = SURFACE_STYLE_USAGE(.BOTH.,#15911);
#15911 = SURFACE_SIDE_STYLE('',(#15912));
#15912 = SURFACE_STYLE_FILL_AREA(#15913);
#15913 = FILL_AREA_STYLE('',(#15914));
#15914 = FILL_AREA_STYLE_COLOUR('',#15721);
#15915 = CURVE_STYLE('',#15916,POSITIVE_LENGTH_MEASURE(0.1),#15724);
#15916 = DRAUGHTING_PRE_DEFINED_CURVE_FONT('continuous');
#15917 = MECHANICAL_DESIGN_GEOMETRIC_PRESENTATION_REPRESENTATION('',(
    #15918),#4598);
#15918 = STYLED_ITEM('color',(#15919),#4312);
#15919 = PRESENTATION_STYLE_ASSIGNMENT((#15920,#15925));
#15920 = SURFACE_STYLE_USAGE(.BOTH.,#15921);
#15921 = SURFACE_SIDE_STYLE('',(#15922));
#15922 = SURFACE_STYLE_FILL_AREA(#15923);
#15923 = FILL_AREA_STYLE('',(#15924));
#15924 = FILL_AREA_STYLE_COLOUR('',#15721);
#15925 = CURVE_STYLE('',#15926,POSITIVE_LENGTH_MEASURE(0.1),#15724);
#15926 = DRAUGHTING_PRE_DEFINED_CURVE_FONT('continuous');
#15927 = MECHANICAL_DESIGN_GEOMETRIC_PRESENTATION_REPRESENTATION('',(
    #15928),#1956);
#15928 = STYLED_ITEM('color',(#15929),#1670);
#15929 = PRESENTATION_STYLE_ASSIGNMENT((#15930,#15935));
#15930 = SURFACE_STYLE_USAGE(.BOTH.,#15931);
#15931 = SURFACE_SIDE_STYLE('',(#15932));
#15932 = SURFACE_STYLE_FILL_AREA(#15933);
#15933 = FILL_AREA_STYLE('',(#15934));
#15934 = FILL_AREA_STYLE_COLOUR('',#15803);
#15935 = CURVE_STYLE('',#15936,POSITIVE_LENGTH_MEASURE(0.1),#15724);
#15936 = DRAUGHTING_PRE_DEFINED_CURVE_FONT('continuous');
#15937 = MECHANICAL_DESIGN_GEOMETRIC_PRESENTATION_REPRESENTATION('',(
    #15938),#9119);
#15938 = STYLED_ITEM('color',(#15939),#8833);
#15939 = PRESENTATION_STYLE_ASSIGNMENT((#15940,#15945));
#15940 = SURFACE_STYLE_USAGE(.BOTH.,#15941);
#15941 = SURFACE_SIDE_STYLE('',(#15942));
#15942 = SURFACE_STYLE_FILL_AREA(#15943);
#15943 = FILL_AREA_STYLE('',(#15944));
#15944 = FILL_AREA_STYLE_COLOUR('',#15721);
#15945 = CURVE_STYLE('',#15946,POSITIVE_LENGTH_MEASURE(0.1),#15724);
#15946 = DRAUGHTING_PRE_DEFINED_CURVE_FONT('continuous');
#15947 = MECHANICAL_DESIGN_GEOMETRIC_PRESENTATION_REPRESENTATION('',(
    #15948),#4293);
#15948 = STYLED_ITEM('color',(#15949),#3539);
#15949 = PRESENTATION_STYLE_ASSIGNMENT((#15950,#15955));
#15950 = SURFACE_STYLE_USAGE(.BOTH.,#15951);
#15951 = SURFACE_SIDE_STYLE('',(#15952));
#15952 = SURFACE_STYLE_FILL_AREA(#15953);
#15953 = FILL_AREA_STYLE('',(#15954));
#15954 = FILL_AREA_STYLE_COLOUR('',#15721);
#15955 = CURVE_STYLE('',#15956,POSITIVE_LENGTH_MEASURE(0.1),#15724);
#15956 = DRAUGHTING_PRE_DEFINED_CURVE_FONT('continuous');
#15957 = MECHANICAL_DESIGN_GEOMETRIC_PRESENTATION_REPRESENTATION('',(
    #15958),#12883);
#15958 = STYLED_ITEM('color',(#15959),#12830);
#15959 = PRESENTATION_STYLE_ASSIGNMENT((#15960,#15965));
#15960 = SURFACE_STYLE_USAGE(.BOTH.,#15961);
#15961 = SURFACE_SIDE_STYLE('',(#15962));
#15962 = SURFACE_STYLE_FILL_AREA(#15963);
#15963 = FILL_AREA_STYLE('',(#15964));
#15964 = FILL_AREA_STYLE_COLOUR('',#15721);
#15965 = CURVE_STYLE('',#15966,POSITIVE_LENGTH_MEASURE(0.1),#15724);
#15966 = DRAUGHTING_PRE_DEFINED_CURVE_FONT('continuous');
#15967 = MECHANICAL_DESIGN_GEOMETRIC_PRESENTATION_REPRESENTATION('',(
    #15968),#1651);
#15968 = STYLED_ITEM('color',(#15969),#1377);
#15969 = PRESENTATION_STYLE_ASSIGNMENT((#15970,#15976));
#15970 = SURFACE_STYLE_USAGE(.BOTH.,#15971);
#15971 = SURFACE_SIDE_STYLE('',(#15972));
#15972 = SURFACE_STYLE_FILL_AREA(#15973);
#15973 = FILL_AREA_STYLE('',(#15974));
#15974 = FILL_AREA_STYLE_COLOUR('',#15975);
#15975 = COLOUR_RGB('',0.690000002877,0.720000023499,0.759999975995);
#15976 = CURVE_STYLE('',#15977,POSITIVE_LENGTH_MEASURE(0.1),#15724);
#15977 = DRAUGHTING_PRE_DEFINED_CURVE_FONT('continuous');
#15978 = MECHANICAL_DESIGN_GEOMETRIC_PRESENTATION_REPRESENTATION('',(
    #15979),#6574);
#15979 = STYLED_ITEM('color',(#15980),#6521);
#15980 = PRESENTATION_STYLE_ASSIGNMENT((#15981,#15986));
#15981 = SURFACE_STYLE_USAGE(.BOTH.,#15982);
#15982 = SURFACE_SIDE_STYLE('',(#15983));
#15983 = SURFACE_STYLE_FILL_AREA(#15984);
#15984 = FILL_AREA_STYLE('',(#15985));
#15985 = FILL_AREA_STYLE_COLOUR('',#15721);
#15986 = CURVE_STYLE('',#15987,POSITIVE_LENGTH_MEASURE(0.1),#15724);
#15987 = DRAUGHTING_PRE_DEFINED_CURVE_FONT('continuous');
#15988 = MECHANICAL_DESIGN_GEOMETRIC_PRESENTATION_REPRESENTATION('',(
    #15989),#7006);
#15989 = STYLED_ITEM('color',(#15990),#6953);
#15990 = PRESENTATION_STYLE_ASSIGNMENT((#15991,#15996));
#15991 = SURFACE_STYLE_USAGE(.BOTH.,#15992);
#15992 = SURFACE_SIDE_STYLE('',(#15993));
#15993 = SURFACE_STYLE_FILL_AREA(#15994);
#15994 = FILL_AREA_STYLE('',(#15995));
#15995 = FILL_AREA_STYLE_COLOUR('',#15721);
#15996 = CURVE_STYLE('',#15997,POSITIVE_LENGTH_MEASURE(0.1),#15724);
#15997 = DRAUGHTING_PRE_DEFINED_CURVE_FONT('continuous');
#15998 = MECHANICAL_DESIGN_GEOMETRIC_PRESENTATION_REPRESENTATION('',(
    #15999),#7510);
#15999 = STYLED_ITEM('color',(#16000),#7457);
#16000 = PRESENTATION_STYLE_ASSIGNMENT((#16001,#16006));
#16001 = SURFACE_STYLE_USAGE(.BOTH.,#16002);
#16002 = SURFACE_SIDE_STYLE('',(#16003));
#16003 = SURFACE_STYLE_FILL_AREA(#16004);
#16004 = FILL_AREA_STYLE('',(#16005));
#16005 = FILL_AREA_STYLE_COLOUR('',#15721);
#16006 = CURVE_STYLE('',#16007,POSITIVE_LENGTH_MEASURE(0.1),#15724);
#16007 = DRAUGHTING_PRE_DEFINED_CURVE_FONT('continuous');
#16008 = MECHANICAL_DESIGN_GEOMETRIC_PRESENTATION_REPRESENTATION('',(
    #16009),#13531);
#16009 = STYLED_ITEM('color',(#16010),#13478);
#16010 = PRESENTATION_STYLE_ASSIGNMENT((#16011,#16016));
#16011 = SURFACE_STYLE_USAGE(.BOTH.,#16012);
#16012 = SURFACE_SIDE_STYLE('',(#16013));
#16013 = SURFACE_STYLE_FILL_AREA(#16014);
#16014 = FILL_AREA_STYLE('',(#16015));
#16015 = FILL_AREA_STYLE_COLOUR('',#15721);
#16016 = CURVE_STYLE('',#16017,POSITIVE_LENGTH_MEASURE(0.1),#15724);
#16017 = DRAUGHTING_PRE_DEFINED_CURVE_FONT('continuous');
#16018 = MECHANICAL_DESIGN_GEOMETRIC_PRESENTATION_REPRESENTATION('',(
    #16019),#7798);
#16019 = STYLED_ITEM('color',(#16020),#7745);
#16020 = PRESENTATION_STYLE_ASSIGNMENT((#16021,#16026));
#16021 = SURFACE_STYLE_USAGE(.BOTH.,#16022);
#16022 = SURFACE_SIDE_STYLE('',(#16023));
#16023 = SURFACE_STYLE_FILL_AREA(#16024);
#16024 = FILL_AREA_STYLE('',(#16025));
#16025 = FILL_AREA_STYLE_COLOUR('',#15721);
#16026 = CURVE_STYLE('',#16027,POSITIVE_LENGTH_MEASURE(0.1),#15724);
#16027 = DRAUGHTING_PRE_DEFINED_CURVE_FONT('continuous');
#16028 = MECHANICAL_DESIGN_GEOMETRIC_PRESENTATION_REPRESENTATION('',(
    #16029),#6646);
#16029 = STYLED_ITEM('color',(#16030),#6593);
#16030 = PRESENTATION_STYLE_ASSIGNMENT((#16031,#16036));
#16031 = SURFACE_STYLE_USAGE(.BOTH.,#16032);
#16032 = SURFACE_SIDE_STYLE('',(#16033));
#16033 = SURFACE_STYLE_FILL_AREA(#16034);
#16034 = FILL_AREA_STYLE('',(#16035));
#16035 = FILL_AREA_STYLE_COLOUR('',#15721);
#16036 = CURVE_STYLE('',#16037,POSITIVE_LENGTH_MEASURE(0.1),#15724);
#16037 = DRAUGHTING_PRE_DEFINED_CURVE_FONT('continuous');
#16038 = MECHANICAL_DESIGN_GEOMETRIC_PRESENTATION_REPRESENTATION('',(
    #16039),#7654);
#16039 = STYLED_ITEM('color',(#16040),#7601);
#16040 = PRESENTATION_STYLE_ASSIGNMENT((#16041,#16046));
#16041 = SURFACE_STYLE_USAGE(.BOTH.,#16042);
#16042 = SURFACE_SIDE_STYLE('',(#16043));
#16043 = SURFACE_STYLE_FILL_AREA(#16044);
#16044 = FILL_AREA_STYLE('',(#16045));
#16045 = FILL_AREA_STYLE_COLOUR('',#15721);
#16046 = CURVE_STYLE('',#16047,POSITIVE_LENGTH_MEASURE(0.1),#15724);
#16047 = DRAUGHTING_PRE_DEFINED_CURVE_FONT('continuous');
#16048 = MECHANICAL_DESIGN_GEOMETRIC_PRESENTATION_REPRESENTATION('',(
    #16049),#7294);
#16049 = STYLED_ITEM('color',(#16050),#7241);
#16050 = PRESENTATION_STYLE_ASSIGNMENT((#16051,#16056));
#16051 = SURFACE_STYLE_USAGE(.BOTH.,#16052);
#16052 = SURFACE_SIDE_STYLE('',(#16053));
#16053 = SURFACE_STYLE_FILL_AREA(#16054);
#16054 = FILL_AREA_STYLE('',(#16055));
#16055 = FILL_AREA_STYLE_COLOUR('',#15721);
#16056 = CURVE_STYLE('',#16057,POSITIVE_LENGTH_MEASURE(0.1),#15724);
#16057 = DRAUGHTING_PRE_DEFINED_CURVE_FONT('continuous');
#16058 = MECHANICAL_DESIGN_GEOMETRIC_PRESENTATION_REPRESENTATION('',(
    #16059),#7222);
#16059 = STYLED_ITEM('color',(#16060),#7169);
#16060 = PRESENTATION_STYLE_ASSIGNMENT((#16061,#16066));
#16061 = SURFACE_STYLE_USAGE(.BOTH.,#16062);
#16062 = SURFACE_SIDE_STYLE('',(#16063));
#16063 = SURFACE_STYLE_FILL_AREA(#16064);
#16064 = FILL_AREA_STYLE('',(#16065));
#16065 = FILL_AREA_STYLE_COLOUR('',#15721);
#16066 = CURVE_STYLE('',#16067,POSITIVE_LENGTH_MEASURE(0.1),#15724);
#16067 = DRAUGHTING_PRE_DEFINED_CURVE_FONT('continuous');
#16068 = MECHANICAL_DESIGN_GEOMETRIC_PRESENTATION_REPRESENTATION('',(
    #16069),#12667);
#16069 = STYLED_ITEM('color',(#16070),#12614);
#16070 = PRESENTATION_STYLE_ASSIGNMENT((#16071,#16076));
#16071 = SURFACE_STYLE_USAGE(.BOTH.,#16072);
#16072 = SURFACE_SIDE_STYLE('',(#16073));
#16073 = SURFACE_STYLE_FILL_AREA(#16074);
#16074 = FILL_AREA_STYLE('',(#16075));
#16075 = FILL_AREA_STYLE_COLOUR('',#15721);
#16076 = CURVE_STYLE('',#16077,POSITIVE_LENGTH_MEASURE(0.1),#15724);
#16077 = DRAUGHTING_PRE_DEFINED_CURVE_FONT('continuous');
#16078 = MECHANICAL_DESIGN_GEOMETRIC_PRESENTATION_REPRESENTATION('',(
    #16079),#5583);
#16079 = STYLED_ITEM('color',(#16080),#5297);
#16080 = PRESENTATION_STYLE_ASSIGNMENT((#16081,#16086));
#16081 = SURFACE_STYLE_USAGE(.BOTH.,#16082);
#16082 = SURFACE_SIDE_STYLE('',(#16083));
#16083 = SURFACE_STYLE_FILL_AREA(#16084);
#16084 = FILL_AREA_STYLE('',(#16085));
#16085 = FILL_AREA_STYLE_COLOUR('',#15721);
#16086 = CURVE_STYLE('',#16087,POSITIVE_LENGTH_MEASURE(0.1),#15724);
#16087 = DRAUGHTING_PRE_DEFINED_CURVE_FONT('continuous');
#16088 = MECHANICAL_DESIGN_GEOMETRIC_PRESENTATION_REPRESENTATION('',(
    #16089),#5791);
#16089 = STYLED_ITEM('color',(#16090),#5602);
#16090 = PRESENTATION_STYLE_ASSIGNMENT((#16091,#16096));
#16091 = SURFACE_STYLE_USAGE(.BOTH.,#16092);
#16092 = SURFACE_SIDE_STYLE('',(#16093));
#16093 = SURFACE_STYLE_FILL_AREA(#16094);
#16094 = FILL_AREA_STYLE('',(#16095));
#16095 = FILL_AREA_STYLE_COLOUR('',#15721);
#16096 = CURVE_STYLE('',#16097,POSITIVE_LENGTH_MEASURE(0.1),#15724);
#16097 = DRAUGHTING_PRE_DEFINED_CURVE_FONT('continuous');
#16098 = MECHANICAL_DESIGN_GEOMETRIC_PRESENTATION_REPRESENTATION('',(
    #16099),#7726);
#16099 = STYLED_ITEM('color',(#16100),#7673);
#16100 = PRESENTATION_STYLE_ASSIGNMENT((#16101,#16106));
#16101 = SURFACE_STYLE_USAGE(.BOTH.,#16102);
#16102 = SURFACE_SIDE_STYLE('',(#16103));
#16103 = SURFACE_STYLE_FILL_AREA(#16104);
#16104 = FILL_AREA_STYLE('',(#16105));
#16105 = FILL_AREA_STYLE_COLOUR('',#15721);
#16106 = CURVE_STYLE('',#16107,POSITIVE_LENGTH_MEASURE(0.1),#15724);
#16107 = DRAUGHTING_PRE_DEFINED_CURVE_FONT('continuous');
#16108 = MECHANICAL_DESIGN_GEOMETRIC_PRESENTATION_REPRESENTATION('',(
    #16109),#14475);
#16109 = STYLED_ITEM('color',(#16110),#13721);
#16110 = PRESENTATION_STYLE_ASSIGNMENT((#16111,#16116));
#16111 = SURFACE_STYLE_USAGE(.BOTH.,#16112);
#16112 = SURFACE_SIDE_STYLE('',(#16113));
#16113 = SURFACE_STYLE_FILL_AREA(#16114);
#16114 = FILL_AREA_STYLE('',(#16115));
#16115 = FILL_AREA_STYLE_COLOUR('',#15721);
#16116 = CURVE_STYLE('',#16117,POSITIVE_LENGTH_MEASURE(0.1),#15724);
#16117 = DRAUGHTING_PRE_DEFINED_CURVE_FONT('continuous');
#16118 = MECHANICAL_DESIGN_GEOMETRIC_PRESENTATION_REPRESENTATION('',(
    #16119),#11868);
#16119 = STYLED_ITEM('color',(#16120),#11718);
#16120 = PRESENTATION_STYLE_ASSIGNMENT((#16121,#16126));
#16121 = SURFACE_STYLE_USAGE(.BOTH.,#16122);
#16122 = SURFACE_SIDE_STYLE('',(#16123));
#16123 = SURFACE_STYLE_FILL_AREA(#16124);
#16124 = FILL_AREA_STYLE('',(#16125));
#16125 = FILL_AREA_STYLE_COLOUR('',#15721);
#16126 = CURVE_STYLE('',#16127,POSITIVE_LENGTH_MEASURE(0.1),#15724);
#16127 = DRAUGHTING_PRE_DEFINED_CURVE_FONT('continuous');
#16128 = MECHANICAL_DESIGN_GEOMETRIC_PRESENTATION_REPRESENTATION('',(
    #16129),#12451);
#16129 = STYLED_ITEM('color',(#16130),#12398);
#16130 = PRESENTATION_STYLE_ASSIGNMENT((#16131,#16136));
#16131 = SURFACE_STYLE_USAGE(.BOTH.,#16132);
#16132 = SURFACE_SIDE_STYLE('',(#16133));
#16133 = SURFACE_STYLE_FILL_AREA(#16134);
#16134 = FILL_AREA_STYLE('',(#16135));
#16135 = FILL_AREA_STYLE_COLOUR('',#15721);
#16136 = CURVE_STYLE('',#16137,POSITIVE_LENGTH_MEASURE(0.1),#15724);
#16137 = DRAUGHTING_PRE_DEFINED_CURVE_FONT('continuous');
#16138 = MECHANICAL_DESIGN_GEOMETRIC_PRESENTATION_REPRESENTATION('',(
    #16139),#7870);
#16139 = STYLED_ITEM('color',(#16140),#7817);
#16140 = PRESENTATION_STYLE_ASSIGNMENT((#16141,#16146));
#16141 = SURFACE_STYLE_USAGE(.BOTH.,#16142);
#16142 = SURFACE_SIDE_STYLE('',(#16143));
#16143 = SURFACE_STYLE_FILL_AREA(#16144);
#16144 = FILL_AREA_STYLE('',(#16145));
#16145 = FILL_AREA_STYLE_COLOUR('',#15721);
#16146 = CURVE_STYLE('',#16147,POSITIVE_LENGTH_MEASURE(0.1),#15724);
#16147 = DRAUGHTING_PRE_DEFINED_CURVE_FONT('continuous');
#16148 = MECHANICAL_DESIGN_GEOMETRIC_PRESENTATION_REPRESENTATION('',(
    #16149),#13675);
#16149 = STYLED_ITEM('color',(#16150),#13622);
#16150 = PRESENTATION_STYLE_ASSIGNMENT((#16151,#16156));
#16151 = SURFACE_STYLE_USAGE(.BOTH.,#16152);
#16152 = SURFACE_SIDE_STYLE('',(#16153));
#16153 = SURFACE_STYLE_FILL_AREA(#16154);
#16154 = FILL_AREA_STYLE('',(#16155));
#16155 = FILL_AREA_STYLE_COLOUR('',#15721);
#16156 = CURVE_STYLE('',#16157,POSITIVE_LENGTH_MEASURE(0.1),#15724);
#16157 = DRAUGHTING_PRE_DEFINED_CURVE_FONT('continuous');
#16158 = MECHANICAL_DESIGN_GEOMETRIC_PRESENTATION_REPRESENTATION('',(
    #16159),#3458);
#16159 = STYLED_ITEM('color',(#16160),#2616);
#16160 = PRESENTATION_STYLE_ASSIGNMENT((#16161,#16166));
#16161 = SURFACE_STYLE_USAGE(.BOTH.,#16162);
#16162 = SURFACE_SIDE_STYLE('',(#16163));
#16163 = SURFACE_STYLE_FILL_AREA(#16164);
#16164 = FILL_AREA_STYLE('',(#16165));
#16165 = FILL_AREA_STYLE_COLOUR('',#15721);
#16166 = CURVE_STYLE('',#16167,POSITIVE_LENGTH_MEASURE(0.1),#15724);
#16167 = DRAUGHTING_PRE_DEFINED_CURVE_FONT('continuous');
#16168 = MECHANICAL_DESIGN_GEOMETRIC_PRESENTATION_REPRESENTATION('',(
    #16169),#12037);
#16169 = STYLED_ITEM('color',(#16170),#11887);
#16170 = PRESENTATION_STYLE_ASSIGNMENT((#16171,#16176));
#16171 = SURFACE_STYLE_USAGE(.BOTH.,#16172);
#16172 = SURFACE_SIDE_STYLE('',(#16173));
#16173 = SURFACE_STYLE_FILL_AREA(#16174);
#16174 = FILL_AREA_STYLE('',(#16175));
#16175 = FILL_AREA_STYLE_COLOUR('',#15721);
#16176 = CURVE_STYLE('',#16177,POSITIVE_LENGTH_MEASURE(0.1),#15724);
#16177 = DRAUGHTING_PRE_DEFINED_CURVE_FONT('continuous');
#16178 = MECHANICAL_DESIGN_GEOMETRIC_PRESENTATION_REPRESENTATION('',(
    #16179),#10634);
#16179 = STYLED_ITEM('color',(#16180),#10348);
#16180 = PRESENTATION_STYLE_ASSIGNMENT((#16181,#16186));
#16181 = SURFACE_STYLE_USAGE(.BOTH.,#16182);
#16182 = SURFACE_SIDE_STYLE('',(#16183));
#16183 = SURFACE_STYLE_FILL_AREA(#16184);
#16184 = FILL_AREA_STYLE('',(#16185));
#16185 = FILL_AREA_STYLE_COLOUR('',#15721);
#16186 = CURVE_STYLE('',#16187,POSITIVE_LENGTH_MEASURE(0.1),#15724);
#16187 = DRAUGHTING_PRE_DEFINED_CURVE_FONT('continuous');
#16188 = MECHANICAL_DESIGN_GEOMETRIC_PRESENTATION_REPRESENTATION('',(
    #16189),#2261);
#16189 = STYLED_ITEM('color',(#16190),#1975);
#16190 = PRESENTATION_STYLE_ASSIGNMENT((#16191,#16196));
#16191 = SURFACE_STYLE_USAGE(.BOTH.,#16192);
#16192 = SURFACE_SIDE_STYLE('',(#16193));
#16193 = SURFACE_STYLE_FILL_AREA(#16194);
#16194 = FILL_AREA_STYLE('',(#16195));
#16195 = FILL_AREA_STYLE_COLOUR('',#15803);
#16196 = CURVE_STYLE('',#16197,POSITIVE_LENGTH_MEASURE(0.1),#15724);
#16197 = DRAUGHTING_PRE_DEFINED_CURVE_FONT('continuous');
#16198 = MECHANICAL_DESIGN_GEOMETRIC_PRESENTATION_REPRESENTATION('',(
    #16199),#12307);
#16199 = STYLED_ITEM('color',(#16200),#12254);
#16200 = PRESENTATION_STYLE_ASSIGNMENT((#16201,#16206));
#16201 = SURFACE_STYLE_USAGE(.BOTH.,#16202);
#16202 = SURFACE_SIDE_STYLE('',(#16203));
#16203 = SURFACE_STYLE_FILL_AREA(#16204);
#16204 = FILL_AREA_STYLE('',(#16205));
#16205 = FILL_AREA_STYLE_COLOUR('',#15721);
#16206 = CURVE_STYLE('',#16207,POSITIVE_LENGTH_MEASURE(0.1),#15724);
#16207 = DRAUGHTING_PRE_DEFINED_CURVE_FONT('continuous');
#16208 = MECHANICAL_DESIGN_GEOMETRIC_PRESENTATION_REPRESENTATION('',(
    #16209),#6038);
#16209 = STYLED_ITEM('color',(#16210),#5810);
#16210 = PRESENTATION_STYLE_ASSIGNMENT((#16211,#16216));
#16211 = SURFACE_STYLE_USAGE(.BOTH.,#16212);
#16212 = SURFACE_SIDE_STYLE('',(#16213));
#16213 = SURFACE_STYLE_FILL_AREA(#16214);
#16214 = FILL_AREA_STYLE('',(#16215));
#16215 = FILL_AREA_STYLE_COLOUR('',#15721);
#16216 = CURVE_STYLE('',#16217,POSITIVE_LENGTH_MEASURE(0.1),#15724);
#16217 = DRAUGHTING_PRE_DEFINED_CURVE_FONT('continuous');
#16218 = MECHANICAL_DESIGN_GEOMETRIC_PRESENTATION_REPRESENTATION('',(
    #16219),#13315);
#16219 = STYLED_ITEM('color',(#16220),#13262);
#16220 = PRESENTATION_STYLE_ASSIGNMENT((#16221,#16226));
#16221 = SURFACE_STYLE_USAGE(.BOTH.,#16222);
#16222 = SURFACE_SIDE_STYLE('',(#16223));
#16223 = SURFACE_STYLE_FILL_AREA(#16224);
#16224 = FILL_AREA_STYLE('',(#16225));
#16225 = FILL_AREA_STYLE_COLOUR('',#15721);
#16226 = CURVE_STYLE('',#16227,POSITIVE_LENGTH_MEASURE(0.1),#15724);
#16227 = DRAUGHTING_PRE_DEFINED_CURVE_FONT('continuous');
#16228 = MECHANICAL_DESIGN_GEOMETRIC_PRESENTATION_REPRESENTATION('',(
    #16229),#11699);
#16229 = STYLED_ITEM('color',(#16230),#11471);
#16230 = PRESENTATION_STYLE_ASSIGNMENT((#16231,#16236));
#16231 = SURFACE_STYLE_USAGE(.BOTH.,#16232);
#16232 = SURFACE_SIDE_STYLE('',(#16233));
#16233 = SURFACE_STYLE_FILL_AREA(#16234);
#16234 = FILL_AREA_STYLE('',(#16235));
#16235 = FILL_AREA_STYLE_COLOUR('',#15721);
#16236 = CURVE_STYLE('',#16237,POSITIVE_LENGTH_MEASURE(0.1),#15724);
#16237 = DRAUGHTING_PRE_DEFINED_CURVE_FONT('continuous');
#16238 = MECHANICAL_DESIGN_GEOMETRIC_PRESENTATION_REPRESENTATION('',(
    #16239),#12811);
#16239 = STYLED_ITEM('color',(#16240),#12758);
#16240 = PRESENTATION_STYLE_ASSIGNMENT((#16241,#16246));
#16241 = SURFACE_STYLE_USAGE(.BOTH.,#16242);
#16242 = SURFACE_SIDE_STYLE('',(#16243));
#16243 = SURFACE_STYLE_FILL_AREA(#16244);
#16244 = FILL_AREA_STYLE('',(#16245));
#16245 = FILL_AREA_STYLE_COLOUR('',#15721);
#16246 = CURVE_STYLE('',#16247,POSITIVE_LENGTH_MEASURE(0.1),#15724);
#16247 = DRAUGHTING_PRE_DEFINED_CURVE_FONT('continuous');
#16248 = MECHANICAL_DESIGN_GEOMETRIC_PRESENTATION_REPRESENTATION('',(
    #16249),#8814);
#16249 = STYLED_ITEM('color',(#16250),#8060);
#16250 = PRESENTATION_STYLE_ASSIGNMENT((#16251,#16256));
#16251 = SURFACE_STYLE_USAGE(.BOTH.,#16252);
#16252 = SURFACE_SIDE_STYLE('',(#16253));
#16253 = SURFACE_STYLE_FILL_AREA(#16254);
#16254 = FILL_AREA_STYLE('',(#16255));
#16255 = FILL_AREA_STYLE_COLOUR('',#15721);
#16256 = CURVE_STYLE('',#16257,POSITIVE_LENGTH_MEASURE(0.1),#15724);
#16257 = DRAUGHTING_PRE_DEFINED_CURVE_FONT('continuous');
#16258 = MECHANICAL_DESIGN_GEOMETRIC_PRESENTATION_REPRESENTATION('',(
    #16259),#13099);
#16259 = STYLED_ITEM('color',(#16260),#13046);
#16260 = PRESENTATION_STYLE_ASSIGNMENT((#16261,#16266));
#16261 = SURFACE_STYLE_USAGE(.BOTH.,#16262);
#16262 = SURFACE_SIDE_STYLE('',(#16263));
#16263 = SURFACE_STYLE_FILL_AREA(#16264);
#16264 = FILL_AREA_STYLE('',(#16265));
#16265 = FILL_AREA_STYLE_COLOUR('',#15721);
#16266 = CURVE_STYLE('',#16267,POSITIVE_LENGTH_MEASURE(0.1),#15724);
#16267 = DRAUGHTING_PRE_DEFINED_CURVE_FONT('continuous');
#16268 = MECHANICAL_DESIGN_GEOMETRIC_PRESENTATION_REPRESENTATION('',(
    #16269),#13027);
#16269 = STYLED_ITEM('color',(#16270),#12974);
#16270 = PRESENTATION_STYLE_ASSIGNMENT((#16271,#16276));
#16271 = SURFACE_STYLE_USAGE(.BOTH.,#16272);
#16272 = SURFACE_SIDE_STYLE('',(#16273));
#16273 = SURFACE_STYLE_FILL_AREA(#16274);
#16274 = FILL_AREA_STYLE('',(#16275));
#16275 = FILL_AREA_STYLE_COLOUR('',#15721);
#16276 = CURVE_STYLE('',#16277,POSITIVE_LENGTH_MEASURE(0.1),#15724);
#16277 = DRAUGHTING_PRE_DEFINED_CURVE_FONT('continuous');
#16278 = MECHANICAL_DESIGN_GEOMETRIC_PRESENTATION_REPRESENTATION('',(
    #16279),#5278);
#16279 = STYLED_ITEM('color',(#16280),#4992);
#16280 = PRESENTATION_STYLE_ASSIGNMENT((#16281,#16286));
#16281 = SURFACE_STYLE_USAGE(.BOTH.,#16282);
#16282 = SURFACE_SIDE_STYLE('',(#16283));
#16283 = SURFACE_STYLE_FILL_AREA(#16284);
#16284 = FILL_AREA_STYLE('',(#16285));
#16285 = FILL_AREA_STYLE_COLOUR('',#15721);
#16286 = CURVE_STYLE('',#16287,POSITIVE_LENGTH_MEASURE(0.1),#15724);
#16287 = DRAUGHTING_PRE_DEFINED_CURVE_FONT('continuous');
#16288 = MECHANICAL_DESIGN_GEOMETRIC_PRESENTATION_REPRESENTATION('',(
    #16289),#6934);
#16289 = STYLED_ITEM('color',(#16290),#6881);
#16290 = PRESENTATION_STYLE_ASSIGNMENT((#16291,#16296));
#16291 = SURFACE_STYLE_USAGE(.BOTH.,#16292);
#16292 = SURFACE_SIDE_STYLE('',(#16293));
#16293 = SURFACE_STYLE_FILL_AREA(#16294);
#16294 = FILL_AREA_STYLE('',(#16295));
#16295 = FILL_AREA_STYLE_COLOUR('',#15721);
#16296 = CURVE_STYLE('',#16297,POSITIVE_LENGTH_MEASURE(0.1),#15724);
#16297 = DRAUGHTING_PRE_DEFINED_CURVE_FONT('continuous');
#16298 = MECHANICAL_DESIGN_GEOMETRIC_PRESENTATION_REPRESENTATION('',(
    #16299),#13387);
#16299 = STYLED_ITEM('color',(#16300),#13334);
#16300 = PRESENTATION_STYLE_ASSIGNMENT((#16301,#16306));
#16301 = SURFACE_STYLE_USAGE(.BOTH.,#16302);
#16302 = SURFACE_SIDE_STYLE('',(#16303));
#16303 = SURFACE_STYLE_FILL_AREA(#16304);
#16304 = FILL_AREA_STYLE('',(#16305));
#16305 = FILL_AREA_STYLE_COLOUR('',#15721);
#16306 = CURVE_STYLE('',#16307,POSITIVE_LENGTH_MEASURE(0.1),#15724);
#16307 = DRAUGHTING_PRE_DEFINED_CURVE_FONT('continuous');
#16308 = MECHANICAL_DESIGN_GEOMETRIC_PRESENTATION_REPRESENTATION('',(
    #16309),#7582);
#16309 = STYLED_ITEM('color',(#16310),#7529);
#16310 = PRESENTATION_STYLE_ASSIGNMENT((#16311,#16316));
#16311 = SURFACE_STYLE_USAGE(.BOTH.,#16312);
#16312 = SURFACE_SIDE_STYLE('',(#16313));
#16313 = SURFACE_STYLE_FILL_AREA(#16314);
#16314 = FILL_AREA_STYLE('',(#16315));
#16315 = FILL_AREA_STYLE_COLOUR('',#15721);
#16316 = CURVE_STYLE('',#16317,POSITIVE_LENGTH_MEASURE(0.1),#15724);
#16317 = DRAUGHTING_PRE_DEFINED_CURVE_FONT('continuous');
#16318 = MECHANICAL_DESIGN_GEOMETRIC_PRESENTATION_REPRESENTATION('',(
    #16319),#7942);
#16319 = STYLED_ITEM('color',(#16320),#7889);
#16320 = PRESENTATION_STYLE_ASSIGNMENT((#16321,#16326));
#16321 = SURFACE_STYLE_USAGE(.BOTH.,#16322);
#16322 = SURFACE_SIDE_STYLE('',(#16323));
#16323 = SURFACE_STYLE_FILL_AREA(#16324);
#16324 = FILL_AREA_STYLE('',(#16325));
#16325 = FILL_AREA_STYLE_COLOUR('',#15721);
#16326 = CURVE_STYLE('',#16327,POSITIVE_LENGTH_MEASURE(0.1),#15724);
#16327 = DRAUGHTING_PRE_DEFINED_CURVE_FONT('continuous');
#16328 = MECHANICAL_DESIGN_GEOMETRIC_PRESENTATION_REPRESENTATION('',(
    #16329),#12379);
#16329 = STYLED_ITEM('color',(#16330),#12326);
#16330 = PRESENTATION_STYLE_ASSIGNMENT((#16331,#16336));
#16331 = SURFACE_STYLE_USAGE(.BOTH.,#16332);
#16332 = SURFACE_SIDE_STYLE('',(#16333));
#16333 = SURFACE_STYLE_FILL_AREA(#16334);
#16334 = FILL_AREA_STYLE('',(#16335));
#16335 = FILL_AREA_STYLE_COLOUR('',#15721);
#16336 = CURVE_STYLE('',#16337,POSITIVE_LENGTH_MEASURE(0.1),#15724);
#16337 = DRAUGHTING_PRE_DEFINED_CURVE_FONT('continuous');
#16338 = MECHANICAL_DESIGN_GEOMETRIC_PRESENTATION_REPRESENTATION('',(
    #16339),#7078);
#16339 = STYLED_ITEM('color',(#16340),#7025);
#16340 = PRESENTATION_STYLE_ASSIGNMENT((#16341,#16346));
#16341 = SURFACE_STYLE_USAGE(.BOTH.,#16342);
#16342 = SURFACE_SIDE_STYLE('',(#16343));
#16343 = SURFACE_STYLE_FILL_AREA(#16344);
#16344 = FILL_AREA_STYLE('',(#16345));
#16345 = FILL_AREA_STYLE_COLOUR('',#15721);
#16346 = CURVE_STYLE('',#16347,POSITIVE_LENGTH_MEASURE(0.1),#15724);
#16347 = DRAUGHTING_PRE_DEFINED_CURVE_FONT('continuous');
#16348 = MECHANICAL_DESIGN_GEOMETRIC_PRESENTATION_REPRESENTATION('',(
    #16349),#10939);
#16349 = STYLED_ITEM('color',(#16350),#10653);
#16350 = PRESENTATION_STYLE_ASSIGNMENT((#16351,#16356));
#16351 = SURFACE_STYLE_USAGE(.BOTH.,#16352);
#16352 = SURFACE_SIDE_STYLE('',(#16353));
#16353 = SURFACE_STYLE_FILL_AREA(#16354);
#16354 = FILL_AREA_STYLE('',(#16355));
#16355 = FILL_AREA_STYLE_COLOUR('',#15721);
#16356 = CURVE_STYLE('',#16357,POSITIVE_LENGTH_MEASURE(0.1),#15724);
#16357 = DRAUGHTING_PRE_DEFINED_CURVE_FONT('continuous');
#16358 = MECHANICAL_DESIGN_GEOMETRIC_PRESENTATION_REPRESENTATION('',(
    #16359),#14780);
#16359 = STYLED_ITEM('color',(#16360),#14494);
#16360 = PRESENTATION_STYLE_ASSIGNMENT((#16361,#16366));
#16361 = SURFACE_STYLE_USAGE(.BOTH.,#16362);
#16362 = SURFACE_SIDE_STYLE('',(#16363));
#16363 = SURFACE_STYLE_FILL_AREA(#16364);
#16364 = FILL_AREA_STYLE('',(#16365));
#16365 = FILL_AREA_STYLE_COLOUR('',#15721);
#16366 = CURVE_STYLE('',#16367,POSITIVE_LENGTH_MEASURE(0.1),#15724);
#16367 = DRAUGHTING_PRE_DEFINED_CURVE_FONT('continuous');
#16368 = MECHANICAL_DESIGN_GEOMETRIC_PRESENTATION_REPRESENTATION('',(
    #16369),#9954);
#16369 = STYLED_ITEM('color',(#16370),#9200);
#16370 = PRESENTATION_STYLE_ASSIGNMENT((#16371,#16376));
#16371 = SURFACE_STYLE_USAGE(.BOTH.,#16372);
#16372 = SURFACE_SIDE_STYLE('',(#16373));
#16373 = SURFACE_STYLE_FILL_AREA(#16374);
#16374 = FILL_AREA_STYLE('',(#16375));
#16375 = FILL_AREA_STYLE_COLOUR('',#15721);
#16376 = CURVE_STYLE('',#16377,POSITIVE_LENGTH_MEASURE(0.1),#15724);
#16377 = DRAUGHTING_PRE_DEFINED_CURVE_FONT('continuous');
#16378 = MECHANICAL_DESIGN_GEOMETRIC_PRESENTATION_REPRESENTATION('',(
    #16379),#12955);
#16379 = STYLED_ITEM('color',(#16380),#12902);
#16380 = PRESENTATION_STYLE_ASSIGNMENT((#16381,#16386));
#16381 = SURFACE_STYLE_USAGE(.BOTH.,#16382);
#16382 = SURFACE_SIDE_STYLE('',(#16383));
#16383 = SURFACE_STYLE_FILL_AREA(#16384);
#16384 = FILL_AREA_STYLE('',(#16385));
#16385 = FILL_AREA_STYLE_COLOUR('',#15721);
#16386 = CURVE_STYLE('',#16387,POSITIVE_LENGTH_MEASURE(0.1),#15724);
#16387 = DRAUGHTING_PRE_DEFINED_CURVE_FONT('continuous');
#16388 = MECHANICAL_DESIGN_GEOMETRIC_PRESENTATION_REPRESENTATION('',(
    #16389),#13171);
#16389 = STYLED_ITEM('color',(#16390),#13118);
#16390 = PRESENTATION_STYLE_ASSIGNMENT((#16391,#16396));
#16391 = SURFACE_STYLE_USAGE(.BOTH.,#16392);
#16392 = SURFACE_SIDE_STYLE('',(#16393));
#16393 = SURFACE_STYLE_FILL_AREA(#16394);
#16394 = FILL_AREA_STYLE('',(#16395));
#16395 = FILL_AREA_STYLE_COLOUR('',#15721);
#16396 = CURVE_STYLE('',#16397,POSITIVE_LENGTH_MEASURE(0.1),#15724);
#16397 = DRAUGHTING_PRE_DEFINED_CURVE_FONT('continuous');
#16398 = MECHANICAL_DESIGN_GEOMETRIC_PRESENTATION_REPRESENTATION('',(
    #16399),#12739);
#16399 = STYLED_ITEM('color',(#16400),#12686);
#16400 = PRESENTATION_STYLE_ASSIGNMENT((#16401,#16406));
#16401 = SURFACE_STYLE_USAGE(.BOTH.,#16402);
#16402 = SURFACE_SIDE_STYLE('',(#16403));
#16403 = SURFACE_STYLE_FILL_AREA(#16404);
#16404 = FILL_AREA_STYLE('',(#16405));
#16405 = FILL_AREA_STYLE_COLOUR('',#15721);
#16406 = CURVE_STYLE('',#16407,POSITIVE_LENGTH_MEASURE(0.1),#15724);
#16407 = DRAUGHTING_PRE_DEFINED_CURVE_FONT('continuous');
#16408 = MECHANICAL_DESIGN_GEOMETRIC_PRESENTATION_REPRESENTATION('',(
    #16409),#1358);
#16409 = STYLED_ITEM('color',(#16410),#1084);
#16410 = PRESENTATION_STYLE_ASSIGNMENT((#16411,#16416));
#16411 = SURFACE_STYLE_USAGE(.BOTH.,#16412);
#16412 = SURFACE_SIDE_STYLE('',(#16413));
#16413 = SURFACE_STYLE_FILL_AREA(#16414);
#16414 = FILL_AREA_STYLE('',(#16415));
#16415 = FILL_AREA_STYLE_COLOUR('',#15975);
#16416 = CURVE_STYLE('',#16417,POSITIVE_LENGTH_MEASURE(0.1),#15724);
#16417 = DRAUGHTING_PRE_DEFINED_CURVE_FONT('continuous');
#16418 = MECHANICAL_DESIGN_GEOMETRIC_PRESENTATION_REPRESENTATION('',(
    #16419),#6376);
#16419 = STYLED_ITEM('color',(#16420),#6226);
#16420 = PRESENTATION_STYLE_ASSIGNMENT((#16421,#16426));
#16421 = SURFACE_STYLE_USAGE(.BOTH.,#16422);
#16422 = SURFACE_SIDE_STYLE('',(#16423));
#16423 = SURFACE_STYLE_FILL_AREA(#16424);
#16424 = FILL_AREA_STYLE('',(#16425));
#16425 = FILL_AREA_STYLE_COLOUR('',#15721);
#16426 = CURVE_STYLE('',#16427,POSITIVE_LENGTH_MEASURE(0.1),#15724);
#16427 = DRAUGHTING_PRE_DEFINED_CURVE_FONT('continuous');
ENDSEC;
END-ISO-10303-21;
