ISO-10303-21;
HEADER;
/* Generated by software containing ST-Developer
 * from STEP Tools, Inc. (www.steptools.com) 
 */

FILE_DESCRIPTION(
/* description */ (''),
/* implementation_level */ '2;1');

FILE_NAME(
/* name */ 
'2026_09_11_@_12-46-19_AHU_AIR_INLET_from_window to filter plenum.step',

/* time_stamp */ '2026-09-13T18:35:02+02:00',
/* author */ (''),
/* organization */ (''),
/* preprocessor_version */ 'ST-DEVELOPER v20.2',
/* originating_system */ 'Autodesk Translation Framework v15.15.0.0',
/* authorisation */ '');

FILE_SCHEMA (('AUTOMOTIVE_DESIGN { 1 0 10303 214 3 1 1 }'));
ENDSEC;

DATA;
#10=MECHANICAL_DESIGN_GEOMETRIC_PRESENTATION_REPRESENTATION('',(#145,#146,
#147,#148,#149,#150,#151,#152,#153,#154,#155,#156),#6379);
#11=B_SPLINE_SURFACE_WITH_KNOTS('',3,3,((#4637,#4638,#4639,#4640),(#4641,
#4642,#4643,#4644),(#4645,#4646,#4647,#4648),(#4649,#4650,#4651,#4652),
(#4653,#4654,#4655,#4656),(#4657,#4658,#4659,#4660),(#4661,#4662,#4663,
#4664),(#4665,#4666,#4667,#4668),(#4669,#4670,#4671,#4672),(#4673,#4674,
#4675,#4676),(#4677,#4678,#4679,#4680),(#4681,#4682,#4683,#4684)),
 .UNSPECIFIED.,.F.,.F.,.F.,(4,2,1,1,1,1,1,1,4),(4,4),(0.,0.0511713046197665,
0.194028185162333,0.336885065704899,0.479741946247465,0.62259882679003,
0.765455707332597,0.908312587875163,1.),(0.,1.),.UNSPECIFIED.);
#12=B_SPLINE_SURFACE_WITH_KNOTS('',3,3,((#4704,#4705,#4706,#4707),(#4708,
#4709,#4710,#4711),(#4712,#4713,#4714,#4715),(#4716,#4717,#4718,#4719),
(#4720,#4721,#4722,#4723),(#4724,#4725,#4726,#4727),(#4728,#4729,#4730,
#4731),(#4732,#4733,#4734,#4735),(#4736,#4737,#4738,#4739),(#4740,#4741,
#4742,#4743),(#4744,#4745,#4746,#4747),(#4748,#4749,#4750,#4751)),
 .UNSPECIFIED.,.F.,.F.,.F.,(4,2,1,1,1,1,1,1,4),(4,4),(0.,0.0783209818653651,
0.221178531707381,0.364036081549396,0.506893631391412,0.649751181233427,
0.792608731075442,0.935466280917458,1.),(0.,1.),.UNSPECIFIED.);
#13=B_SPLINE_SURFACE_WITH_KNOTS('',3,3,((#4768,#4769,#4770,#4771),(#4772,
#4773,#4774,#4775),(#4776,#4777,#4778,#4779),(#4780,#4781,#4782,#4783),
(#4784,#4785,#4786,#4787),(#4788,#4789,#4790,#4791),(#4792,#4793,#4794,
#4795),(#4796,#4797,#4798,#4799),(#4800,#4801,#4802,#4803),(#4804,#4805,
#4806,#4807),(#4808,#4809,#4810,#4811),(#4812,#4813,#4814,#4815)),
 .UNSPECIFIED.,.F.,.F.,.F.,(4,2,1,1,1,1,1,1,4),(4,4),(0.,0.0511713270019173,
0.194028200049923,0.336885073097929,0.479741946145934,0.622598819193939,
0.765455692241944,0.90831256528995,1.),(0.,1.),.UNSPECIFIED.);
#14=B_SPLINE_SURFACE_WITH_KNOTS('',3,3,((#4832,#4833,#4834,#4835),(#4836,
#4837,#4838,#4839),(#4840,#4841,#4842,#4843),(#4844,#4845,#4846,#4847),
(#4848,#4849,#4850,#4851),(#4852,#4853,#4854,#4855),(#4856,#4857,#4858,
#4859),(#4860,#4861,#4862,#4863),(#4864,#4865,#4866,#4867),(#4868,#4869,
#4870,#4871),(#4872,#4873,#4874,#4875),(#4876,#4877,#4878,#4879)),
 .UNSPECIFIED.,.F.,.F.,.F.,(4,2,1,1,1,1,1,1,4),(4,4),(0.,0.0783209402126898,
0.221178490563884,0.364036040915079,0.506893591266273,0.649751141617467,
0.792608691968661,0.935466242319856,1.),(0.,1.),.UNSPECIFIED.);
#15=B_SPLINE_SURFACE_WITH_KNOTS('',3,3,((#4894,#4895,#4896,#4897),(#4898,
#4899,#4900,#4901),(#4902,#4903,#4904,#4905),(#4906,#4907,#4908,#4909),
(#4910,#4911,#4912,#4913),(#4914,#4915,#4916,#4917),(#4918,#4919,#4920,
#4921),(#4922,#4923,#4924,#4925),(#4926,#4927,#4928,#4929),(#4930,#4931,
#4932,#4933)),.UNSPECIFIED.,.F.,.F.,.F.,(4,1,1,1,1,1,1,4),(4,4),(-5.57841244869232E-6,
0.142857142857143,0.285714285714286,0.428571428571429,0.571428571428571,
0.714285714285714,0.857142857142857,1.00000413732726),(0.,1.00000557841245),
 .UNSPECIFIED.);
#16=B_SPLINE_SURFACE_WITH_KNOTS('',3,3,((#4939,#4940,#4941,#4942),(#4943,
#4944,#4945,#4946),(#4947,#4948,#4949,#4950),(#4951,#4952,#4953,#4954),
(#4955,#4956,#4957,#4958),(#4959,#4960,#4961,#4962),(#4963,#4964,#4965,
#4966),(#4967,#4968,#4969,#4970),(#4971,#4972,#4973,#4974),(#4975,#4976,
#4977,#4978)),.UNSPECIFIED.,.F.,.F.,.F.,(4,1,1,1,1,1,1,4),(4,4),(-3.79399247210088E-6,
0.142857142857143,0.285714285714286,0.428571428571429,0.571428571428571,
0.714285714285714,0.857142857142857,1.00000379399247),(0.,1.00000435442124),
 .UNSPECIFIED.);
#17=B_SPLINE_SURFACE_WITH_KNOTS('',3,3,((#4982,#4983,#4984,#4985),(#4986,
#4987,#4988,#4989),(#4990,#4991,#4992,#4993),(#4994,#4995,#4996,#4997),
(#4998,#4999,#5000,#5001),(#5002,#5003,#5004,#5005),(#5006,#5007,#5008,
#5009),(#5010,#5011,#5012,#5013),(#5014,#5015,#5016,#5017),(#5018,#5019,
#5020,#5021)),.UNSPECIFIED.,.F.,.F.,.F.,(4,1,1,1,1,1,1,4),(4,4),(-2.02485003002684E-5,
0.142857142857143,0.285714285714286,0.428571428571429,0.571428571428571,
0.714285714285714,0.857142857142857,1.0000202485003),(0.,1.0000202485003),
 .UNSPECIFIED.);
#18=B_SPLINE_SURFACE_WITH_KNOTS('',3,3,((#5025,#5026,#5027,#5028),(#5029,
#5030,#5031,#5032),(#5033,#5034,#5035,#5036),(#5037,#5038,#5039,#5040),
(#5041,#5042,#5043,#5044),(#5045,#5046,#5047,#5048),(#5049,#5050,#5051,
#5052),(#5053,#5054,#5055,#5056),(#5057,#5058,#5059,#5060),(#5061,#5062,
#5063,#5064)),.UNSPECIFIED.,.F.,.F.,.F.,(4,1,1,1,1,1,1,4),(4,4),(-3.86642903915657E-6,
0.142857142857143,0.285714285714286,0.428571428571429,0.571428571428571,
0.714285714285714,0.857142857142857,1.00000386642904),(0.,1.0000043804594),
 .UNSPECIFIED.);
#19=B_SPLINE_SURFACE_WITH_KNOTS('',3,3,((#5413,#5414,#5415,#5416),(#5417,
#5418,#5419,#5420),(#5421,#5422,#5423,#5424),(#5425,#5426,#5427,#5428),
(#5429,#5430,#5431,#5432),(#5433,#5434,#5435,#5436),(#5437,#5438,#5439,
#5440),(#5441,#5442,#5443,#5444),(#5445,#5446,#5447,#5448),(#5449,#5450,
#5451,#5452),(#5453,#5454,#5455,#5456),(#5457,#5458,#5459,#5460),(#5461,
#5462,#5463,#5464),(#5465,#5466,#5467,#5468),(#5469,#5470,#5471,#5472)),
 .UNSPECIFIED.,.F.,.F.,.F.,(4,1,1,1,1,1,1,1,1,1,1,1,4),(4,4),(-8.43412935779649E-6,
0.0714285714285714,0.142857142857143,0.214285714285714,0.285714285714286,
0.357142857142857,0.428571428571429,0.5,0.571428571428571,0.619047619047619,
0.714285714285714,0.857142857142857,1.00000752996825),(-1.94830849690345E-5,
1.),.UNSPECIFIED.);
#20=B_SPLINE_SURFACE_WITH_KNOTS('',3,3,((#5475,#5476,#5477,#5478),(#5479,
#5480,#5481,#5482),(#5483,#5484,#5485,#5486),(#5487,#5488,#5489,#5490),
(#5491,#5492,#5493,#5494),(#5495,#5496,#5497,#5498),(#5499,#5500,#5501,
#5502),(#5503,#5504,#5505,#5506)),.UNSPECIFIED.,.F.,.F.,.F.,(4,1,1,1,1,
4),(4,4),(-4.88919697035017E-6,0.142857142857143,0.285714285714286,0.571428571428571,
0.857142857142857,1.00000488919698),(-1.23082882722125E-5,1.),
 .UNSPECIFIED.);
#21=B_SPLINE_SURFACE_WITH_KNOTS('',3,3,((#5508,#5509,#5510,#5511),(#5512,
#5513,#5514,#5515),(#5516,#5517,#5518,#5519),(#5520,#5521,#5522,#5523),
(#5524,#5525,#5526,#5527),(#5528,#5529,#5530,#5531),(#5532,#5533,#5534,
#5535),(#5536,#5537,#5538,#5539),(#5540,#5541,#5542,#5543),(#5544,#5545,
#5546,#5547),(#5548,#5549,#5550,#5551),(#5552,#5553,#5554,#5555),(#5556,
#5557,#5558,#5559),(#5560,#5561,#5562,#5563),(#5564,#5565,#5566,#5567)),
 .UNSPECIFIED.,.F.,.F.,.F.,(4,1,1,1,1,1,1,1,1,1,1,1,4),(4,4),(-2.26782016801509E-5,
0.0714285714285714,0.142857142857143,0.214285714285714,0.285714285714286,
0.357142857142857,0.428571428571429,0.5,0.571428571428571,0.619047619047619,
0.714285714285714,0.857142857142857,1.00002267820168),(-2.26782016801509E-5,
1.),.UNSPECIFIED.);
#22=B_SPLINE_SURFACE_WITH_KNOTS('',3,3,((#5569,#5570,#5571,#5572),(#5573,
#5574,#5575,#5576),(#5577,#5578,#5579,#5580),(#5581,#5582,#5583,#5584),
(#5585,#5586,#5587,#5588),(#5589,#5590,#5591,#5592),(#5593,#5594,#5595,
#5596),(#5597,#5598,#5599,#5600)),.UNSPECIFIED.,.F.,.F.,.F.,(4,1,1,1,1,
4),(4,4),(-4.89956872530862E-6,0.142857142857143,0.285714285714286,0.571428571428571,
0.857142857142857,1.00000489956872),(-1.23965634751267E-5,1.),
 .UNSPECIFIED.);
#23=B_SPLINE_SURFACE_WITH_KNOTS('',3,3,((#5610,#5611,#5612,#5613),(#5614,
#5615,#5616,#5617),(#5618,#5619,#5620,#5621),(#5622,#5623,#5624,#5625),
(#5626,#5627,#5628,#5629),(#5630,#5631,#5632,#5633),(#5634,#5635,#5636,
#5637),(#5638,#5639,#5640,#5641),(#5642,#5643,#5644,#5645),(#5646,#5647,
#5648,#5649),(#5650,#5651,#5652,#5653),(#5654,#5655,#5656,#5657),(#5658,
#5659,#5660,#5661),(#5662,#5663,#5664,#5665),(#5666,#5667,#5668,#5669)),
 .UNSPECIFIED.,.F.,.F.,.F.,(4,1,1,1,1,1,1,1,1,1,1,1,4),(4,4),(-8.46086036431481E-6,
0.0714285714285714,0.142857142857143,0.214285714285714,0.285714285714286,
0.357142857142857,0.428571428571429,0.5,0.571428571428571,0.619047619047619,
0.714285714285714,0.857142857142857,1.00000542555517),(-1.93336078174902E-5,
1.),.UNSPECIFIED.);
#24=B_SPLINE_SURFACE_WITH_KNOTS('',3,3,((#5672,#5673,#5674,#5675),(#5676,
#5677,#5678,#5679),(#5680,#5681,#5682,#5683),(#5684,#5685,#5686,#5687),
(#5688,#5689,#5690,#5691),(#5692,#5693,#5694,#5695),(#5696,#5697,#5698,
#5699),(#5700,#5701,#5702,#5703)),.UNSPECIFIED.,.F.,.F.,.F.,(4,1,1,1,1,
4),(4,4),(-4.21049377975999E-6,0.142857142857143,0.285714285714286,0.571428571428571,
0.857142857142857,1.00000421049377),(-4.25482664468629E-6,1.),
 .UNSPECIFIED.);
#25=B_SPLINE_SURFACE_WITH_KNOTS('',3,3,((#5705,#5706,#5707,#5708),(#5709,
#5710,#5711,#5712),(#5713,#5714,#5715,#5716),(#5717,#5718,#5719,#5720),
(#5721,#5722,#5723,#5724),(#5725,#5726,#5727,#5728),(#5729,#5730,#5731,
#5732),(#5733,#5734,#5735,#5736),(#5737,#5738,#5739,#5740),(#5741,#5742,
#5743,#5744),(#5745,#5746,#5747,#5748),(#5749,#5750,#5751,#5752),(#5753,
#5754,#5755,#5756),(#5757,#5758,#5759,#5760),(#5761,#5762,#5763,#5764)),
 .UNSPECIFIED.,.F.,.F.,.F.,(4,1,1,1,1,1,1,1,1,1,1,1,4),(4,4),(-1.17393275138619E-5,
0.0714285714285714,0.142857142857143,0.214285714285714,0.285714285714286,
0.357142857142857,0.428571428571429,0.5,0.571428571428571,0.619047619047619,
0.714285714285714,0.857142857142857,1.00001173932751),(-2.15514124685062E-5,
1.),.UNSPECIFIED.);
#26=B_SPLINE_SURFACE_WITH_KNOTS('',3,3,((#5766,#5767,#5768,#5769),(#5770,
#5771,#5772,#5773),(#5774,#5775,#5776,#5777),(#5778,#5779,#5780,#5781),
(#5782,#5783,#5784,#5785),(#5786,#5787,#5788,#5789),(#5790,#5791,#5792,
#5793),(#5794,#5795,#5796,#5797)),.UNSPECIFIED.,.F.,.F.,.F.,(4,1,1,1,1,
4),(4,4),(-4.23712148208016E-6,0.142857142857143,0.285714285714286,0.571428571428571,
0.857142857142857,1.00000423712148),(-4.33455506846234E-6,1.),
 .UNSPECIFIED.);
#27=B_SPLINE_CURVE_WITH_KNOTS('',3,(#4572,#4573,#4574,#4575,#4576,#4577,
#4578,#4579,#4580,#4581,#4582,#4583,#4584,#4585,#4586,#4587,#4588,#4589,
#4590,#4591,#4592,#4593,#4594,#4595,#4596,#4597,#4598,#4599,#4600,#4601),
 .UNSPECIFIED.,.F.,.F.,(4,2,2,2,2,2,2,2,2,2,2,2,2,2,4),(1.00000004215287E-6,
4.5358782009772,9.07161925088485,12.0950863085301,16.1266935763562,18.4302421947987,
24.5751184109691,28.0855547747015,31.5959633865819,37.7409096855248,40.0444707139999,
44.0761473151436,47.0996178642195,51.6354806080601,56.1714574393171),
 .UNSPECIFIED.);
#28=B_SPLINE_CURVE_WITH_KNOTS('',3,(#4605,#4606,#4607,#4608,#4609,#4610,
#4611,#4612,#4613,#4614,#4615,#4616,#4617,#4618,#4619,#4620,#4621,#4622,
#4623,#4624,#4625,#4626,#4627,#4628,#4629,#4630,#4631,#4632,#4633,#4634),
 .UNSPECIFIED.,.F.,.F.,(4,2,2,2,2,2,2,2,2,2,2,2,2,2,4),(9.99999953292995E-7,
4.53587957177176,9.07160937875107,12.0950718337834,16.1266647313371,18.4302146828616,
24.5750814042268,28.085514671686,31.5959079365847,37.7408481691273,40.0444007771317,
44.0760705668435,47.0995282734119,51.6353801601489,56.1713367057861),
 .UNSPECIFIED.);
#29=B_SPLINE_CURVE_WITH_KNOTS('',3,(#4687,#4688,#4689,#4690,#4691,#4692,
#4693,#4694,#4695,#4696,#4697,#4698),.UNSPECIFIED.,.F.,.F.,(4,2,1,1,1,1,
1,1,4),(0.,0.0511713046197665,0.194028185162333,0.336885065704899,0.479741946247465,
0.62259882679003,0.765455707332597,0.908312587875163,1.),.UNSPECIFIED.);
#30=B_SPLINE_CURVE_WITH_KNOTS('',3,(#4753,#4754,#4755,#4756,#4757,#4758,
#4759,#4760,#4761,#4762,#4763,#4764),.UNSPECIFIED.,.F.,.F.,(4,2,1,1,1,1,
1,1,4),(0.,0.0783209818653651,0.221178531707381,0.364036081549396,0.506893631391412,
0.649751181233427,0.792608731075442,0.935466280917458,1.),.UNSPECIFIED.);
#31=B_SPLINE_CURVE_WITH_KNOTS('',3,(#4817,#4818,#4819,#4820,#4821,#4822,
#4823,#4824,#4825,#4826,#4827,#4828),.UNSPECIFIED.,.F.,.F.,(4,2,1,1,1,1,
1,1,4),(0.,0.0511713270019173,0.194028200049923,0.336885073097929,0.479741946145934,
0.622598819193939,0.765455692241944,0.90831256528995,1.),.UNSPECIFIED.);
#32=B_SPLINE_CURVE_WITH_KNOTS('',3,(#4880,#4881,#4882,#4883,#4884,#4885,
#4886,#4887,#4888,#4889,#4890,#4891),.UNSPECIFIED.,.F.,.F.,(4,2,1,1,1,1,
1,1,4),(0.,0.0783209402126898,0.221178490563884,0.364036040915079,0.506893591266273,
0.649751141617467,0.792608691968661,0.935466242319856,1.),.UNSPECIFIED.);
#33=B_SPLINE_CURVE_WITH_KNOTS('',3,(#5161,#5162,#5163,#5164,#5165,#5166,
#5167,#5168,#5169,#5170,#5171,#5172,#5173,#5174,#5175,#5176,#5177,#5178),
 .UNSPECIFIED.,.F.,.F.,(4,2,2,2,2,2,2,2,4),(-44.2713988481899,-43.2039373818846,
-40.953390371378,-30.6951277972157,-28.1028819691108,-21.0768216182613,
-15.8096644776409,-7.90483832863849,-9.99999961948106E-7),.UNSPECIFIED.);
#34=B_SPLINE_CURVE_WITH_KNOTS('',3,(#5183,#5184,#5185,#5186,#5187,#5188,
#5189,#5190,#5191,#5192,#5193,#5194,#5195,#5196,#5197,#5198,#5199,#5200,
#5201,#5202,#5203,#5204,#5205,#5206,#5207,#5208,#5209,#5210,#5211,#5212,
#5213,#5214,#5215,#5216),.UNSPECIFIED.,.F.,.F.,(4,2,2,2,2,2,2,2,2,2,2,2,
2,2,2,2,4),(-95.1714300702966,-91.4379319420227,-87.7044375818285,-85.2156444355829,
-81.8970657108387,-77.4719518821627,-74.943630351886,-72.0540961227985,
-70.5130866185749,-68.8693236609527,-65.1117708880429,-60.7300094920851,
-58.5394923760565,-54.1577949028797,-51.9672501102392,-47.5856273323998,
-44.2713988481899),.UNSPECIFIED.);
#35=B_SPLINE_CURVE_WITH_KNOTS('',3,(#5218,#5219,#5220,#5221,#5222,#5223,
#5224,#5225,#5226,#5227,#5228,#5229,#5230,#5231,#5232,#5233),
 .UNSPECIFIED.,.F.,.F.,(4,2,2,2,2,2,2,4),(1.0000000112827E-6,7.58953938055443,
10.1180179213952,20.242181779319,23.1318287227156,34.7059977995168,40.4870109817767,
46.2680762368875),.UNSPECIFIED.);
#36=B_SPLINE_CURVE_WITH_KNOTS('',3,(#5235,#5236,#5237,#5238,#5239,#5240,
#5241,#5242,#5243,#5244,#5245,#5246,#5247,#5248,#5249,#5250,#5251,#5252,
#5253,#5254,#5255,#5256,#5257,#5258,#5259,#5260,#5261,#5262,#5263,#5264,
#5265,#5266,#5267,#5268,#5269,#5270,#5271,#5272,#5273,#5274,#5275,#5276,
#5277,#5278,#5279,#5280,#5281,#5282),.UNSPECIFIED.,.F.,.F.,(4,2,2,2,2,2,
2,2,2,2,2,2,2,2,2,2,2,2,2,2,2,2,2,4),(1.00000000990974E-6,8.53459827918148,
11.3778175390005,22.7628819780272,26.967258659615,35.7354900877199,40.9549420892375,
43.2076024769051,47.5894573581799,51.9712441919387,54.1618714735134,58.543731793685,
60.7343307425403,65.116255703233,68.8741778556474,70.5181021988298,72.0592630627591,
74.9490812031733,77.4776511837668,81.9031998128021,85.2221043900215,87.7111417894979,
91.4450025392239,95.178868180129),.UNSPECIFIED.);
#37=B_SPLINE_CURVE_WITH_KNOTS('',3,(#5283,#5284,#5285,#5286,#5287,#5288,
#5289,#5290,#5291,#5292,#5293,#5294,#5295,#5296,#5297,#5298),
 .UNSPECIFIED.,.F.,.F.,(4,2,2,2,2,2,2,4),(9.99999978954131E-7,7.58953777303447,
10.1180161979769,20.242181826785,23.1318292061609,34.7060008429468,40.4870119128637,
46.2680764036766),.UNSPECIFIED.);
#38=B_SPLINE_CURVE_WITH_KNOTS('',3,(#5305,#5306,#5307,#5308,#5309,#5310,
#5311,#5312,#5313,#5314,#5315,#5316,#5317,#5318,#5319,#5320,#5321,#5322,
#5323,#5324),.UNSPECIFIED.,.F.,.F.,(4,2,2,2,2,2,2,2,2,4),(0.000518907779102768,
7.98654464928811,15.9730572563189,21.2946672884947,28.3932934158155,32.4473739980961,
34.8808327322019,41.1397981780636,43.4182918648139,44.4264313740773),
 .UNSPECIFIED.);
#39=B_SPLINE_CURVE_WITH_KNOTS('',3,(#5328,#5329,#5330,#5331,#5332,#5333,
#5334,#5335,#5336,#5337,#5338,#5339,#5340,#5341,#5342,#5343,#5344,#5345,
#5346,#5347,#5348,#5349,#5350,#5351,#5352,#5353,#5354,#5355,#5356,#5357,
#5358,#5359,#5360,#5361,#5362,#5363,#5364,#5365,#5366,#5367,#5368,#5369,
#5370,#5371,#5372,#5373,#5374,#5375),.UNSPECIFIED.,.F.,.F.,(4,2,2,2,2,2,
2,2,2,2,2,2,2,2,2,2,2,2,2,2,2,2,2,4),(-95.6802649148182,-91.9297453815914,
-88.1792320069401,-85.6790926767909,-82.3453858873522,-77.9001002867797,
-75.360252314125,-72.4575444615696,-70.9095094528761,-69.2582526919169,
-65.4835698207647,-61.0725042899574,-58.8673350205368,-54.4563309130197,
-52.2511328810145,-47.84019794449,-43.4291946072644,-41.1485478338151,-34.9878917769347,
-25.6851366107386,-22.4763049847042,-11.2347495069536,-8.42722308517343,
-9.99999954842679E-7),.UNSPECIFIED.);
#40=B_SPLINE_CURVE_WITH_KNOTS('',3,(#5378,#5379,#5380,#5381,#5382,#5383,
#5384,#5385,#5386,#5387,#5388,#5389,#5390,#5391,#5392,#5393,#5394,#5395,
#5396,#5397,#5398,#5399,#5400,#5401,#5402,#5403,#5404,#5405,#5406,#5407,
#5408,#5409,#5410,#5411),.UNSPECIFIED.,.F.,.F.,(4,2,2,2,2,2,2,2,2,2,2,2,
2,2,2,2,4),(44.4264313740773,47.8290604207068,52.2397612588703,54.4448418093016,
58.8556127987592,61.0606651480917,65.4714967635745,69.2457781801091,70.8968595249023,
72.4447300158078,75.3471292975719,77.8867072357864,82.3315202583011,85.6648728669943,
88.1647466945363,91.9148618158293,95.6641728027385),.UNSPECIFIED.);
#41=TOROIDAL_SURFACE('',#3180,1350.,446.999977919106);
#42=TOROIDAL_SURFACE('',#3182,1350.,449.999977919106);
#43=TOROIDAL_SURFACE('',#3229,453.,6.);
#44=TOROIDAL_SURFACE('',#3235,453.,6.);
#45=TOROIDAL_SURFACE('',#3242,447.,5.);
#46=TOROIDAL_SURFACE('',#3251,447.,7.00000000000003);
#47=TOROIDAL_SURFACE('',#3275,870.000000000001,450.);
#48=TOROIDAL_SURFACE('',#3277,870.000000000001,452.);
#49=TOROIDAL_SURFACE('',#3416,453.,6.);
#50=TOROIDAL_SURFACE('',#3423,453.,6.);
#51=TOROIDAL_SURFACE('',#3430,447.,5.);
#52=TOROIDAL_SURFACE('',#3439,447.,7.00000000000003);
#53=TOROIDAL_SURFACE('',#3490,453.,6.);
#54=TOROIDAL_SURFACE('',#3497,453.,6.);
#55=TOROIDAL_SURFACE('',#3504,447.,5.);
#56=TOROIDAL_SURFACE('',#3513,447.,7.00000000000003);
#57=ITEM_DEFINED_TRANSFORMATION($,$,#3139,#3151);
#58=ITEM_DEFINED_TRANSFORMATION($,$,#3280,#3369);
#59=ITEM_DEFINED_TRANSFORMATION($,$,#3138,#3518);
#60=ITEM_DEFINED_TRANSFORMATION($,$,#3152,#3519);
#61=ITEM_DEFINED_TRANSFORMATION($,$,#3161,#3520);
#62=ITEM_DEFINED_TRANSFORMATION($,$,#3184,#3521);
#63=ITEM_DEFINED_TRANSFORMATION($,$,#3223,#3522);
#64=ITEM_DEFINED_TRANSFORMATION($,$,#3205,#3523);
#65=ITEM_DEFINED_TRANSFORMATION($,$,#3223,#3524);
#66=ITEM_DEFINED_TRANSFORMATION($,$,#3223,#3525);
#67=ITEM_DEFINED_TRANSFORMATION($,$,#3256,#3526);
#68=ITEM_DEFINED_TRANSFORMATION($,$,#3279,#3527);
#69=ITEM_DEFINED_TRANSFORMATION($,$,#3370,#3528);
#70=ITEM_DEFINED_TRANSFORMATION($,$,#3415,#3529);
#71=ITEM_DEFINED_TRANSFORMATION($,$,#3444,#3530);
#72=ITEM_DEFINED_TRANSFORMATION($,$,#3489,#3531);
#73=(
REPRESENTATION_RELATIONSHIP($,$,#6432,#6431)
REPRESENTATION_RELATIONSHIP_WITH_TRANSFORMATION(#57)
SHAPE_REPRESENTATION_RELATIONSHIP()
);
#74=(
REPRESENTATION_RELATIONSHIP($,$,#6440,#6439)
REPRESENTATION_RELATIONSHIP_WITH_TRANSFORMATION(#58)
SHAPE_REPRESENTATION_RELATIONSHIP()
);
#75=(
REPRESENTATION_RELATIONSHIP($,$,#6431,#6430)
REPRESENTATION_RELATIONSHIP_WITH_TRANSFORMATION(#59)
SHAPE_REPRESENTATION_RELATIONSHIP()
);
#76=(
REPRESENTATION_RELATIONSHIP($,$,#6433,#6430)
REPRESENTATION_RELATIONSHIP_WITH_TRANSFORMATION(#60)
SHAPE_REPRESENTATION_RELATIONSHIP()
);
#77=(
REPRESENTATION_RELATIONSHIP($,$,#6434,#6430)
REPRESENTATION_RELATIONSHIP_WITH_TRANSFORMATION(#61)
SHAPE_REPRESENTATION_RELATIONSHIP()
);
#78=(
REPRESENTATION_RELATIONSHIP($,$,#6435,#6430)
REPRESENTATION_RELATIONSHIP_WITH_TRANSFORMATION(#62)
SHAPE_REPRESENTATION_RELATIONSHIP()
);
#79=(
REPRESENTATION_RELATIONSHIP($,$,#6437,#6430)
REPRESENTATION_RELATIONSHIP_WITH_TRANSFORMATION(#63)
SHAPE_REPRESENTATION_RELATIONSHIP()
);
#80=(
REPRESENTATION_RELATIONSHIP($,$,#6436,#6430)
REPRESENTATION_RELATIONSHIP_WITH_TRANSFORMATION(#64)
SHAPE_REPRESENTATION_RELATIONSHIP()
);
#81=(
REPRESENTATION_RELATIONSHIP($,$,#6437,#6430)
REPRESENTATION_RELATIONSHIP_WITH_TRANSFORMATION(#65)
SHAPE_REPRESENTATION_RELATIONSHIP()
);
#82=(
REPRESENTATION_RELATIONSHIP($,$,#6437,#6430)
REPRESENTATION_RELATIONSHIP_WITH_TRANSFORMATION(#66)
SHAPE_REPRESENTATION_RELATIONSHIP()
);
#83=(
REPRESENTATION_RELATIONSHIP($,$,#6438,#6430)
REPRESENTATION_RELATIONSHIP_WITH_TRANSFORMATION(#67)
SHAPE_REPRESENTATION_RELATIONSHIP()
);
#84=(
REPRESENTATION_RELATIONSHIP($,$,#6439,#6430)
REPRESENTATION_RELATIONSHIP_WITH_TRANSFORMATION(#68)
SHAPE_REPRESENTATION_RELATIONSHIP()
);
#85=(
REPRESENTATION_RELATIONSHIP($,$,#6441,#6430)
REPRESENTATION_RELATIONSHIP_WITH_TRANSFORMATION(#69)
SHAPE_REPRESENTATION_RELATIONSHIP()
);
#86=(
REPRESENTATION_RELATIONSHIP($,$,#6442,#6430)
REPRESENTATION_RELATIONSHIP_WITH_TRANSFORMATION(#70)
SHAPE_REPRESENTATION_RELATIONSHIP()
);
#87=(
REPRESENTATION_RELATIONSHIP($,$,#6443,#6430)
REPRESENTATION_RELATIONSHIP_WITH_TRANSFORMATION(#71)
SHAPE_REPRESENTATION_RELATIONSHIP()
);
#88=(
REPRESENTATION_RELATIONSHIP($,$,#6444,#6430)
REPRESENTATION_RELATIONSHIP_WITH_TRANSFORMATION(#72)
SHAPE_REPRESENTATION_RELATIONSHIP()
);
#89=CONTEXT_DEPENDENT_SHAPE_REPRESENTATION(#73,#6402);
#90=CONTEXT_DEPENDENT_SHAPE_REPRESENTATION(#74,#6411);
#91=CONTEXT_DEPENDENT_SHAPE_REPRESENTATION(#75,#6416);
#92=CONTEXT_DEPENDENT_SHAPE_REPRESENTATION(#76,#6417);
#93=CONTEXT_DEPENDENT_SHAPE_REPRESENTATION(#77,#6418);
#94=CONTEXT_DEPENDENT_SHAPE_REPRESENTATION(#78,#6419);
#95=CONTEXT_DEPENDENT_SHAPE_REPRESENTATION(#79,#6420);
#96=CONTEXT_DEPENDENT_SHAPE_REPRESENTATION(#80,#6421);
#97=CONTEXT_DEPENDENT_SHAPE_REPRESENTATION(#81,#6422);
#98=CONTEXT_DEPENDENT_SHAPE_REPRESENTATION(#82,#6423);
#99=CONTEXT_DEPENDENT_SHAPE_REPRESENTATION(#83,#6424);
#100=CONTEXT_DEPENDENT_SHAPE_REPRESENTATION(#84,#6425);
#101=CONTEXT_DEPENDENT_SHAPE_REPRESENTATION(#85,#6426);
#102=CONTEXT_DEPENDENT_SHAPE_REPRESENTATION(#86,#6427);
#103=CONTEXT_DEPENDENT_SHAPE_REPRESENTATION(#87,#6428);
#104=CONTEXT_DEPENDENT_SHAPE_REPRESENTATION(#88,#6429);
#105=NEXT_ASSEMBLY_USAGE_OCCURRENCE('Component3:1','Component3:1',
'Component3:1',#6447,#6448,'Component3:1');
#106=NEXT_ASSEMBLY_USAGE_OCCURRENCE(
'01 PMA 804C casing - ID 810 / t 2 / E 560:1',
'01 PMA 804C casing - ID 810 / t 2 / E 560:1',
'01 PMA 804C casing - ID 810 / t 2 / E 560:1',#6455,#6456,
'01 PMA 804C casing - ID 810 / t 2 / E 560:1');
#107=NEXT_ASSEMBLY_USAGE_OCCURRENCE('Origin machine:1',
'Origin machine:1','Origin machine:1',#6446,#6447,'Origin machine:1');
#108=NEXT_ASSEMBLY_USAGE_OCCURRENCE('SpirBuis ID 900 L 4200:1',
'SpirBuis ID 900 L 4200:1','SpirBuis ID 900 L 4200:1',#6446,#6449,
'SpirBuis ID 900 L 4200:1');
#109=NEXT_ASSEMBLY_USAGE_OCCURRENCE(
'Bocht ID900 24.1 90\X\B0 R=1.5D +recht 50:1',
'Bocht ID900 24.1 90\X\B0 R=1.5D +recht 50:1',
'Bocht ID900 24.1 90\X\B0 R=1.5D +recht 50:1',#6446,#6450,
'Bocht ID900 24.1 90\X\B0 R=1.5D +recht 50:1');
#110=NEXT_ASSEMBLY_USAGE_OCCURRENCE(
'Trans L=1604 rect 1500x980 boord 50 nr ID900 +recht50:1',
'Trans L=1604 rect 1500x980 boord 50 nr ID900 +recht50:1',
'Trans L=1604 rect 1500x980 boord 50 nr ID900 +recht50:1',#6446,#6451,
'Trans L=1604 rect 1500x980 boord 50 nr ID900 +recht50:1');
#111=NEXT_ASSEMBLY_USAGE_OCCURRENCE('slider 900:1','slider 900:1',
'slider 900:1',#6446,#6453,'slider 900:1');
#112=NEXT_ASSEMBLY_USAGE_OCCURRENCE(
'AIR_INLET 2026_09_07_@_15-31-18_vkr 2500x100_900_1500:1',
'AIR_INLET 2026_09_07_@_15-31-18_vkr 2500x100_900_1500:1',
'AIR_INLET 2026_09_07_@_15-31-18_vkr 2500x100_900_1500:1',#6446,#6452,
'AIR_INLET 2026_09_07_@_15-31-18_vkr 2500x100_900_1500:1');
#113=NEXT_ASSEMBLY_USAGE_OCCURRENCE('slider 900:2','slider 900:2',
'slider 900:2',#6446,#6453,'slider 900:2');
#114=NEXT_ASSEMBLY_USAGE_OCCURRENCE('slider 900:3','slider 900:3',
'slider 900:3',#6446,#6453,'slider 900:3');
#115=NEXT_ASSEMBLY_USAGE_OCCURRENCE('Bocht ID900 R=1.5D +recht 50:1',
'Bocht ID900 R=1.5D +recht 50:1','Bocht ID900 R=1.5D +recht 50:1',#6446,
#6454,'Bocht ID900 R=1.5D +recht 50:1');
#116=NEXT_ASSEMBLY_USAGE_OCCURRENCE('PMA804C_AXIAL_FAN:1',
'PMA804C_AXIAL_FAN:1','PMA804C_AXIAL_FAN:1',#6446,#6455,
'PMA804C_AXIAL_FAN:1');
#117=NEXT_ASSEMBLY_USAGE_OCCURRENCE('flange for slider:1',
'flange for slider:1','flange for slider:1',#6446,#6457,
'flange for slider:1');
#118=NEXT_ASSEMBLY_USAGE_OCCURRENCE('slider 900:1','slider 900:1',
'slider 900:1',#6446,#6458,'slider 900:1');
#119=NEXT_ASSEMBLY_USAGE_OCCURRENCE('flange for slider(Mirror):1',
'flange for slider(Mirror):1','flange for slider(Mirror):1',#6446,#6459,
'flange for slider(Mirror):1');
#120=NEXT_ASSEMBLY_USAGE_OCCURRENCE('slider 900(Mirror):1',
'slider 900(Mirror):1','slider 900(Mirror):1',#6446,#6460,
'slider 900(Mirror):1');
#121=SHAPE_REPRESENTATION_RELATIONSHIP('SRR','None',#6432,#133);
#122=SHAPE_REPRESENTATION_RELATIONSHIP('SRR','None',#6433,#134);
#123=SHAPE_REPRESENTATION_RELATIONSHIP('SRR','None',#6434,#135);
#124=SHAPE_REPRESENTATION_RELATIONSHIP('SRR','None',#6435,#136);
#125=SHAPE_REPRESENTATION_RELATIONSHIP('SRR','None',#6436,#137);
#126=SHAPE_REPRESENTATION_RELATIONSHIP('SRR','None',#6437,#138);
#127=SHAPE_REPRESENTATION_RELATIONSHIP('SRR','None',#6438,#139);
#128=SHAPE_REPRESENTATION_RELATIONSHIP('SRR','None',#6440,#140);
#129=SHAPE_REPRESENTATION_RELATIONSHIP('SRR','None',#6441,#141);
#130=SHAPE_REPRESENTATION_RELATIONSHIP('SRR','None',#6442,#142);
#131=SHAPE_REPRESENTATION_RELATIONSHIP('SRR','None',#6443,#143);
#132=SHAPE_REPRESENTATION_RELATIONSHIP('SRR','None',#6444,#144);
#133=ADVANCED_BREP_SHAPE_REPRESENTATION('',(#157),#6366);
#134=ADVANCED_BREP_SHAPE_REPRESENTATION('',(#158),#6367);
#135=ADVANCED_BREP_SHAPE_REPRESENTATION('',(#159),#6368);
#136=ADVANCED_BREP_SHAPE_REPRESENTATION('',(#160),#6369);
#137=ADVANCED_BREP_SHAPE_REPRESENTATION('',(#161),#6370);
#138=ADVANCED_BREP_SHAPE_REPRESENTATION('',(#162),#6371);
#139=ADVANCED_BREP_SHAPE_REPRESENTATION('',(#163),#6372);
#140=ADVANCED_BREP_SHAPE_REPRESENTATION('',(#164),#6374);
#141=ADVANCED_BREP_SHAPE_REPRESENTATION('',(#165),#6375);
#142=ADVANCED_BREP_SHAPE_REPRESENTATION('',(#166),#6376);
#143=ADVANCED_BREP_SHAPE_REPRESENTATION('',(#167),#6377);
#144=ADVANCED_BREP_SHAPE_REPRESENTATION('',(#168),#6378);
#145=STYLED_ITEM('',(#6510),#157);
#146=STYLED_ITEM('',(#6511),#158);
#147=STYLED_ITEM('',(#6511),#159);
#148=STYLED_ITEM('',(#6511),#160);
#149=STYLED_ITEM('',(#6511),#161);
#150=STYLED_ITEM('',(#6511),#162);
#151=STYLED_ITEM('',(#6511),#163);
#152=STYLED_ITEM('',(#6512),#164);
#153=STYLED_ITEM('',(#6509),#165);
#154=STYLED_ITEM('',(#6511),#166);
#155=STYLED_ITEM('',(#6509),#167);
#156=STYLED_ITEM('',(#6511),#168);
#157=MANIFOLD_SOLID_BREP('Body1',#2992);
#158=MANIFOLD_SOLID_BREP('Body1',#2993);
#159=MANIFOLD_SOLID_BREP('Body1',#2994);
#160=MANIFOLD_SOLID_BREP('Body1',#2995);
#161=MANIFOLD_SOLID_BREP('Body1',#2996);
#162=MANIFOLD_SOLID_BREP('Body1',#2997);
#163=MANIFOLD_SOLID_BREP('Body1',#2998);
#164=MANIFOLD_SOLID_BREP('Body1',#2999);
#165=MANIFOLD_SOLID_BREP('Body1',#3000);
#166=MANIFOLD_SOLID_BREP('Body1',#3001);
#167=MANIFOLD_SOLID_BREP('Body1',#3002);
#168=MANIFOLD_SOLID_BREP('Body1',#3003);
#169=FACE_BOUND('',#865,.T.);
#170=FACE_BOUND('',#871,.T.);
#171=FACE_BOUND('',#873,.T.);
#172=FACE_BOUND('',#877,.T.);
#173=FACE_BOUND('',#881,.T.);
#174=FACE_BOUND('',#887,.T.);
#175=FACE_BOUND('',#893,.T.);
#176=FACE_BOUND('',#907,.T.);
#177=FACE_BOUND('',#909,.T.);
#178=FACE_BOUND('',#919,.T.);
#179=FACE_BOUND('',#923,.T.);
#180=FACE_BOUND('',#929,.T.);
#181=FACE_BOUND('',#936,.T.);
#182=FACE_BOUND('',#944,.T.);
#183=FACE_BOUND('',#947,.T.);
#184=FACE_BOUND('',#952,.T.);
#185=FACE_BOUND('',#956,.T.);
#186=FACE_BOUND('',#961,.T.);
#187=FACE_BOUND('',#962,.T.);
#188=FACE_BOUND('',#963,.T.);
#189=FACE_BOUND('',#964,.T.);
#190=FACE_BOUND('',#965,.T.);
#191=FACE_BOUND('',#966,.T.);
#192=FACE_BOUND('',#967,.T.);
#193=FACE_BOUND('',#968,.T.);
#194=FACE_BOUND('',#969,.T.);
#195=FACE_BOUND('',#970,.T.);
#196=FACE_BOUND('',#971,.T.);
#197=FACE_BOUND('',#972,.T.);
#198=FACE_BOUND('',#973,.T.);
#199=FACE_BOUND('',#988,.T.);
#200=FACE_BOUND('',#989,.T.);
#201=FACE_BOUND('',#990,.T.);
#202=FACE_BOUND('',#991,.T.);
#203=FACE_BOUND('',#992,.T.);
#204=FACE_BOUND('',#993,.T.);
#205=FACE_BOUND('',#994,.T.);
#206=FACE_BOUND('',#995,.T.);
#207=FACE_BOUND('',#996,.T.);
#208=FACE_BOUND('',#997,.T.);
#209=FACE_BOUND('',#998,.T.);
#210=FACE_BOUND('',#999,.T.);
#211=FACE_BOUND('',#1000,.T.);
#212=FACE_BOUND('',#1015,.T.);
#213=FACE_BOUND('',#1016,.T.);
#214=FACE_BOUND('',#1017,.T.);
#215=FACE_BOUND('',#1018,.T.);
#216=FACE_BOUND('',#1019,.T.);
#217=FACE_BOUND('',#1020,.T.);
#218=FACE_BOUND('',#1021,.T.);
#219=FACE_BOUND('',#1022,.T.);
#220=FACE_BOUND('',#1023,.T.);
#221=FACE_BOUND('',#1024,.T.);
#222=FACE_BOUND('',#1025,.T.);
#223=FACE_BOUND('',#1026,.T.);
#224=FACE_BOUND('',#1027,.T.);
#225=FACE_BOUND('',#1029,.T.);
#226=FACE_BOUND('',#1030,.T.);
#227=FACE_BOUND('',#1031,.T.);
#228=FACE_BOUND('',#1032,.T.);
#229=FACE_BOUND('',#1033,.T.);
#230=FACE_BOUND('',#1034,.T.);
#231=FACE_BOUND('',#1035,.T.);
#232=FACE_BOUND('',#1036,.T.);
#233=FACE_BOUND('',#1037,.T.);
#234=FACE_BOUND('',#1038,.T.);
#235=FACE_BOUND('',#1039,.T.);
#236=FACE_BOUND('',#1040,.T.);
#237=FACE_BOUND('',#1041,.T.);
#238=FACE_BOUND('',#1058,.T.);
#239=FACE_BOUND('',#1059,.T.);
#240=FACE_BOUND('',#1060,.T.);
#241=FACE_BOUND('',#1061,.T.);
#242=FACE_BOUND('',#1062,.T.);
#243=FACE_BOUND('',#1063,.T.);
#244=FACE_BOUND('',#1064,.T.);
#245=FACE_BOUND('',#1065,.T.);
#246=FACE_BOUND('',#1066,.T.);
#247=FACE_BOUND('',#1067,.T.);
#248=FACE_BOUND('',#1068,.T.);
#249=FACE_BOUND('',#1069,.T.);
#250=FACE_BOUND('',#1070,.T.);
#251=FACE_BOUND('',#1072,.T.);
#252=FACE_BOUND('',#1073,.T.);
#253=FACE_BOUND('',#1074,.T.);
#254=FACE_BOUND('',#1075,.T.);
#255=FACE_BOUND('',#1076,.T.);
#256=FACE_BOUND('',#1077,.T.);
#257=FACE_BOUND('',#1078,.T.);
#258=FACE_BOUND('',#1079,.T.);
#259=FACE_BOUND('',#1080,.T.);
#260=FACE_BOUND('',#1081,.T.);
#261=FACE_BOUND('',#1082,.T.);
#262=FACE_BOUND('',#1083,.T.);
#263=FACE_BOUND('',#1084,.T.);
#264=FACE_BOUND('',#1092,.T.);
#265=FACE_BOUND('',#1095,.T.);
#266=FACE_BOUND('',#1112,.T.);
#267=FACE_BOUND('',#1113,.T.);
#268=FACE_BOUND('',#1114,.T.);
#269=FACE_BOUND('',#1115,.T.);
#270=FACE_BOUND('',#1116,.T.);
#271=FACE_BOUND('',#1117,.T.);
#272=FACE_BOUND('',#1118,.T.);
#273=FACE_BOUND('',#1119,.T.);
#274=FACE_BOUND('',#1120,.T.);
#275=FACE_BOUND('',#1121,.T.);
#276=FACE_BOUND('',#1122,.T.);
#277=FACE_BOUND('',#1123,.T.);
#278=FACE_BOUND('',#1124,.T.);
#279=FACE_BOUND('',#1126,.T.);
#280=FACE_BOUND('',#1127,.T.);
#281=FACE_BOUND('',#1128,.T.);
#282=FACE_BOUND('',#1129,.T.);
#283=FACE_BOUND('',#1130,.T.);
#284=FACE_BOUND('',#1131,.T.);
#285=FACE_BOUND('',#1132,.T.);
#286=FACE_BOUND('',#1133,.T.);
#287=FACE_BOUND('',#1134,.T.);
#288=FACE_BOUND('',#1135,.T.);
#289=FACE_BOUND('',#1136,.T.);
#290=FACE_BOUND('',#1137,.T.);
#291=FACE_BOUND('',#1138,.T.);
#292=FACE_BOUND('',#1146,.T.);
#293=FACE_BOUND('',#1149,.T.);
#294=CONICAL_SURFACE('',#3144,175.,0.463647609000806);
#295=LINE('',#4489,#453);
#296=LINE('',#4493,#454);
#297=LINE('',#4500,#455);
#298=LINE('',#4508,#456);
#299=LINE('',#4514,#457);
#300=LINE('',#4524,#458);
#301=LINE('',#4531,#459);
#302=LINE('',#4542,#460);
#303=LINE('',#4548,#461);
#304=LINE('',#4562,#462);
#305=LINE('',#4568,#463);
#306=LINE('',#4700,#464);
#307=LINE('',#4702,#465);
#308=LINE('',#4703,#466);
#309=LINE('',#4766,#467);
#310=LINE('',#4767,#468);
#311=LINE('',#4830,#469);
#312=LINE('',#4831,#470);
#313=LINE('',#4892,#471);
#314=LINE('',#4936,#472);
#315=LINE('',#4937,#473);
#316=LINE('',#4938,#474);
#317=LINE('',#4980,#475);
#318=LINE('',#4981,#476);
#319=LINE('',#5023,#477);
#320=LINE('',#5024,#478);
#321=LINE('',#5065,#479);
#322=LINE('',#5069,#480);
#323=LINE('',#5070,#481);
#324=LINE('',#5071,#482);
#325=LINE('',#5074,#483);
#326=LINE('',#5075,#484);
#327=LINE('',#5078,#485);
#328=LINE('',#5079,#486);
#329=LINE('',#5081,#487);
#330=LINE('',#5085,#488);
#331=LINE('',#5087,#489);
#332=LINE('',#5089,#490);
#333=LINE('',#5090,#491);
#334=LINE('',#5093,#492);
#335=LINE('',#5095,#493);
#336=LINE('',#5096,#494);
#337=LINE('',#5099,#495);
#338=LINE('',#5101,#496);
#339=LINE('',#5102,#497);
#340=LINE('',#5104,#498);
#341=LINE('',#5105,#499);
#342=LINE('',#5112,#500);
#343=LINE('',#5114,#501);
#344=LINE('',#5116,#502);
#345=LINE('',#5117,#503);
#346=LINE('',#5120,#504);
#347=LINE('',#5122,#505);
#348=LINE('',#5123,#506);
#349=LINE('',#5126,#507);
#350=LINE('',#5128,#508);
#351=LINE('',#5129,#509);
#352=LINE('',#5131,#510);
#353=LINE('',#5132,#511);
#354=LINE('',#5136,#512);
#355=LINE('',#5138,#513);
#356=LINE('',#5140,#514);
#357=LINE('',#5141,#515);
#358=LINE('',#5144,#516);
#359=LINE('',#5146,#517);
#360=LINE('',#5147,#518);
#361=LINE('',#5150,#519);
#362=LINE('',#5152,#520);
#363=LINE('',#5153,#521);
#364=LINE('',#5155,#522);
#365=LINE('',#5156,#523);
#366=LINE('',#5180,#524);
#367=LINE('',#5303,#525);
#368=LINE('',#5473,#526);
#369=LINE('',#5474,#527);
#370=LINE('',#5507,#528);
#371=LINE('',#5568,#529);
#372=LINE('',#5604,#530);
#373=LINE('',#5606,#531);
#374=LINE('',#5608,#532);
#375=LINE('',#5609,#533);
#376=LINE('',#5670,#534);
#377=LINE('',#5671,#535);
#378=LINE('',#5704,#536);
#379=LINE('',#5765,#537);
#380=LINE('',#5803,#538);
#381=LINE('',#5817,#539);
#382=LINE('',#5828,#540);
#383=LINE('',#5843,#541);
#384=LINE('',#5851,#542);
#385=LINE('',#5859,#543);
#386=LINE('',#5865,#544);
#387=LINE('',#5875,#545);
#388=LINE('',#5882,#546);
#389=LINE('',#5897,#547);
#390=LINE('',#5928,#548);
#391=LINE('',#5932,#549);
#392=LINE('',#5936,#550);
#393=LINE('',#5940,#551);
#394=LINE('',#5944,#552);
#395=LINE('',#5948,#553);
#396=LINE('',#5952,#554);
#397=LINE('',#5956,#555);
#398=LINE('',#5960,#556);
#399=LINE('',#5964,#557);
#400=LINE('',#5968,#558);
#401=LINE('',#5972,#559);
#402=LINE('',#5978,#560);
#403=LINE('',#6010,#561);
#404=LINE('',#6014,#562);
#405=LINE('',#6018,#563);
#406=LINE('',#6022,#564);
#407=LINE('',#6026,#565);
#408=LINE('',#6030,#566);
#409=LINE('',#6034,#567);
#410=LINE('',#6038,#568);
#411=LINE('',#6042,#569);
#412=LINE('',#6046,#570);
#413=LINE('',#6050,#571);
#414=LINE('',#6054,#572);
#415=LINE('',#6056,#573);
#416=LINE('',#6064,#574);
#417=LINE('',#6071,#575);
#418=LINE('',#6077,#576);
#419=LINE('',#6083,#577);
#420=LINE('',#6089,#578);
#421=LINE('',#6095,#579);
#422=LINE('',#6101,#580);
#423=LINE('',#6107,#581);
#424=LINE('',#6113,#582);
#425=LINE('',#6119,#583);
#426=LINE('',#6125,#584);
#427=LINE('',#6131,#585);
#428=LINE('',#6137,#586);
#429=LINE('',#6143,#587);
#430=LINE('',#6149,#588);
#431=LINE('',#6165,#589);
#432=LINE('',#6176,#590);
#433=LINE('',#6191,#591);
#434=LINE('',#6199,#592);
#435=LINE('',#6205,#593);
#436=LINE('',#6211,#594);
#437=LINE('',#6217,#595);
#438=LINE('',#6223,#596);
#439=LINE('',#6229,#597);
#440=LINE('',#6235,#598);
#441=LINE('',#6241,#599);
#442=LINE('',#6247,#600);
#443=LINE('',#6253,#601);
#444=LINE('',#6259,#602);
#445=LINE('',#6265,#603);
#446=LINE('',#6271,#604);
#447=LINE('',#6277,#605);
#448=LINE('',#6283,#606);
#449=LINE('',#6299,#607);
#450=LINE('',#6310,#608);
#451=LINE('',#6325,#609);
#452=LINE('',#6333,#610);
#453=VECTOR('',#3546,50.);
#454=VECTOR('',#3551,175.);
#455=VECTOR('',#3560,50.);
#456=VECTOR('',#3571,449.999977919106);
#457=VECTOR('',#3578,451.999977919107);
#458=VECTOR('',#3591,446.999977919106);
#459=VECTOR('',#3600,449.999977919106);
#460=VECTOR('',#3613,446.999977919106);
#461=VECTOR('',#3620,449.999977919106);
#462=VECTOR('',#3641,450.);
#463=VECTOR('',#3648,452.);
#464=VECTOR('',#3657,1662.46096495745);
#465=VECTOR('',#3658,10.);
#466=VECTOR('',#3659,1663.44400917796);
#467=VECTOR('',#3660,10.);
#468=VECTOR('',#3661,1664.80074429909);
#469=VECTOR('',#3662,10.);
#470=VECTOR('',#3663,1665.49818917626);
#471=VECTOR('',#3664,10.);
#472=VECTOR('',#3667,10.);
#473=VECTOR('',#3668,1660.51701496544);
#474=VECTOR('',#3669,1661.85163955716);
#475=VECTOR('',#3670,10.);
#476=VECTOR('',#3671,1662.87453812638);
#477=VECTOR('',#3672,10.);
#478=VECTOR('',#3673,1663.8212369446);
#479=VECTOR('',#3674,10.);
#480=VECTOR('',#3677,10.);
#481=VECTOR('',#3678,10.);
#482=VECTOR('',#3679,10.);
#483=VECTOR('',#3682,10.);
#484=VECTOR('',#3683,10.);
#485=VECTOR('',#3686,10.);
#486=VECTOR('',#3687,10.);
#487=VECTOR('',#3690,10.);
#488=VECTOR('',#3693,10.);
#489=VECTOR('',#3694,10.);
#490=VECTOR('',#3695,10.);
#491=VECTOR('',#3696,10.);
#492=VECTOR('',#3699,10.);
#493=VECTOR('',#3700,10.);
#494=VECTOR('',#3701,10.);
#495=VECTOR('',#3704,10.);
#496=VECTOR('',#3705,10.);
#497=VECTOR('',#3706,10.);
#498=VECTOR('',#3709,10.);
#499=VECTOR('',#3710,10.);
#500=VECTOR('',#3719,10.);
#501=VECTOR('',#3720,10.);
#502=VECTOR('',#3721,10.);
#503=VECTOR('',#3722,10.);
#504=VECTOR('',#3725,10.);
#505=VECTOR('',#3726,10.);
#506=VECTOR('',#3727,10.);
#507=VECTOR('',#3730,10.);
#508=VECTOR('',#3731,10.);
#509=VECTOR('',#3732,10.);
#510=VECTOR('',#3735,10.);
#511=VECTOR('',#3736,10.);
#512=VECTOR('',#3739,10.);
#513=VECTOR('',#3740,10.);
#514=VECTOR('',#3741,10.);
#515=VECTOR('',#3742,10.);
#516=VECTOR('',#3745,10.);
#517=VECTOR('',#3746,10.);
#518=VECTOR('',#3747,10.);
#519=VECTOR('',#3750,10.);
#520=VECTOR('',#3751,10.);
#521=VECTOR('',#3752,10.);
#522=VECTOR('',#3755,10.);
#523=VECTOR('',#3756,10.);
#524=VECTOR('',#3761,450.000829476809);
#525=VECTOR('',#3768,453.000829476809);
#526=VECTOR('',#3775,1234.55613014431);
#527=VECTOR('',#3776,1229.98150970633);
#528=VECTOR('',#3777,1229.9802085478);
#529=VECTOR('',#3778,1234.55534181014);
#530=VECTOR('',#3781,10.);
#531=VECTOR('',#3782,10.);
#532=VECTOR('',#3783,10.);
#533=VECTOR('',#3784,10.);
#534=VECTOR('',#3785,1232.79407752851);
#535=VECTOR('',#3786,1237.48637670037);
#536=VECTOR('',#3787,1232.79276872939);
#537=VECTOR('',#3788,1237.48558482754);
#538=VECTOR('',#3795,446.999977919106);
#539=VECTOR('',#3814,447.);
#540=VECTOR('',#3827,447.);
#541=VECTOR('',#3846,445.);
#542=VECTOR('',#3859,445.);
#543=VECTOR('',#3868,450.);
#544=VECTOR('',#3875,452.);
#545=VECTOR('',#3886,450.);
#546=VECTOR('',#3895,452.);
#547=VECTOR('',#3918,442.);
#548=VECTOR('',#3951,7.);
#549=VECTOR('',#3956,7.);
#550=VECTOR('',#3961,7.);
#551=VECTOR('',#3966,7.);
#552=VECTOR('',#3971,7.);
#553=VECTOR('',#3976,7.);
#554=VECTOR('',#3981,7.);
#555=VECTOR('',#3986,7.);
#556=VECTOR('',#3991,7.);
#557=VECTOR('',#3996,7.);
#558=VECTOR('',#4001,7.);
#559=VECTOR('',#4006,7.);
#560=VECTOR('',#4013,442.);
#561=VECTOR('',#4048,7.);
#562=VECTOR('',#4053,7.);
#563=VECTOR('',#4058,7.);
#564=VECTOR('',#4063,7.);
#565=VECTOR('',#4068,7.);
#566=VECTOR('',#4073,7.);
#567=VECTOR('',#4078,7.);
#568=VECTOR('',#4083,7.);
#569=VECTOR('',#4088,7.);
#570=VECTOR('',#4093,7.);
#571=VECTOR('',#4098,7.);
#572=VECTOR('',#4103,7.);
#573=VECTOR('',#4106,407.);
#574=VECTOR('',#4117,405.);
#575=VECTOR('',#4126,6.99999999999999);
#576=VECTOR('',#4133,7.00000000000003);
#577=VECTOR('',#4140,7.00000000000003);
#578=VECTOR('',#4147,6.99999999999999);
#579=VECTOR('',#4154,7.);
#580=VECTOR('',#4161,7.00000000000003);
#581=VECTOR('',#4168,6.99999999999999);
#582=VECTOR('',#4175,7.00000000000003);
#583=VECTOR('',#4182,7.00000000000003);
#584=VECTOR('',#4189,407.);
#585=VECTOR('',#4196,6.99999999999999);
#586=VECTOR('',#4203,7.);
#587=VECTOR('',#4210,7.00000000000003);
#588=VECTOR('',#4217,450.);
#589=VECTOR('',#4240,447.);
#590=VECTOR('',#4253,447.);
#591=VECTOR('',#4272,445.);
#592=VECTOR('',#4285,445.);
#593=VECTOR('',#4292,6.99999999999999);
#594=VECTOR('',#4299,7.00000000000003);
#595=VECTOR('',#4306,7.00000000000003);
#596=VECTOR('',#4313,6.99999999999999);
#597=VECTOR('',#4320,7.);
#598=VECTOR('',#4327,7.00000000000003);
#599=VECTOR('',#4334,6.99999999999999);
#600=VECTOR('',#4341,7.00000000000003);
#601=VECTOR('',#4348,7.00000000000003);
#602=VECTOR('',#4355,407.);
#603=VECTOR('',#4362,6.99999999999999);
#604=VECTOR('',#4369,7.);
#605=VECTOR('',#4376,7.00000000000003);
#606=VECTOR('',#4383,450.);
#607=VECTOR('',#4406,447.);
#608=VECTOR('',#4419,447.);
#609=VECTOR('',#4438,445.);
#610=VECTOR('',#4451,445.);
#611=CYLINDRICAL_SURFACE('',#3142,50.);
#612=CYLINDRICAL_SURFACE('',#3148,50.);
#613=CYLINDRICAL_SURFACE('',#3153,449.999977919106);
#614=CYLINDRICAL_SURFACE('',#3156,451.999977919107);
#615=CYLINDRICAL_SURFACE('',#3162,446.999977919106);
#616=CYLINDRICAL_SURFACE('',#3166,449.999977919106);
#617=CYLINDRICAL_SURFACE('',#3171,446.999977919106);
#618=CYLINDRICAL_SURFACE('',#3175,449.999977919106);
#619=CYLINDRICAL_SURFACE('',#3185,450.);
#620=CYLINDRICAL_SURFACE('',#3188,452.);
#621=CYLINDRICAL_SURFACE('',#3215,450.000829476809);
#622=CYLINDRICAL_SURFACE('',#3217,453.000829476809);
#623=CYLINDRICAL_SURFACE('',#3224,446.999977919106);
#624=CYLINDRICAL_SURFACE('',#3234,447.);
#625=CYLINDRICAL_SURFACE('',#3240,447.);
#626=CYLINDRICAL_SURFACE('',#3248,445.);
#627=CYLINDRICAL_SURFACE('',#3255,445.);
#628=CYLINDRICAL_SURFACE('',#3257,450.);
#629=CYLINDRICAL_SURFACE('',#3261,452.);
#630=CYLINDRICAL_SURFACE('',#3266,450.);
#631=CYLINDRICAL_SURFACE('',#3270,452.);
#632=CYLINDRICAL_SURFACE('',#3281,442.);
#633=CYLINDRICAL_SURFACE('',#3298,7.);
#634=CYLINDRICAL_SURFACE('',#3300,7.);
#635=CYLINDRICAL_SURFACE('',#3302,7.);
#636=CYLINDRICAL_SURFACE('',#3304,7.);
#637=CYLINDRICAL_SURFACE('',#3306,7.);
#638=CYLINDRICAL_SURFACE('',#3308,7.);
#639=CYLINDRICAL_SURFACE('',#3310,7.);
#640=CYLINDRICAL_SURFACE('',#3312,7.);
#641=CYLINDRICAL_SURFACE('',#3314,7.);
#642=CYLINDRICAL_SURFACE('',#3316,7.);
#643=CYLINDRICAL_SURFACE('',#3318,7.);
#644=CYLINDRICAL_SURFACE('',#3320,7.);
#645=CYLINDRICAL_SURFACE('',#3322,442.);
#646=CYLINDRICAL_SURFACE('',#3339,7.);
#647=CYLINDRICAL_SURFACE('',#3341,7.);
#648=CYLINDRICAL_SURFACE('',#3343,7.);
#649=CYLINDRICAL_SURFACE('',#3345,7.);
#650=CYLINDRICAL_SURFACE('',#3347,7.);
#651=CYLINDRICAL_SURFACE('',#3349,7.);
#652=CYLINDRICAL_SURFACE('',#3351,7.);
#653=CYLINDRICAL_SURFACE('',#3353,7.);
#654=CYLINDRICAL_SURFACE('',#3355,7.);
#655=CYLINDRICAL_SURFACE('',#3357,7.);
#656=CYLINDRICAL_SURFACE('',#3359,7.);
#657=CYLINDRICAL_SURFACE('',#3361,7.);
#658=CYLINDRICAL_SURFACE('',#3363,407.);
#659=CYLINDRICAL_SURFACE('',#3368,405.);
#660=CYLINDRICAL_SURFACE('',#3371,6.99999999999999);
#661=CYLINDRICAL_SURFACE('',#3374,7.00000000000003);
#662=CYLINDRICAL_SURFACE('',#3377,7.00000000000003);
#663=CYLINDRICAL_SURFACE('',#3380,6.99999999999999);
#664=CYLINDRICAL_SURFACE('',#3383,7.);
#665=CYLINDRICAL_SURFACE('',#3386,7.00000000000003);
#666=CYLINDRICAL_SURFACE('',#3389,6.99999999999999);
#667=CYLINDRICAL_SURFACE('',#3392,7.00000000000003);
#668=CYLINDRICAL_SURFACE('',#3395,7.00000000000003);
#669=CYLINDRICAL_SURFACE('',#3398,407.);
#670=CYLINDRICAL_SURFACE('',#3401,6.99999999999999);
#671=CYLINDRICAL_SURFACE('',#3404,7.);
#672=CYLINDRICAL_SURFACE('',#3407,7.00000000000003);
#673=CYLINDRICAL_SURFACE('',#3410,450.);
#674=CYLINDRICAL_SURFACE('',#3421,447.);
#675=CYLINDRICAL_SURFACE('',#3428,447.);
#676=CYLINDRICAL_SURFACE('',#3436,445.);
#677=CYLINDRICAL_SURFACE('',#3443,445.);
#678=CYLINDRICAL_SURFACE('',#3445,6.99999999999999);
#679=CYLINDRICAL_SURFACE('',#3448,7.00000000000003);
#680=CYLINDRICAL_SURFACE('',#3451,7.00000000000003);
#681=CYLINDRICAL_SURFACE('',#3454,6.99999999999999);
#682=CYLINDRICAL_SURFACE('',#3457,7.);
#683=CYLINDRICAL_SURFACE('',#3460,7.00000000000003);
#684=CYLINDRICAL_SURFACE('',#3463,6.99999999999999);
#685=CYLINDRICAL_SURFACE('',#3466,7.00000000000003);
#686=CYLINDRICAL_SURFACE('',#3469,7.00000000000003);
#687=CYLINDRICAL_SURFACE('',#3472,407.);
#688=CYLINDRICAL_SURFACE('',#3475,6.99999999999999);
#689=CYLINDRICAL_SURFACE('',#3478,7.);
#690=CYLINDRICAL_SURFACE('',#3481,7.00000000000003);
#691=CYLINDRICAL_SURFACE('',#3484,450.);
#692=CYLINDRICAL_SURFACE('',#3495,447.);
#693=CYLINDRICAL_SURFACE('',#3502,447.);
#694=CYLINDRICAL_SURFACE('',#3510,445.);
#695=CYLINDRICAL_SURFACE('',#3517,445.);
#696=FACE_OUTER_BOUND('',#861,.T.);
#697=FACE_OUTER_BOUND('',#862,.T.);
#698=FACE_OUTER_BOUND('',#863,.T.);
#699=FACE_OUTER_BOUND('',#864,.T.);
#700=FACE_OUTER_BOUND('',#866,.T.);
#701=FACE_OUTER_BOUND('',#867,.T.);
#702=FACE_OUTER_BOUND('',#868,.T.);
#703=FACE_OUTER_BOUND('',#869,.T.);
#704=FACE_OUTER_BOUND('',#870,.T.);
#705=FACE_OUTER_BOUND('',#872,.T.);
#706=FACE_OUTER_BOUND('',#874,.T.);
#707=FACE_OUTER_BOUND('',#875,.T.);
#708=FACE_OUTER_BOUND('',#876,.T.);
#709=FACE_OUTER_BOUND('',#878,.T.);
#710=FACE_OUTER_BOUND('',#879,.T.);
#711=FACE_OUTER_BOUND('',#880,.T.);
#712=FACE_OUTER_BOUND('',#882,.T.);
#713=FACE_OUTER_BOUND('',#883,.T.);
#714=FACE_OUTER_BOUND('',#884,.T.);
#715=FACE_OUTER_BOUND('',#885,.T.);
#716=FACE_OUTER_BOUND('',#886,.T.);
#717=FACE_OUTER_BOUND('',#888,.T.);
#718=FACE_OUTER_BOUND('',#889,.T.);
#719=FACE_OUTER_BOUND('',#890,.T.);
#720=FACE_OUTER_BOUND('',#891,.T.);
#721=FACE_OUTER_BOUND('',#892,.T.);
#722=FACE_OUTER_BOUND('',#894,.T.);
#723=FACE_OUTER_BOUND('',#895,.T.);
#724=FACE_OUTER_BOUND('',#896,.T.);
#725=FACE_OUTER_BOUND('',#897,.T.);
#726=FACE_OUTER_BOUND('',#898,.T.);
#727=FACE_OUTER_BOUND('',#899,.T.);
#728=FACE_OUTER_BOUND('',#900,.T.);
#729=FACE_OUTER_BOUND('',#901,.T.);
#730=FACE_OUTER_BOUND('',#902,.T.);
#731=FACE_OUTER_BOUND('',#903,.T.);
#732=FACE_OUTER_BOUND('',#904,.T.);
#733=FACE_OUTER_BOUND('',#905,.T.);
#734=FACE_OUTER_BOUND('',#906,.T.);
#735=FACE_OUTER_BOUND('',#908,.T.);
#736=FACE_OUTER_BOUND('',#910,.T.);
#737=FACE_OUTER_BOUND('',#911,.T.);
#738=FACE_OUTER_BOUND('',#912,.T.);
#739=FACE_OUTER_BOUND('',#913,.T.);
#740=FACE_OUTER_BOUND('',#914,.T.);
#741=FACE_OUTER_BOUND('',#915,.T.);
#742=FACE_OUTER_BOUND('',#916,.T.);
#743=FACE_OUTER_BOUND('',#917,.T.);
#744=FACE_OUTER_BOUND('',#918,.T.);
#745=FACE_OUTER_BOUND('',#920,.T.);
#746=FACE_OUTER_BOUND('',#921,.T.);
#747=FACE_OUTER_BOUND('',#922,.T.);
#748=FACE_OUTER_BOUND('',#924,.T.);
#749=FACE_OUTER_BOUND('',#925,.T.);
#750=FACE_OUTER_BOUND('',#926,.T.);
#751=FACE_OUTER_BOUND('',#927,.T.);
#752=FACE_OUTER_BOUND('',#928,.T.);
#753=FACE_OUTER_BOUND('',#930,.T.);
#754=FACE_OUTER_BOUND('',#931,.T.);
#755=FACE_OUTER_BOUND('',#932,.T.);
#756=FACE_OUTER_BOUND('',#933,.T.);
#757=FACE_OUTER_BOUND('',#934,.T.);
#758=FACE_OUTER_BOUND('',#935,.T.);
#759=FACE_OUTER_BOUND('',#937,.T.);
#760=FACE_OUTER_BOUND('',#938,.T.);
#761=FACE_OUTER_BOUND('',#939,.T.);
#762=FACE_OUTER_BOUND('',#940,.T.);
#763=FACE_OUTER_BOUND('',#941,.T.);
#764=FACE_OUTER_BOUND('',#942,.T.);
#765=FACE_OUTER_BOUND('',#943,.T.);
#766=FACE_OUTER_BOUND('',#945,.T.);
#767=FACE_OUTER_BOUND('',#946,.T.);
#768=FACE_OUTER_BOUND('',#948,.T.);
#769=FACE_OUTER_BOUND('',#949,.T.);
#770=FACE_OUTER_BOUND('',#950,.T.);
#771=FACE_OUTER_BOUND('',#951,.T.);
#772=FACE_OUTER_BOUND('',#953,.T.);
#773=FACE_OUTER_BOUND('',#954,.T.);
#774=FACE_OUTER_BOUND('',#955,.T.);
#775=FACE_OUTER_BOUND('',#957,.T.);
#776=FACE_OUTER_BOUND('',#958,.T.);
#777=FACE_OUTER_BOUND('',#959,.T.);
#778=FACE_OUTER_BOUND('',#960,.T.);
#779=FACE_OUTER_BOUND('',#974,.T.);
#780=FACE_OUTER_BOUND('',#975,.T.);
#781=FACE_OUTER_BOUND('',#976,.T.);
#782=FACE_OUTER_BOUND('',#977,.T.);
#783=FACE_OUTER_BOUND('',#978,.T.);
#784=FACE_OUTER_BOUND('',#979,.T.);
#785=FACE_OUTER_BOUND('',#980,.T.);
#786=FACE_OUTER_BOUND('',#981,.T.);
#787=FACE_OUTER_BOUND('',#982,.T.);
#788=FACE_OUTER_BOUND('',#983,.T.);
#789=FACE_OUTER_BOUND('',#984,.T.);
#790=FACE_OUTER_BOUND('',#985,.T.);
#791=FACE_OUTER_BOUND('',#986,.T.);
#792=FACE_OUTER_BOUND('',#987,.T.);
#793=FACE_OUTER_BOUND('',#1001,.T.);
#794=FACE_OUTER_BOUND('',#1002,.T.);
#795=FACE_OUTER_BOUND('',#1003,.T.);
#796=FACE_OUTER_BOUND('',#1004,.T.);
#797=FACE_OUTER_BOUND('',#1005,.T.);
#798=FACE_OUTER_BOUND('',#1006,.T.);
#799=FACE_OUTER_BOUND('',#1007,.T.);
#800=FACE_OUTER_BOUND('',#1008,.T.);
#801=FACE_OUTER_BOUND('',#1009,.T.);
#802=FACE_OUTER_BOUND('',#1010,.T.);
#803=FACE_OUTER_BOUND('',#1011,.T.);
#804=FACE_OUTER_BOUND('',#1012,.T.);
#805=FACE_OUTER_BOUND('',#1013,.T.);
#806=FACE_OUTER_BOUND('',#1014,.T.);
#807=FACE_OUTER_BOUND('',#1028,.T.);
#808=FACE_OUTER_BOUND('',#1042,.T.);
#809=FACE_OUTER_BOUND('',#1043,.T.);
#810=FACE_OUTER_BOUND('',#1044,.T.);
#811=FACE_OUTER_BOUND('',#1045,.T.);
#812=FACE_OUTER_BOUND('',#1046,.T.);
#813=FACE_OUTER_BOUND('',#1047,.T.);
#814=FACE_OUTER_BOUND('',#1048,.T.);
#815=FACE_OUTER_BOUND('',#1049,.T.);
#816=FACE_OUTER_BOUND('',#1050,.T.);
#817=FACE_OUTER_BOUND('',#1051,.T.);
#818=FACE_OUTER_BOUND('',#1052,.T.);
#819=FACE_OUTER_BOUND('',#1053,.T.);
#820=FACE_OUTER_BOUND('',#1054,.T.);
#821=FACE_OUTER_BOUND('',#1055,.T.);
#822=FACE_OUTER_BOUND('',#1056,.T.);
#823=FACE_OUTER_BOUND('',#1057,.T.);
#824=FACE_OUTER_BOUND('',#1071,.T.);
#825=FACE_OUTER_BOUND('',#1085,.T.);
#826=FACE_OUTER_BOUND('',#1086,.T.);
#827=FACE_OUTER_BOUND('',#1087,.T.);
#828=FACE_OUTER_BOUND('',#1088,.T.);
#829=FACE_OUTER_BOUND('',#1089,.T.);
#830=FACE_OUTER_BOUND('',#1090,.T.);
#831=FACE_OUTER_BOUND('',#1091,.T.);
#832=FACE_OUTER_BOUND('',#1093,.T.);
#833=FACE_OUTER_BOUND('',#1094,.T.);
#834=FACE_OUTER_BOUND('',#1096,.T.);
#835=FACE_OUTER_BOUND('',#1097,.T.);
#836=FACE_OUTER_BOUND('',#1098,.T.);
#837=FACE_OUTER_BOUND('',#1099,.T.);
#838=FACE_OUTER_BOUND('',#1100,.T.);
#839=FACE_OUTER_BOUND('',#1101,.T.);
#840=FACE_OUTER_BOUND('',#1102,.T.);
#841=FACE_OUTER_BOUND('',#1103,.T.);
#842=FACE_OUTER_BOUND('',#1104,.T.);
#843=FACE_OUTER_BOUND('',#1105,.T.);
#844=FACE_OUTER_BOUND('',#1106,.T.);
#845=FACE_OUTER_BOUND('',#1107,.T.);
#846=FACE_OUTER_BOUND('',#1108,.T.);
#847=FACE_OUTER_BOUND('',#1109,.T.);
#848=FACE_OUTER_BOUND('',#1110,.T.);
#849=FACE_OUTER_BOUND('',#1111,.T.);
#850=FACE_OUTER_BOUND('',#1125,.T.);
#851=FACE_OUTER_BOUND('',#1139,.T.);
#852=FACE_OUTER_BOUND('',#1140,.T.);
#853=FACE_OUTER_BOUND('',#1141,.T.);
#854=FACE_OUTER_BOUND('',#1142,.T.);
#855=FACE_OUTER_BOUND('',#1143,.T.);
#856=FACE_OUTER_BOUND('',#1144,.T.);
#857=FACE_OUTER_BOUND('',#1145,.T.);
#858=FACE_OUTER_BOUND('',#1147,.T.);
#859=FACE_OUTER_BOUND('',#1148,.T.);
#860=FACE_OUTER_BOUND('',#1150,.T.);
#861=EDGE_LOOP('',(#2006));
#862=EDGE_LOOP('',(#2007,#2008,#2009,#2010));
#863=EDGE_LOOP('',(#2011,#2012,#2013,#2014));
#864=EDGE_LOOP('',(#2015));
#865=EDGE_LOOP('',(#2016));
#866=EDGE_LOOP('',(#2017,#2018,#2019,#2020));
#867=EDGE_LOOP('',(#2021));
#868=EDGE_LOOP('',(#2022,#2023,#2024,#2025));
#869=EDGE_LOOP('',(#2026,#2027,#2028,#2029));
#870=EDGE_LOOP('',(#2030));
#871=EDGE_LOOP('',(#2031));
#872=EDGE_LOOP('',(#2032));
#873=EDGE_LOOP('',(#2033));
#874=EDGE_LOOP('',(#2034,#2035,#2036,#2037,#2038));
#875=EDGE_LOOP('',(#2039,#2040,#2041,#2042,#2043));
#876=EDGE_LOOP('',(#2044));
#877=EDGE_LOOP('',(#2045));
#878=EDGE_LOOP('',(#2046,#2047,#2048,#2049,#2050));
#879=EDGE_LOOP('',(#2051,#2052,#2053,#2054,#2055));
#880=EDGE_LOOP('',(#2056));
#881=EDGE_LOOP('',(#2057));
#882=EDGE_LOOP('',(#2058,#2059,#2060,#2061,#2062,#2063));
#883=EDGE_LOOP('',(#2064,#2065,#2066,#2067,#2068,#2069));
#884=EDGE_LOOP('',(#2070,#2071,#2072,#2073));
#885=EDGE_LOOP('',(#2074,#2075,#2076,#2077,#2078,#2079,#2080,#2081));
#886=EDGE_LOOP('',(#2082));
#887=EDGE_LOOP('',(#2083));
#888=EDGE_LOOP('',(#2084,#2085,#2086,#2087));
#889=EDGE_LOOP('',(#2088,#2089,#2090,#2091));
#890=EDGE_LOOP('',(#2092,#2093,#2094,#2095));
#891=EDGE_LOOP('',(#2096,#2097,#2098,#2099));
#892=EDGE_LOOP('',(#2100));
#893=EDGE_LOOP('',(#2101,#2102,#2103,#2104));
#894=EDGE_LOOP('',(#2105,#2106,#2107,#2108,#2109));
#895=EDGE_LOOP('',(#2110,#2111,#2112,#2113));
#896=EDGE_LOOP('',(#2114,#2115,#2116,#2117));
#897=EDGE_LOOP('',(#2118,#2119,#2120,#2121));
#898=EDGE_LOOP('',(#2122,#2123,#2124,#2125));
#899=EDGE_LOOP('',(#2126,#2127,#2128,#2129));
#900=EDGE_LOOP('',(#2130,#2131,#2132,#2133));
#901=EDGE_LOOP('',(#2134,#2135,#2136,#2137));
#902=EDGE_LOOP('',(#2138,#2139,#2140,#2141));
#903=EDGE_LOOP('',(#2142,#2143,#2144,#2145));
#904=EDGE_LOOP('',(#2146,#2147,#2148,#2149));
#905=EDGE_LOOP('',(#2150,#2151,#2152,#2153));
#906=EDGE_LOOP('',(#2154,#2155,#2156,#2157));
#907=EDGE_LOOP('',(#2158,#2159,#2160,#2161));
#908=EDGE_LOOP('',(#2162,#2163,#2164,#2165));
#909=EDGE_LOOP('',(#2166,#2167,#2168,#2169));
#910=EDGE_LOOP('',(#2170,#2171,#2172,#2173));
#911=EDGE_LOOP('',(#2174,#2175,#2176,#2177));
#912=EDGE_LOOP('',(#2178,#2179,#2180,#2181));
#913=EDGE_LOOP('',(#2182,#2183,#2184,#2185));
#914=EDGE_LOOP('',(#2186,#2187,#2188,#2189));
#915=EDGE_LOOP('',(#2190,#2191,#2192,#2193));
#916=EDGE_LOOP('',(#2194,#2195,#2196,#2197));
#917=EDGE_LOOP('',(#2198,#2199,#2200,#2201));
#918=EDGE_LOOP('',(#2202,#2203,#2204,#2205));
#919=EDGE_LOOP('',(#2206,#2207,#2208,#2209));
#920=EDGE_LOOP('',(#2210,#2211,#2212,#2213,#2214,#2215,#2216,#2217));
#921=EDGE_LOOP('',(#2218,#2219,#2220,#2221,#2222,#2223,#2224,#2225));
#922=EDGE_LOOP('',(#2226));
#923=EDGE_LOOP('',(#2227));
#924=EDGE_LOOP('',(#2228,#2229,#2230,#2231,#2232));
#925=EDGE_LOOP('',(#2233,#2234,#2235,#2236));
#926=EDGE_LOOP('',(#2237,#2238,#2239,#2240));
#927=EDGE_LOOP('',(#2241,#2242,#2243,#2244));
#928=EDGE_LOOP('',(#2245,#2246,#2247,#2248));
#929=EDGE_LOOP('',(#2249,#2250,#2251,#2252));
#930=EDGE_LOOP('',(#2253,#2254,#2255,#2256,#2257));
#931=EDGE_LOOP('',(#2258,#2259,#2260,#2261));
#932=EDGE_LOOP('',(#2262,#2263,#2264,#2265));
#933=EDGE_LOOP('',(#2266,#2267,#2268,#2269));
#934=EDGE_LOOP('',(#2270,#2271,#2272,#2273));
#935=EDGE_LOOP('',(#2274));
#936=EDGE_LOOP('',(#2275));
#937=EDGE_LOOP('',(#2276,#2277,#2278,#2279,#2280));
#938=EDGE_LOOP('',(#2281,#2282,#2283,#2284,#2285));
#939=EDGE_LOOP('',(#2286,#2287,#2288,#2289,#2290));
#940=EDGE_LOOP('',(#2291,#2292,#2293,#2294,#2295));
#941=EDGE_LOOP('',(#2296,#2297,#2298,#2299,#2300,#2301));
#942=EDGE_LOOP('',(#2302,#2303,#2304,#2305,#2306));
#943=EDGE_LOOP('',(#2307));
#944=EDGE_LOOP('',(#2308));
#945=EDGE_LOOP('',(#2309,#2310,#2311,#2312));
#946=EDGE_LOOP('',(#2313));
#947=EDGE_LOOP('',(#2314));
#948=EDGE_LOOP('',(#2315,#2316,#2317,#2318,#2319));
#949=EDGE_LOOP('',(#2320,#2321,#2322,#2323,#2324));
#950=EDGE_LOOP('',(#2325,#2326,#2327,#2328,#2329));
#951=EDGE_LOOP('',(#2330));
#952=EDGE_LOOP('',(#2331));
#953=EDGE_LOOP('',(#2332,#2333,#2334,#2335,#2336));
#954=EDGE_LOOP('',(#2337,#2338,#2339,#2340,#2341));
#955=EDGE_LOOP('',(#2342));
#956=EDGE_LOOP('',(#2343));
#957=EDGE_LOOP('',(#2344,#2345,#2346,#2347,#2348,#2349));
#958=EDGE_LOOP('',(#2350,#2351,#2352,#2353,#2354,#2355));
#959=EDGE_LOOP('',(#2356,#2357,#2358,#2359));
#960=EDGE_LOOP('',(#2360));
#961=EDGE_LOOP('',(#2361));
#962=EDGE_LOOP('',(#2362));
#963=EDGE_LOOP('',(#2363));
#964=EDGE_LOOP('',(#2364));
#965=EDGE_LOOP('',(#2365));
#966=EDGE_LOOP('',(#2366));
#967=EDGE_LOOP('',(#2367));
#968=EDGE_LOOP('',(#2368));
#969=EDGE_LOOP('',(#2369));
#970=EDGE_LOOP('',(#2370));
#971=EDGE_LOOP('',(#2371));
#972=EDGE_LOOP('',(#2372));
#973=EDGE_LOOP('',(#2373));
#974=EDGE_LOOP('',(#2374,#2375,#2376,#2377));
#975=EDGE_LOOP('',(#2378,#2379,#2380,#2381));
#976=EDGE_LOOP('',(#2382,#2383,#2384,#2385));
#977=EDGE_LOOP('',(#2386,#2387,#2388,#2389));
#978=EDGE_LOOP('',(#2390,#2391,#2392,#2393));
#979=EDGE_LOOP('',(#2394,#2395,#2396,#2397));
#980=EDGE_LOOP('',(#2398,#2399,#2400,#2401));
#981=EDGE_LOOP('',(#2402,#2403,#2404,#2405));
#982=EDGE_LOOP('',(#2406,#2407,#2408,#2409));
#983=EDGE_LOOP('',(#2410,#2411,#2412,#2413));
#984=EDGE_LOOP('',(#2414,#2415,#2416,#2417));
#985=EDGE_LOOP('',(#2418,#2419,#2420,#2421));
#986=EDGE_LOOP('',(#2422,#2423,#2424,#2425));
#987=EDGE_LOOP('',(#2426));
#988=EDGE_LOOP('',(#2427));
#989=EDGE_LOOP('',(#2428));
#990=EDGE_LOOP('',(#2429));
#991=EDGE_LOOP('',(#2430));
#992=EDGE_LOOP('',(#2431));
#993=EDGE_LOOP('',(#2432));
#994=EDGE_LOOP('',(#2433));
#995=EDGE_LOOP('',(#2434));
#996=EDGE_LOOP('',(#2435));
#997=EDGE_LOOP('',(#2436));
#998=EDGE_LOOP('',(#2437));
#999=EDGE_LOOP('',(#2438));
#1000=EDGE_LOOP('',(#2439));
#1001=EDGE_LOOP('',(#2440,#2441,#2442,#2443));
#1002=EDGE_LOOP('',(#2444,#2445,#2446,#2447));
#1003=EDGE_LOOP('',(#2448,#2449,#2450,#2451));
#1004=EDGE_LOOP('',(#2452,#2453,#2454,#2455));
#1005=EDGE_LOOP('',(#2456,#2457,#2458,#2459));
#1006=EDGE_LOOP('',(#2460,#2461,#2462,#2463));
#1007=EDGE_LOOP('',(#2464,#2465,#2466,#2467));
#1008=EDGE_LOOP('',(#2468,#2469,#2470,#2471));
#1009=EDGE_LOOP('',(#2472,#2473,#2474,#2475));
#1010=EDGE_LOOP('',(#2476,#2477,#2478,#2479));
#1011=EDGE_LOOP('',(#2480,#2481,#2482,#2483));
#1012=EDGE_LOOP('',(#2484,#2485,#2486,#2487));
#1013=EDGE_LOOP('',(#2488,#2489,#2490,#2491));
#1014=EDGE_LOOP('',(#2492));
#1015=EDGE_LOOP('',(#2493));
#1016=EDGE_LOOP('',(#2494));
#1017=EDGE_LOOP('',(#2495));
#1018=EDGE_LOOP('',(#2496));
#1019=EDGE_LOOP('',(#2497));
#1020=EDGE_LOOP('',(#2498));
#1021=EDGE_LOOP('',(#2499));
#1022=EDGE_LOOP('',(#2500));
#1023=EDGE_LOOP('',(#2501));
#1024=EDGE_LOOP('',(#2502));
#1025=EDGE_LOOP('',(#2503));
#1026=EDGE_LOOP('',(#2504));
#1027=EDGE_LOOP('',(#2505));
#1028=EDGE_LOOP('',(#2506));
#1029=EDGE_LOOP('',(#2507));
#1030=EDGE_LOOP('',(#2508));
#1031=EDGE_LOOP('',(#2509));
#1032=EDGE_LOOP('',(#2510));
#1033=EDGE_LOOP('',(#2511));
#1034=EDGE_LOOP('',(#2512));
#1035=EDGE_LOOP('',(#2513));
#1036=EDGE_LOOP('',(#2514));
#1037=EDGE_LOOP('',(#2515));
#1038=EDGE_LOOP('',(#2516));
#1039=EDGE_LOOP('',(#2517));
#1040=EDGE_LOOP('',(#2518));
#1041=EDGE_LOOP('',(#2519));
#1042=EDGE_LOOP('',(#2520,#2521,#2522,#2523));
#1043=EDGE_LOOP('',(#2524,#2525,#2526,#2527));
#1044=EDGE_LOOP('',(#2528,#2529,#2530,#2531));
#1045=EDGE_LOOP('',(#2532,#2533,#2534,#2535));
#1046=EDGE_LOOP('',(#2536,#2537,#2538,#2539));
#1047=EDGE_LOOP('',(#2540,#2541,#2542,#2543));
#1048=EDGE_LOOP('',(#2544,#2545,#2546,#2547));
#1049=EDGE_LOOP('',(#2548,#2549,#2550,#2551));
#1050=EDGE_LOOP('',(#2552,#2553,#2554,#2555));
#1051=EDGE_LOOP('',(#2556,#2557,#2558,#2559));
#1052=EDGE_LOOP('',(#2560,#2561,#2562,#2563));
#1053=EDGE_LOOP('',(#2564,#2565,#2566,#2567));
#1054=EDGE_LOOP('',(#2568,#2569,#2570,#2571));
#1055=EDGE_LOOP('',(#2572,#2573,#2574,#2575));
#1056=EDGE_LOOP('',(#2576,#2577,#2578,#2579));
#1057=EDGE_LOOP('',(#2580));
#1058=EDGE_LOOP('',(#2581));
#1059=EDGE_LOOP('',(#2582));
#1060=EDGE_LOOP('',(#2583));
#1061=EDGE_LOOP('',(#2584));
#1062=EDGE_LOOP('',(#2585));
#1063=EDGE_LOOP('',(#2586));
#1064=EDGE_LOOP('',(#2587));
#1065=EDGE_LOOP('',(#2588));
#1066=EDGE_LOOP('',(#2589));
#1067=EDGE_LOOP('',(#2590));
#1068=EDGE_LOOP('',(#2591));
#1069=EDGE_LOOP('',(#2592));
#1070=EDGE_LOOP('',(#2593));
#1071=EDGE_LOOP('',(#2594));
#1072=EDGE_LOOP('',(#2595));
#1073=EDGE_LOOP('',(#2596));
#1074=EDGE_LOOP('',(#2597));
#1075=EDGE_LOOP('',(#2598));
#1076=EDGE_LOOP('',(#2599));
#1077=EDGE_LOOP('',(#2600));
#1078=EDGE_LOOP('',(#2601));
#1079=EDGE_LOOP('',(#2602));
#1080=EDGE_LOOP('',(#2603));
#1081=EDGE_LOOP('',(#2604));
#1082=EDGE_LOOP('',(#2605));
#1083=EDGE_LOOP('',(#2606));
#1084=EDGE_LOOP('',(#2607));
#1085=EDGE_LOOP('',(#2608,#2609,#2610,#2611,#2612));
#1086=EDGE_LOOP('',(#2613,#2614,#2615,#2616,#2617));
#1087=EDGE_LOOP('',(#2618,#2619,#2620,#2621,#2622));
#1088=EDGE_LOOP('',(#2623,#2624,#2625,#2626,#2627));
#1089=EDGE_LOOP('',(#2628,#2629,#2630,#2631,#2632,#2633));
#1090=EDGE_LOOP('',(#2634,#2635,#2636,#2637,#2638));
#1091=EDGE_LOOP('',(#2639));
#1092=EDGE_LOOP('',(#2640));
#1093=EDGE_LOOP('',(#2641,#2642,#2643,#2644));
#1094=EDGE_LOOP('',(#2645));
#1095=EDGE_LOOP('',(#2646));
#1096=EDGE_LOOP('',(#2647,#2648,#2649,#2650,#2651));
#1097=EDGE_LOOP('',(#2652,#2653,#2654,#2655));
#1098=EDGE_LOOP('',(#2656,#2657,#2658,#2659));
#1099=EDGE_LOOP('',(#2660,#2661,#2662,#2663));
#1100=EDGE_LOOP('',(#2664,#2665,#2666,#2667));
#1101=EDGE_LOOP('',(#2668,#2669,#2670,#2671));
#1102=EDGE_LOOP('',(#2672,#2673,#2674,#2675));
#1103=EDGE_LOOP('',(#2676,#2677,#2678,#2679));
#1104=EDGE_LOOP('',(#2680,#2681,#2682,#2683));
#1105=EDGE_LOOP('',(#2684,#2685,#2686,#2687));
#1106=EDGE_LOOP('',(#2688,#2689,#2690,#2691));
#1107=EDGE_LOOP('',(#2692,#2693,#2694,#2695));
#1108=EDGE_LOOP('',(#2696,#2697,#2698,#2699));
#1109=EDGE_LOOP('',(#2700,#2701,#2702,#2703));
#1110=EDGE_LOOP('',(#2704,#2705,#2706,#2707));
#1111=EDGE_LOOP('',(#2708));
#1112=EDGE_LOOP('',(#2709));
#1113=EDGE_LOOP('',(#2710));
#1114=EDGE_LOOP('',(#2711));
#1115=EDGE_LOOP('',(#2712));
#1116=EDGE_LOOP('',(#2713));
#1117=EDGE_LOOP('',(#2714));
#1118=EDGE_LOOP('',(#2715));
#1119=EDGE_LOOP('',(#2716));
#1120=EDGE_LOOP('',(#2717));
#1121=EDGE_LOOP('',(#2718));
#1122=EDGE_LOOP('',(#2719));
#1123=EDGE_LOOP('',(#2720));
#1124=EDGE_LOOP('',(#2721));
#1125=EDGE_LOOP('',(#2722));
#1126=EDGE_LOOP('',(#2723));
#1127=EDGE_LOOP('',(#2724));
#1128=EDGE_LOOP('',(#2725));
#1129=EDGE_LOOP('',(#2726));
#1130=EDGE_LOOP('',(#2727));
#1131=EDGE_LOOP('',(#2728));
#1132=EDGE_LOOP('',(#2729));
#1133=EDGE_LOOP('',(#2730));
#1134=EDGE_LOOP('',(#2731));
#1135=EDGE_LOOP('',(#2732));
#1136=EDGE_LOOP('',(#2733));
#1137=EDGE_LOOP('',(#2734));
#1138=EDGE_LOOP('',(#2735));
#1139=EDGE_LOOP('',(#2736,#2737,#2738,#2739,#2740));
#1140=EDGE_LOOP('',(#2741,#2742,#2743,#2744,#2745));
#1141=EDGE_LOOP('',(#2746,#2747,#2748,#2749,#2750));
#1142=EDGE_LOOP('',(#2751,#2752,#2753,#2754,#2755));
#1143=EDGE_LOOP('',(#2756,#2757,#2758,#2759,#2760,#2761));
#1144=EDGE_LOOP('',(#2762,#2763,#2764,#2765,#2766));
#1145=EDGE_LOOP('',(#2767));
#1146=EDGE_LOOP('',(#2768));
#1147=EDGE_LOOP('',(#2769,#2770,#2771,#2772));
#1148=EDGE_LOOP('',(#2773));
#1149=EDGE_LOOP('',(#2774));
#1150=EDGE_LOOP('',(#2775,#2776,#2777,#2778,#2779));
#1151=CIRCLE('',#3141,50.);
#1152=CIRCLE('',#3143,50.);
#1153=CIRCLE('',#3145,300.);
#1154=CIRCLE('',#3147,50.);
#1155=CIRCLE('',#3149,50.);
#1156=CIRCLE('',#3154,449.999977919106);
#1157=CIRCLE('',#3155,449.999977919106);
#1158=CIRCLE('',#3157,451.999977919107);
#1159=CIRCLE('',#3158,451.999977919107);
#1160=CIRCLE('',#3163,446.999977919106);
#1161=CIRCLE('',#3164,446.999977919106);
#1162=CIRCLE('',#3165,446.999977919106);
#1163=CIRCLE('',#3167,449.999977919106);
#1164=CIRCLE('',#3168,449.999977919106);
#1165=CIRCLE('',#3169,449.999977919106);
#1166=CIRCLE('',#3172,446.999977919106);
#1167=CIRCLE('',#3173,446.999977919106);
#1168=CIRCLE('',#3174,446.999977919106);
#1169=CIRCLE('',#3176,449.999977919106);
#1170=CIRCLE('',#3177,449.999977919106);
#1171=CIRCLE('',#3178,449.999977919106);
#1172=CIRCLE('',#3181,903.000022080894);
#1173=CIRCLE('',#3183,900.000022080894);
#1174=CIRCLE('',#3186,450.);
#1175=CIRCLE('',#3187,450.);
#1176=CIRCLE('',#3189,452.);
#1177=CIRCLE('',#3190,452.);
#1178=CIRCLE('',#3191,452.);
#1179=CIRCLE('',#3192,452.);
#1180=CIRCLE('',#3216,450.000829476809);
#1181=CIRCLE('',#3218,453.000829476809);
#1182=CIRCLE('',#3219,453.000829476809);
#1183=CIRCLE('',#3220,453.000829476809);
#1184=CIRCLE('',#3225,446.999977919106);
#1185=CIRCLE('',#3226,446.999977919106);
#1186=CIRCLE('',#3228,447.);
#1187=CIRCLE('',#3230,447.);
#1188=CIRCLE('',#3231,6.);
#1189=CIRCLE('',#3232,450.230769230769);
#1190=CIRCLE('',#3233,447.);
#1191=CIRCLE('',#3236,450.230769230769);
#1192=CIRCLE('',#3237,6.);
#1193=CIRCLE('',#3238,447.);
#1194=CIRCLE('',#3239,447.);
#1195=CIRCLE('',#3241,447.);
#1196=CIRCLE('',#3243,445.);
#1197=CIRCLE('',#3244,445.);
#1198=CIRCLE('',#3245,5.);
#1199=CIRCLE('',#3246,445.);
#1200=CIRCLE('',#3247,445.);
#1201=CIRCLE('',#3249,445.);
#1202=CIRCLE('',#3252,7.00000000000003);
#1203=CIRCLE('',#3254,445.);
#1204=CIRCLE('',#3258,450.);
#1205=CIRCLE('',#3259,450.);
#1206=CIRCLE('',#3260,450.);
#1207=CIRCLE('',#3262,452.);
#1208=CIRCLE('',#3263,452.);
#1209=CIRCLE('',#3264,452.);
#1210=CIRCLE('',#3267,450.);
#1211=CIRCLE('',#3268,450.);
#1212=CIRCLE('',#3269,450.);
#1213=CIRCLE('',#3271,452.);
#1214=CIRCLE('',#3272,452.);
#1215=CIRCLE('',#3273,452.);
#1216=CIRCLE('',#3276,420.000000000001);
#1217=CIRCLE('',#3278,418.000000000001);
#1218=CIRCLE('',#3282,442.);
#1219=CIRCLE('',#3283,442.);
#1220=CIRCLE('',#3285,7.);
#1221=CIRCLE('',#3286,7.);
#1222=CIRCLE('',#3287,7.);
#1223=CIRCLE('',#3288,7.);
#1224=CIRCLE('',#3289,7.);
#1225=CIRCLE('',#3290,7.);
#1226=CIRCLE('',#3291,7.);
#1227=CIRCLE('',#3292,7.);
#1228=CIRCLE('',#3293,7.);
#1229=CIRCLE('',#3294,7.);
#1230=CIRCLE('',#3295,7.);
#1231=CIRCLE('',#3296,7.);
#1232=CIRCLE('',#3297,407.);
#1233=CIRCLE('',#3299,7.);
#1234=CIRCLE('',#3301,7.);
#1235=CIRCLE('',#3303,7.);
#1236=CIRCLE('',#3305,7.);
#1237=CIRCLE('',#3307,7.);
#1238=CIRCLE('',#3309,7.);
#1239=CIRCLE('',#3311,7.);
#1240=CIRCLE('',#3313,7.);
#1241=CIRCLE('',#3315,7.);
#1242=CIRCLE('',#3317,7.);
#1243=CIRCLE('',#3319,7.);
#1244=CIRCLE('',#3321,7.);
#1245=CIRCLE('',#3323,442.);
#1246=CIRCLE('',#3324,442.);
#1247=CIRCLE('',#3326,7.);
#1248=CIRCLE('',#3327,7.);
#1249=CIRCLE('',#3328,7.);
#1250=CIRCLE('',#3329,7.);
#1251=CIRCLE('',#3330,7.);
#1252=CIRCLE('',#3331,7.);
#1253=CIRCLE('',#3332,7.);
#1254=CIRCLE('',#3333,7.);
#1255=CIRCLE('',#3334,7.);
#1256=CIRCLE('',#3335,7.);
#1257=CIRCLE('',#3336,7.);
#1258=CIRCLE('',#3337,7.);
#1259=CIRCLE('',#3338,407.);
#1260=CIRCLE('',#3340,7.);
#1261=CIRCLE('',#3342,7.);
#1262=CIRCLE('',#3344,7.);
#1263=CIRCLE('',#3346,7.);
#1264=CIRCLE('',#3348,7.);
#1265=CIRCLE('',#3350,7.);
#1266=CIRCLE('',#3352,7.);
#1267=CIRCLE('',#3354,7.);
#1268=CIRCLE('',#3356,7.);
#1269=CIRCLE('',#3358,7.);
#1270=CIRCLE('',#3360,7.);
#1271=CIRCLE('',#3362,7.);
#1272=CIRCLE('',#3365,405.);
#1273=CIRCLE('',#3367,405.);
#1274=CIRCLE('',#3372,6.99999999999999);
#1275=CIRCLE('',#3373,6.99999999999999);
#1276=CIRCLE('',#3375,7.00000000000003);
#1277=CIRCLE('',#3376,7.00000000000003);
#1278=CIRCLE('',#3378,7.00000000000003);
#1279=CIRCLE('',#3379,7.00000000000003);
#1280=CIRCLE('',#3381,6.99999999999999);
#1281=CIRCLE('',#3382,6.99999999999999);
#1282=CIRCLE('',#3384,7.);
#1283=CIRCLE('',#3385,7.);
#1284=CIRCLE('',#3387,7.00000000000003);
#1285=CIRCLE('',#3388,7.00000000000003);
#1286=CIRCLE('',#3390,6.99999999999999);
#1287=CIRCLE('',#3391,6.99999999999999);
#1288=CIRCLE('',#3393,7.00000000000003);
#1289=CIRCLE('',#3394,7.00000000000003);
#1290=CIRCLE('',#3396,7.00000000000003);
#1291=CIRCLE('',#3397,7.00000000000003);
#1292=CIRCLE('',#3399,407.);
#1293=CIRCLE('',#3400,407.);
#1294=CIRCLE('',#3402,6.99999999999999);
#1295=CIRCLE('',#3403,6.99999999999999);
#1296=CIRCLE('',#3405,7.);
#1297=CIRCLE('',#3406,7.);
#1298=CIRCLE('',#3408,7.00000000000003);
#1299=CIRCLE('',#3409,7.00000000000003);
#1300=CIRCLE('',#3411,450.);
#1301=CIRCLE('',#3412,450.);
#1302=CIRCLE('',#3417,447.);
#1303=CIRCLE('',#3418,6.);
#1304=CIRCLE('',#3419,450.230769230769);
#1305=CIRCLE('',#3420,447.);
#1306=CIRCLE('',#3422,447.);
#1307=CIRCLE('',#3424,450.230769230769);
#1308=CIRCLE('',#3425,6.);
#1309=CIRCLE('',#3426,447.);
#1310=CIRCLE('',#3427,447.);
#1311=CIRCLE('',#3429,447.);
#1312=CIRCLE('',#3431,445.);
#1313=CIRCLE('',#3432,445.);
#1314=CIRCLE('',#3433,5.);
#1315=CIRCLE('',#3434,445.);
#1316=CIRCLE('',#3435,445.);
#1317=CIRCLE('',#3437,445.);
#1318=CIRCLE('',#3440,7.00000000000003);
#1319=CIRCLE('',#3442,445.);
#1320=CIRCLE('',#3446,6.99999999999999);
#1321=CIRCLE('',#3447,6.99999999999999);
#1322=CIRCLE('',#3449,7.00000000000003);
#1323=CIRCLE('',#3450,7.00000000000003);
#1324=CIRCLE('',#3452,7.00000000000003);
#1325=CIRCLE('',#3453,7.00000000000003);
#1326=CIRCLE('',#3455,6.99999999999999);
#1327=CIRCLE('',#3456,6.99999999999999);
#1328=CIRCLE('',#3458,7.);
#1329=CIRCLE('',#3459,7.);
#1330=CIRCLE('',#3461,7.00000000000003);
#1331=CIRCLE('',#3462,7.00000000000003);
#1332=CIRCLE('',#3464,6.99999999999999);
#1333=CIRCLE('',#3465,6.99999999999999);
#1334=CIRCLE('',#3467,7.00000000000003);
#1335=CIRCLE('',#3468,7.00000000000003);
#1336=CIRCLE('',#3470,7.00000000000003);
#1337=CIRCLE('',#3471,7.00000000000003);
#1338=CIRCLE('',#3473,407.);
#1339=CIRCLE('',#3474,407.);
#1340=CIRCLE('',#3476,6.99999999999999);
#1341=CIRCLE('',#3477,6.99999999999999);
#1342=CIRCLE('',#3479,7.);
#1343=CIRCLE('',#3480,7.);
#1344=CIRCLE('',#3482,7.00000000000003);
#1345=CIRCLE('',#3483,7.00000000000003);
#1346=CIRCLE('',#3485,450.);
#1347=CIRCLE('',#3486,450.);
#1348=CIRCLE('',#3491,447.);
#1349=CIRCLE('',#3492,447.);
#1350=CIRCLE('',#3493,6.);
#1351=CIRCLE('',#3494,450.230769230769);
#1352=CIRCLE('',#3496,447.);
#1353=CIRCLE('',#3498,450.230769230769);
#1354=CIRCLE('',#3499,6.);
#1355=CIRCLE('',#3500,447.);
#1356=CIRCLE('',#3501,447.);
#1357=CIRCLE('',#3503,447.);
#1358=CIRCLE('',#3505,445.);
#1359=CIRCLE('',#3506,5.);
#1360=CIRCLE('',#3507,445.);
#1361=CIRCLE('',#3508,445.);
#1362=CIRCLE('',#3509,445.);
#1363=CIRCLE('',#3511,445.);
#1364=CIRCLE('',#3514,7.00000000000003);
#1365=CIRCLE('',#3516,445.);
#1366=VERTEX_POINT('',#4484);
#1367=VERTEX_POINT('',#4487);
#1368=VERTEX_POINT('',#4491);
#1369=VERTEX_POINT('',#4495);
#1370=VERTEX_POINT('',#4498);
#1371=VERTEX_POINT('',#4505);
#1372=VERTEX_POINT('',#4507);
#1373=VERTEX_POINT('',#4511);
#1374=VERTEX_POINT('',#4513);
#1375=VERTEX_POINT('',#4520);
#1376=VERTEX_POINT('',#4521);
#1377=VERTEX_POINT('',#4523);
#1378=VERTEX_POINT('',#4528);
#1379=VERTEX_POINT('',#4530);
#1380=VERTEX_POINT('',#4532);
#1381=VERTEX_POINT('',#4537);
#1382=VERTEX_POINT('',#4538);
#1383=VERTEX_POINT('',#4541);
#1384=VERTEX_POINT('',#4545);
#1385=VERTEX_POINT('',#4547);
#1386=VERTEX_POINT('',#4549);
#1387=VERTEX_POINT('',#4559);
#1388=VERTEX_POINT('',#4561);
#1389=VERTEX_POINT('',#4565);
#1390=VERTEX_POINT('',#4567);
#1391=VERTEX_POINT('',#4569);
#1392=VERTEX_POINT('',#4571);
#1393=VERTEX_POINT('',#4602);
#1394=VERTEX_POINT('',#4604);
#1395=VERTEX_POINT('',#4685);
#1396=VERTEX_POINT('',#4686);
#1397=VERTEX_POINT('',#4699);
#1398=VERTEX_POINT('',#4701);
#1399=VERTEX_POINT('',#4752);
#1400=VERTEX_POINT('',#4765);
#1401=VERTEX_POINT('',#4816);
#1402=VERTEX_POINT('',#4829);
#1403=VERTEX_POINT('',#4934);
#1404=VERTEX_POINT('',#4935);
#1405=VERTEX_POINT('',#4979);
#1406=VERTEX_POINT('',#5022);
#1407=VERTEX_POINT('',#5067);
#1408=VERTEX_POINT('',#5068);
#1409=VERTEX_POINT('',#5073);
#1410=VERTEX_POINT('',#5077);
#1411=VERTEX_POINT('',#5083);
#1412=VERTEX_POINT('',#5084);
#1413=VERTEX_POINT('',#5086);
#1414=VERTEX_POINT('',#5088);
#1415=VERTEX_POINT('',#5092);
#1416=VERTEX_POINT('',#5094);
#1417=VERTEX_POINT('',#5098);
#1418=VERTEX_POINT('',#5100);
#1419=VERTEX_POINT('',#5110);
#1420=VERTEX_POINT('',#5111);
#1421=VERTEX_POINT('',#5113);
#1422=VERTEX_POINT('',#5115);
#1423=VERTEX_POINT('',#5119);
#1424=VERTEX_POINT('',#5121);
#1425=VERTEX_POINT('',#5125);
#1426=VERTEX_POINT('',#5127);
#1427=VERTEX_POINT('',#5134);
#1428=VERTEX_POINT('',#5135);
#1429=VERTEX_POINT('',#5137);
#1430=VERTEX_POINT('',#5139);
#1431=VERTEX_POINT('',#5143);
#1432=VERTEX_POINT('',#5145);
#1433=VERTEX_POINT('',#5149);
#1434=VERTEX_POINT('',#5151);
#1435=VERTEX_POINT('',#5159);
#1436=VERTEX_POINT('',#5160);
#1437=VERTEX_POINT('',#5179);
#1438=VERTEX_POINT('',#5182);
#1439=VERTEX_POINT('',#5217);
#1440=VERTEX_POINT('',#5234);
#1441=VERTEX_POINT('',#5300);
#1442=VERTEX_POINT('',#5302);
#1443=VERTEX_POINT('',#5304);
#1444=VERTEX_POINT('',#5325);
#1445=VERTEX_POINT('',#5327);
#1446=VERTEX_POINT('',#5376);
#1447=VERTEX_POINT('',#5602);
#1448=VERTEX_POINT('',#5603);
#1449=VERTEX_POINT('',#5605);
#1450=VERTEX_POINT('',#5607);
#1451=VERTEX_POINT('',#5800);
#1452=VERTEX_POINT('',#5802);
#1453=VERTEX_POINT('',#5806);
#1454=VERTEX_POINT('',#5809);
#1455=VERTEX_POINT('',#5810);
#1456=VERTEX_POINT('',#5812);
#1457=VERTEX_POINT('',#5819);
#1458=VERTEX_POINT('',#5821);
#1459=VERTEX_POINT('',#5823);
#1460=VERTEX_POINT('',#5827);
#1461=VERTEX_POINT('',#5831);
#1462=VERTEX_POINT('',#5832);
#1463=VERTEX_POINT('',#5835);
#1464=VERTEX_POINT('',#5837);
#1465=VERTEX_POINT('',#5841);
#1466=VERTEX_POINT('',#5848);
#1467=VERTEX_POINT('',#5854);
#1468=VERTEX_POINT('',#5855);
#1469=VERTEX_POINT('',#5858);
#1470=VERTEX_POINT('',#5862);
#1471=VERTEX_POINT('',#5864);
#1472=VERTEX_POINT('',#5866);
#1473=VERTEX_POINT('',#5871);
#1474=VERTEX_POINT('',#5872);
#1475=VERTEX_POINT('',#5874);
#1476=VERTEX_POINT('',#5879);
#1477=VERTEX_POINT('',#5881);
#1478=VERTEX_POINT('',#5883);
#1479=VERTEX_POINT('',#5894);
#1480=VERTEX_POINT('',#5896);
#1481=VERTEX_POINT('',#5900);
#1482=VERTEX_POINT('',#5902);
#1483=VERTEX_POINT('',#5904);
#1484=VERTEX_POINT('',#5906);
#1485=VERTEX_POINT('',#5908);
#1486=VERTEX_POINT('',#5910);
#1487=VERTEX_POINT('',#5912);
#1488=VERTEX_POINT('',#5914);
#1489=VERTEX_POINT('',#5916);
#1490=VERTEX_POINT('',#5918);
#1491=VERTEX_POINT('',#5920);
#1492=VERTEX_POINT('',#5922);
#1493=VERTEX_POINT('',#5924);
#1494=VERTEX_POINT('',#5927);
#1495=VERTEX_POINT('',#5931);
#1496=VERTEX_POINT('',#5935);
#1497=VERTEX_POINT('',#5939);
#1498=VERTEX_POINT('',#5943);
#1499=VERTEX_POINT('',#5947);
#1500=VERTEX_POINT('',#5951);
#1501=VERTEX_POINT('',#5955);
#1502=VERTEX_POINT('',#5959);
#1503=VERTEX_POINT('',#5963);
#1504=VERTEX_POINT('',#5967);
#1505=VERTEX_POINT('',#5971);
#1506=VERTEX_POINT('',#5975);
#1507=VERTEX_POINT('',#5977);
#1508=VERTEX_POINT('',#5981);
#1509=VERTEX_POINT('',#5983);
#1510=VERTEX_POINT('',#5985);
#1511=VERTEX_POINT('',#5987);
#1512=VERTEX_POINT('',#5989);
#1513=VERTEX_POINT('',#5991);
#1514=VERTEX_POINT('',#5993);
#1515=VERTEX_POINT('',#5995);
#1516=VERTEX_POINT('',#5997);
#1517=VERTEX_POINT('',#5999);
#1518=VERTEX_POINT('',#6001);
#1519=VERTEX_POINT('',#6003);
#1520=VERTEX_POINT('',#6005);
#1521=VERTEX_POINT('',#6008);
#1522=VERTEX_POINT('',#6012);
#1523=VERTEX_POINT('',#6016);
#1524=VERTEX_POINT('',#6020);
#1525=VERTEX_POINT('',#6024);
#1526=VERTEX_POINT('',#6028);
#1527=VERTEX_POINT('',#6032);
#1528=VERTEX_POINT('',#6036);
#1529=VERTEX_POINT('',#6040);
#1530=VERTEX_POINT('',#6044);
#1531=VERTEX_POINT('',#6048);
#1532=VERTEX_POINT('',#6052);
#1533=VERTEX_POINT('',#6058);
#1534=VERTEX_POINT('',#6061);
#1535=VERTEX_POINT('',#6068);
#1536=VERTEX_POINT('',#6070);
#1537=VERTEX_POINT('',#6074);
#1538=VERTEX_POINT('',#6076);
#1539=VERTEX_POINT('',#6080);
#1540=VERTEX_POINT('',#6082);
#1541=VERTEX_POINT('',#6086);
#1542=VERTEX_POINT('',#6088);
#1543=VERTEX_POINT('',#6092);
#1544=VERTEX_POINT('',#6094);
#1545=VERTEX_POINT('',#6098);
#1546=VERTEX_POINT('',#6100);
#1547=VERTEX_POINT('',#6104);
#1548=VERTEX_POINT('',#6106);
#1549=VERTEX_POINT('',#6110);
#1550=VERTEX_POINT('',#6112);
#1551=VERTEX_POINT('',#6116);
#1552=VERTEX_POINT('',#6118);
#1553=VERTEX_POINT('',#6122);
#1554=VERTEX_POINT('',#6124);
#1555=VERTEX_POINT('',#6128);
#1556=VERTEX_POINT('',#6130);
#1557=VERTEX_POINT('',#6134);
#1558=VERTEX_POINT('',#6136);
#1559=VERTEX_POINT('',#6140);
#1560=VERTEX_POINT('',#6142);
#1561=VERTEX_POINT('',#6146);
#1562=VERTEX_POINT('',#6148);
#1563=VERTEX_POINT('',#6155);
#1564=VERTEX_POINT('',#6156);
#1565=VERTEX_POINT('',#6158);
#1566=VERTEX_POINT('',#6163);
#1567=VERTEX_POINT('',#6167);
#1568=VERTEX_POINT('',#6169);
#1569=VERTEX_POINT('',#6171);
#1570=VERTEX_POINT('',#6175);
#1571=VERTEX_POINT('',#6179);
#1572=VERTEX_POINT('',#6180);
#1573=VERTEX_POINT('',#6183);
#1574=VERTEX_POINT('',#6185);
#1575=VERTEX_POINT('',#6189);
#1576=VERTEX_POINT('',#6196);
#1577=VERTEX_POINT('',#6202);
#1578=VERTEX_POINT('',#6204);
#1579=VERTEX_POINT('',#6208);
#1580=VERTEX_POINT('',#6210);
#1581=VERTEX_POINT('',#6214);
#1582=VERTEX_POINT('',#6216);
#1583=VERTEX_POINT('',#6220);
#1584=VERTEX_POINT('',#6222);
#1585=VERTEX_POINT('',#6226);
#1586=VERTEX_POINT('',#6228);
#1587=VERTEX_POINT('',#6232);
#1588=VERTEX_POINT('',#6234);
#1589=VERTEX_POINT('',#6238);
#1590=VERTEX_POINT('',#6240);
#1591=VERTEX_POINT('',#6244);
#1592=VERTEX_POINT('',#6246);
#1593=VERTEX_POINT('',#6250);
#1594=VERTEX_POINT('',#6252);
#1595=VERTEX_POINT('',#6256);
#1596=VERTEX_POINT('',#6258);
#1597=VERTEX_POINT('',#6262);
#1598=VERTEX_POINT('',#6264);
#1599=VERTEX_POINT('',#6268);
#1600=VERTEX_POINT('',#6270);
#1601=VERTEX_POINT('',#6274);
#1602=VERTEX_POINT('',#6276);
#1603=VERTEX_POINT('',#6280);
#1604=VERTEX_POINT('',#6282);
#1605=VERTEX_POINT('',#6289);
#1606=VERTEX_POINT('',#6290);
#1607=VERTEX_POINT('',#6293);
#1608=VERTEX_POINT('',#6297);
#1609=VERTEX_POINT('',#6301);
#1610=VERTEX_POINT('',#6303);
#1611=VERTEX_POINT('',#6305);
#1612=VERTEX_POINT('',#6309);
#1613=VERTEX_POINT('',#6313);
#1614=VERTEX_POINT('',#6314);
#1615=VERTEX_POINT('',#6316);
#1616=VERTEX_POINT('',#6318);
#1617=VERTEX_POINT('',#6323);
#1618=VERTEX_POINT('',#6330);
#1619=EDGE_CURVE('',#1366,#1366,#1151,.T.);
#1620=EDGE_CURVE('',#1367,#1367,#1152,.T.);
#1621=EDGE_CURVE('',#1367,#1366,#295,.T.);
#1622=EDGE_CURVE('',#1368,#1368,#1153,.T.);
#1623=EDGE_CURVE('',#1368,#1367,#296,.T.);
#1624=EDGE_CURVE('',#1369,#1369,#1154,.T.);
#1625=EDGE_CURVE('',#1370,#1370,#1155,.T.);
#1626=EDGE_CURVE('',#1370,#1369,#297,.T.);
#1627=EDGE_CURVE('',#1371,#1371,#1156,.T.);
#1628=EDGE_CURVE('',#1371,#1372,#298,.T.);
#1629=EDGE_CURVE('',#1372,#1372,#1157,.T.);
#1630=EDGE_CURVE('',#1373,#1373,#1158,.T.);
#1631=EDGE_CURVE('',#1373,#1374,#299,.T.);
#1632=EDGE_CURVE('',#1374,#1374,#1159,.T.);
#1633=EDGE_CURVE('',#1375,#1376,#1160,.T.);
#1634=EDGE_CURVE('',#1376,#1377,#300,.T.);
#1635=EDGE_CURVE('',#1377,#1377,#1161,.T.);
#1636=EDGE_CURVE('',#1376,#1375,#1162,.T.);
#1637=EDGE_CURVE('',#1378,#1378,#1163,.T.);
#1638=EDGE_CURVE('',#1378,#1379,#301,.T.);
#1639=EDGE_CURVE('',#1379,#1380,#1164,.T.);
#1640=EDGE_CURVE('',#1380,#1379,#1165,.T.);
#1641=EDGE_CURVE('',#1381,#1382,#1166,.T.);
#1642=EDGE_CURVE('',#1382,#1381,#1167,.T.);
#1643=EDGE_CURVE('',#1382,#1383,#302,.T.);
#1644=EDGE_CURVE('',#1383,#1383,#1168,.T.);
#1645=EDGE_CURVE('',#1384,#1384,#1169,.T.);
#1646=EDGE_CURVE('',#1384,#1385,#303,.T.);
#1647=EDGE_CURVE('',#1386,#1385,#1170,.T.);
#1648=EDGE_CURVE('',#1385,#1386,#1171,.T.);
#1649=EDGE_CURVE('',#1381,#1375,#1172,.T.);
#1650=EDGE_CURVE('',#1380,#1386,#1173,.T.);
#1651=EDGE_CURVE('',#1387,#1387,#1174,.T.);
#1652=EDGE_CURVE('',#1387,#1388,#304,.T.);
#1653=EDGE_CURVE('',#1388,#1388,#1175,.T.);
#1654=EDGE_CURVE('',#1389,#1389,#1176,.T.);
#1655=EDGE_CURVE('',#1389,#1390,#305,.T.);
#1656=EDGE_CURVE('',#1391,#1390,#1177,.T.);
#1657=EDGE_CURVE('',#1392,#1391,#27,.T.);
#1658=EDGE_CURVE('',#1393,#1392,#1178,.T.);
#1659=EDGE_CURVE('',#1394,#1393,#28,.T.);
#1660=EDGE_CURVE('',#1390,#1394,#1179,.T.);
#1661=EDGE_CURVE('',#1395,#1396,#29,.T.);
#1662=EDGE_CURVE('',#1395,#1397,#306,.T.);
#1663=EDGE_CURVE('',#1397,#1398,#307,.T.);
#1664=EDGE_CURVE('',#1396,#1398,#308,.T.);
#1665=EDGE_CURVE('',#1396,#1399,#30,.T.);
#1666=EDGE_CURVE('',#1398,#1400,#309,.T.);
#1667=EDGE_CURVE('',#1399,#1400,#310,.T.);
#1668=EDGE_CURVE('',#1399,#1401,#31,.T.);
#1669=EDGE_CURVE('',#1400,#1402,#311,.T.);
#1670=EDGE_CURVE('',#1401,#1402,#312,.T.);
#1671=EDGE_CURVE('',#1401,#1395,#32,.T.);
#1672=EDGE_CURVE('',#1402,#1397,#313,.T.);
#1673=EDGE_CURVE('',#1403,#1404,#314,.T.);
#1674=EDGE_CURVE('',#1403,#1391,#315,.T.);
#1675=EDGE_CURVE('',#1404,#1394,#316,.T.);
#1676=EDGE_CURVE('',#1404,#1405,#317,.T.);
#1677=EDGE_CURVE('',#1405,#1393,#318,.T.);
#1678=EDGE_CURVE('',#1405,#1406,#319,.T.);
#1679=EDGE_CURVE('',#1406,#1392,#320,.T.);
#1680=EDGE_CURVE('',#1406,#1403,#321,.T.);
#1681=EDGE_CURVE('',#1407,#1408,#322,.T.);
#1682=EDGE_CURVE('',#1407,#1400,#323,.T.);
#1683=EDGE_CURVE('',#1408,#1398,#324,.T.);
#1684=EDGE_CURVE('',#1408,#1409,#325,.T.);
#1685=EDGE_CURVE('',#1409,#1397,#326,.T.);
#1686=EDGE_CURVE('',#1409,#1410,#327,.T.);
#1687=EDGE_CURVE('',#1410,#1402,#328,.T.);
#1688=EDGE_CURVE('',#1410,#1407,#329,.T.);
#1689=EDGE_CURVE('',#1411,#1412,#330,.T.);
#1690=EDGE_CURVE('',#1411,#1413,#331,.T.);
#1691=EDGE_CURVE('',#1414,#1413,#332,.T.);
#1692=EDGE_CURVE('',#1412,#1414,#333,.T.);
#1693=EDGE_CURVE('',#1412,#1415,#334,.T.);
#1694=EDGE_CURVE('',#1416,#1414,#335,.T.);
#1695=EDGE_CURVE('',#1415,#1416,#336,.T.);
#1696=EDGE_CURVE('',#1415,#1417,#337,.T.);
#1697=EDGE_CURVE('',#1418,#1416,#338,.T.);
#1698=EDGE_CURVE('',#1417,#1418,#339,.T.);
#1699=EDGE_CURVE('',#1417,#1411,#340,.T.);
#1700=EDGE_CURVE('',#1413,#1418,#341,.T.);
#1701=EDGE_CURVE('',#1419,#1420,#342,.T.);
#1702=EDGE_CURVE('',#1420,#1421,#343,.T.);
#1703=EDGE_CURVE('',#1422,#1421,#344,.T.);
#1704=EDGE_CURVE('',#1419,#1422,#345,.T.);
#1705=EDGE_CURVE('',#1423,#1419,#346,.T.);
#1706=EDGE_CURVE('',#1424,#1422,#347,.T.);
#1707=EDGE_CURVE('',#1423,#1424,#348,.T.);
#1708=EDGE_CURVE('',#1425,#1423,#349,.T.);
#1709=EDGE_CURVE('',#1426,#1424,#350,.T.);
#1710=EDGE_CURVE('',#1425,#1426,#351,.T.);
#1711=EDGE_CURVE('',#1420,#1425,#352,.T.);
#1712=EDGE_CURVE('',#1421,#1426,#353,.T.);
#1713=EDGE_CURVE('',#1427,#1428,#354,.T.);
#1714=EDGE_CURVE('',#1427,#1429,#355,.T.);
#1715=EDGE_CURVE('',#1430,#1429,#356,.T.);
#1716=EDGE_CURVE('',#1428,#1430,#357,.T.);
#1717=EDGE_CURVE('',#1428,#1431,#358,.T.);
#1718=EDGE_CURVE('',#1432,#1430,#359,.T.);
#1719=EDGE_CURVE('',#1431,#1432,#360,.T.);
#1720=EDGE_CURVE('',#1431,#1433,#361,.T.);
#1721=EDGE_CURVE('',#1434,#1432,#362,.T.);
#1722=EDGE_CURVE('',#1433,#1434,#363,.T.);
#1723=EDGE_CURVE('',#1433,#1427,#364,.T.);
#1724=EDGE_CURVE('',#1429,#1434,#365,.T.);
#1725=EDGE_CURVE('',#1435,#1436,#33,.F.);
#1726=EDGE_CURVE('',#1436,#1437,#366,.T.);
#1727=EDGE_CURVE('',#1437,#1437,#1180,.T.);
#1728=EDGE_CURVE('',#1436,#1438,#34,.F.);
#1729=EDGE_CURVE('',#1438,#1439,#35,.T.);
#1730=EDGE_CURVE('',#1439,#1440,#36,.T.);
#1731=EDGE_CURVE('',#1440,#1435,#37,.T.);
#1732=EDGE_CURVE('',#1441,#1441,#1181,.T.);
#1733=EDGE_CURVE('',#1441,#1442,#367,.T.);
#1734=EDGE_CURVE('',#1442,#1443,#38,.F.);
#1735=EDGE_CURVE('',#1443,#1444,#1182,.T.);
#1736=EDGE_CURVE('',#1444,#1445,#39,.T.);
#1737=EDGE_CURVE('',#1445,#1446,#1183,.T.);
#1738=EDGE_CURVE('',#1446,#1442,#40,.F.);
#1739=EDGE_CURVE('',#1435,#1425,#368,.T.);
#1740=EDGE_CURVE('',#1438,#1420,#369,.T.);
#1741=EDGE_CURVE('',#1440,#1423,#370,.T.);
#1742=EDGE_CURVE('',#1439,#1419,#371,.T.);
#1743=EDGE_CURVE('',#1447,#1448,#372,.T.);
#1744=EDGE_CURVE('',#1449,#1447,#373,.T.);
#1745=EDGE_CURVE('',#1450,#1449,#374,.T.);
#1746=EDGE_CURVE('',#1448,#1450,#375,.T.);
#1747=EDGE_CURVE('',#1446,#1447,#376,.T.);
#1748=EDGE_CURVE('',#1443,#1448,#377,.T.);
#1749=EDGE_CURVE('',#1444,#1450,#378,.T.);
#1750=EDGE_CURVE('',#1445,#1449,#379,.T.);
#1751=EDGE_CURVE('',#1451,#1451,#1184,.T.);
#1752=EDGE_CURVE('',#1451,#1452,#380,.T.);
#1753=EDGE_CURVE('',#1452,#1452,#1185,.T.);
#1754=EDGE_CURVE('',#1453,#1453,#1186,.T.);
#1755=EDGE_CURVE('',#1454,#1455,#1187,.T.);
#1756=EDGE_CURVE('',#1455,#1456,#1188,.T.);
#1757=EDGE_CURVE('',#1456,#1456,#1189,.T.);
#1758=EDGE_CURVE('',#1455,#1454,#1190,.T.);
#1759=EDGE_CURVE('',#1453,#1454,#381,.T.);
#1760=EDGE_CURVE('',#1457,#1457,#1191,.T.);
#1761=EDGE_CURVE('',#1457,#1458,#1192,.T.);
#1762=EDGE_CURVE('',#1458,#1459,#1193,.T.);
#1763=EDGE_CURVE('',#1459,#1458,#1194,.T.);
#1764=EDGE_CURVE('',#1459,#1460,#382,.T.);
#1765=EDGE_CURVE('',#1460,#1460,#1195,.T.);
#1766=EDGE_CURVE('',#1461,#1462,#1196,.T.);
#1767=EDGE_CURVE('',#1462,#1461,#1197,.T.);
#1768=EDGE_CURVE('',#1462,#1463,#1198,.T.);
#1769=EDGE_CURVE('',#1463,#1464,#1199,.T.);
#1770=EDGE_CURVE('',#1464,#1463,#1200,.T.);
#1771=EDGE_CURVE('',#1465,#1465,#1201,.T.);
#1772=EDGE_CURVE('',#1465,#1461,#383,.T.);
#1773=EDGE_CURVE('',#1456,#1457,#1202,.T.);
#1774=EDGE_CURVE('',#1466,#1466,#1203,.T.);
#1775=EDGE_CURVE('',#1464,#1466,#384,.T.);
#1776=EDGE_CURVE('',#1467,#1468,#1204,.T.);
#1777=EDGE_CURVE('',#1468,#1467,#1205,.T.);
#1778=EDGE_CURVE('',#1468,#1469,#385,.T.);
#1779=EDGE_CURVE('',#1469,#1469,#1206,.T.);
#1780=EDGE_CURVE('',#1470,#1470,#1207,.T.);
#1781=EDGE_CURVE('',#1470,#1471,#386,.T.);
#1782=EDGE_CURVE('',#1472,#1471,#1208,.T.);
#1783=EDGE_CURVE('',#1471,#1472,#1209,.T.);
#1784=EDGE_CURVE('',#1473,#1474,#1210,.T.);
#1785=EDGE_CURVE('',#1474,#1475,#387,.T.);
#1786=EDGE_CURVE('',#1475,#1475,#1211,.T.);
#1787=EDGE_CURVE('',#1474,#1473,#1212,.T.);
#1788=EDGE_CURVE('',#1476,#1476,#1213,.T.);
#1789=EDGE_CURVE('',#1476,#1477,#388,.T.);
#1790=EDGE_CURVE('',#1477,#1478,#1214,.T.);
#1791=EDGE_CURVE('',#1478,#1477,#1215,.T.);
#1792=EDGE_CURVE('',#1467,#1473,#1216,.T.);
#1793=EDGE_CURVE('',#1478,#1472,#1217,.T.);
#1794=EDGE_CURVE('',#1479,#1479,#1218,.T.);
#1795=EDGE_CURVE('',#1479,#1480,#389,.T.);
#1796=EDGE_CURVE('',#1480,#1480,#1219,.T.);
#1797=EDGE_CURVE('',#1481,#1481,#1220,.T.);
#1798=EDGE_CURVE('',#1482,#1482,#1221,.T.);
#1799=EDGE_CURVE('',#1483,#1483,#1222,.T.);
#1800=EDGE_CURVE('',#1484,#1484,#1223,.T.);
#1801=EDGE_CURVE('',#1485,#1485,#1224,.T.);
#1802=EDGE_CURVE('',#1486,#1486,#1225,.T.);
#1803=EDGE_CURVE('',#1487,#1487,#1226,.T.);
#1804=EDGE_CURVE('',#1488,#1488,#1227,.T.);
#1805=EDGE_CURVE('',#1489,#1489,#1228,.T.);
#1806=EDGE_CURVE('',#1490,#1490,#1229,.T.);
#1807=EDGE_CURVE('',#1491,#1491,#1230,.T.);
#1808=EDGE_CURVE('',#1492,#1492,#1231,.T.);
#1809=EDGE_CURVE('',#1493,#1493,#1232,.T.);
#1810=EDGE_CURVE('',#1492,#1494,#390,.T.);
#1811=EDGE_CURVE('',#1494,#1494,#1233,.T.);
#1812=EDGE_CURVE('',#1491,#1495,#391,.T.);
#1813=EDGE_CURVE('',#1495,#1495,#1234,.T.);
#1814=EDGE_CURVE('',#1490,#1496,#392,.T.);
#1815=EDGE_CURVE('',#1496,#1496,#1235,.T.);
#1816=EDGE_CURVE('',#1489,#1497,#393,.T.);
#1817=EDGE_CURVE('',#1497,#1497,#1236,.T.);
#1818=EDGE_CURVE('',#1488,#1498,#394,.T.);
#1819=EDGE_CURVE('',#1498,#1498,#1237,.T.);
#1820=EDGE_CURVE('',#1487,#1499,#395,.T.);
#1821=EDGE_CURVE('',#1499,#1499,#1238,.T.);
#1822=EDGE_CURVE('',#1486,#1500,#396,.T.);
#1823=EDGE_CURVE('',#1500,#1500,#1239,.T.);
#1824=EDGE_CURVE('',#1485,#1501,#397,.T.);
#1825=EDGE_CURVE('',#1501,#1501,#1240,.T.);
#1826=EDGE_CURVE('',#1484,#1502,#398,.T.);
#1827=EDGE_CURVE('',#1502,#1502,#1241,.T.);
#1828=EDGE_CURVE('',#1483,#1503,#399,.T.);
#1829=EDGE_CURVE('',#1503,#1503,#1242,.T.);
#1830=EDGE_CURVE('',#1482,#1504,#400,.T.);
#1831=EDGE_CURVE('',#1504,#1504,#1243,.T.);
#1832=EDGE_CURVE('',#1481,#1505,#401,.T.);
#1833=EDGE_CURVE('',#1505,#1505,#1244,.T.);
#1834=EDGE_CURVE('',#1506,#1506,#1245,.T.);
#1835=EDGE_CURVE('',#1506,#1507,#402,.T.);
#1836=EDGE_CURVE('',#1507,#1507,#1246,.T.);
#1837=EDGE_CURVE('',#1508,#1508,#1247,.T.);
#1838=EDGE_CURVE('',#1509,#1509,#1248,.T.);
#1839=EDGE_CURVE('',#1510,#1510,#1249,.T.);
#1840=EDGE_CURVE('',#1511,#1511,#1250,.T.);
#1841=EDGE_CURVE('',#1512,#1512,#1251,.T.);
#1842=EDGE_CURVE('',#1513,#1513,#1252,.T.);
#1843=EDGE_CURVE('',#1514,#1514,#1253,.T.);
#1844=EDGE_CURVE('',#1515,#1515,#1254,.T.);
#1845=EDGE_CURVE('',#1516,#1516,#1255,.T.);
#1846=EDGE_CURVE('',#1517,#1517,#1256,.T.);
#1847=EDGE_CURVE('',#1518,#1518,#1257,.T.);
#1848=EDGE_CURVE('',#1519,#1519,#1258,.T.);
#1849=EDGE_CURVE('',#1520,#1520,#1259,.T.);
#1850=EDGE_CURVE('',#1521,#1521,#1260,.T.);
#1851=EDGE_CURVE('',#1521,#1519,#403,.T.);
#1852=EDGE_CURVE('',#1522,#1522,#1261,.T.);
#1853=EDGE_CURVE('',#1522,#1518,#404,.T.);
#1854=EDGE_CURVE('',#1523,#1523,#1262,.T.);
#1855=EDGE_CURVE('',#1523,#1517,#405,.T.);
#1856=EDGE_CURVE('',#1524,#1524,#1263,.T.);
#1857=EDGE_CURVE('',#1524,#1516,#406,.T.);
#1858=EDGE_CURVE('',#1525,#1525,#1264,.T.);
#1859=EDGE_CURVE('',#1525,#1515,#407,.T.);
#1860=EDGE_CURVE('',#1526,#1526,#1265,.T.);
#1861=EDGE_CURVE('',#1526,#1514,#408,.T.);
#1862=EDGE_CURVE('',#1527,#1527,#1266,.T.);
#1863=EDGE_CURVE('',#1527,#1513,#409,.T.);
#1864=EDGE_CURVE('',#1528,#1528,#1267,.T.);
#1865=EDGE_CURVE('',#1528,#1512,#410,.T.);
#1866=EDGE_CURVE('',#1529,#1529,#1268,.T.);
#1867=EDGE_CURVE('',#1529,#1511,#411,.T.);
#1868=EDGE_CURVE('',#1530,#1530,#1269,.T.);
#1869=EDGE_CURVE('',#1530,#1510,#412,.T.);
#1870=EDGE_CURVE('',#1531,#1531,#1270,.T.);
#1871=EDGE_CURVE('',#1531,#1509,#413,.T.);
#1872=EDGE_CURVE('',#1532,#1532,#1271,.T.);
#1873=EDGE_CURVE('',#1532,#1508,#414,.T.);
#1874=EDGE_CURVE('',#1493,#1520,#415,.T.);
#1875=EDGE_CURVE('',#1533,#1533,#1272,.T.);
#1876=EDGE_CURVE('',#1534,#1534,#1273,.T.);
#1877=EDGE_CURVE('',#1534,#1533,#416,.T.);
#1878=EDGE_CURVE('',#1535,#1535,#1274,.T.);
#1879=EDGE_CURVE('',#1535,#1536,#417,.T.);
#1880=EDGE_CURVE('',#1536,#1536,#1275,.T.);
#1881=EDGE_CURVE('',#1537,#1537,#1276,.T.);
#1882=EDGE_CURVE('',#1537,#1538,#418,.T.);
#1883=EDGE_CURVE('',#1538,#1538,#1277,.T.);
#1884=EDGE_CURVE('',#1539,#1539,#1278,.T.);
#1885=EDGE_CURVE('',#1539,#1540,#419,.T.);
#1886=EDGE_CURVE('',#1540,#1540,#1279,.T.);
#1887=EDGE_CURVE('',#1541,#1541,#1280,.T.);
#1888=EDGE_CURVE('',#1541,#1542,#420,.T.);
#1889=EDGE_CURVE('',#1542,#1542,#1281,.T.);
#1890=EDGE_CURVE('',#1543,#1543,#1282,.T.);
#1891=EDGE_CURVE('',#1543,#1544,#421,.T.);
#1892=EDGE_CURVE('',#1544,#1544,#1283,.T.);
#1893=EDGE_CURVE('',#1545,#1545,#1284,.T.);
#1894=EDGE_CURVE('',#1545,#1546,#422,.T.);
#1895=EDGE_CURVE('',#1546,#1546,#1285,.T.);
#1896=EDGE_CURVE('',#1547,#1547,#1286,.T.);
#1897=EDGE_CURVE('',#1547,#1548,#423,.T.);
#1898=EDGE_CURVE('',#1548,#1548,#1287,.T.);
#1899=EDGE_CURVE('',#1549,#1549,#1288,.T.);
#1900=EDGE_CURVE('',#1549,#1550,#424,.T.);
#1901=EDGE_CURVE('',#1550,#1550,#1289,.T.);
#1902=EDGE_CURVE('',#1551,#1551,#1290,.T.);
#1903=EDGE_CURVE('',#1551,#1552,#425,.T.);
#1904=EDGE_CURVE('',#1552,#1552,#1291,.T.);
#1905=EDGE_CURVE('',#1553,#1553,#1292,.T.);
#1906=EDGE_CURVE('',#1553,#1554,#426,.T.);
#1907=EDGE_CURVE('',#1554,#1554,#1293,.T.);
#1908=EDGE_CURVE('',#1555,#1555,#1294,.T.);
#1909=EDGE_CURVE('',#1555,#1556,#427,.T.);
#1910=EDGE_CURVE('',#1556,#1556,#1295,.T.);
#1911=EDGE_CURVE('',#1557,#1557,#1296,.T.);
#1912=EDGE_CURVE('',#1557,#1558,#428,.T.);
#1913=EDGE_CURVE('',#1558,#1558,#1297,.T.);
#1914=EDGE_CURVE('',#1559,#1559,#1298,.T.);
#1915=EDGE_CURVE('',#1559,#1560,#429,.T.);
#1916=EDGE_CURVE('',#1560,#1560,#1299,.T.);
#1917=EDGE_CURVE('',#1561,#1561,#1300,.T.);
#1918=EDGE_CURVE('',#1561,#1562,#430,.T.);
#1919=EDGE_CURVE('',#1562,#1562,#1301,.T.);
#1920=EDGE_CURVE('',#1563,#1564,#1302,.T.);
#1921=EDGE_CURVE('',#1564,#1565,#1303,.T.);
#1922=EDGE_CURVE('',#1565,#1565,#1304,.T.);
#1923=EDGE_CURVE('',#1564,#1563,#1305,.T.);
#1924=EDGE_CURVE('',#1566,#1566,#1306,.T.);
#1925=EDGE_CURVE('',#1566,#1563,#431,.T.);
#1926=EDGE_CURVE('',#1567,#1567,#1307,.T.);
#1927=EDGE_CURVE('',#1567,#1568,#1308,.T.);
#1928=EDGE_CURVE('',#1568,#1569,#1309,.T.);
#1929=EDGE_CURVE('',#1569,#1568,#1310,.T.);
#1930=EDGE_CURVE('',#1569,#1570,#432,.T.);
#1931=EDGE_CURVE('',#1570,#1570,#1311,.T.);
#1932=EDGE_CURVE('',#1571,#1572,#1312,.T.);
#1933=EDGE_CURVE('',#1572,#1571,#1313,.T.);
#1934=EDGE_CURVE('',#1572,#1573,#1314,.T.);
#1935=EDGE_CURVE('',#1573,#1574,#1315,.T.);
#1936=EDGE_CURVE('',#1574,#1573,#1316,.T.);
#1937=EDGE_CURVE('',#1575,#1575,#1317,.T.);
#1938=EDGE_CURVE('',#1575,#1571,#433,.T.);
#1939=EDGE_CURVE('',#1565,#1567,#1318,.T.);
#1940=EDGE_CURVE('',#1576,#1576,#1319,.T.);
#1941=EDGE_CURVE('',#1574,#1576,#434,.T.);
#1942=EDGE_CURVE('',#1577,#1577,#1320,.T.);
#1943=EDGE_CURVE('',#1577,#1578,#435,.T.);
#1944=EDGE_CURVE('',#1578,#1578,#1321,.T.);
#1945=EDGE_CURVE('',#1579,#1579,#1322,.T.);
#1946=EDGE_CURVE('',#1579,#1580,#436,.T.);
#1947=EDGE_CURVE('',#1580,#1580,#1323,.T.);
#1948=EDGE_CURVE('',#1581,#1581,#1324,.T.);
#1949=EDGE_CURVE('',#1581,#1582,#437,.T.);
#1950=EDGE_CURVE('',#1582,#1582,#1325,.T.);
#1951=EDGE_CURVE('',#1583,#1583,#1326,.T.);
#1952=EDGE_CURVE('',#1583,#1584,#438,.T.);
#1953=EDGE_CURVE('',#1584,#1584,#1327,.T.);
#1954=EDGE_CURVE('',#1585,#1585,#1328,.T.);
#1955=EDGE_CURVE('',#1585,#1586,#439,.T.);
#1956=EDGE_CURVE('',#1586,#1586,#1329,.T.);
#1957=EDGE_CURVE('',#1587,#1587,#1330,.T.);
#1958=EDGE_CURVE('',#1587,#1588,#440,.T.);
#1959=EDGE_CURVE('',#1588,#1588,#1331,.T.);
#1960=EDGE_CURVE('',#1589,#1589,#1332,.T.);
#1961=EDGE_CURVE('',#1589,#1590,#441,.T.);
#1962=EDGE_CURVE('',#1590,#1590,#1333,.T.);
#1963=EDGE_CURVE('',#1591,#1591,#1334,.T.);
#1964=EDGE_CURVE('',#1591,#1592,#442,.T.);
#1965=EDGE_CURVE('',#1592,#1592,#1335,.T.);
#1966=EDGE_CURVE('',#1593,#1593,#1336,.T.);
#1967=EDGE_CURVE('',#1593,#1594,#443,.T.);
#1968=EDGE_CURVE('',#1594,#1594,#1337,.T.);
#1969=EDGE_CURVE('',#1595,#1595,#1338,.T.);
#1970=EDGE_CURVE('',#1595,#1596,#444,.T.);
#1971=EDGE_CURVE('',#1596,#1596,#1339,.T.);
#1972=EDGE_CURVE('',#1597,#1597,#1340,.T.);
#1973=EDGE_CURVE('',#1597,#1598,#445,.T.);
#1974=EDGE_CURVE('',#1598,#1598,#1341,.T.);
#1975=EDGE_CURVE('',#1599,#1599,#1342,.T.);
#1976=EDGE_CURVE('',#1599,#1600,#446,.T.);
#1977=EDGE_CURVE('',#1600,#1600,#1343,.T.);
#1978=EDGE_CURVE('',#1601,#1601,#1344,.T.);
#1979=EDGE_CURVE('',#1601,#1602,#447,.T.);
#1980=EDGE_CURVE('',#1602,#1602,#1345,.T.);
#1981=EDGE_CURVE('',#1603,#1603,#1346,.T.);
#1982=EDGE_CURVE('',#1603,#1604,#448,.T.);
#1983=EDGE_CURVE('',#1604,#1604,#1347,.T.);
#1984=EDGE_CURVE('',#1605,#1606,#1348,.T.);
#1985=EDGE_CURVE('',#1606,#1605,#1349,.T.);
#1986=EDGE_CURVE('',#1606,#1607,#1350,.T.);
#1987=EDGE_CURVE('',#1607,#1607,#1351,.T.);
#1988=EDGE_CURVE('',#1608,#1608,#1352,.T.);
#1989=EDGE_CURVE('',#1608,#1605,#449,.T.);
#1990=EDGE_CURVE('',#1609,#1609,#1353,.T.);
#1991=EDGE_CURVE('',#1609,#1610,#1354,.T.);
#1992=EDGE_CURVE('',#1611,#1610,#1355,.T.);
#1993=EDGE_CURVE('',#1610,#1611,#1356,.T.);
#1994=EDGE_CURVE('',#1611,#1612,#450,.T.);
#1995=EDGE_CURVE('',#1612,#1612,#1357,.T.);
#1996=EDGE_CURVE('',#1613,#1614,#1358,.T.);
#1997=EDGE_CURVE('',#1614,#1615,#1359,.T.);
#1998=EDGE_CURVE('',#1616,#1615,#1360,.T.);
#1999=EDGE_CURVE('',#1615,#1616,#1361,.T.);
#2000=EDGE_CURVE('',#1614,#1613,#1362,.T.);
#2001=EDGE_CURVE('',#1617,#1617,#1363,.T.);
#2002=EDGE_CURVE('',#1617,#1613,#451,.T.);
#2003=EDGE_CURVE('',#1607,#1609,#1364,.T.);
#2004=EDGE_CURVE('',#1618,#1618,#1365,.T.);
#2005=EDGE_CURVE('',#1616,#1618,#452,.T.);
#2006=ORIENTED_EDGE('',*,*,#1619,.F.);
#2007=ORIENTED_EDGE('',*,*,#1620,.F.);
#2008=ORIENTED_EDGE('',*,*,#1621,.T.);
#2009=ORIENTED_EDGE('',*,*,#1619,.T.);
#2010=ORIENTED_EDGE('',*,*,#1621,.F.);
#2011=ORIENTED_EDGE('',*,*,#1622,.F.);
#2012=ORIENTED_EDGE('',*,*,#1623,.T.);
#2013=ORIENTED_EDGE('',*,*,#1620,.T.);
#2014=ORIENTED_EDGE('',*,*,#1623,.F.);
#2015=ORIENTED_EDGE('',*,*,#1622,.T.);
#2016=ORIENTED_EDGE('',*,*,#1624,.F.);
#2017=ORIENTED_EDGE('',*,*,#1625,.F.);
#2018=ORIENTED_EDGE('',*,*,#1626,.T.);
#2019=ORIENTED_EDGE('',*,*,#1624,.T.);
#2020=ORIENTED_EDGE('',*,*,#1626,.F.);
#2021=ORIENTED_EDGE('',*,*,#1625,.T.);
#2022=ORIENTED_EDGE('',*,*,#1627,.F.);
#2023=ORIENTED_EDGE('',*,*,#1628,.T.);
#2024=ORIENTED_EDGE('',*,*,#1629,.F.);
#2025=ORIENTED_EDGE('',*,*,#1628,.F.);
#2026=ORIENTED_EDGE('',*,*,#1630,.F.);
#2027=ORIENTED_EDGE('',*,*,#1631,.T.);
#2028=ORIENTED_EDGE('',*,*,#1632,.F.);
#2029=ORIENTED_EDGE('',*,*,#1631,.F.);
#2030=ORIENTED_EDGE('',*,*,#1632,.T.);
#2031=ORIENTED_EDGE('',*,*,#1629,.T.);
#2032=ORIENTED_EDGE('',*,*,#1630,.T.);
#2033=ORIENTED_EDGE('',*,*,#1627,.T.);
#2034=ORIENTED_EDGE('',*,*,#1633,.T.);
#2035=ORIENTED_EDGE('',*,*,#1634,.T.);
#2036=ORIENTED_EDGE('',*,*,#1635,.F.);
#2037=ORIENTED_EDGE('',*,*,#1634,.F.);
#2038=ORIENTED_EDGE('',*,*,#1636,.T.);
#2039=ORIENTED_EDGE('',*,*,#1637,.F.);
#2040=ORIENTED_EDGE('',*,*,#1638,.T.);
#2041=ORIENTED_EDGE('',*,*,#1639,.T.);
#2042=ORIENTED_EDGE('',*,*,#1640,.T.);
#2043=ORIENTED_EDGE('',*,*,#1638,.F.);
#2044=ORIENTED_EDGE('',*,*,#1637,.T.);
#2045=ORIENTED_EDGE('',*,*,#1635,.T.);
#2046=ORIENTED_EDGE('',*,*,#1641,.F.);
#2047=ORIENTED_EDGE('',*,*,#1642,.F.);
#2048=ORIENTED_EDGE('',*,*,#1643,.T.);
#2049=ORIENTED_EDGE('',*,*,#1644,.F.);
#2050=ORIENTED_EDGE('',*,*,#1643,.F.);
#2051=ORIENTED_EDGE('',*,*,#1645,.F.);
#2052=ORIENTED_EDGE('',*,*,#1646,.T.);
#2053=ORIENTED_EDGE('',*,*,#1647,.F.);
#2054=ORIENTED_EDGE('',*,*,#1648,.F.);
#2055=ORIENTED_EDGE('',*,*,#1646,.F.);
#2056=ORIENTED_EDGE('',*,*,#1645,.T.);
#2057=ORIENTED_EDGE('',*,*,#1644,.T.);
#2058=ORIENTED_EDGE('',*,*,#1641,.T.);
#2059=ORIENTED_EDGE('',*,*,#1642,.T.);
#2060=ORIENTED_EDGE('',*,*,#1649,.T.);
#2061=ORIENTED_EDGE('',*,*,#1636,.F.);
#2062=ORIENTED_EDGE('',*,*,#1633,.F.);
#2063=ORIENTED_EDGE('',*,*,#1649,.F.);
#2064=ORIENTED_EDGE('',*,*,#1640,.F.);
#2065=ORIENTED_EDGE('',*,*,#1650,.T.);
#2066=ORIENTED_EDGE('',*,*,#1647,.T.);
#2067=ORIENTED_EDGE('',*,*,#1648,.T.);
#2068=ORIENTED_EDGE('',*,*,#1650,.F.);
#2069=ORIENTED_EDGE('',*,*,#1639,.F.);
#2070=ORIENTED_EDGE('',*,*,#1651,.F.);
#2071=ORIENTED_EDGE('',*,*,#1652,.T.);
#2072=ORIENTED_EDGE('',*,*,#1653,.F.);
#2073=ORIENTED_EDGE('',*,*,#1652,.F.);
#2074=ORIENTED_EDGE('',*,*,#1654,.F.);
#2075=ORIENTED_EDGE('',*,*,#1655,.T.);
#2076=ORIENTED_EDGE('',*,*,#1656,.F.);
#2077=ORIENTED_EDGE('',*,*,#1657,.F.);
#2078=ORIENTED_EDGE('',*,*,#1658,.F.);
#2079=ORIENTED_EDGE('',*,*,#1659,.F.);
#2080=ORIENTED_EDGE('',*,*,#1660,.F.);
#2081=ORIENTED_EDGE('',*,*,#1655,.F.);
#2082=ORIENTED_EDGE('',*,*,#1654,.T.);
#2083=ORIENTED_EDGE('',*,*,#1653,.T.);
#2084=ORIENTED_EDGE('',*,*,#1661,.F.);
#2085=ORIENTED_EDGE('',*,*,#1662,.T.);
#2086=ORIENTED_EDGE('',*,*,#1663,.T.);
#2087=ORIENTED_EDGE('',*,*,#1664,.F.);
#2088=ORIENTED_EDGE('',*,*,#1665,.F.);
#2089=ORIENTED_EDGE('',*,*,#1664,.T.);
#2090=ORIENTED_EDGE('',*,*,#1666,.T.);
#2091=ORIENTED_EDGE('',*,*,#1667,.F.);
#2092=ORIENTED_EDGE('',*,*,#1668,.F.);
#2093=ORIENTED_EDGE('',*,*,#1667,.T.);
#2094=ORIENTED_EDGE('',*,*,#1669,.T.);
#2095=ORIENTED_EDGE('',*,*,#1670,.F.);
#2096=ORIENTED_EDGE('',*,*,#1671,.F.);
#2097=ORIENTED_EDGE('',*,*,#1670,.T.);
#2098=ORIENTED_EDGE('',*,*,#1672,.T.);
#2099=ORIENTED_EDGE('',*,*,#1662,.F.);
#2100=ORIENTED_EDGE('',*,*,#1651,.T.);
#2101=ORIENTED_EDGE('',*,*,#1661,.T.);
#2102=ORIENTED_EDGE('',*,*,#1665,.T.);
#2103=ORIENTED_EDGE('',*,*,#1668,.T.);
#2104=ORIENTED_EDGE('',*,*,#1671,.T.);
#2105=ORIENTED_EDGE('',*,*,#1673,.F.);
#2106=ORIENTED_EDGE('',*,*,#1674,.T.);
#2107=ORIENTED_EDGE('',*,*,#1656,.T.);
#2108=ORIENTED_EDGE('',*,*,#1660,.T.);
#2109=ORIENTED_EDGE('',*,*,#1675,.F.);
#2110=ORIENTED_EDGE('',*,*,#1676,.F.);
#2111=ORIENTED_EDGE('',*,*,#1675,.T.);
#2112=ORIENTED_EDGE('',*,*,#1659,.T.);
#2113=ORIENTED_EDGE('',*,*,#1677,.F.);
#2114=ORIENTED_EDGE('',*,*,#1678,.F.);
#2115=ORIENTED_EDGE('',*,*,#1677,.T.);
#2116=ORIENTED_EDGE('',*,*,#1658,.T.);
#2117=ORIENTED_EDGE('',*,*,#1679,.F.);
#2118=ORIENTED_EDGE('',*,*,#1680,.F.);
#2119=ORIENTED_EDGE('',*,*,#1679,.T.);
#2120=ORIENTED_EDGE('',*,*,#1657,.T.);
#2121=ORIENTED_EDGE('',*,*,#1674,.F.);
#2122=ORIENTED_EDGE('',*,*,#1681,.F.);
#2123=ORIENTED_EDGE('',*,*,#1682,.T.);
#2124=ORIENTED_EDGE('',*,*,#1666,.F.);
#2125=ORIENTED_EDGE('',*,*,#1683,.F.);
#2126=ORIENTED_EDGE('',*,*,#1684,.F.);
#2127=ORIENTED_EDGE('',*,*,#1683,.T.);
#2128=ORIENTED_EDGE('',*,*,#1663,.F.);
#2129=ORIENTED_EDGE('',*,*,#1685,.F.);
#2130=ORIENTED_EDGE('',*,*,#1686,.F.);
#2131=ORIENTED_EDGE('',*,*,#1685,.T.);
#2132=ORIENTED_EDGE('',*,*,#1672,.F.);
#2133=ORIENTED_EDGE('',*,*,#1687,.F.);
#2134=ORIENTED_EDGE('',*,*,#1688,.F.);
#2135=ORIENTED_EDGE('',*,*,#1687,.T.);
#2136=ORIENTED_EDGE('',*,*,#1669,.F.);
#2137=ORIENTED_EDGE('',*,*,#1682,.F.);
#2138=ORIENTED_EDGE('',*,*,#1689,.F.);
#2139=ORIENTED_EDGE('',*,*,#1690,.T.);
#2140=ORIENTED_EDGE('',*,*,#1691,.F.);
#2141=ORIENTED_EDGE('',*,*,#1692,.F.);
#2142=ORIENTED_EDGE('',*,*,#1693,.F.);
#2143=ORIENTED_EDGE('',*,*,#1692,.T.);
#2144=ORIENTED_EDGE('',*,*,#1694,.F.);
#2145=ORIENTED_EDGE('',*,*,#1695,.F.);
#2146=ORIENTED_EDGE('',*,*,#1696,.F.);
#2147=ORIENTED_EDGE('',*,*,#1695,.T.);
#2148=ORIENTED_EDGE('',*,*,#1697,.F.);
#2149=ORIENTED_EDGE('',*,*,#1698,.F.);
#2150=ORIENTED_EDGE('',*,*,#1699,.F.);
#2151=ORIENTED_EDGE('',*,*,#1698,.T.);
#2152=ORIENTED_EDGE('',*,*,#1700,.F.);
#2153=ORIENTED_EDGE('',*,*,#1690,.F.);
#2154=ORIENTED_EDGE('',*,*,#1699,.T.);
#2155=ORIENTED_EDGE('',*,*,#1689,.T.);
#2156=ORIENTED_EDGE('',*,*,#1693,.T.);
#2157=ORIENTED_EDGE('',*,*,#1696,.T.);
#2158=ORIENTED_EDGE('',*,*,#1688,.T.);
#2159=ORIENTED_EDGE('',*,*,#1681,.T.);
#2160=ORIENTED_EDGE('',*,*,#1684,.T.);
#2161=ORIENTED_EDGE('',*,*,#1686,.T.);
#2162=ORIENTED_EDGE('',*,*,#1700,.T.);
#2163=ORIENTED_EDGE('',*,*,#1697,.T.);
#2164=ORIENTED_EDGE('',*,*,#1694,.T.);
#2165=ORIENTED_EDGE('',*,*,#1691,.T.);
#2166=ORIENTED_EDGE('',*,*,#1673,.T.);
#2167=ORIENTED_EDGE('',*,*,#1676,.T.);
#2168=ORIENTED_EDGE('',*,*,#1678,.T.);
#2169=ORIENTED_EDGE('',*,*,#1680,.T.);
#2170=ORIENTED_EDGE('',*,*,#1701,.T.);
#2171=ORIENTED_EDGE('',*,*,#1702,.T.);
#2172=ORIENTED_EDGE('',*,*,#1703,.F.);
#2173=ORIENTED_EDGE('',*,*,#1704,.F.);
#2174=ORIENTED_EDGE('',*,*,#1705,.T.);
#2175=ORIENTED_EDGE('',*,*,#1704,.T.);
#2176=ORIENTED_EDGE('',*,*,#1706,.F.);
#2177=ORIENTED_EDGE('',*,*,#1707,.F.);
#2178=ORIENTED_EDGE('',*,*,#1708,.T.);
#2179=ORIENTED_EDGE('',*,*,#1707,.T.);
#2180=ORIENTED_EDGE('',*,*,#1709,.F.);
#2181=ORIENTED_EDGE('',*,*,#1710,.F.);
#2182=ORIENTED_EDGE('',*,*,#1711,.T.);
#2183=ORIENTED_EDGE('',*,*,#1710,.T.);
#2184=ORIENTED_EDGE('',*,*,#1712,.F.);
#2185=ORIENTED_EDGE('',*,*,#1702,.F.);
#2186=ORIENTED_EDGE('',*,*,#1713,.F.);
#2187=ORIENTED_EDGE('',*,*,#1714,.T.);
#2188=ORIENTED_EDGE('',*,*,#1715,.F.);
#2189=ORIENTED_EDGE('',*,*,#1716,.F.);
#2190=ORIENTED_EDGE('',*,*,#1717,.F.);
#2191=ORIENTED_EDGE('',*,*,#1716,.T.);
#2192=ORIENTED_EDGE('',*,*,#1718,.F.);
#2193=ORIENTED_EDGE('',*,*,#1719,.F.);
#2194=ORIENTED_EDGE('',*,*,#1720,.F.);
#2195=ORIENTED_EDGE('',*,*,#1719,.T.);
#2196=ORIENTED_EDGE('',*,*,#1721,.F.);
#2197=ORIENTED_EDGE('',*,*,#1722,.F.);
#2198=ORIENTED_EDGE('',*,*,#1723,.F.);
#2199=ORIENTED_EDGE('',*,*,#1722,.T.);
#2200=ORIENTED_EDGE('',*,*,#1724,.F.);
#2201=ORIENTED_EDGE('',*,*,#1714,.F.);
#2202=ORIENTED_EDGE('',*,*,#1724,.T.);
#2203=ORIENTED_EDGE('',*,*,#1721,.T.);
#2204=ORIENTED_EDGE('',*,*,#1718,.T.);
#2205=ORIENTED_EDGE('',*,*,#1715,.T.);
#2206=ORIENTED_EDGE('',*,*,#1712,.T.);
#2207=ORIENTED_EDGE('',*,*,#1709,.T.);
#2208=ORIENTED_EDGE('',*,*,#1706,.T.);
#2209=ORIENTED_EDGE('',*,*,#1703,.T.);
#2210=ORIENTED_EDGE('',*,*,#1725,.T.);
#2211=ORIENTED_EDGE('',*,*,#1726,.T.);
#2212=ORIENTED_EDGE('',*,*,#1727,.F.);
#2213=ORIENTED_EDGE('',*,*,#1726,.F.);
#2214=ORIENTED_EDGE('',*,*,#1728,.T.);
#2215=ORIENTED_EDGE('',*,*,#1729,.T.);
#2216=ORIENTED_EDGE('',*,*,#1730,.T.);
#2217=ORIENTED_EDGE('',*,*,#1731,.T.);
#2218=ORIENTED_EDGE('',*,*,#1732,.F.);
#2219=ORIENTED_EDGE('',*,*,#1733,.T.);
#2220=ORIENTED_EDGE('',*,*,#1734,.T.);
#2221=ORIENTED_EDGE('',*,*,#1735,.T.);
#2222=ORIENTED_EDGE('',*,*,#1736,.T.);
#2223=ORIENTED_EDGE('',*,*,#1737,.T.);
#2224=ORIENTED_EDGE('',*,*,#1738,.T.);
#2225=ORIENTED_EDGE('',*,*,#1733,.F.);
#2226=ORIENTED_EDGE('',*,*,#1732,.T.);
#2227=ORIENTED_EDGE('',*,*,#1727,.T.);
#2228=ORIENTED_EDGE('',*,*,#1725,.F.);
#2229=ORIENTED_EDGE('',*,*,#1739,.T.);
#2230=ORIENTED_EDGE('',*,*,#1711,.F.);
#2231=ORIENTED_EDGE('',*,*,#1740,.F.);
#2232=ORIENTED_EDGE('',*,*,#1728,.F.);
#2233=ORIENTED_EDGE('',*,*,#1731,.F.);
#2234=ORIENTED_EDGE('',*,*,#1741,.T.);
#2235=ORIENTED_EDGE('',*,*,#1708,.F.);
#2236=ORIENTED_EDGE('',*,*,#1739,.F.);
#2237=ORIENTED_EDGE('',*,*,#1730,.F.);
#2238=ORIENTED_EDGE('',*,*,#1742,.T.);
#2239=ORIENTED_EDGE('',*,*,#1705,.F.);
#2240=ORIENTED_EDGE('',*,*,#1741,.F.);
#2241=ORIENTED_EDGE('',*,*,#1729,.F.);
#2242=ORIENTED_EDGE('',*,*,#1740,.T.);
#2243=ORIENTED_EDGE('',*,*,#1701,.F.);
#2244=ORIENTED_EDGE('',*,*,#1742,.F.);
#2245=ORIENTED_EDGE('',*,*,#1743,.F.);
#2246=ORIENTED_EDGE('',*,*,#1744,.F.);
#2247=ORIENTED_EDGE('',*,*,#1745,.F.);
#2248=ORIENTED_EDGE('',*,*,#1746,.F.);
#2249=ORIENTED_EDGE('',*,*,#1713,.T.);
#2250=ORIENTED_EDGE('',*,*,#1717,.T.);
#2251=ORIENTED_EDGE('',*,*,#1720,.T.);
#2252=ORIENTED_EDGE('',*,*,#1723,.T.);
#2253=ORIENTED_EDGE('',*,*,#1738,.F.);
#2254=ORIENTED_EDGE('',*,*,#1747,.T.);
#2255=ORIENTED_EDGE('',*,*,#1743,.T.);
#2256=ORIENTED_EDGE('',*,*,#1748,.F.);
#2257=ORIENTED_EDGE('',*,*,#1734,.F.);
#2258=ORIENTED_EDGE('',*,*,#1735,.F.);
#2259=ORIENTED_EDGE('',*,*,#1748,.T.);
#2260=ORIENTED_EDGE('',*,*,#1746,.T.);
#2261=ORIENTED_EDGE('',*,*,#1749,.F.);
#2262=ORIENTED_EDGE('',*,*,#1736,.F.);
#2263=ORIENTED_EDGE('',*,*,#1749,.T.);
#2264=ORIENTED_EDGE('',*,*,#1745,.T.);
#2265=ORIENTED_EDGE('',*,*,#1750,.F.);
#2266=ORIENTED_EDGE('',*,*,#1737,.F.);
#2267=ORIENTED_EDGE('',*,*,#1750,.T.);
#2268=ORIENTED_EDGE('',*,*,#1744,.T.);
#2269=ORIENTED_EDGE('',*,*,#1747,.F.);
#2270=ORIENTED_EDGE('',*,*,#1751,.F.);
#2271=ORIENTED_EDGE('',*,*,#1752,.T.);
#2272=ORIENTED_EDGE('',*,*,#1753,.T.);
#2273=ORIENTED_EDGE('',*,*,#1752,.F.);
#2274=ORIENTED_EDGE('',*,*,#1754,.F.);
#2275=ORIENTED_EDGE('',*,*,#1753,.F.);
#2276=ORIENTED_EDGE('',*,*,#1755,.T.);
#2277=ORIENTED_EDGE('',*,*,#1756,.T.);
#2278=ORIENTED_EDGE('',*,*,#1757,.T.);
#2279=ORIENTED_EDGE('',*,*,#1756,.F.);
#2280=ORIENTED_EDGE('',*,*,#1758,.T.);
#2281=ORIENTED_EDGE('',*,*,#1754,.T.);
#2282=ORIENTED_EDGE('',*,*,#1759,.T.);
#2283=ORIENTED_EDGE('',*,*,#1758,.F.);
#2284=ORIENTED_EDGE('',*,*,#1755,.F.);
#2285=ORIENTED_EDGE('',*,*,#1759,.F.);
#2286=ORIENTED_EDGE('',*,*,#1760,.T.);
#2287=ORIENTED_EDGE('',*,*,#1761,.T.);
#2288=ORIENTED_EDGE('',*,*,#1762,.T.);
#2289=ORIENTED_EDGE('',*,*,#1763,.T.);
#2290=ORIENTED_EDGE('',*,*,#1761,.F.);
#2291=ORIENTED_EDGE('',*,*,#1763,.F.);
#2292=ORIENTED_EDGE('',*,*,#1764,.T.);
#2293=ORIENTED_EDGE('',*,*,#1765,.T.);
#2294=ORIENTED_EDGE('',*,*,#1764,.F.);
#2295=ORIENTED_EDGE('',*,*,#1762,.F.);
#2296=ORIENTED_EDGE('',*,*,#1766,.F.);
#2297=ORIENTED_EDGE('',*,*,#1767,.F.);
#2298=ORIENTED_EDGE('',*,*,#1768,.T.);
#2299=ORIENTED_EDGE('',*,*,#1769,.T.);
#2300=ORIENTED_EDGE('',*,*,#1770,.T.);
#2301=ORIENTED_EDGE('',*,*,#1768,.F.);
#2302=ORIENTED_EDGE('',*,*,#1771,.F.);
#2303=ORIENTED_EDGE('',*,*,#1772,.T.);
#2304=ORIENTED_EDGE('',*,*,#1766,.T.);
#2305=ORIENTED_EDGE('',*,*,#1767,.T.);
#2306=ORIENTED_EDGE('',*,*,#1772,.F.);
#2307=ORIENTED_EDGE('',*,*,#1765,.F.);
#2308=ORIENTED_EDGE('',*,*,#1771,.T.);
#2309=ORIENTED_EDGE('',*,*,#1757,.F.);
#2310=ORIENTED_EDGE('',*,*,#1773,.T.);
#2311=ORIENTED_EDGE('',*,*,#1760,.F.);
#2312=ORIENTED_EDGE('',*,*,#1773,.F.);
#2313=ORIENTED_EDGE('',*,*,#1751,.T.);
#2314=ORIENTED_EDGE('',*,*,#1774,.F.);
#2315=ORIENTED_EDGE('',*,*,#1770,.F.);
#2316=ORIENTED_EDGE('',*,*,#1775,.T.);
#2317=ORIENTED_EDGE('',*,*,#1774,.T.);
#2318=ORIENTED_EDGE('',*,*,#1775,.F.);
#2319=ORIENTED_EDGE('',*,*,#1769,.F.);
#2320=ORIENTED_EDGE('',*,*,#1776,.F.);
#2321=ORIENTED_EDGE('',*,*,#1777,.F.);
#2322=ORIENTED_EDGE('',*,*,#1778,.T.);
#2323=ORIENTED_EDGE('',*,*,#1779,.F.);
#2324=ORIENTED_EDGE('',*,*,#1778,.F.);
#2325=ORIENTED_EDGE('',*,*,#1780,.F.);
#2326=ORIENTED_EDGE('',*,*,#1781,.T.);
#2327=ORIENTED_EDGE('',*,*,#1782,.F.);
#2328=ORIENTED_EDGE('',*,*,#1783,.F.);
#2329=ORIENTED_EDGE('',*,*,#1781,.F.);
#2330=ORIENTED_EDGE('',*,*,#1780,.T.);
#2331=ORIENTED_EDGE('',*,*,#1779,.T.);
#2332=ORIENTED_EDGE('',*,*,#1784,.T.);
#2333=ORIENTED_EDGE('',*,*,#1785,.T.);
#2334=ORIENTED_EDGE('',*,*,#1786,.F.);
#2335=ORIENTED_EDGE('',*,*,#1785,.F.);
#2336=ORIENTED_EDGE('',*,*,#1787,.T.);
#2337=ORIENTED_EDGE('',*,*,#1788,.F.);
#2338=ORIENTED_EDGE('',*,*,#1789,.T.);
#2339=ORIENTED_EDGE('',*,*,#1790,.T.);
#2340=ORIENTED_EDGE('',*,*,#1791,.T.);
#2341=ORIENTED_EDGE('',*,*,#1789,.F.);
#2342=ORIENTED_EDGE('',*,*,#1788,.T.);
#2343=ORIENTED_EDGE('',*,*,#1786,.T.);
#2344=ORIENTED_EDGE('',*,*,#1776,.T.);
#2345=ORIENTED_EDGE('',*,*,#1777,.T.);
#2346=ORIENTED_EDGE('',*,*,#1792,.T.);
#2347=ORIENTED_EDGE('',*,*,#1787,.F.);
#2348=ORIENTED_EDGE('',*,*,#1784,.F.);
#2349=ORIENTED_EDGE('',*,*,#1792,.F.);
#2350=ORIENTED_EDGE('',*,*,#1791,.F.);
#2351=ORIENTED_EDGE('',*,*,#1793,.T.);
#2352=ORIENTED_EDGE('',*,*,#1782,.T.);
#2353=ORIENTED_EDGE('',*,*,#1783,.T.);
#2354=ORIENTED_EDGE('',*,*,#1793,.F.);
#2355=ORIENTED_EDGE('',*,*,#1790,.F.);
#2356=ORIENTED_EDGE('',*,*,#1794,.F.);
#2357=ORIENTED_EDGE('',*,*,#1795,.T.);
#2358=ORIENTED_EDGE('',*,*,#1796,.T.);
#2359=ORIENTED_EDGE('',*,*,#1795,.F.);
#2360=ORIENTED_EDGE('',*,*,#1796,.F.);
#2361=ORIENTED_EDGE('',*,*,#1797,.T.);
#2362=ORIENTED_EDGE('',*,*,#1798,.T.);
#2363=ORIENTED_EDGE('',*,*,#1799,.T.);
#2364=ORIENTED_EDGE('',*,*,#1800,.T.);
#2365=ORIENTED_EDGE('',*,*,#1801,.T.);
#2366=ORIENTED_EDGE('',*,*,#1802,.T.);
#2367=ORIENTED_EDGE('',*,*,#1803,.T.);
#2368=ORIENTED_EDGE('',*,*,#1804,.T.);
#2369=ORIENTED_EDGE('',*,*,#1805,.T.);
#2370=ORIENTED_EDGE('',*,*,#1806,.T.);
#2371=ORIENTED_EDGE('',*,*,#1807,.T.);
#2372=ORIENTED_EDGE('',*,*,#1808,.T.);
#2373=ORIENTED_EDGE('',*,*,#1809,.F.);
#2374=ORIENTED_EDGE('',*,*,#1808,.F.);
#2375=ORIENTED_EDGE('',*,*,#1810,.T.);
#2376=ORIENTED_EDGE('',*,*,#1811,.T.);
#2377=ORIENTED_EDGE('',*,*,#1810,.F.);
#2378=ORIENTED_EDGE('',*,*,#1807,.F.);
#2379=ORIENTED_EDGE('',*,*,#1812,.T.);
#2380=ORIENTED_EDGE('',*,*,#1813,.T.);
#2381=ORIENTED_EDGE('',*,*,#1812,.F.);
#2382=ORIENTED_EDGE('',*,*,#1806,.F.);
#2383=ORIENTED_EDGE('',*,*,#1814,.T.);
#2384=ORIENTED_EDGE('',*,*,#1815,.T.);
#2385=ORIENTED_EDGE('',*,*,#1814,.F.);
#2386=ORIENTED_EDGE('',*,*,#1805,.F.);
#2387=ORIENTED_EDGE('',*,*,#1816,.T.);
#2388=ORIENTED_EDGE('',*,*,#1817,.T.);
#2389=ORIENTED_EDGE('',*,*,#1816,.F.);
#2390=ORIENTED_EDGE('',*,*,#1804,.F.);
#2391=ORIENTED_EDGE('',*,*,#1818,.T.);
#2392=ORIENTED_EDGE('',*,*,#1819,.T.);
#2393=ORIENTED_EDGE('',*,*,#1818,.F.);
#2394=ORIENTED_EDGE('',*,*,#1803,.F.);
#2395=ORIENTED_EDGE('',*,*,#1820,.T.);
#2396=ORIENTED_EDGE('',*,*,#1821,.T.);
#2397=ORIENTED_EDGE('',*,*,#1820,.F.);
#2398=ORIENTED_EDGE('',*,*,#1802,.F.);
#2399=ORIENTED_EDGE('',*,*,#1822,.T.);
#2400=ORIENTED_EDGE('',*,*,#1823,.T.);
#2401=ORIENTED_EDGE('',*,*,#1822,.F.);
#2402=ORIENTED_EDGE('',*,*,#1801,.F.);
#2403=ORIENTED_EDGE('',*,*,#1824,.T.);
#2404=ORIENTED_EDGE('',*,*,#1825,.T.);
#2405=ORIENTED_EDGE('',*,*,#1824,.F.);
#2406=ORIENTED_EDGE('',*,*,#1800,.F.);
#2407=ORIENTED_EDGE('',*,*,#1826,.T.);
#2408=ORIENTED_EDGE('',*,*,#1827,.T.);
#2409=ORIENTED_EDGE('',*,*,#1826,.F.);
#2410=ORIENTED_EDGE('',*,*,#1799,.F.);
#2411=ORIENTED_EDGE('',*,*,#1828,.T.);
#2412=ORIENTED_EDGE('',*,*,#1829,.T.);
#2413=ORIENTED_EDGE('',*,*,#1828,.F.);
#2414=ORIENTED_EDGE('',*,*,#1798,.F.);
#2415=ORIENTED_EDGE('',*,*,#1830,.T.);
#2416=ORIENTED_EDGE('',*,*,#1831,.T.);
#2417=ORIENTED_EDGE('',*,*,#1830,.F.);
#2418=ORIENTED_EDGE('',*,*,#1797,.F.);
#2419=ORIENTED_EDGE('',*,*,#1832,.T.);
#2420=ORIENTED_EDGE('',*,*,#1833,.T.);
#2421=ORIENTED_EDGE('',*,*,#1832,.F.);
#2422=ORIENTED_EDGE('',*,*,#1834,.F.);
#2423=ORIENTED_EDGE('',*,*,#1835,.T.);
#2424=ORIENTED_EDGE('',*,*,#1836,.T.);
#2425=ORIENTED_EDGE('',*,*,#1835,.F.);
#2426=ORIENTED_EDGE('',*,*,#1834,.T.);
#2427=ORIENTED_EDGE('',*,*,#1837,.F.);
#2428=ORIENTED_EDGE('',*,*,#1838,.F.);
#2429=ORIENTED_EDGE('',*,*,#1839,.F.);
#2430=ORIENTED_EDGE('',*,*,#1840,.F.);
#2431=ORIENTED_EDGE('',*,*,#1841,.F.);
#2432=ORIENTED_EDGE('',*,*,#1842,.F.);
#2433=ORIENTED_EDGE('',*,*,#1843,.F.);
#2434=ORIENTED_EDGE('',*,*,#1844,.F.);
#2435=ORIENTED_EDGE('',*,*,#1845,.F.);
#2436=ORIENTED_EDGE('',*,*,#1846,.F.);
#2437=ORIENTED_EDGE('',*,*,#1847,.F.);
#2438=ORIENTED_EDGE('',*,*,#1848,.F.);
#2439=ORIENTED_EDGE('',*,*,#1849,.F.);
#2440=ORIENTED_EDGE('',*,*,#1850,.F.);
#2441=ORIENTED_EDGE('',*,*,#1851,.T.);
#2442=ORIENTED_EDGE('',*,*,#1848,.T.);
#2443=ORIENTED_EDGE('',*,*,#1851,.F.);
#2444=ORIENTED_EDGE('',*,*,#1852,.F.);
#2445=ORIENTED_EDGE('',*,*,#1853,.T.);
#2446=ORIENTED_EDGE('',*,*,#1847,.T.);
#2447=ORIENTED_EDGE('',*,*,#1853,.F.);
#2448=ORIENTED_EDGE('',*,*,#1854,.F.);
#2449=ORIENTED_EDGE('',*,*,#1855,.T.);
#2450=ORIENTED_EDGE('',*,*,#1846,.T.);
#2451=ORIENTED_EDGE('',*,*,#1855,.F.);
#2452=ORIENTED_EDGE('',*,*,#1856,.F.);
#2453=ORIENTED_EDGE('',*,*,#1857,.T.);
#2454=ORIENTED_EDGE('',*,*,#1845,.T.);
#2455=ORIENTED_EDGE('',*,*,#1857,.F.);
#2456=ORIENTED_EDGE('',*,*,#1858,.F.);
#2457=ORIENTED_EDGE('',*,*,#1859,.T.);
#2458=ORIENTED_EDGE('',*,*,#1844,.T.);
#2459=ORIENTED_EDGE('',*,*,#1859,.F.);
#2460=ORIENTED_EDGE('',*,*,#1860,.F.);
#2461=ORIENTED_EDGE('',*,*,#1861,.T.);
#2462=ORIENTED_EDGE('',*,*,#1843,.T.);
#2463=ORIENTED_EDGE('',*,*,#1861,.F.);
#2464=ORIENTED_EDGE('',*,*,#1862,.F.);
#2465=ORIENTED_EDGE('',*,*,#1863,.T.);
#2466=ORIENTED_EDGE('',*,*,#1842,.T.);
#2467=ORIENTED_EDGE('',*,*,#1863,.F.);
#2468=ORIENTED_EDGE('',*,*,#1864,.F.);
#2469=ORIENTED_EDGE('',*,*,#1865,.T.);
#2470=ORIENTED_EDGE('',*,*,#1841,.T.);
#2471=ORIENTED_EDGE('',*,*,#1865,.F.);
#2472=ORIENTED_EDGE('',*,*,#1866,.F.);
#2473=ORIENTED_EDGE('',*,*,#1867,.T.);
#2474=ORIENTED_EDGE('',*,*,#1840,.T.);
#2475=ORIENTED_EDGE('',*,*,#1867,.F.);
#2476=ORIENTED_EDGE('',*,*,#1868,.F.);
#2477=ORIENTED_EDGE('',*,*,#1869,.T.);
#2478=ORIENTED_EDGE('',*,*,#1839,.T.);
#2479=ORIENTED_EDGE('',*,*,#1869,.F.);
#2480=ORIENTED_EDGE('',*,*,#1870,.F.);
#2481=ORIENTED_EDGE('',*,*,#1871,.T.);
#2482=ORIENTED_EDGE('',*,*,#1838,.T.);
#2483=ORIENTED_EDGE('',*,*,#1871,.F.);
#2484=ORIENTED_EDGE('',*,*,#1872,.F.);
#2485=ORIENTED_EDGE('',*,*,#1873,.T.);
#2486=ORIENTED_EDGE('',*,*,#1837,.T.);
#2487=ORIENTED_EDGE('',*,*,#1873,.F.);
#2488=ORIENTED_EDGE('',*,*,#1809,.T.);
#2489=ORIENTED_EDGE('',*,*,#1874,.T.);
#2490=ORIENTED_EDGE('',*,*,#1849,.T.);
#2491=ORIENTED_EDGE('',*,*,#1874,.F.);
#2492=ORIENTED_EDGE('',*,*,#1794,.T.);
#2493=ORIENTED_EDGE('',*,*,#1811,.F.);
#2494=ORIENTED_EDGE('',*,*,#1813,.F.);
#2495=ORIENTED_EDGE('',*,*,#1815,.F.);
#2496=ORIENTED_EDGE('',*,*,#1817,.F.);
#2497=ORIENTED_EDGE('',*,*,#1819,.F.);
#2498=ORIENTED_EDGE('',*,*,#1821,.F.);
#2499=ORIENTED_EDGE('',*,*,#1823,.F.);
#2500=ORIENTED_EDGE('',*,*,#1825,.F.);
#2501=ORIENTED_EDGE('',*,*,#1827,.F.);
#2502=ORIENTED_EDGE('',*,*,#1829,.F.);
#2503=ORIENTED_EDGE('',*,*,#1831,.F.);
#2504=ORIENTED_EDGE('',*,*,#1833,.F.);
#2505=ORIENTED_EDGE('',*,*,#1875,.F.);
#2506=ORIENTED_EDGE('',*,*,#1836,.F.);
#2507=ORIENTED_EDGE('',*,*,#1850,.T.);
#2508=ORIENTED_EDGE('',*,*,#1852,.T.);
#2509=ORIENTED_EDGE('',*,*,#1854,.T.);
#2510=ORIENTED_EDGE('',*,*,#1856,.T.);
#2511=ORIENTED_EDGE('',*,*,#1858,.T.);
#2512=ORIENTED_EDGE('',*,*,#1860,.T.);
#2513=ORIENTED_EDGE('',*,*,#1862,.T.);
#2514=ORIENTED_EDGE('',*,*,#1864,.T.);
#2515=ORIENTED_EDGE('',*,*,#1866,.T.);
#2516=ORIENTED_EDGE('',*,*,#1868,.T.);
#2517=ORIENTED_EDGE('',*,*,#1870,.T.);
#2518=ORIENTED_EDGE('',*,*,#1872,.T.);
#2519=ORIENTED_EDGE('',*,*,#1876,.T.);
#2520=ORIENTED_EDGE('',*,*,#1876,.F.);
#2521=ORIENTED_EDGE('',*,*,#1877,.T.);
#2522=ORIENTED_EDGE('',*,*,#1875,.T.);
#2523=ORIENTED_EDGE('',*,*,#1877,.F.);
#2524=ORIENTED_EDGE('',*,*,#1878,.F.);
#2525=ORIENTED_EDGE('',*,*,#1879,.T.);
#2526=ORIENTED_EDGE('',*,*,#1880,.T.);
#2527=ORIENTED_EDGE('',*,*,#1879,.F.);
#2528=ORIENTED_EDGE('',*,*,#1881,.F.);
#2529=ORIENTED_EDGE('',*,*,#1882,.T.);
#2530=ORIENTED_EDGE('',*,*,#1883,.T.);
#2531=ORIENTED_EDGE('',*,*,#1882,.F.);
#2532=ORIENTED_EDGE('',*,*,#1884,.F.);
#2533=ORIENTED_EDGE('',*,*,#1885,.T.);
#2534=ORIENTED_EDGE('',*,*,#1886,.T.);
#2535=ORIENTED_EDGE('',*,*,#1885,.F.);
#2536=ORIENTED_EDGE('',*,*,#1887,.F.);
#2537=ORIENTED_EDGE('',*,*,#1888,.T.);
#2538=ORIENTED_EDGE('',*,*,#1889,.T.);
#2539=ORIENTED_EDGE('',*,*,#1888,.F.);
#2540=ORIENTED_EDGE('',*,*,#1890,.F.);
#2541=ORIENTED_EDGE('',*,*,#1891,.T.);
#2542=ORIENTED_EDGE('',*,*,#1892,.T.);
#2543=ORIENTED_EDGE('',*,*,#1891,.F.);
#2544=ORIENTED_EDGE('',*,*,#1893,.F.);
#2545=ORIENTED_EDGE('',*,*,#1894,.T.);
#2546=ORIENTED_EDGE('',*,*,#1895,.T.);
#2547=ORIENTED_EDGE('',*,*,#1894,.F.);
#2548=ORIENTED_EDGE('',*,*,#1896,.F.);
#2549=ORIENTED_EDGE('',*,*,#1897,.T.);
#2550=ORIENTED_EDGE('',*,*,#1898,.T.);
#2551=ORIENTED_EDGE('',*,*,#1897,.F.);
#2552=ORIENTED_EDGE('',*,*,#1899,.F.);
#2553=ORIENTED_EDGE('',*,*,#1900,.T.);
#2554=ORIENTED_EDGE('',*,*,#1901,.T.);
#2555=ORIENTED_EDGE('',*,*,#1900,.F.);
#2556=ORIENTED_EDGE('',*,*,#1902,.F.);
#2557=ORIENTED_EDGE('',*,*,#1903,.T.);
#2558=ORIENTED_EDGE('',*,*,#1904,.T.);
#2559=ORIENTED_EDGE('',*,*,#1903,.F.);
#2560=ORIENTED_EDGE('',*,*,#1905,.F.);
#2561=ORIENTED_EDGE('',*,*,#1906,.T.);
#2562=ORIENTED_EDGE('',*,*,#1907,.T.);
#2563=ORIENTED_EDGE('',*,*,#1906,.F.);
#2564=ORIENTED_EDGE('',*,*,#1908,.F.);
#2565=ORIENTED_EDGE('',*,*,#1909,.T.);
#2566=ORIENTED_EDGE('',*,*,#1910,.T.);
#2567=ORIENTED_EDGE('',*,*,#1909,.F.);
#2568=ORIENTED_EDGE('',*,*,#1911,.F.);
#2569=ORIENTED_EDGE('',*,*,#1912,.T.);
#2570=ORIENTED_EDGE('',*,*,#1913,.T.);
#2571=ORIENTED_EDGE('',*,*,#1912,.F.);
#2572=ORIENTED_EDGE('',*,*,#1914,.F.);
#2573=ORIENTED_EDGE('',*,*,#1915,.T.);
#2574=ORIENTED_EDGE('',*,*,#1916,.T.);
#2575=ORIENTED_EDGE('',*,*,#1915,.F.);
#2576=ORIENTED_EDGE('',*,*,#1917,.F.);
#2577=ORIENTED_EDGE('',*,*,#1918,.T.);
#2578=ORIENTED_EDGE('',*,*,#1919,.T.);
#2579=ORIENTED_EDGE('',*,*,#1918,.F.);
#2580=ORIENTED_EDGE('',*,*,#1917,.T.);
#2581=ORIENTED_EDGE('',*,*,#1914,.T.);
#2582=ORIENTED_EDGE('',*,*,#1911,.T.);
#2583=ORIENTED_EDGE('',*,*,#1908,.T.);
#2584=ORIENTED_EDGE('',*,*,#1905,.T.);
#2585=ORIENTED_EDGE('',*,*,#1902,.T.);
#2586=ORIENTED_EDGE('',*,*,#1899,.T.);
#2587=ORIENTED_EDGE('',*,*,#1896,.T.);
#2588=ORIENTED_EDGE('',*,*,#1893,.T.);
#2589=ORIENTED_EDGE('',*,*,#1890,.T.);
#2590=ORIENTED_EDGE('',*,*,#1887,.T.);
#2591=ORIENTED_EDGE('',*,*,#1884,.T.);
#2592=ORIENTED_EDGE('',*,*,#1881,.T.);
#2593=ORIENTED_EDGE('',*,*,#1878,.T.);
#2594=ORIENTED_EDGE('',*,*,#1919,.F.);
#2595=ORIENTED_EDGE('',*,*,#1916,.F.);
#2596=ORIENTED_EDGE('',*,*,#1913,.F.);
#2597=ORIENTED_EDGE('',*,*,#1910,.F.);
#2598=ORIENTED_EDGE('',*,*,#1907,.F.);
#2599=ORIENTED_EDGE('',*,*,#1904,.F.);
#2600=ORIENTED_EDGE('',*,*,#1901,.F.);
#2601=ORIENTED_EDGE('',*,*,#1898,.F.);
#2602=ORIENTED_EDGE('',*,*,#1895,.F.);
#2603=ORIENTED_EDGE('',*,*,#1892,.F.);
#2604=ORIENTED_EDGE('',*,*,#1889,.F.);
#2605=ORIENTED_EDGE('',*,*,#1886,.F.);
#2606=ORIENTED_EDGE('',*,*,#1883,.F.);
#2607=ORIENTED_EDGE('',*,*,#1880,.F.);
#2608=ORIENTED_EDGE('',*,*,#1920,.T.);
#2609=ORIENTED_EDGE('',*,*,#1921,.T.);
#2610=ORIENTED_EDGE('',*,*,#1922,.T.);
#2611=ORIENTED_EDGE('',*,*,#1921,.F.);
#2612=ORIENTED_EDGE('',*,*,#1923,.T.);
#2613=ORIENTED_EDGE('',*,*,#1924,.F.);
#2614=ORIENTED_EDGE('',*,*,#1925,.T.);
#2615=ORIENTED_EDGE('',*,*,#1923,.F.);
#2616=ORIENTED_EDGE('',*,*,#1920,.F.);
#2617=ORIENTED_EDGE('',*,*,#1925,.F.);
#2618=ORIENTED_EDGE('',*,*,#1926,.T.);
#2619=ORIENTED_EDGE('',*,*,#1927,.T.);
#2620=ORIENTED_EDGE('',*,*,#1928,.T.);
#2621=ORIENTED_EDGE('',*,*,#1929,.T.);
#2622=ORIENTED_EDGE('',*,*,#1927,.F.);
#2623=ORIENTED_EDGE('',*,*,#1929,.F.);
#2624=ORIENTED_EDGE('',*,*,#1930,.T.);
#2625=ORIENTED_EDGE('',*,*,#1931,.T.);
#2626=ORIENTED_EDGE('',*,*,#1930,.F.);
#2627=ORIENTED_EDGE('',*,*,#1928,.F.);
#2628=ORIENTED_EDGE('',*,*,#1932,.F.);
#2629=ORIENTED_EDGE('',*,*,#1933,.F.);
#2630=ORIENTED_EDGE('',*,*,#1934,.T.);
#2631=ORIENTED_EDGE('',*,*,#1935,.T.);
#2632=ORIENTED_EDGE('',*,*,#1936,.T.);
#2633=ORIENTED_EDGE('',*,*,#1934,.F.);
#2634=ORIENTED_EDGE('',*,*,#1937,.F.);
#2635=ORIENTED_EDGE('',*,*,#1938,.T.);
#2636=ORIENTED_EDGE('',*,*,#1932,.T.);
#2637=ORIENTED_EDGE('',*,*,#1933,.T.);
#2638=ORIENTED_EDGE('',*,*,#1938,.F.);
#2639=ORIENTED_EDGE('',*,*,#1931,.F.);
#2640=ORIENTED_EDGE('',*,*,#1937,.T.);
#2641=ORIENTED_EDGE('',*,*,#1922,.F.);
#2642=ORIENTED_EDGE('',*,*,#1939,.T.);
#2643=ORIENTED_EDGE('',*,*,#1926,.F.);
#2644=ORIENTED_EDGE('',*,*,#1939,.F.);
#2645=ORIENTED_EDGE('',*,*,#1924,.T.);
#2646=ORIENTED_EDGE('',*,*,#1940,.F.);
#2647=ORIENTED_EDGE('',*,*,#1936,.F.);
#2648=ORIENTED_EDGE('',*,*,#1941,.T.);
#2649=ORIENTED_EDGE('',*,*,#1940,.T.);
#2650=ORIENTED_EDGE('',*,*,#1941,.F.);
#2651=ORIENTED_EDGE('',*,*,#1935,.F.);
#2652=ORIENTED_EDGE('',*,*,#1942,.T.);
#2653=ORIENTED_EDGE('',*,*,#1943,.T.);
#2654=ORIENTED_EDGE('',*,*,#1944,.F.);
#2655=ORIENTED_EDGE('',*,*,#1943,.F.);
#2656=ORIENTED_EDGE('',*,*,#1945,.T.);
#2657=ORIENTED_EDGE('',*,*,#1946,.T.);
#2658=ORIENTED_EDGE('',*,*,#1947,.F.);
#2659=ORIENTED_EDGE('',*,*,#1946,.F.);
#2660=ORIENTED_EDGE('',*,*,#1948,.T.);
#2661=ORIENTED_EDGE('',*,*,#1949,.T.);
#2662=ORIENTED_EDGE('',*,*,#1950,.F.);
#2663=ORIENTED_EDGE('',*,*,#1949,.F.);
#2664=ORIENTED_EDGE('',*,*,#1951,.T.);
#2665=ORIENTED_EDGE('',*,*,#1952,.T.);
#2666=ORIENTED_EDGE('',*,*,#1953,.F.);
#2667=ORIENTED_EDGE('',*,*,#1952,.F.);
#2668=ORIENTED_EDGE('',*,*,#1954,.T.);
#2669=ORIENTED_EDGE('',*,*,#1955,.T.);
#2670=ORIENTED_EDGE('',*,*,#1956,.F.);
#2671=ORIENTED_EDGE('',*,*,#1955,.F.);
#2672=ORIENTED_EDGE('',*,*,#1957,.T.);
#2673=ORIENTED_EDGE('',*,*,#1958,.T.);
#2674=ORIENTED_EDGE('',*,*,#1959,.F.);
#2675=ORIENTED_EDGE('',*,*,#1958,.F.);
#2676=ORIENTED_EDGE('',*,*,#1960,.T.);
#2677=ORIENTED_EDGE('',*,*,#1961,.T.);
#2678=ORIENTED_EDGE('',*,*,#1962,.F.);
#2679=ORIENTED_EDGE('',*,*,#1961,.F.);
#2680=ORIENTED_EDGE('',*,*,#1963,.T.);
#2681=ORIENTED_EDGE('',*,*,#1964,.T.);
#2682=ORIENTED_EDGE('',*,*,#1965,.F.);
#2683=ORIENTED_EDGE('',*,*,#1964,.F.);
#2684=ORIENTED_EDGE('',*,*,#1966,.T.);
#2685=ORIENTED_EDGE('',*,*,#1967,.T.);
#2686=ORIENTED_EDGE('',*,*,#1968,.F.);
#2687=ORIENTED_EDGE('',*,*,#1967,.F.);
#2688=ORIENTED_EDGE('',*,*,#1969,.T.);
#2689=ORIENTED_EDGE('',*,*,#1970,.T.);
#2690=ORIENTED_EDGE('',*,*,#1971,.F.);
#2691=ORIENTED_EDGE('',*,*,#1970,.F.);
#2692=ORIENTED_EDGE('',*,*,#1972,.T.);
#2693=ORIENTED_EDGE('',*,*,#1973,.T.);
#2694=ORIENTED_EDGE('',*,*,#1974,.F.);
#2695=ORIENTED_EDGE('',*,*,#1973,.F.);
#2696=ORIENTED_EDGE('',*,*,#1975,.T.);
#2697=ORIENTED_EDGE('',*,*,#1976,.T.);
#2698=ORIENTED_EDGE('',*,*,#1977,.F.);
#2699=ORIENTED_EDGE('',*,*,#1976,.F.);
#2700=ORIENTED_EDGE('',*,*,#1978,.T.);
#2701=ORIENTED_EDGE('',*,*,#1979,.T.);
#2702=ORIENTED_EDGE('',*,*,#1980,.F.);
#2703=ORIENTED_EDGE('',*,*,#1979,.F.);
#2704=ORIENTED_EDGE('',*,*,#1981,.T.);
#2705=ORIENTED_EDGE('',*,*,#1982,.T.);
#2706=ORIENTED_EDGE('',*,*,#1983,.F.);
#2707=ORIENTED_EDGE('',*,*,#1982,.F.);
#2708=ORIENTED_EDGE('',*,*,#1981,.F.);
#2709=ORIENTED_EDGE('',*,*,#1978,.F.);
#2710=ORIENTED_EDGE('',*,*,#1975,.F.);
#2711=ORIENTED_EDGE('',*,*,#1972,.F.);
#2712=ORIENTED_EDGE('',*,*,#1969,.F.);
#2713=ORIENTED_EDGE('',*,*,#1966,.F.);
#2714=ORIENTED_EDGE('',*,*,#1963,.F.);
#2715=ORIENTED_EDGE('',*,*,#1960,.F.);
#2716=ORIENTED_EDGE('',*,*,#1957,.F.);
#2717=ORIENTED_EDGE('',*,*,#1954,.F.);
#2718=ORIENTED_EDGE('',*,*,#1951,.F.);
#2719=ORIENTED_EDGE('',*,*,#1948,.F.);
#2720=ORIENTED_EDGE('',*,*,#1945,.F.);
#2721=ORIENTED_EDGE('',*,*,#1942,.F.);
#2722=ORIENTED_EDGE('',*,*,#1983,.T.);
#2723=ORIENTED_EDGE('',*,*,#1980,.T.);
#2724=ORIENTED_EDGE('',*,*,#1977,.T.);
#2725=ORIENTED_EDGE('',*,*,#1974,.T.);
#2726=ORIENTED_EDGE('',*,*,#1971,.T.);
#2727=ORIENTED_EDGE('',*,*,#1968,.T.);
#2728=ORIENTED_EDGE('',*,*,#1965,.T.);
#2729=ORIENTED_EDGE('',*,*,#1962,.T.);
#2730=ORIENTED_EDGE('',*,*,#1959,.T.);
#2731=ORIENTED_EDGE('',*,*,#1956,.T.);
#2732=ORIENTED_EDGE('',*,*,#1953,.T.);
#2733=ORIENTED_EDGE('',*,*,#1950,.T.);
#2734=ORIENTED_EDGE('',*,*,#1947,.T.);
#2735=ORIENTED_EDGE('',*,*,#1944,.T.);
#2736=ORIENTED_EDGE('',*,*,#1984,.F.);
#2737=ORIENTED_EDGE('',*,*,#1985,.F.);
#2738=ORIENTED_EDGE('',*,*,#1986,.T.);
#2739=ORIENTED_EDGE('',*,*,#1987,.F.);
#2740=ORIENTED_EDGE('',*,*,#1986,.F.);
#2741=ORIENTED_EDGE('',*,*,#1988,.T.);
#2742=ORIENTED_EDGE('',*,*,#1989,.T.);
#2743=ORIENTED_EDGE('',*,*,#1984,.T.);
#2744=ORIENTED_EDGE('',*,*,#1985,.T.);
#2745=ORIENTED_EDGE('',*,*,#1989,.F.);
#2746=ORIENTED_EDGE('',*,*,#1990,.F.);
#2747=ORIENTED_EDGE('',*,*,#1991,.T.);
#2748=ORIENTED_EDGE('',*,*,#1992,.F.);
#2749=ORIENTED_EDGE('',*,*,#1993,.F.);
#2750=ORIENTED_EDGE('',*,*,#1991,.F.);
#2751=ORIENTED_EDGE('',*,*,#1992,.T.);
#2752=ORIENTED_EDGE('',*,*,#1993,.T.);
#2753=ORIENTED_EDGE('',*,*,#1994,.T.);
#2754=ORIENTED_EDGE('',*,*,#1995,.F.);
#2755=ORIENTED_EDGE('',*,*,#1994,.F.);
#2756=ORIENTED_EDGE('',*,*,#1996,.T.);
#2757=ORIENTED_EDGE('',*,*,#1997,.T.);
#2758=ORIENTED_EDGE('',*,*,#1998,.F.);
#2759=ORIENTED_EDGE('',*,*,#1999,.F.);
#2760=ORIENTED_EDGE('',*,*,#1997,.F.);
#2761=ORIENTED_EDGE('',*,*,#2000,.T.);
#2762=ORIENTED_EDGE('',*,*,#2001,.T.);
#2763=ORIENTED_EDGE('',*,*,#2002,.T.);
#2764=ORIENTED_EDGE('',*,*,#2000,.F.);
#2765=ORIENTED_EDGE('',*,*,#1996,.F.);
#2766=ORIENTED_EDGE('',*,*,#2002,.F.);
#2767=ORIENTED_EDGE('',*,*,#1995,.T.);
#2768=ORIENTED_EDGE('',*,*,#2001,.F.);
#2769=ORIENTED_EDGE('',*,*,#1987,.T.);
#2770=ORIENTED_EDGE('',*,*,#2003,.T.);
#2771=ORIENTED_EDGE('',*,*,#1990,.T.);
#2772=ORIENTED_EDGE('',*,*,#2003,.F.);
#2773=ORIENTED_EDGE('',*,*,#1988,.F.);
#2774=ORIENTED_EDGE('',*,*,#2004,.T.);
#2775=ORIENTED_EDGE('',*,*,#1998,.T.);
#2776=ORIENTED_EDGE('',*,*,#1999,.T.);
#2777=ORIENTED_EDGE('',*,*,#2005,.T.);
#2778=ORIENTED_EDGE('',*,*,#2004,.F.);
#2779=ORIENTED_EDGE('',*,*,#2005,.F.);
#2780=PLANE('',#3140);
#2781=PLANE('',#3146);
#2782=PLANE('',#3150);
#2783=PLANE('',#3159);
#2784=PLANE('',#3160);
#2785=PLANE('',#3170);
#2786=PLANE('',#3179);
#2787=PLANE('',#3193);
#2788=PLANE('',#3194);
#2789=PLANE('',#3195);
#2790=PLANE('',#3196);
#2791=PLANE('',#3197);
#2792=PLANE('',#3198);
#2793=PLANE('',#3199);
#2794=PLANE('',#3200);
#2795=PLANE('',#3201);
#2796=PLANE('',#3202);
#2797=PLANE('',#3203);
#2798=PLANE('',#3204);
#2799=PLANE('',#3206);
#2800=PLANE('',#3207);
#2801=PLANE('',#3208);
#2802=PLANE('',#3209);
#2803=PLANE('',#3210);
#2804=PLANE('',#3211);
#2805=PLANE('',#3212);
#2806=PLANE('',#3213);
#2807=PLANE('',#3214);
#2808=PLANE('',#3221);
#2809=PLANE('',#3222);
#2810=PLANE('',#3227);
#2811=PLANE('',#3250);
#2812=PLANE('',#3253);
#2813=PLANE('',#3265);
#2814=PLANE('',#3274);
#2815=PLANE('',#3284);
#2816=PLANE('',#3325);
#2817=PLANE('',#3364);
#2818=PLANE('',#3366);
#2819=PLANE('',#3413);
#2820=PLANE('',#3414);
#2821=PLANE('',#3438);
#2822=PLANE('',#3441);
#2823=PLANE('',#3487);
#2824=PLANE('',#3488);
#2825=PLANE('',#3512);
#2826=PLANE('',#3515);
#2827=ADVANCED_FACE('',(#696),#2780,.T.);
#2828=ADVANCED_FACE('',(#697),#611,.T.);
#2829=ADVANCED_FACE('',(#698),#294,.T.);
#2830=ADVANCED_FACE('',(#699,#169),#2781,.T.);
#2831=ADVANCED_FACE('',(#700),#612,.T.);
#2832=ADVANCED_FACE('',(#701),#2782,.T.);
#2833=ADVANCED_FACE('',(#702),#613,.F.);
#2834=ADVANCED_FACE('',(#703),#614,.T.);
#2835=ADVANCED_FACE('',(#704,#170),#2783,.T.);
#2836=ADVANCED_FACE('',(#705,#171),#2784,.F.);
#2837=ADVANCED_FACE('',(#706),#615,.F.);
#2838=ADVANCED_FACE('',(#707),#616,.T.);
#2839=ADVANCED_FACE('',(#708,#172),#2785,.T.);
#2840=ADVANCED_FACE('',(#709),#617,.F.);
#2841=ADVANCED_FACE('',(#710),#618,.T.);
#2842=ADVANCED_FACE('',(#711,#173),#2786,.F.);
#2843=ADVANCED_FACE('',(#712),#41,.F.);
#2844=ADVANCED_FACE('',(#713),#42,.T.);
#2845=ADVANCED_FACE('',(#714),#619,.F.);
#2846=ADVANCED_FACE('',(#715),#620,.T.);
#2847=ADVANCED_FACE('',(#716,#174),#2787,.T.);
#2848=ADVANCED_FACE('',(#717),#11,.F.);
#2849=ADVANCED_FACE('',(#718),#12,.F.);
#2850=ADVANCED_FACE('',(#719),#13,.F.);
#2851=ADVANCED_FACE('',(#720),#14,.F.);
#2852=ADVANCED_FACE('',(#721,#175),#2788,.T.);
#2853=ADVANCED_FACE('',(#722),#15,.F.);
#2854=ADVANCED_FACE('',(#723),#16,.F.);
#2855=ADVANCED_FACE('',(#724),#17,.F.);
#2856=ADVANCED_FACE('',(#725),#18,.F.);
#2857=ADVANCED_FACE('',(#726),#2789,.T.);
#2858=ADVANCED_FACE('',(#727),#2790,.T.);
#2859=ADVANCED_FACE('',(#728),#2791,.T.);
#2860=ADVANCED_FACE('',(#729),#2792,.T.);
#2861=ADVANCED_FACE('',(#730),#2793,.T.);
#2862=ADVANCED_FACE('',(#731),#2794,.T.);
#2863=ADVANCED_FACE('',(#732),#2795,.T.);
#2864=ADVANCED_FACE('',(#733),#2796,.T.);
#2865=ADVANCED_FACE('',(#734,#176),#2797,.T.);
#2866=ADVANCED_FACE('',(#735,#177),#2798,.T.);
#2867=ADVANCED_FACE('',(#736),#2799,.T.);
#2868=ADVANCED_FACE('',(#737),#2800,.T.);
#2869=ADVANCED_FACE('',(#738),#2801,.T.);
#2870=ADVANCED_FACE('',(#739),#2802,.T.);
#2871=ADVANCED_FACE('',(#740),#2803,.T.);
#2872=ADVANCED_FACE('',(#741),#2804,.T.);
#2873=ADVANCED_FACE('',(#742),#2805,.T.);
#2874=ADVANCED_FACE('',(#743),#2806,.T.);
#2875=ADVANCED_FACE('',(#744,#178),#2807,.T.);
#2876=ADVANCED_FACE('',(#745),#621,.F.);
#2877=ADVANCED_FACE('',(#746),#622,.T.);
#2878=ADVANCED_FACE('',(#747,#179),#2808,.T.);
#2879=ADVANCED_FACE('',(#748),#19,.T.);
#2880=ADVANCED_FACE('',(#749),#20,.T.);
#2881=ADVANCED_FACE('',(#750),#21,.T.);
#2882=ADVANCED_FACE('',(#751),#22,.T.);
#2883=ADVANCED_FACE('',(#752,#180),#2809,.F.);
#2884=ADVANCED_FACE('',(#753),#23,.F.);
#2885=ADVANCED_FACE('',(#754),#24,.F.);
#2886=ADVANCED_FACE('',(#755),#25,.F.);
#2887=ADVANCED_FACE('',(#756),#26,.F.);
#2888=ADVANCED_FACE('',(#757),#623,.T.);
#2889=ADVANCED_FACE('',(#758,#181),#2810,.T.);
#2890=ADVANCED_FACE('',(#759),#43,.F.);
#2891=ADVANCED_FACE('',(#760),#624,.T.);
#2892=ADVANCED_FACE('',(#761),#44,.F.);
#2893=ADVANCED_FACE('',(#762),#625,.T.);
#2894=ADVANCED_FACE('',(#763),#45,.F.);
#2895=ADVANCED_FACE('',(#764),#626,.F.);
#2896=ADVANCED_FACE('',(#765,#182),#2811,.T.);
#2897=ADVANCED_FACE('',(#766),#46,.T.);
#2898=ADVANCED_FACE('',(#767,#183),#2812,.T.);
#2899=ADVANCED_FACE('',(#768),#627,.F.);
#2900=ADVANCED_FACE('',(#769),#628,.F.);
#2901=ADVANCED_FACE('',(#770),#629,.T.);
#2902=ADVANCED_FACE('',(#771,#184),#2813,.F.);
#2903=ADVANCED_FACE('',(#772),#630,.F.);
#2904=ADVANCED_FACE('',(#773),#631,.T.);
#2905=ADVANCED_FACE('',(#774,#185),#2814,.T.);
#2906=ADVANCED_FACE('',(#775),#47,.F.);
#2907=ADVANCED_FACE('',(#776),#48,.T.);
#2908=ADVANCED_FACE('',(#777),#632,.T.);
#2909=ADVANCED_FACE('',(#778,#186,#187,#188,#189,#190,#191,#192,#193,#194,
#195,#196,#197,#198),#2815,.F.);
#2910=ADVANCED_FACE('',(#779),#633,.F.);
#2911=ADVANCED_FACE('',(#780),#634,.F.);
#2912=ADVANCED_FACE('',(#781),#635,.F.);
#2913=ADVANCED_FACE('',(#782),#636,.F.);
#2914=ADVANCED_FACE('',(#783),#637,.F.);
#2915=ADVANCED_FACE('',(#784),#638,.F.);
#2916=ADVANCED_FACE('',(#785),#639,.F.);
#2917=ADVANCED_FACE('',(#786),#640,.F.);
#2918=ADVANCED_FACE('',(#787),#641,.F.);
#2919=ADVANCED_FACE('',(#788),#642,.F.);
#2920=ADVANCED_FACE('',(#789),#643,.F.);
#2921=ADVANCED_FACE('',(#790),#644,.F.);
#2922=ADVANCED_FACE('',(#791),#645,.T.);
#2923=ADVANCED_FACE('',(#792,#199,#200,#201,#202,#203,#204,#205,#206,#207,
#208,#209,#210,#211),#2816,.T.);
#2924=ADVANCED_FACE('',(#793),#646,.F.);
#2925=ADVANCED_FACE('',(#794),#647,.F.);
#2926=ADVANCED_FACE('',(#795),#648,.F.);
#2927=ADVANCED_FACE('',(#796),#649,.F.);
#2928=ADVANCED_FACE('',(#797),#650,.F.);
#2929=ADVANCED_FACE('',(#798),#651,.F.);
#2930=ADVANCED_FACE('',(#799),#652,.F.);
#2931=ADVANCED_FACE('',(#800),#653,.F.);
#2932=ADVANCED_FACE('',(#801),#654,.F.);
#2933=ADVANCED_FACE('',(#802),#655,.F.);
#2934=ADVANCED_FACE('',(#803),#656,.F.);
#2935=ADVANCED_FACE('',(#804),#657,.F.);
#2936=ADVANCED_FACE('',(#805),#658,.T.);
#2937=ADVANCED_FACE('',(#806,#212,#213,#214,#215,#216,#217,#218,#219,#220,
#221,#222,#223,#224),#2817,.T.);
#2938=ADVANCED_FACE('',(#807,#225,#226,#227,#228,#229,#230,#231,#232,#233,
#234,#235,#236,#237),#2818,.F.);
#2939=ADVANCED_FACE('',(#808),#659,.F.);
#2940=ADVANCED_FACE('',(#809),#660,.F.);
#2941=ADVANCED_FACE('',(#810),#661,.F.);
#2942=ADVANCED_FACE('',(#811),#662,.F.);
#2943=ADVANCED_FACE('',(#812),#663,.F.);
#2944=ADVANCED_FACE('',(#813),#664,.F.);
#2945=ADVANCED_FACE('',(#814),#665,.F.);
#2946=ADVANCED_FACE('',(#815),#666,.F.);
#2947=ADVANCED_FACE('',(#816),#667,.F.);
#2948=ADVANCED_FACE('',(#817),#668,.F.);
#2949=ADVANCED_FACE('',(#818),#669,.F.);
#2950=ADVANCED_FACE('',(#819),#670,.F.);
#2951=ADVANCED_FACE('',(#820),#671,.F.);
#2952=ADVANCED_FACE('',(#821),#672,.F.);
#2953=ADVANCED_FACE('',(#822),#673,.T.);
#2954=ADVANCED_FACE('',(#823,#238,#239,#240,#241,#242,#243,#244,#245,#246,
#247,#248,#249,#250),#2819,.T.);
#2955=ADVANCED_FACE('',(#824,#251,#252,#253,#254,#255,#256,#257,#258,#259,
#260,#261,#262,#263),#2820,.F.);
#2956=ADVANCED_FACE('',(#825),#49,.F.);
#2957=ADVANCED_FACE('',(#826),#674,.T.);
#2958=ADVANCED_FACE('',(#827),#50,.F.);
#2959=ADVANCED_FACE('',(#828),#675,.T.);
#2960=ADVANCED_FACE('',(#829),#51,.F.);
#2961=ADVANCED_FACE('',(#830),#676,.F.);
#2962=ADVANCED_FACE('',(#831,#264),#2821,.T.);
#2963=ADVANCED_FACE('',(#832),#52,.T.);
#2964=ADVANCED_FACE('',(#833,#265),#2822,.T.);
#2965=ADVANCED_FACE('',(#834),#677,.F.);
#2966=ADVANCED_FACE('',(#835),#678,.F.);
#2967=ADVANCED_FACE('',(#836),#679,.F.);
#2968=ADVANCED_FACE('',(#837),#680,.F.);
#2969=ADVANCED_FACE('',(#838),#681,.F.);
#2970=ADVANCED_FACE('',(#839),#682,.F.);
#2971=ADVANCED_FACE('',(#840),#683,.F.);
#2972=ADVANCED_FACE('',(#841),#684,.F.);
#2973=ADVANCED_FACE('',(#842),#685,.F.);
#2974=ADVANCED_FACE('',(#843),#686,.F.);
#2975=ADVANCED_FACE('',(#844),#687,.F.);
#2976=ADVANCED_FACE('',(#845),#688,.F.);
#2977=ADVANCED_FACE('',(#846),#689,.F.);
#2978=ADVANCED_FACE('',(#847),#690,.F.);
#2979=ADVANCED_FACE('',(#848),#691,.T.);
#2980=ADVANCED_FACE('',(#849,#266,#267,#268,#269,#270,#271,#272,#273,#274,
#275,#276,#277,#278),#2823,.F.);
#2981=ADVANCED_FACE('',(#850,#279,#280,#281,#282,#283,#284,#285,#286,#287,
#288,#289,#290,#291),#2824,.T.);
#2982=ADVANCED_FACE('',(#851),#53,.F.);
#2983=ADVANCED_FACE('',(#852),#692,.T.);
#2984=ADVANCED_FACE('',(#853),#54,.F.);
#2985=ADVANCED_FACE('',(#854),#693,.T.);
#2986=ADVANCED_FACE('',(#855),#55,.F.);
#2987=ADVANCED_FACE('',(#856),#694,.F.);
#2988=ADVANCED_FACE('',(#857,#292),#2825,.F.);
#2989=ADVANCED_FACE('',(#858),#56,.T.);
#2990=ADVANCED_FACE('',(#859,#293),#2826,.F.);
#2991=ADVANCED_FACE('',(#860),#695,.F.);
#2992=CLOSED_SHELL('',(#2827,#2828,#2829,#2830,#2831,#2832));
#2993=CLOSED_SHELL('',(#2833,#2834,#2835,#2836));
#2994=CLOSED_SHELL('',(#2837,#2838,#2839,#2840,#2841,#2842,#2843,#2844));
#2995=CLOSED_SHELL('',(#2845,#2846,#2847,#2848,#2849,#2850,#2851,#2852,
#2853,#2854,#2855,#2856,#2857,#2858,#2859,#2860,#2861,#2862,#2863,#2864,
#2865,#2866));
#2996=CLOSED_SHELL('',(#2867,#2868,#2869,#2870,#2871,#2872,#2873,#2874,
#2875,#2876,#2877,#2878,#2879,#2880,#2881,#2882,#2883,#2884,#2885,#2886,
#2887));
#2997=CLOSED_SHELL('',(#2888,#2889,#2890,#2891,#2892,#2893,#2894,#2895,
#2896,#2897,#2898,#2899));
#2998=CLOSED_SHELL('',(#2900,#2901,#2902,#2903,#2904,#2905,#2906,#2907));
#2999=CLOSED_SHELL('',(#2908,#2909,#2910,#2911,#2912,#2913,#2914,#2915,
#2916,#2917,#2918,#2919,#2920,#2921,#2922,#2923,#2924,#2925,#2926,#2927,
#2928,#2929,#2930,#2931,#2932,#2933,#2934,#2935,#2936,#2937,#2938,#2939));
#3000=CLOSED_SHELL('',(#2940,#2941,#2942,#2943,#2944,#2945,#2946,#2947,
#2948,#2949,#2950,#2951,#2952,#2953,#2954,#2955));
#3001=CLOSED_SHELL('',(#2956,#2957,#2958,#2959,#2960,#2961,#2962,#2963,
#2964,#2965));
#3002=CLOSED_SHELL('',(#2966,#2967,#2968,#2969,#2970,#2971,#2972,#2973,
#2974,#2975,#2976,#2977,#2978,#2979,#2980,#2981));
#3003=CLOSED_SHELL('',(#2982,#2983,#2984,#2985,#2986,#2987,#2988,#2989,
#2990,#2991));
#3004=DERIVED_UNIT_ELEMENT(#3028,1.);
#3005=DERIVED_UNIT_ELEMENT(#6381,-3.);
#3006=DERIVED_UNIT_ELEMENT(#3028,1.);
#3007=DERIVED_UNIT_ELEMENT(#6381,-3.);
#3008=DERIVED_UNIT_ELEMENT(#3028,1.);
#3009=DERIVED_UNIT_ELEMENT(#6381,-3.);
#3010=DERIVED_UNIT_ELEMENT(#3028,1.);
#3011=DERIVED_UNIT_ELEMENT(#6381,-3.);
#3012=DERIVED_UNIT_ELEMENT(#3028,1.);
#3013=DERIVED_UNIT_ELEMENT(#6381,-3.);
#3014=DERIVED_UNIT_ELEMENT(#3028,1.);
#3015=DERIVED_UNIT_ELEMENT(#6381,-3.);
#3016=DERIVED_UNIT_ELEMENT(#3028,1.);
#3017=DERIVED_UNIT_ELEMENT(#6381,-3.);
#3018=DERIVED_UNIT_ELEMENT(#3028,1.);
#3019=DERIVED_UNIT_ELEMENT(#6381,-3.);
#3020=DERIVED_UNIT_ELEMENT(#3028,1.);
#3021=DERIVED_UNIT_ELEMENT(#6381,-3.);
#3022=DERIVED_UNIT_ELEMENT(#3028,1.);
#3023=DERIVED_UNIT_ELEMENT(#6381,-3.);
#3024=DERIVED_UNIT_ELEMENT(#3028,1.);
#3025=DERIVED_UNIT_ELEMENT(#6381,-3.);
#3026=DERIVED_UNIT_ELEMENT(#3028,1.);
#3027=DERIVED_UNIT_ELEMENT(#6381,-3.);
#3028=(
MASS_UNIT()
NAMED_UNIT(*)
SI_UNIT(.KILO.,.GRAM.)
);
#3029=DERIVED_UNIT((#3004,#3005));
#3030=DERIVED_UNIT((#3006,#3007));
#3031=DERIVED_UNIT((#3008,#3009));
#3032=DERIVED_UNIT((#3010,#3011));
#3033=DERIVED_UNIT((#3012,#3013));
#3034=DERIVED_UNIT((#3014,#3015));
#3035=DERIVED_UNIT((#3016,#3017));
#3036=DERIVED_UNIT((#3018,#3019));
#3037=DERIVED_UNIT((#3020,#3021));
#3038=DERIVED_UNIT((#3022,#3023));
#3039=DERIVED_UNIT((#3024,#3025));
#3040=DERIVED_UNIT((#3026,#3027));
#3041=MEASURE_REPRESENTATION_ITEM('density measure',
POSITIVE_RATIO_MEASURE(7850.),#3029);
#3042=MEASURE_REPRESENTATION_ITEM('density measure',
POSITIVE_RATIO_MEASURE(7850.),#3030);
#3043=MEASURE_REPRESENTATION_ITEM('density measure',
POSITIVE_RATIO_MEASURE(7850.),#3031);
#3044=MEASURE_REPRESENTATION_ITEM('density measure',
POSITIVE_RATIO_MEASURE(7850.),#3032);
#3045=MEASURE_REPRESENTATION_ITEM('density measure',
POSITIVE_RATIO_MEASURE(7850.),#3033);
#3046=MEASURE_REPRESENTATION_ITEM('density measure',
POSITIVE_RATIO_MEASURE(7850.),#3034);
#3047=MEASURE_REPRESENTATION_ITEM('density measure',
POSITIVE_RATIO_MEASURE(7850.),#3035);
#3048=MEASURE_REPRESENTATION_ITEM('density measure',
POSITIVE_RATIO_MEASURE(7850.),#3036);
#3049=MEASURE_REPRESENTATION_ITEM('density measure',
POSITIVE_RATIO_MEASURE(7850.),#3037);
#3050=MEASURE_REPRESENTATION_ITEM('density measure',
POSITIVE_RATIO_MEASURE(7850.),#3038);
#3051=MEASURE_REPRESENTATION_ITEM('density measure',
POSITIVE_RATIO_MEASURE(7850.),#3039);
#3052=MEASURE_REPRESENTATION_ITEM('density measure',
POSITIVE_RATIO_MEASURE(7850.),#3040);
#3053=PROPERTY_DEFINITION_REPRESENTATION(#3113,#3077);
#3054=PROPERTY_DEFINITION_REPRESENTATION(#3114,#3078);
#3055=PROPERTY_DEFINITION_REPRESENTATION(#3115,#3079);
#3056=PROPERTY_DEFINITION_REPRESENTATION(#3116,#3080);
#3057=PROPERTY_DEFINITION_REPRESENTATION(#3117,#3081);
#3058=PROPERTY_DEFINITION_REPRESENTATION(#3118,#3082);
#3059=PROPERTY_DEFINITION_REPRESENTATION(#3119,#3083);
#3060=PROPERTY_DEFINITION_REPRESENTATION(#3120,#3084);
#3061=PROPERTY_DEFINITION_REPRESENTATION(#3121,#3085);
#3062=PROPERTY_DEFINITION_REPRESENTATION(#3122,#3086);
#3063=PROPERTY_DEFINITION_REPRESENTATION(#3123,#3087);
#3064=PROPERTY_DEFINITION_REPRESENTATION(#3124,#3088);
#3065=PROPERTY_DEFINITION_REPRESENTATION(#3125,#3089);
#3066=PROPERTY_DEFINITION_REPRESENTATION(#3126,#3090);
#3067=PROPERTY_DEFINITION_REPRESENTATION(#3127,#3091);
#3068=PROPERTY_DEFINITION_REPRESENTATION(#3128,#3092);
#3069=PROPERTY_DEFINITION_REPRESENTATION(#3129,#3093);
#3070=PROPERTY_DEFINITION_REPRESENTATION(#3130,#3094);
#3071=PROPERTY_DEFINITION_REPRESENTATION(#3131,#3095);
#3072=PROPERTY_DEFINITION_REPRESENTATION(#3132,#3096);
#3073=PROPERTY_DEFINITION_REPRESENTATION(#3133,#3097);
#3074=PROPERTY_DEFINITION_REPRESENTATION(#3134,#3098);
#3075=PROPERTY_DEFINITION_REPRESENTATION(#3135,#3099);
#3076=PROPERTY_DEFINITION_REPRESENTATION(#3136,#3100);
#3077=REPRESENTATION('material name',(#3101),#6366);
#3078=REPRESENTATION('density',(#3041),#6366);
#3079=REPRESENTATION('material name',(#3102),#6367);
#3080=REPRESENTATION('density',(#3042),#6367);
#3081=REPRESENTATION('material name',(#3103),#6368);
#3082=REPRESENTATION('density',(#3043),#6368);
#3083=REPRESENTATION('material name',(#3104),#6369);
#3084=REPRESENTATION('density',(#3044),#6369);
#3085=REPRESENTATION('material name',(#3105),#6370);
#3086=REPRESENTATION('density',(#3045),#6370);
#3087=REPRESENTATION('material name',(#3106),#6371);
#3088=REPRESENTATION('density',(#3046),#6371);
#3089=REPRESENTATION('material name',(#3107),#6372);
#3090=REPRESENTATION('density',(#3047),#6372);
#3091=REPRESENTATION('material name',(#3108),#6374);
#3092=REPRESENTATION('density',(#3048),#6374);
#3093=REPRESENTATION('material name',(#3109),#6375);
#3094=REPRESENTATION('density',(#3049),#6375);
#3095=REPRESENTATION('material name',(#3110),#6376);
#3096=REPRESENTATION('density',(#3050),#6376);
#3097=REPRESENTATION('material name',(#3111),#6377);
#3098=REPRESENTATION('density',(#3051),#6377);
#3099=REPRESENTATION('material name',(#3112),#6378);
#3100=REPRESENTATION('density',(#3052),#6378);
#3101=DESCRIPTIVE_REPRESENTATION_ITEM('Steel','Steel');
#3102=DESCRIPTIVE_REPRESENTATION_ITEM('Steel','Steel');
#3103=DESCRIPTIVE_REPRESENTATION_ITEM('Steel','Steel');
#3104=DESCRIPTIVE_REPRESENTATION_ITEM('Steel','Steel');
#3105=DESCRIPTIVE_REPRESENTATION_ITEM('Steel','Steel');
#3106=DESCRIPTIVE_REPRESENTATION_ITEM('Steel','Steel');
#3107=DESCRIPTIVE_REPRESENTATION_ITEM('Steel','Steel');
#3108=DESCRIPTIVE_REPRESENTATION_ITEM('Steel','Steel');
#3109=DESCRIPTIVE_REPRESENTATION_ITEM('Steel','Steel');
#3110=DESCRIPTIVE_REPRESENTATION_ITEM('Steel','Steel');
#3111=DESCRIPTIVE_REPRESENTATION_ITEM('Steel','Steel');
#3112=DESCRIPTIVE_REPRESENTATION_ITEM('Steel','Steel');
#3113=PROPERTY_DEFINITION('material property','material name',#6448);
#3114=PROPERTY_DEFINITION('material property','density of part',#6448);
#3115=PROPERTY_DEFINITION('material property','material name',#6449);
#3116=PROPERTY_DEFINITION('material property','density of part',#6449);
#3117=PROPERTY_DEFINITION('material property','material name',#6450);
#3118=PROPERTY_DEFINITION('material property','density of part',#6450);
#3119=PROPERTY_DEFINITION('material property','material name',#6451);
#3120=PROPERTY_DEFINITION('material property','density of part',#6451);
#3121=PROPERTY_DEFINITION('material property','material name',#6452);
#3122=PROPERTY_DEFINITION('material property','density of part',#6452);
#3123=PROPERTY_DEFINITION('material property','material name',#6453);
#3124=PROPERTY_DEFINITION('material property','density of part',#6453);
#3125=PROPERTY_DEFINITION('material property','material name',#6454);
#3126=PROPERTY_DEFINITION('material property','density of part',#6454);
#3127=PROPERTY_DEFINITION('material property','material name',#6456);
#3128=PROPERTY_DEFINITION('material property','density of part',#6456);
#3129=PROPERTY_DEFINITION('material property','material name',#6457);
#3130=PROPERTY_DEFINITION('material property','density of part',#6457);
#3131=PROPERTY_DEFINITION('material property','material name',#6458);
#3132=PROPERTY_DEFINITION('material property','density of part',#6458);
#3133=PROPERTY_DEFINITION('material property','material name',#6459);
#3134=PROPERTY_DEFINITION('material property','density of part',#6459);
#3135=PROPERTY_DEFINITION('material property','material name',#6460);
#3136=PROPERTY_DEFINITION('material property','density of part',#6460);
#3137=AXIS2_PLACEMENT_3D('',#4480,#3532,#3533);
#3138=AXIS2_PLACEMENT_3D('',#4481,#3534,#3535);
#3139=AXIS2_PLACEMENT_3D('',#4482,#3536,#3537);
#3140=AXIS2_PLACEMENT_3D('',#4483,#3538,#3539);
#3141=AXIS2_PLACEMENT_3D('',#4485,#3540,#3541);
#3142=AXIS2_PLACEMENT_3D('',#4486,#3542,#3543);
#3143=AXIS2_PLACEMENT_3D('',#4488,#3544,#3545);
#3144=AXIS2_PLACEMENT_3D('',#4490,#3547,#3548);
#3145=AXIS2_PLACEMENT_3D('',#4492,#3549,#3550);
#3146=AXIS2_PLACEMENT_3D('',#4494,#3552,#3553);
#3147=AXIS2_PLACEMENT_3D('',#4496,#3554,#3555);
#3148=AXIS2_PLACEMENT_3D('',#4497,#3556,#3557);
#3149=AXIS2_PLACEMENT_3D('',#4499,#3558,#3559);
#3150=AXIS2_PLACEMENT_3D('',#4501,#3561,#3562);
#3151=AXIS2_PLACEMENT_3D('',#4502,#3563,#3564);
#3152=AXIS2_PLACEMENT_3D('',#4503,#3565,#3566);
#3153=AXIS2_PLACEMENT_3D('',#4504,#3567,#3568);
#3154=AXIS2_PLACEMENT_3D('',#4506,#3569,#3570);
#3155=AXIS2_PLACEMENT_3D('',#4509,#3572,#3573);
#3156=AXIS2_PLACEMENT_3D('',#4510,#3574,#3575);
#3157=AXIS2_PLACEMENT_3D('',#4512,#3576,#3577);
#3158=AXIS2_PLACEMENT_3D('',#4515,#3579,#3580);
#3159=AXIS2_PLACEMENT_3D('',#4516,#3581,#3582);
#3160=AXIS2_PLACEMENT_3D('',#4517,#3583,#3584);
#3161=AXIS2_PLACEMENT_3D('',#4518,#3585,#3586);
#3162=AXIS2_PLACEMENT_3D('',#4519,#3587,#3588);
#3163=AXIS2_PLACEMENT_3D('',#4522,#3589,#3590);
#3164=AXIS2_PLACEMENT_3D('',#4525,#3592,#3593);
#3165=AXIS2_PLACEMENT_3D('',#4526,#3594,#3595);
#3166=AXIS2_PLACEMENT_3D('',#4527,#3596,#3597);
#3167=AXIS2_PLACEMENT_3D('',#4529,#3598,#3599);
#3168=AXIS2_PLACEMENT_3D('',#4533,#3601,#3602);
#3169=AXIS2_PLACEMENT_3D('',#4534,#3603,#3604);
#3170=AXIS2_PLACEMENT_3D('',#4535,#3605,#3606);
#3171=AXIS2_PLACEMENT_3D('',#4536,#3607,#3608);
#3172=AXIS2_PLACEMENT_3D('',#4539,#3609,#3610);
#3173=AXIS2_PLACEMENT_3D('',#4540,#3611,#3612);
#3174=AXIS2_PLACEMENT_3D('',#4543,#3614,#3615);
#3175=AXIS2_PLACEMENT_3D('',#4544,#3616,#3617);
#3176=AXIS2_PLACEMENT_3D('',#4546,#3618,#3619);
#3177=AXIS2_PLACEMENT_3D('',#4550,#3621,#3622);
#3178=AXIS2_PLACEMENT_3D('',#4551,#3623,#3624);
#3179=AXIS2_PLACEMENT_3D('',#4552,#3625,#3626);
#3180=AXIS2_PLACEMENT_3D('',#4553,#3627,#3628);
#3181=AXIS2_PLACEMENT_3D('',#4554,#3629,#3630);
#3182=AXIS2_PLACEMENT_3D('',#4555,#3631,#3632);
#3183=AXIS2_PLACEMENT_3D('',#4556,#3633,#3634);
#3184=AXIS2_PLACEMENT_3D('',#4557,#3635,#3636);
#3185=AXIS2_PLACEMENT_3D('',#4558,#3637,#3638);
#3186=AXIS2_PLACEMENT_3D('',#4560,#3639,#3640);
#3187=AXIS2_PLACEMENT_3D('',#4563,#3642,#3643);
#3188=AXIS2_PLACEMENT_3D('',#4564,#3644,#3645);
#3189=AXIS2_PLACEMENT_3D('',#4566,#3646,#3647);
#3190=AXIS2_PLACEMENT_3D('',#4570,#3649,#3650);
#3191=AXIS2_PLACEMENT_3D('',#4603,#3651,#3652);
#3192=AXIS2_PLACEMENT_3D('',#4635,#3653,#3654);
#3193=AXIS2_PLACEMENT_3D('',#4636,#3655,#3656);
#3194=AXIS2_PLACEMENT_3D('',#4893,#3665,#3666);
#3195=AXIS2_PLACEMENT_3D('',#5066,#3675,#3676);
#3196=AXIS2_PLACEMENT_3D('',#5072,#3680,#3681);
#3197=AXIS2_PLACEMENT_3D('',#5076,#3684,#3685);
#3198=AXIS2_PLACEMENT_3D('',#5080,#3688,#3689);
#3199=AXIS2_PLACEMENT_3D('',#5082,#3691,#3692);
#3200=AXIS2_PLACEMENT_3D('',#5091,#3697,#3698);
#3201=AXIS2_PLACEMENT_3D('',#5097,#3702,#3703);
#3202=AXIS2_PLACEMENT_3D('',#5103,#3707,#3708);
#3203=AXIS2_PLACEMENT_3D('',#5106,#3711,#3712);
#3204=AXIS2_PLACEMENT_3D('',#5107,#3713,#3714);
#3205=AXIS2_PLACEMENT_3D('',#5108,#3715,#3716);
#3206=AXIS2_PLACEMENT_3D('',#5109,#3717,#3718);
#3207=AXIS2_PLACEMENT_3D('',#5118,#3723,#3724);
#3208=AXIS2_PLACEMENT_3D('',#5124,#3728,#3729);
#3209=AXIS2_PLACEMENT_3D('',#5130,#3733,#3734);
#3210=AXIS2_PLACEMENT_3D('',#5133,#3737,#3738);
#3211=AXIS2_PLACEMENT_3D('',#5142,#3743,#3744);
#3212=AXIS2_PLACEMENT_3D('',#5148,#3748,#3749);
#3213=AXIS2_PLACEMENT_3D('',#5154,#3753,#3754);
#3214=AXIS2_PLACEMENT_3D('',#5157,#3757,#3758);
#3215=AXIS2_PLACEMENT_3D('',#5158,#3759,#3760);
#3216=AXIS2_PLACEMENT_3D('',#5181,#3762,#3763);
#3217=AXIS2_PLACEMENT_3D('',#5299,#3764,#3765);
#3218=AXIS2_PLACEMENT_3D('',#5301,#3766,#3767);
#3219=AXIS2_PLACEMENT_3D('',#5326,#3769,#3770);
#3220=AXIS2_PLACEMENT_3D('',#5377,#3771,#3772);
#3221=AXIS2_PLACEMENT_3D('',#5412,#3773,#3774);
#3222=AXIS2_PLACEMENT_3D('',#5601,#3779,#3780);
#3223=AXIS2_PLACEMENT_3D('',#5798,#3789,#3790);
#3224=AXIS2_PLACEMENT_3D('',#5799,#3791,#3792);
#3225=AXIS2_PLACEMENT_3D('',#5801,#3793,#3794);
#3226=AXIS2_PLACEMENT_3D('',#5804,#3796,#3797);
#3227=AXIS2_PLACEMENT_3D('',#5805,#3798,#3799);
#3228=AXIS2_PLACEMENT_3D('',#5807,#3800,#3801);
#3229=AXIS2_PLACEMENT_3D('',#5808,#3802,#3803);
#3230=AXIS2_PLACEMENT_3D('',#5811,#3804,#3805);
#3231=AXIS2_PLACEMENT_3D('',#5813,#3806,#3807);
#3232=AXIS2_PLACEMENT_3D('',#5814,#3808,#3809);
#3233=AXIS2_PLACEMENT_3D('',#5815,#3810,#3811);
#3234=AXIS2_PLACEMENT_3D('',#5816,#3812,#3813);
#3235=AXIS2_PLACEMENT_3D('',#5818,#3815,#3816);
#3236=AXIS2_PLACEMENT_3D('',#5820,#3817,#3818);
#3237=AXIS2_PLACEMENT_3D('',#5822,#3819,#3820);
#3238=AXIS2_PLACEMENT_3D('',#5824,#3821,#3822);
#3239=AXIS2_PLACEMENT_3D('',#5825,#3823,#3824);
#3240=AXIS2_PLACEMENT_3D('',#5826,#3825,#3826);
#3241=AXIS2_PLACEMENT_3D('',#5829,#3828,#3829);
#3242=AXIS2_PLACEMENT_3D('',#5830,#3830,#3831);
#3243=AXIS2_PLACEMENT_3D('',#5833,#3832,#3833);
#3244=AXIS2_PLACEMENT_3D('',#5834,#3834,#3835);
#3245=AXIS2_PLACEMENT_3D('',#5836,#3836,#3837);
#3246=AXIS2_PLACEMENT_3D('',#5838,#3838,#3839);
#3247=AXIS2_PLACEMENT_3D('',#5839,#3840,#3841);
#3248=AXIS2_PLACEMENT_3D('',#5840,#3842,#3843);
#3249=AXIS2_PLACEMENT_3D('',#5842,#3844,#3845);
#3250=AXIS2_PLACEMENT_3D('',#5844,#3847,#3848);
#3251=AXIS2_PLACEMENT_3D('',#5845,#3849,#3850);
#3252=AXIS2_PLACEMENT_3D('',#5846,#3851,#3852);
#3253=AXIS2_PLACEMENT_3D('',#5847,#3853,#3854);
#3254=AXIS2_PLACEMENT_3D('',#5849,#3855,#3856);
#3255=AXIS2_PLACEMENT_3D('',#5850,#3857,#3858);
#3256=AXIS2_PLACEMENT_3D('',#5852,#3860,#3861);
#3257=AXIS2_PLACEMENT_3D('',#5853,#3862,#3863);
#3258=AXIS2_PLACEMENT_3D('',#5856,#3864,#3865);
#3259=AXIS2_PLACEMENT_3D('',#5857,#3866,#3867);
#3260=AXIS2_PLACEMENT_3D('',#5860,#3869,#3870);
#3261=AXIS2_PLACEMENT_3D('',#5861,#3871,#3872);
#3262=AXIS2_PLACEMENT_3D('',#5863,#3873,#3874);
#3263=AXIS2_PLACEMENT_3D('',#5867,#3876,#3877);
#3264=AXIS2_PLACEMENT_3D('',#5868,#3878,#3879);
#3265=AXIS2_PLACEMENT_3D('',#5869,#3880,#3881);
#3266=AXIS2_PLACEMENT_3D('',#5870,#3882,#3883);
#3267=AXIS2_PLACEMENT_3D('',#5873,#3884,#3885);
#3268=AXIS2_PLACEMENT_3D('',#5876,#3887,#3888);
#3269=AXIS2_PLACEMENT_3D('',#5877,#3889,#3890);
#3270=AXIS2_PLACEMENT_3D('',#5878,#3891,#3892);
#3271=AXIS2_PLACEMENT_3D('',#5880,#3893,#3894);
#3272=AXIS2_PLACEMENT_3D('',#5884,#3896,#3897);
#3273=AXIS2_PLACEMENT_3D('',#5885,#3898,#3899);
#3274=AXIS2_PLACEMENT_3D('',#5886,#3900,#3901);
#3275=AXIS2_PLACEMENT_3D('',#5887,#3902,#3903);
#3276=AXIS2_PLACEMENT_3D('',#5888,#3904,#3905);
#3277=AXIS2_PLACEMENT_3D('',#5889,#3906,#3907);
#3278=AXIS2_PLACEMENT_3D('',#5890,#3908,#3909);
#3279=AXIS2_PLACEMENT_3D('',#5891,#3910,#3911);
#3280=AXIS2_PLACEMENT_3D('',#5892,#3912,#3913);
#3281=AXIS2_PLACEMENT_3D('',#5893,#3914,#3915);
#3282=AXIS2_PLACEMENT_3D('',#5895,#3916,#3917);
#3283=AXIS2_PLACEMENT_3D('',#5898,#3919,#3920);
#3284=AXIS2_PLACEMENT_3D('',#5899,#3921,#3922);
#3285=AXIS2_PLACEMENT_3D('',#5901,#3923,#3924);
#3286=AXIS2_PLACEMENT_3D('',#5903,#3925,#3926);
#3287=AXIS2_PLACEMENT_3D('',#5905,#3927,#3928);
#3288=AXIS2_PLACEMENT_3D('',#5907,#3929,#3930);
#3289=AXIS2_PLACEMENT_3D('',#5909,#3931,#3932);
#3290=AXIS2_PLACEMENT_3D('',#5911,#3933,#3934);
#3291=AXIS2_PLACEMENT_3D('',#5913,#3935,#3936);
#3292=AXIS2_PLACEMENT_3D('',#5915,#3937,#3938);
#3293=AXIS2_PLACEMENT_3D('',#5917,#3939,#3940);
#3294=AXIS2_PLACEMENT_3D('',#5919,#3941,#3942);
#3295=AXIS2_PLACEMENT_3D('',#5921,#3943,#3944);
#3296=AXIS2_PLACEMENT_3D('',#5923,#3945,#3946);
#3297=AXIS2_PLACEMENT_3D('',#5925,#3947,#3948);
#3298=AXIS2_PLACEMENT_3D('',#5926,#3949,#3950);
#3299=AXIS2_PLACEMENT_3D('',#5929,#3952,#3953);
#3300=AXIS2_PLACEMENT_3D('',#5930,#3954,#3955);
#3301=AXIS2_PLACEMENT_3D('',#5933,#3957,#3958);
#3302=AXIS2_PLACEMENT_3D('',#5934,#3959,#3960);
#3303=AXIS2_PLACEMENT_3D('',#5937,#3962,#3963);
#3304=AXIS2_PLACEMENT_3D('',#5938,#3964,#3965);
#3305=AXIS2_PLACEMENT_3D('',#5941,#3967,#3968);
#3306=AXIS2_PLACEMENT_3D('',#5942,#3969,#3970);
#3307=AXIS2_PLACEMENT_3D('',#5945,#3972,#3973);
#3308=AXIS2_PLACEMENT_3D('',#5946,#3974,#3975);
#3309=AXIS2_PLACEMENT_3D('',#5949,#3977,#3978);
#3310=AXIS2_PLACEMENT_3D('',#5950,#3979,#3980);
#3311=AXIS2_PLACEMENT_3D('',#5953,#3982,#3983);
#3312=AXIS2_PLACEMENT_3D('',#5954,#3984,#3985);
#3313=AXIS2_PLACEMENT_3D('',#5957,#3987,#3988);
#3314=AXIS2_PLACEMENT_3D('',#5958,#3989,#3990);
#3315=AXIS2_PLACEMENT_3D('',#5961,#3992,#3993);
#3316=AXIS2_PLACEMENT_3D('',#5962,#3994,#3995);
#3317=AXIS2_PLACEMENT_3D('',#5965,#3997,#3998);
#3318=AXIS2_PLACEMENT_3D('',#5966,#3999,#4000);
#3319=AXIS2_PLACEMENT_3D('',#5969,#4002,#4003);
#3320=AXIS2_PLACEMENT_3D('',#5970,#4004,#4005);
#3321=AXIS2_PLACEMENT_3D('',#5973,#4007,#4008);
#3322=AXIS2_PLACEMENT_3D('',#5974,#4009,#4010);
#3323=AXIS2_PLACEMENT_3D('',#5976,#4011,#4012);
#3324=AXIS2_PLACEMENT_3D('',#5979,#4014,#4015);
#3325=AXIS2_PLACEMENT_3D('',#5980,#4016,#4017);
#3326=AXIS2_PLACEMENT_3D('',#5982,#4018,#4019);
#3327=AXIS2_PLACEMENT_3D('',#5984,#4020,#4021);
#3328=AXIS2_PLACEMENT_3D('',#5986,#4022,#4023);
#3329=AXIS2_PLACEMENT_3D('',#5988,#4024,#4025);
#3330=AXIS2_PLACEMENT_3D('',#5990,#4026,#4027);
#3331=AXIS2_PLACEMENT_3D('',#5992,#4028,#4029);
#3332=AXIS2_PLACEMENT_3D('',#5994,#4030,#4031);
#3333=AXIS2_PLACEMENT_3D('',#5996,#4032,#4033);
#3334=AXIS2_PLACEMENT_3D('',#5998,#4034,#4035);
#3335=AXIS2_PLACEMENT_3D('',#6000,#4036,#4037);
#3336=AXIS2_PLACEMENT_3D('',#6002,#4038,#4039);
#3337=AXIS2_PLACEMENT_3D('',#6004,#4040,#4041);
#3338=AXIS2_PLACEMENT_3D('',#6006,#4042,#4043);
#3339=AXIS2_PLACEMENT_3D('',#6007,#4044,#4045);
#3340=AXIS2_PLACEMENT_3D('',#6009,#4046,#4047);
#3341=AXIS2_PLACEMENT_3D('',#6011,#4049,#4050);
#3342=AXIS2_PLACEMENT_3D('',#6013,#4051,#4052);
#3343=AXIS2_PLACEMENT_3D('',#6015,#4054,#4055);
#3344=AXIS2_PLACEMENT_3D('',#6017,#4056,#4057);
#3345=AXIS2_PLACEMENT_3D('',#6019,#4059,#4060);
#3346=AXIS2_PLACEMENT_3D('',#6021,#4061,#4062);
#3347=AXIS2_PLACEMENT_3D('',#6023,#4064,#4065);
#3348=AXIS2_PLACEMENT_3D('',#6025,#4066,#4067);
#3349=AXIS2_PLACEMENT_3D('',#6027,#4069,#4070);
#3350=AXIS2_PLACEMENT_3D('',#6029,#4071,#4072);
#3351=AXIS2_PLACEMENT_3D('',#6031,#4074,#4075);
#3352=AXIS2_PLACEMENT_3D('',#6033,#4076,#4077);
#3353=AXIS2_PLACEMENT_3D('',#6035,#4079,#4080);
#3354=AXIS2_PLACEMENT_3D('',#6037,#4081,#4082);
#3355=AXIS2_PLACEMENT_3D('',#6039,#4084,#4085);
#3356=AXIS2_PLACEMENT_3D('',#6041,#4086,#4087);
#3357=AXIS2_PLACEMENT_3D('',#6043,#4089,#4090);
#3358=AXIS2_PLACEMENT_3D('',#6045,#4091,#4092);
#3359=AXIS2_PLACEMENT_3D('',#6047,#4094,#4095);
#3360=AXIS2_PLACEMENT_3D('',#6049,#4096,#4097);
#3361=AXIS2_PLACEMENT_3D('',#6051,#4099,#4100);
#3362=AXIS2_PLACEMENT_3D('',#6053,#4101,#4102);
#3363=AXIS2_PLACEMENT_3D('',#6055,#4104,#4105);
#3364=AXIS2_PLACEMENT_3D('',#6057,#4107,#4108);
#3365=AXIS2_PLACEMENT_3D('',#6059,#4109,#4110);
#3366=AXIS2_PLACEMENT_3D('',#6060,#4111,#4112);
#3367=AXIS2_PLACEMENT_3D('',#6062,#4113,#4114);
#3368=AXIS2_PLACEMENT_3D('',#6063,#4115,#4116);
#3369=AXIS2_PLACEMENT_3D('',#6065,#4118,#4119);
#3370=AXIS2_PLACEMENT_3D('',#6066,#4120,#4121);
#3371=AXIS2_PLACEMENT_3D('',#6067,#4122,#4123);
#3372=AXIS2_PLACEMENT_3D('',#6069,#4124,#4125);
#3373=AXIS2_PLACEMENT_3D('',#6072,#4127,#4128);
#3374=AXIS2_PLACEMENT_3D('',#6073,#4129,#4130);
#3375=AXIS2_PLACEMENT_3D('',#6075,#4131,#4132);
#3376=AXIS2_PLACEMENT_3D('',#6078,#4134,#4135);
#3377=AXIS2_PLACEMENT_3D('',#6079,#4136,#4137);
#3378=AXIS2_PLACEMENT_3D('',#6081,#4138,#4139);
#3379=AXIS2_PLACEMENT_3D('',#6084,#4141,#4142);
#3380=AXIS2_PLACEMENT_3D('',#6085,#4143,#4144);
#3381=AXIS2_PLACEMENT_3D('',#6087,#4145,#4146);
#3382=AXIS2_PLACEMENT_3D('',#6090,#4148,#4149);
#3383=AXIS2_PLACEMENT_3D('',#6091,#4150,#4151);
#3384=AXIS2_PLACEMENT_3D('',#6093,#4152,#4153);
#3385=AXIS2_PLACEMENT_3D('',#6096,#4155,#4156);
#3386=AXIS2_PLACEMENT_3D('',#6097,#4157,#4158);
#3387=AXIS2_PLACEMENT_3D('',#6099,#4159,#4160);
#3388=AXIS2_PLACEMENT_3D('',#6102,#4162,#4163);
#3389=AXIS2_PLACEMENT_3D('',#6103,#4164,#4165);
#3390=AXIS2_PLACEMENT_3D('',#6105,#4166,#4167);
#3391=AXIS2_PLACEMENT_3D('',#6108,#4169,#4170);
#3392=AXIS2_PLACEMENT_3D('',#6109,#4171,#4172);
#3393=AXIS2_PLACEMENT_3D('',#6111,#4173,#4174);
#3394=AXIS2_PLACEMENT_3D('',#6114,#4176,#4177);
#3395=AXIS2_PLACEMENT_3D('',#6115,#4178,#4179);
#3396=AXIS2_PLACEMENT_3D('',#6117,#4180,#4181);
#3397=AXIS2_PLACEMENT_3D('',#6120,#4183,#4184);
#3398=AXIS2_PLACEMENT_3D('',#6121,#4185,#4186);
#3399=AXIS2_PLACEMENT_3D('',#6123,#4187,#4188);
#3400=AXIS2_PLACEMENT_3D('',#6126,#4190,#4191);
#3401=AXIS2_PLACEMENT_3D('',#6127,#4192,#4193);
#3402=AXIS2_PLACEMENT_3D('',#6129,#4194,#4195);
#3403=AXIS2_PLACEMENT_3D('',#6132,#4197,#4198);
#3404=AXIS2_PLACEMENT_3D('',#6133,#4199,#4200);
#3405=AXIS2_PLACEMENT_3D('',#6135,#4201,#4202);
#3406=AXIS2_PLACEMENT_3D('',#6138,#4204,#4205);
#3407=AXIS2_PLACEMENT_3D('',#6139,#4206,#4207);
#3408=AXIS2_PLACEMENT_3D('',#6141,#4208,#4209);
#3409=AXIS2_PLACEMENT_3D('',#6144,#4211,#4212);
#3410=AXIS2_PLACEMENT_3D('',#6145,#4213,#4214);
#3411=AXIS2_PLACEMENT_3D('',#6147,#4215,#4216);
#3412=AXIS2_PLACEMENT_3D('',#6150,#4218,#4219);
#3413=AXIS2_PLACEMENT_3D('',#6151,#4220,#4221);
#3414=AXIS2_PLACEMENT_3D('',#6152,#4222,#4223);
#3415=AXIS2_PLACEMENT_3D('',#6153,#4224,#4225);
#3416=AXIS2_PLACEMENT_3D('',#6154,#4226,#4227);
#3417=AXIS2_PLACEMENT_3D('',#6157,#4228,#4229);
#3418=AXIS2_PLACEMENT_3D('',#6159,#4230,#4231);
#3419=AXIS2_PLACEMENT_3D('',#6160,#4232,#4233);
#3420=AXIS2_PLACEMENT_3D('',#6161,#4234,#4235);
#3421=AXIS2_PLACEMENT_3D('',#6162,#4236,#4237);
#3422=AXIS2_PLACEMENT_3D('',#6164,#4238,#4239);
#3423=AXIS2_PLACEMENT_3D('',#6166,#4241,#4242);
#3424=AXIS2_PLACEMENT_3D('',#6168,#4243,#4244);
#3425=AXIS2_PLACEMENT_3D('',#6170,#4245,#4246);
#3426=AXIS2_PLACEMENT_3D('',#6172,#4247,#4248);
#3427=AXIS2_PLACEMENT_3D('',#6173,#4249,#4250);
#3428=AXIS2_PLACEMENT_3D('',#6174,#4251,#4252);
#3429=AXIS2_PLACEMENT_3D('',#6177,#4254,#4255);
#3430=AXIS2_PLACEMENT_3D('',#6178,#4256,#4257);
#3431=AXIS2_PLACEMENT_3D('',#6181,#4258,#4259);
#3432=AXIS2_PLACEMENT_3D('',#6182,#4260,#4261);
#3433=AXIS2_PLACEMENT_3D('',#6184,#4262,#4263);
#3434=AXIS2_PLACEMENT_3D('',#6186,#4264,#4265);
#3435=AXIS2_PLACEMENT_3D('',#6187,#4266,#4267);
#3436=AXIS2_PLACEMENT_3D('',#6188,#4268,#4269);
#3437=AXIS2_PLACEMENT_3D('',#6190,#4270,#4271);
#3438=AXIS2_PLACEMENT_3D('',#6192,#4273,#4274);
#3439=AXIS2_PLACEMENT_3D('',#6193,#4275,#4276);
#3440=AXIS2_PLACEMENT_3D('',#6194,#4277,#4278);
#3441=AXIS2_PLACEMENT_3D('',#6195,#4279,#4280);
#3442=AXIS2_PLACEMENT_3D('',#6197,#4281,#4282);
#3443=AXIS2_PLACEMENT_3D('',#6198,#4283,#4284);
#3444=AXIS2_PLACEMENT_3D('',#6200,#4286,#4287);
#3445=AXIS2_PLACEMENT_3D('',#6201,#4288,#4289);
#3446=AXIS2_PLACEMENT_3D('',#6203,#4290,#4291);
#3447=AXIS2_PLACEMENT_3D('',#6206,#4293,#4294);
#3448=AXIS2_PLACEMENT_3D('',#6207,#4295,#4296);
#3449=AXIS2_PLACEMENT_3D('',#6209,#4297,#4298);
#3450=AXIS2_PLACEMENT_3D('',#6212,#4300,#4301);
#3451=AXIS2_PLACEMENT_3D('',#6213,#4302,#4303);
#3452=AXIS2_PLACEMENT_3D('',#6215,#4304,#4305);
#3453=AXIS2_PLACEMENT_3D('',#6218,#4307,#4308);
#3454=AXIS2_PLACEMENT_3D('',#6219,#4309,#4310);
#3455=AXIS2_PLACEMENT_3D('',#6221,#4311,#4312);
#3456=AXIS2_PLACEMENT_3D('',#6224,#4314,#4315);
#3457=AXIS2_PLACEMENT_3D('',#6225,#4316,#4317);
#3458=AXIS2_PLACEMENT_3D('',#6227,#4318,#4319);
#3459=AXIS2_PLACEMENT_3D('',#6230,#4321,#4322);
#3460=AXIS2_PLACEMENT_3D('',#6231,#4323,#4324);
#3461=AXIS2_PLACEMENT_3D('',#6233,#4325,#4326);
#3462=AXIS2_PLACEMENT_3D('',#6236,#4328,#4329);
#3463=AXIS2_PLACEMENT_3D('',#6237,#4330,#4331);
#3464=AXIS2_PLACEMENT_3D('',#6239,#4332,#4333);
#3465=AXIS2_PLACEMENT_3D('',#6242,#4335,#4336);
#3466=AXIS2_PLACEMENT_3D('',#6243,#4337,#4338);
#3467=AXIS2_PLACEMENT_3D('',#6245,#4339,#4340);
#3468=AXIS2_PLACEMENT_3D('',#6248,#4342,#4343);
#3469=AXIS2_PLACEMENT_3D('',#6249,#4344,#4345);
#3470=AXIS2_PLACEMENT_3D('',#6251,#4346,#4347);
#3471=AXIS2_PLACEMENT_3D('',#6254,#4349,#4350);
#3472=AXIS2_PLACEMENT_3D('',#6255,#4351,#4352);
#3473=AXIS2_PLACEMENT_3D('',#6257,#4353,#4354);
#3474=AXIS2_PLACEMENT_3D('',#6260,#4356,#4357);
#3475=AXIS2_PLACEMENT_3D('',#6261,#4358,#4359);
#3476=AXIS2_PLACEMENT_3D('',#6263,#4360,#4361);
#3477=AXIS2_PLACEMENT_3D('',#6266,#4363,#4364);
#3478=AXIS2_PLACEMENT_3D('',#6267,#4365,#4366);
#3479=AXIS2_PLACEMENT_3D('',#6269,#4367,#4368);
#3480=AXIS2_PLACEMENT_3D('',#6272,#4370,#4371);
#3481=AXIS2_PLACEMENT_3D('',#6273,#4372,#4373);
#3482=AXIS2_PLACEMENT_3D('',#6275,#4374,#4375);
#3483=AXIS2_PLACEMENT_3D('',#6278,#4377,#4378);
#3484=AXIS2_PLACEMENT_3D('',#6279,#4379,#4380);
#3485=AXIS2_PLACEMENT_3D('',#6281,#4381,#4382);
#3486=AXIS2_PLACEMENT_3D('',#6284,#4384,#4385);
#3487=AXIS2_PLACEMENT_3D('',#6285,#4386,#4387);
#3488=AXIS2_PLACEMENT_3D('',#6286,#4388,#4389);
#3489=AXIS2_PLACEMENT_3D('',#6287,#4390,#4391);
#3490=AXIS2_PLACEMENT_3D('',#6288,#4392,#4393);
#3491=AXIS2_PLACEMENT_3D('',#6291,#4394,#4395);
#3492=AXIS2_PLACEMENT_3D('',#6292,#4396,#4397);
#3493=AXIS2_PLACEMENT_3D('',#6294,#4398,#4399);
#3494=AXIS2_PLACEMENT_3D('',#6295,#4400,#4401);
#3495=AXIS2_PLACEMENT_3D('',#6296,#4402,#4403);
#3496=AXIS2_PLACEMENT_3D('',#6298,#4404,#4405);
#3497=AXIS2_PLACEMENT_3D('',#6300,#4407,#4408);
#3498=AXIS2_PLACEMENT_3D('',#6302,#4409,#4410);
#3499=AXIS2_PLACEMENT_3D('',#6304,#4411,#4412);
#3500=AXIS2_PLACEMENT_3D('',#6306,#4413,#4414);
#3501=AXIS2_PLACEMENT_3D('',#6307,#4415,#4416);
#3502=AXIS2_PLACEMENT_3D('',#6308,#4417,#4418);
#3503=AXIS2_PLACEMENT_3D('',#6311,#4420,#4421);
#3504=AXIS2_PLACEMENT_3D('',#6312,#4422,#4423);
#3505=AXIS2_PLACEMENT_3D('',#6315,#4424,#4425);
#3506=AXIS2_PLACEMENT_3D('',#6317,#4426,#4427);
#3507=AXIS2_PLACEMENT_3D('',#6319,#4428,#4429);
#3508=AXIS2_PLACEMENT_3D('',#6320,#4430,#4431);
#3509=AXIS2_PLACEMENT_3D('',#6321,#4432,#4433);
#3510=AXIS2_PLACEMENT_3D('',#6322,#4434,#4435);
#3511=AXIS2_PLACEMENT_3D('',#6324,#4436,#4437);
#3512=AXIS2_PLACEMENT_3D('',#6326,#4439,#4440);
#3513=AXIS2_PLACEMENT_3D('',#6327,#4441,#4442);
#3514=AXIS2_PLACEMENT_3D('',#6328,#4443,#4444);
#3515=AXIS2_PLACEMENT_3D('',#6329,#4445,#4446);
#3516=AXIS2_PLACEMENT_3D('',#6331,#4447,#4448);
#3517=AXIS2_PLACEMENT_3D('',#6332,#4449,#4450);
#3518=AXIS2_PLACEMENT_3D('',#6334,#4452,#4453);
#3519=AXIS2_PLACEMENT_3D('',#6335,#4454,#4455);
#3520=AXIS2_PLACEMENT_3D('',#6336,#4456,#4457);
#3521=AXIS2_PLACEMENT_3D('',#6337,#4458,#4459);
#3522=AXIS2_PLACEMENT_3D('',#6338,#4460,#4461);
#3523=AXIS2_PLACEMENT_3D('',#6339,#4462,#4463);
#3524=AXIS2_PLACEMENT_3D('',#6340,#4464,#4465);
#3525=AXIS2_PLACEMENT_3D('',#6341,#4466,#4467);
#3526=AXIS2_PLACEMENT_3D('',#6342,#4468,#4469);
#3527=AXIS2_PLACEMENT_3D('',#6343,#4470,#4471);
#3528=AXIS2_PLACEMENT_3D('',#6344,#4472,#4473);
#3529=AXIS2_PLACEMENT_3D('',#6345,#4474,#4475);
#3530=AXIS2_PLACEMENT_3D('',#6346,#4476,#4477);
#3531=AXIS2_PLACEMENT_3D('',#6347,#4478,#4479);
#3532=DIRECTION('axis',(0.,0.,1.));
#3533=DIRECTION('refdir',(1.,0.,0.));
#3534=DIRECTION('axis',(0.,0.,1.));
#3535=DIRECTION('refdir',(1.,0.,0.));
#3536=DIRECTION('axis',(0.,0.,1.));
#3537=DIRECTION('refdir',(1.,0.,0.));
#3538=DIRECTION('center_axis',(0.,0.,-1.));
#3539=DIRECTION('ref_axis',(-1.,0.,0.));
#3540=DIRECTION('center_axis',(0.,0.,1.));
#3541=DIRECTION('ref_axis',(1.,0.,0.));
#3542=DIRECTION('center_axis',(0.,0.,1.));
#3543=DIRECTION('ref_axis',(0.,-1.,0.));
#3544=DIRECTION('center_axis',(0.,0.,1.));
#3545=DIRECTION('ref_axis',(1.,0.,0.));
#3546=DIRECTION('',(0.,0.,-1.));
#3547=DIRECTION('center_axis',(0.,0.,1.));
#3548=DIRECTION('ref_axis',(0.,-1.,0.));
#3549=DIRECTION('center_axis',(0.,0.,1.));
#3550=DIRECTION('ref_axis',(1.,0.,0.));
#3551=DIRECTION('',(5.47678698264203E-17,-0.447213595499958,-0.894427190999916));
#3552=DIRECTION('center_axis',(0.,0.,1.));
#3553=DIRECTION('ref_axis',(1.,0.,0.));
#3554=DIRECTION('center_axis',(0.,0.,1.));
#3555=DIRECTION('ref_axis',(1.,0.,0.));
#3556=DIRECTION('center_axis',(0.,0.,1.));
#3557=DIRECTION('ref_axis',(0.,-1.,0.));
#3558=DIRECTION('center_axis',(0.,0.,1.));
#3559=DIRECTION('ref_axis',(1.,0.,0.));
#3560=DIRECTION('',(0.,0.,-1.));
#3561=DIRECTION('center_axis',(0.,0.,1.));
#3562=DIRECTION('ref_axis',(1.,0.,0.));
#3563=DIRECTION('',(0.,0.,1.));
#3564=DIRECTION('',(1.,0.,0.));
#3565=DIRECTION('axis',(0.,0.,1.));
#3566=DIRECTION('refdir',(1.,0.,0.));
#3567=DIRECTION('center_axis',(-0.912834177233043,-0.408330460381385,0.));
#3568=DIRECTION('ref_axis',(-0.408330460381385,0.912834177233043,-9.51340729429996E-16));
#3569=DIRECTION('center_axis',(0.912834177233043,0.408330460381385,-1.4791141972894E-31));
#3570=DIRECTION('ref_axis',(-0.408330460381385,0.912834177233043,-9.51340729429996E-16));
#3571=DIRECTION('',(0.912834177233043,0.408330460381385,0.));
#3572=DIRECTION('center_axis',(-0.912834177233043,-0.408330460381385,1.4791141972894E-31));
#3573=DIRECTION('ref_axis',(-0.408330460381385,0.912834177233043,-9.51340729429996E-16));
#3574=DIRECTION('center_axis',(-0.912834177233043,-0.408330460381385,0.));
#3575=DIRECTION('ref_axis',(-0.408330460381385,0.912834177233043,-9.51340729429995E-16));
#3576=DIRECTION('center_axis',(-0.912834177233043,-0.408330460381385,1.4791141972894E-31));
#3577=DIRECTION('ref_axis',(-0.408330460381385,0.912834177233043,-9.51340729429995E-16));
#3578=DIRECTION('',(0.912834177233043,0.408330460381385,0.));
#3579=DIRECTION('center_axis',(0.912834177233043,0.408330460381385,-1.4791141972894E-31));
#3580=DIRECTION('ref_axis',(-0.408330460381385,0.912834177233043,-9.51340729429995E-16));
#3581=DIRECTION('center_axis',(0.912834177233043,0.408330460381385,-9.86076131526265E-32));
#3582=DIRECTION('ref_axis',(-0.408330460381385,0.912834177233043,-9.51340729429995E-16));
#3583=DIRECTION('center_axis',(0.912834177233043,0.408330460381385,-9.86076131526265E-32));
#3584=DIRECTION('ref_axis',(-0.408330460381385,0.912834177233043,-9.51340729429995E-16));
#3585=DIRECTION('axis',(0.,0.,1.));
#3586=DIRECTION('refdir',(1.,0.,0.));
#3587=DIRECTION('center_axis',(0.912834177233043,0.408330460381385,0.));
#3588=DIRECTION('ref_axis',(-0.408330460381385,0.912834177233043,0.));
#3589=DIRECTION('center_axis',(-0.912834177233043,-0.408330460381385,0.));
#3590=DIRECTION('ref_axis',(-0.408330460381385,0.912834177233043,0.));
#3591=DIRECTION('',(0.912834177233043,0.408330460381385,0.));
#3592=DIRECTION('center_axis',(-0.912834177233043,-0.408330460381385,0.));
#3593=DIRECTION('ref_axis',(-0.408330460381385,0.912834177233043,0.));
#3594=DIRECTION('center_axis',(-0.912834177233043,-0.408330460381385,0.));
#3595=DIRECTION('ref_axis',(-0.408330460381385,0.912834177233043,0.));
#3596=DIRECTION('center_axis',(0.912834177233043,0.408330460381385,0.));
#3597=DIRECTION('ref_axis',(-0.408330460381385,0.912834177233043,0.));
#3598=DIRECTION('center_axis',(0.912834177233043,0.408330460381385,0.));
#3599=DIRECTION('ref_axis',(-0.408330460381385,0.912834177233043,0.));
#3600=DIRECTION('',(-0.912834177233043,-0.408330460381385,0.));
#3601=DIRECTION('center_axis',(0.912834177233043,0.408330460381385,0.));
#3602=DIRECTION('ref_axis',(-0.408330460381385,0.912834177233043,0.));
#3603=DIRECTION('center_axis',(0.912834177233043,0.408330460381385,0.));
#3604=DIRECTION('ref_axis',(-0.408330460381385,0.912834177233043,0.));
#3605=DIRECTION('center_axis',(0.912834177233043,0.408330460381385,0.));
#3606=DIRECTION('ref_axis',(-0.408330460381385,0.912834177233043,0.));
#3607=DIRECTION('center_axis',(-1.,0.,0.));
#3608=DIRECTION('ref_axis',(0.,1.,0.));
#3609=DIRECTION('center_axis',(-1.,-2.24207754291971E-44,0.));
#3610=DIRECTION('ref_axis',(-2.24207754291971E-44,1.,0.));
#3611=DIRECTION('center_axis',(-1.,-2.24207754291971E-44,0.));
#3612=DIRECTION('ref_axis',(-2.24207754291971E-44,1.,0.));
#3613=DIRECTION('',(-1.,0.,0.));
#3614=DIRECTION('center_axis',(1.,2.24207754291971E-44,0.));
#3615=DIRECTION('ref_axis',(-2.24207754291971E-44,1.,0.));
#3616=DIRECTION('center_axis',(-1.,0.,0.));
#3617=DIRECTION('ref_axis',(0.,1.,0.));
#3618=DIRECTION('center_axis',(-1.,-2.24207754291971E-44,0.));
#3619=DIRECTION('ref_axis',(-2.24207754291971E-44,1.,0.));
#3620=DIRECTION('',(1.,0.,0.));
#3621=DIRECTION('center_axis',(1.,2.24207754291971E-44,0.));
#3622=DIRECTION('ref_axis',(-2.24207754291971E-44,1.,0.));
#3623=DIRECTION('center_axis',(1.,2.24207754291971E-44,0.));
#3624=DIRECTION('ref_axis',(-2.24207754291971E-44,1.,0.));
#3625=DIRECTION('center_axis',(1.,2.24207754291971E-44,0.));
#3626=DIRECTION('ref_axis',(-2.24207754291971E-44,1.,0.));
#3627=DIRECTION('center_axis',(0.,0.,1.));
#3628=DIRECTION('ref_axis',(1.,0.,0.));
#3629=DIRECTION('center_axis',(0.,0.,1.));
#3630=DIRECTION('ref_axis',(1.,0.,0.));
#3631=DIRECTION('center_axis',(0.,0.,1.));
#3632=DIRECTION('ref_axis',(1.,0.,0.));
#3633=DIRECTION('center_axis',(0.,0.,-1.));
#3634=DIRECTION('ref_axis',(1.,0.,0.));
#3635=DIRECTION('axis',(0.,0.,1.));
#3636=DIRECTION('refdir',(1.,0.,0.));
#3637=DIRECTION('center_axis',(1.,0.,0.));
#3638=DIRECTION('ref_axis',(0.,1.,0.));
#3639=DIRECTION('center_axis',(1.,0.,0.));
#3640=DIRECTION('ref_axis',(0.,1.,0.));
#3641=DIRECTION('',(1.,0.,0.));
#3642=DIRECTION('center_axis',(-1.,0.,0.));
#3643=DIRECTION('ref_axis',(0.,1.,0.));
#3644=DIRECTION('center_axis',(1.,0.,0.));
#3645=DIRECTION('ref_axis',(0.,1.,0.));
#3646=DIRECTION('center_axis',(1.,0.,0.));
#3647=DIRECTION('ref_axis',(0.,1.,0.));
#3648=DIRECTION('',(-1.,0.,0.));
#3649=DIRECTION('center_axis',(-1.,0.,0.));
#3650=DIRECTION('ref_axis',(0.,1.,0.));
#3651=DIRECTION('center_axis',(-1.,0.,0.));
#3652=DIRECTION('ref_axis',(0.,1.,0.));
#3653=DIRECTION('center_axis',(-1.,0.,0.));
#3654=DIRECTION('ref_axis',(0.,1.,0.));
#3655=DIRECTION('center_axis',(1.,0.,0.));
#3656=DIRECTION('ref_axis',(0.,1.,0.));
#3657=DIRECTION('',(-0.962729371538035,-0.144610420707519,-0.228560677722077));
#3658=DIRECTION('',(-3.19131731753934E-87,0.,1.));
#3659=DIRECTION('',(-0.962160428105385,-0.126374681511362,0.241405779675974));
#3660=DIRECTION('',(-8.18284318476774E-46,1.,1.16006977266955E-15));
#3661=DIRECTION('',(-0.961376312138688,0.153825694257836,0.228239440598488));
#3662=DIRECTION('',(5.34612421404825E-46,0.,-1.));
#3663=DIRECTION('',(-0.96097372570041,0.135633387292583,-0.241108031315869));
#3664=DIRECTION('',(4.88466936358063E-87,-1.,0.));
#3665=DIRECTION('center_axis',(1.,0.,0.));
#3666=DIRECTION('ref_axis',(0.,0.,-1.));
#3667=DIRECTION('',(0.,0.,1.));
#3668=DIRECTION('',(0.963856428796248,0.14571674889401,0.223041282635978));
#3669=DIRECTION('',(0.963082360604996,0.120947736595027,-0.240507820463386));
#3670=DIRECTION('',(0.,1.,0.));
#3671=DIRECTION('',(0.962489931322982,-0.154940995563825,-0.22272498736238));
#3672=DIRECTION('',(0.,0.,-1.));
#3673=DIRECTION('',(0.961942283498624,-0.130230030174495,0.240223193006426));
#3674=DIRECTION('',(0.,-1.,0.));
#3675=DIRECTION('center_axis',(0.,1.16006977266955E-15,-1.));
#3676=DIRECTION('ref_axis',(-8.18284318476774E-46,1.,1.16006977266955E-15));
#3677=DIRECTION('',(8.18284318476774E-46,-1.,-1.16006977266955E-15));
#3678=DIRECTION('',(1.,0.,0.));
#3679=DIRECTION('',(1.,0.,0.));
#3680=DIRECTION('center_axis',(0.,1.,0.));
#3681=DIRECTION('ref_axis',(-3.19131731753934E-87,0.,1.));
#3682=DIRECTION('',(3.19131731753934E-87,0.,-1.));
#3683=DIRECTION('',(1.,0.,0.));
#3684=DIRECTION('center_axis',(0.,0.,1.));
#3685=DIRECTION('ref_axis',(4.88466936358063E-87,-1.,0.));
#3686=DIRECTION('',(-4.88466936358063E-87,1.,0.));
#3687=DIRECTION('',(1.,0.,0.));
#3688=DIRECTION('center_axis',(0.,-1.,0.));
#3689=DIRECTION('ref_axis',(5.34612421404825E-46,0.,-1.));
#3690=DIRECTION('',(-5.34612421404825E-46,0.,1.));
#3691=DIRECTION('center_axis',(0.,1.,0.));
#3692=DIRECTION('ref_axis',(-5.03164631910424E-46,0.,1.));
#3693=DIRECTION('',(5.03164631910424E-46,0.,-1.));
#3694=DIRECTION('',(1.,0.,0.));
#3695=DIRECTION('',(-5.03164631910424E-46,0.,1.));
#3696=DIRECTION('',(1.,0.,0.));
#3697=DIRECTION('center_axis',(0.,0.,-1.));
#3698=DIRECTION('ref_axis',(-4.32720992208725E-87,1.,0.));
#3699=DIRECTION('',(4.32720992208725E-87,-1.,0.));
#3700=DIRECTION('',(-4.32720992208725E-87,1.,0.));
#3701=DIRECTION('',(1.,0.,0.));
#3702=DIRECTION('center_axis',(0.,-1.,0.));
#3703=DIRECTION('ref_axis',(-4.81343716751044E-47,0.,-1.));
#3704=DIRECTION('',(4.81343716751044E-47,0.,1.));
#3705=DIRECTION('',(-4.81343716751044E-47,0.,-1.));
#3706=DIRECTION('',(1.,0.,0.));
#3707=DIRECTION('center_axis',(0.,-9.63447777301831E-16,1.));
#3708=DIRECTION('ref_axis',(7.9424432719949E-46,-1.,-9.63447777301831E-16));
#3709=DIRECTION('',(-7.9424432719949E-46,1.,9.63447777301831E-16));
#3710=DIRECTION('',(7.9424432719949E-46,-1.,-9.63447777301831E-16));
#3711=DIRECTION('center_axis',(-1.,-4.32720992208725E-87,-5.03164631910424E-46));
#3712=DIRECTION('ref_axis',(4.32720992208725E-87,-1.,0.));
#3713=DIRECTION('center_axis',(1.,0.,0.));
#3714=DIRECTION('ref_axis',(0.,0.,-1.));
#3715=DIRECTION('axis',(0.,0.,1.));
#3716=DIRECTION('refdir',(1.,0.,0.));
#3717=DIRECTION('center_axis',(0.,-1.,0.));
#3718=DIRECTION('ref_axis',(-1.,0.,0.));
#3719=DIRECTION('',(-1.,0.,0.));
#3720=DIRECTION('',(0.,0.,-1.));
#3721=DIRECTION('',(-1.,0.,0.));
#3722=DIRECTION('',(0.,0.,-1.));
#3723=DIRECTION('center_axis',(-1.,0.,0.));
#3724=DIRECTION('ref_axis',(0.,1.,0.));
#3725=DIRECTION('',(0.,1.,0.));
#3726=DIRECTION('',(0.,1.,0.));
#3727=DIRECTION('',(0.,0.,-1.));
#3728=DIRECTION('center_axis',(7.34031751818285E-17,1.,0.));
#3729=DIRECTION('ref_axis',(1.,-7.34031751818285E-17,0.));
#3730=DIRECTION('',(1.,-8.07434927000114E-17,0.));
#3731=DIRECTION('',(1.,-7.34031751818285E-17,0.));
#3732=DIRECTION('',(0.,0.,-1.));
#3733=DIRECTION('center_axis',(1.,0.,0.));
#3734=DIRECTION('ref_axis',(0.,-1.,0.));
#3735=DIRECTION('',(0.,-1.,0.));
#3736=DIRECTION('',(0.,-1.,0.));
#3737=DIRECTION('center_axis',(1.,0.,0.));
#3738=DIRECTION('ref_axis',(0.,-1.,0.));
#3739=DIRECTION('',(0.,1.,0.));
#3740=DIRECTION('',(0.,0.,-1.));
#3741=DIRECTION('',(0.,-1.,0.));
#3742=DIRECTION('',(0.,0.,-1.));
#3743=DIRECTION('center_axis',(0.,1.,0.));
#3744=DIRECTION('ref_axis',(1.,0.,0.));
#3745=DIRECTION('',(-1.,0.,0.));
#3746=DIRECTION('',(1.,0.,0.));
#3747=DIRECTION('',(0.,0.,-1.));
#3748=DIRECTION('center_axis',(-1.,1.06752213906265E-17,0.));
#3749=DIRECTION('ref_axis',(1.06752213906265E-17,1.,0.));
#3750=DIRECTION('',(-1.06752213906265E-17,-1.,0.));
#3751=DIRECTION('',(1.06752213906265E-17,1.,0.));
#3752=DIRECTION('',(0.,0.,-1.));
#3753=DIRECTION('center_axis',(2.19122965386544E-17,-1.,0.));
#3754=DIRECTION('ref_axis',(-1.,-2.19122965386544E-17,0.));
#3755=DIRECTION('',(1.,2.19122965386544E-17,0.));
#3756=DIRECTION('',(-1.,-2.19122965386544E-17,0.));
#3757=DIRECTION('center_axis',(0.,0.,-1.));
#3758=DIRECTION('ref_axis',(-1.,0.,0.));
#3759=DIRECTION('center_axis',(0.,0.,1.));
#3760=DIRECTION('ref_axis',(1.,0.,0.));
#3761=DIRECTION('',(0.,0.,1.));
#3762=DIRECTION('center_axis',(0.,0.,-1.));
#3763=DIRECTION('ref_axis',(1.,0.,0.));
#3764=DIRECTION('center_axis',(0.,0.,1.));
#3765=DIRECTION('ref_axis',(1.,0.,0.));
#3766=DIRECTION('center_axis',(0.,0.,1.));
#3767=DIRECTION('ref_axis',(1.,0.,0.));
#3768=DIRECTION('',(0.,0.,-1.));
#3769=DIRECTION('center_axis',(0.,0.,1.));
#3770=DIRECTION('ref_axis',(1.,0.,0.));
#3771=DIRECTION('center_axis',(0.,0.,1.));
#3772=DIRECTION('ref_axis',(1.,0.,0.));
#3773=DIRECTION('center_axis',(0.,0.,1.));
#3774=DIRECTION('ref_axis',(1.,0.,0.));
#3775=DIRECTION('',(-0.287998936037695,-0.705084821498425,-0.648006178468763));
#3776=DIRECTION('',(-0.336103137502765,0.681170567163042,-0.650416281616303));
#3777=DIRECTION('',(0.33610076315678,-0.681171081717605,-0.65041696967184));
#3778=DIRECTION('',(0.287996400158964,0.705085477006844,-0.648006592257755));
#3779=DIRECTION('center_axis',(0.,0.,1.));
#3780=DIRECTION('ref_axis',(1.,0.,0.));
#3781=DIRECTION('',(0.,-1.,0.));
#3782=DIRECTION('',(-1.,0.,0.));
#3783=DIRECTION('',(0.,1.,0.));
#3784=DIRECTION('',(1.,0.,0.));
#3785=DIRECTION('',(-0.338356027345813,0.681470439161721,-0.648932384233897));
#3786=DIRECTION('',(-0.289124319187938,-0.706032143259321,-0.646471763295784));
#3787=DIRECTION('',(0.338353662891674,-0.681470957082463,-0.648933073175423));
#3788=DIRECTION('',(0.289121790857605,0.706032799837991,-0.6464721769761));
#3789=DIRECTION('axis',(0.,0.,1.));
#3790=DIRECTION('refdir',(1.,0.,0.));
#3791=DIRECTION('center_axis',(5.58283578097222E-16,1.,3.16144707951208E-16));
#3792=DIRECTION('ref_axis',(-1.,5.58283578097222E-16,-1.22464679914735E-16));
#3793=DIRECTION('center_axis',(0.,-1.,0.));
#3794=DIRECTION('ref_axis',(-1.,5.58283578097222E-16,-1.22464679914735E-16));
#3795=DIRECTION('',(5.58283578097222E-16,1.,3.16144707951208E-16));
#3796=DIRECTION('center_axis',(-4.9960036108132E-16,-1.,-3.16144707951208E-16));
#3797=DIRECTION('ref_axis',(-1.,5.56353400001825E-16,-1.22464679914735E-16));
#3798=DIRECTION('center_axis',(-5.55111512312578E-16,-1.,-3.16144707951208E-16));
#3799=DIRECTION('ref_axis',(-1.,5.55111512312578E-16,-1.22464679914735E-16));
#3800=DIRECTION('center_axis',(5.55111512312578E-16,1.,3.16144707951208E-16));
#3801=DIRECTION('ref_axis',(1.,0.,0.));
#3802=DIRECTION('center_axis',(0.,-1.,0.));
#3803=DIRECTION('ref_axis',(0.,0.,-1.));
#3804=DIRECTION('center_axis',(0.,1.,0.));
#3805=DIRECTION('ref_axis',(-1.,0.,1.22464679914735E-16));
#3806=DIRECTION('center_axis',(1.,0.,1.22464679914735E-16));
#3807=DIRECTION('ref_axis',(-1.22464679914735E-16,0.,1.));
#3808=DIRECTION('center_axis',(0.,-1.,0.));
#3809=DIRECTION('ref_axis',(-1.,0.,1.22464679914735E-16));
#3810=DIRECTION('center_axis',(0.,1.,0.));
#3811=DIRECTION('ref_axis',(-1.,0.,1.22464679914735E-16));
#3812=DIRECTION('center_axis',(0.,-1.,0.));
#3813=DIRECTION('ref_axis',(1.,0.,0.));
#3814=DIRECTION('',(0.,1.,0.));
#3815=DIRECTION('center_axis',(0.,-1.,0.));
#3816=DIRECTION('ref_axis',(0.,0.,-1.));
#3817=DIRECTION('center_axis',(0.,1.,0.));
#3818=DIRECTION('ref_axis',(-1.,0.,1.22464679914735E-16));
#3819=DIRECTION('center_axis',(1.,0.,1.22464679914735E-16));
#3820=DIRECTION('ref_axis',(-1.22464679914735E-16,0.,1.));
#3821=DIRECTION('center_axis',(0.,-1.,0.));
#3822=DIRECTION('ref_axis',(-1.,0.,1.22464679914735E-16));
#3823=DIRECTION('center_axis',(0.,-1.,0.));
#3824=DIRECTION('ref_axis',(-1.,0.,1.22464679914735E-16));
#3825=DIRECTION('center_axis',(0.,-1.,0.));
#3826=DIRECTION('ref_axis',(1.,0.,0.));
#3827=DIRECTION('',(0.,1.,0.));
#3828=DIRECTION('center_axis',(0.,-1.,0.));
#3829=DIRECTION('ref_axis',(1.,0.,0.));
#3830=DIRECTION('center_axis',(0.,-1.,0.));
#3831=DIRECTION('ref_axis',(0.,0.,-1.));
#3832=DIRECTION('center_axis',(0.,-1.,0.));
#3833=DIRECTION('ref_axis',(1.,0.,0.));
#3834=DIRECTION('center_axis',(0.,-1.,0.));
#3835=DIRECTION('ref_axis',(1.,0.,0.));
#3836=DIRECTION('center_axis',(1.,0.,1.22464679914735E-16));
#3837=DIRECTION('ref_axis',(-1.22464679914735E-16,0.,1.));
#3838=DIRECTION('center_axis',(0.,-1.,0.));
#3839=DIRECTION('ref_axis',(1.,0.,0.));
#3840=DIRECTION('center_axis',(0.,-1.,0.));
#3841=DIRECTION('ref_axis',(1.,0.,0.));
#3842=DIRECTION('center_axis',(0.,-1.,0.));
#3843=DIRECTION('ref_axis',(1.,0.,0.));
#3844=DIRECTION('center_axis',(0.,-1.,0.));
#3845=DIRECTION('ref_axis',(1.,0.,0.));
#3846=DIRECTION('',(0.,-1.,0.));
#3847=DIRECTION('center_axis',(0.,1.,0.));
#3848=DIRECTION('ref_axis',(0.,0.,1.));
#3849=DIRECTION('center_axis',(0.,-1.,0.));
#3850=DIRECTION('ref_axis',(0.,0.,-1.));
#3851=DIRECTION('center_axis',(-1.,0.,-1.22464679914735E-16));
#3852=DIRECTION('ref_axis',(-1.22464679914735E-16,0.,1.));
#3853=DIRECTION('center_axis',(0.,-1.,0.));
#3854=DIRECTION('ref_axis',(0.,0.,-1.));
#3855=DIRECTION('center_axis',(0.,-1.,0.));
#3856=DIRECTION('ref_axis',(1.,0.,0.));
#3857=DIRECTION('center_axis',(0.,-1.,0.));
#3858=DIRECTION('ref_axis',(1.,0.,0.));
#3859=DIRECTION('',(0.,-1.,0.));
#3860=DIRECTION('axis',(0.,0.,1.));
#3861=DIRECTION('refdir',(1.,0.,0.));
#3862=DIRECTION('center_axis',(0.,0.,-1.));
#3863=DIRECTION('ref_axis',(1.,0.,0.));
#3864=DIRECTION('center_axis',(0.,0.,-1.));
#3865=DIRECTION('ref_axis',(1.,0.,0.));
#3866=DIRECTION('center_axis',(0.,0.,-1.));
#3867=DIRECTION('ref_axis',(1.,0.,0.));
#3868=DIRECTION('',(0.,0.,-1.));
#3869=DIRECTION('center_axis',(0.,0.,1.));
#3870=DIRECTION('ref_axis',(1.,0.,0.));
#3871=DIRECTION('center_axis',(0.,0.,-1.));
#3872=DIRECTION('ref_axis',(-1.,0.,0.));
#3873=DIRECTION('center_axis',(0.,0.,-1.));
#3874=DIRECTION('ref_axis',(-1.,0.,0.));
#3875=DIRECTION('',(0.,0.,1.));
#3876=DIRECTION('center_axis',(0.,0.,1.));
#3877=DIRECTION('ref_axis',(-1.,0.,0.));
#3878=DIRECTION('center_axis',(0.,0.,1.));
#3879=DIRECTION('ref_axis',(-1.,0.,0.));
#3880=DIRECTION('center_axis',(0.,0.,1.));
#3881=DIRECTION('ref_axis',(-1.,0.,0.));
#3882=DIRECTION('center_axis',(0.,1.,0.));
#3883=DIRECTION('ref_axis',(1.,0.,0.));
#3884=DIRECTION('center_axis',(0.,-1.,-6.12323399573677E-17));
#3885=DIRECTION('ref_axis',(1.,0.,0.));
#3886=DIRECTION('',(0.,1.,0.));
#3887=DIRECTION('center_axis',(0.,-1.,-6.12323399573677E-17));
#3888=DIRECTION('ref_axis',(1.,0.,0.));
#3889=DIRECTION('center_axis',(0.,-1.,-6.12323399573677E-17));
#3890=DIRECTION('ref_axis',(1.,0.,0.));
#3891=DIRECTION('center_axis',(0.,1.,0.));
#3892=DIRECTION('ref_axis',(-1.,0.,0.));
#3893=DIRECTION('center_axis',(0.,1.,6.12323399573677E-17));
#3894=DIRECTION('ref_axis',(-1.,0.,0.));
#3895=DIRECTION('',(0.,-1.,0.));
#3896=DIRECTION('center_axis',(0.,1.,6.12323399573677E-17));
#3897=DIRECTION('ref_axis',(-1.,0.,0.));
#3898=DIRECTION('center_axis',(0.,1.,6.12323399573677E-17));
#3899=DIRECTION('ref_axis',(-1.,0.,0.));
#3900=DIRECTION('center_axis',(0.,1.,6.12323399573677E-17));
#3901=DIRECTION('ref_axis',(-1.,0.,0.));
#3902=DIRECTION('center_axis',(-1.,0.,0.));
#3903=DIRECTION('ref_axis',(0.,0.,1.));
#3904=DIRECTION('center_axis',(-1.,0.,0.));
#3905=DIRECTION('ref_axis',(0.,0.,1.));
#3906=DIRECTION('center_axis',(-1.,0.,0.));
#3907=DIRECTION('ref_axis',(0.,0.,1.));
#3908=DIRECTION('center_axis',(1.,0.,0.));
#3909=DIRECTION('ref_axis',(0.,0.,1.));
#3910=DIRECTION('axis',(0.,0.,1.));
#3911=DIRECTION('refdir',(1.,0.,0.));
#3912=DIRECTION('axis',(0.,0.,1.));
#3913=DIRECTION('refdir',(1.,0.,0.));
#3914=DIRECTION('center_axis',(0.,0.,1.));
#3915=DIRECTION('ref_axis',(1.,0.,0.));
#3916=DIRECTION('center_axis',(0.,0.,1.));
#3917=DIRECTION('ref_axis',(1.,0.,0.));
#3918=DIRECTION('',(0.,0.,-1.));
#3919=DIRECTION('center_axis',(0.,0.,1.));
#3920=DIRECTION('ref_axis',(1.,0.,0.));
#3921=DIRECTION('center_axis',(0.,0.,1.));
#3922=DIRECTION('ref_axis',(1.,0.,0.));
#3923=DIRECTION('center_axis',(0.,0.,1.));
#3924=DIRECTION('ref_axis',(1.,0.,0.));
#3925=DIRECTION('center_axis',(0.,0.,1.));
#3926=DIRECTION('ref_axis',(1.,0.,0.));
#3927=DIRECTION('center_axis',(0.,0.,1.));
#3928=DIRECTION('ref_axis',(1.,0.,0.));
#3929=DIRECTION('center_axis',(0.,0.,1.));
#3930=DIRECTION('ref_axis',(1.,0.,0.));
#3931=DIRECTION('center_axis',(0.,0.,1.));
#3932=DIRECTION('ref_axis',(1.,0.,0.));
#3933=DIRECTION('center_axis',(0.,0.,1.));
#3934=DIRECTION('ref_axis',(1.,0.,0.));
#3935=DIRECTION('center_axis',(0.,0.,1.));
#3936=DIRECTION('ref_axis',(1.,0.,0.));
#3937=DIRECTION('center_axis',(0.,0.,1.));
#3938=DIRECTION('ref_axis',(1.,0.,0.));
#3939=DIRECTION('center_axis',(0.,0.,1.));
#3940=DIRECTION('ref_axis',(1.,0.,0.));
#3941=DIRECTION('center_axis',(0.,0.,1.));
#3942=DIRECTION('ref_axis',(1.,0.,0.));
#3943=DIRECTION('center_axis',(0.,0.,1.));
#3944=DIRECTION('ref_axis',(1.,0.,0.));
#3945=DIRECTION('center_axis',(0.,0.,1.));
#3946=DIRECTION('ref_axis',(1.,0.,0.));
#3947=DIRECTION('center_axis',(0.,0.,-1.));
#3948=DIRECTION('ref_axis',(1.,0.,0.));
#3949=DIRECTION('center_axis',(0.,0.,1.));
#3950=DIRECTION('ref_axis',(1.,0.,0.));
#3951=DIRECTION('',(0.,0.,1.));
#3952=DIRECTION('center_axis',(0.,0.,1.));
#3953=DIRECTION('ref_axis',(1.,0.,0.));
#3954=DIRECTION('center_axis',(0.,0.,1.));
#3955=DIRECTION('ref_axis',(1.,0.,0.));
#3956=DIRECTION('',(0.,0.,1.));
#3957=DIRECTION('center_axis',(0.,0.,1.));
#3958=DIRECTION('ref_axis',(1.,0.,0.));
#3959=DIRECTION('center_axis',(0.,0.,1.));
#3960=DIRECTION('ref_axis',(1.,0.,0.));
#3961=DIRECTION('',(0.,0.,1.));
#3962=DIRECTION('center_axis',(0.,0.,1.));
#3963=DIRECTION('ref_axis',(1.,0.,0.));
#3964=DIRECTION('center_axis',(0.,0.,1.));
#3965=DIRECTION('ref_axis',(1.,0.,0.));
#3966=DIRECTION('',(0.,0.,1.));
#3967=DIRECTION('center_axis',(0.,0.,1.));
#3968=DIRECTION('ref_axis',(1.,0.,0.));
#3969=DIRECTION('center_axis',(0.,0.,1.));
#3970=DIRECTION('ref_axis',(1.,0.,0.));
#3971=DIRECTION('',(0.,0.,1.));
#3972=DIRECTION('center_axis',(0.,0.,1.));
#3973=DIRECTION('ref_axis',(1.,0.,0.));
#3974=DIRECTION('center_axis',(0.,0.,1.));
#3975=DIRECTION('ref_axis',(1.,0.,0.));
#3976=DIRECTION('',(0.,0.,1.));
#3977=DIRECTION('center_axis',(0.,0.,1.));
#3978=DIRECTION('ref_axis',(1.,0.,0.));
#3979=DIRECTION('center_axis',(0.,0.,1.));
#3980=DIRECTION('ref_axis',(1.,0.,0.));
#3981=DIRECTION('',(0.,0.,1.));
#3982=DIRECTION('center_axis',(0.,0.,1.));
#3983=DIRECTION('ref_axis',(1.,0.,0.));
#3984=DIRECTION('center_axis',(0.,0.,1.));
#3985=DIRECTION('ref_axis',(1.,0.,0.));
#3986=DIRECTION('',(0.,0.,1.));
#3987=DIRECTION('center_axis',(0.,0.,1.));
#3988=DIRECTION('ref_axis',(1.,0.,0.));
#3989=DIRECTION('center_axis',(0.,0.,1.));
#3990=DIRECTION('ref_axis',(1.,0.,0.));
#3991=DIRECTION('',(0.,0.,1.));
#3992=DIRECTION('center_axis',(0.,0.,1.));
#3993=DIRECTION('ref_axis',(1.,0.,0.));
#3994=DIRECTION('center_axis',(0.,0.,1.));
#3995=DIRECTION('ref_axis',(1.,0.,0.));
#3996=DIRECTION('',(0.,0.,1.));
#3997=DIRECTION('center_axis',(0.,0.,1.));
#3998=DIRECTION('ref_axis',(1.,0.,0.));
#3999=DIRECTION('center_axis',(0.,0.,1.));
#4000=DIRECTION('ref_axis',(1.,0.,0.));
#4001=DIRECTION('',(0.,0.,1.));
#4002=DIRECTION('center_axis',(0.,0.,1.));
#4003=DIRECTION('ref_axis',(1.,0.,0.));
#4004=DIRECTION('center_axis',(0.,0.,1.));
#4005=DIRECTION('ref_axis',(1.,0.,0.));
#4006=DIRECTION('',(0.,0.,1.));
#4007=DIRECTION('center_axis',(0.,0.,1.));
#4008=DIRECTION('ref_axis',(1.,0.,0.));
#4009=DIRECTION('center_axis',(0.,0.,1.));
#4010=DIRECTION('ref_axis',(1.,0.,0.));
#4011=DIRECTION('center_axis',(0.,0.,1.));
#4012=DIRECTION('ref_axis',(1.,0.,0.));
#4013=DIRECTION('',(0.,0.,-1.));
#4014=DIRECTION('center_axis',(0.,0.,1.));
#4015=DIRECTION('ref_axis',(1.,0.,0.));
#4016=DIRECTION('center_axis',(0.,0.,1.));
#4017=DIRECTION('ref_axis',(1.,0.,0.));
#4018=DIRECTION('center_axis',(0.,0.,1.));
#4019=DIRECTION('ref_axis',(1.,0.,0.));
#4020=DIRECTION('center_axis',(0.,0.,1.));
#4021=DIRECTION('ref_axis',(1.,0.,0.));
#4022=DIRECTION('center_axis',(0.,0.,1.));
#4023=DIRECTION('ref_axis',(1.,0.,0.));
#4024=DIRECTION('center_axis',(0.,0.,1.));
#4025=DIRECTION('ref_axis',(1.,0.,0.));
#4026=DIRECTION('center_axis',(0.,0.,1.));
#4027=DIRECTION('ref_axis',(1.,0.,0.));
#4028=DIRECTION('center_axis',(0.,0.,1.));
#4029=DIRECTION('ref_axis',(1.,0.,0.));
#4030=DIRECTION('center_axis',(0.,0.,1.));
#4031=DIRECTION('ref_axis',(1.,0.,0.));
#4032=DIRECTION('center_axis',(0.,0.,1.));
#4033=DIRECTION('ref_axis',(1.,0.,0.));
#4034=DIRECTION('center_axis',(0.,0.,1.));
#4035=DIRECTION('ref_axis',(1.,0.,0.));
#4036=DIRECTION('center_axis',(0.,0.,1.));
#4037=DIRECTION('ref_axis',(1.,0.,0.));
#4038=DIRECTION('center_axis',(0.,0.,1.));
#4039=DIRECTION('ref_axis',(1.,0.,0.));
#4040=DIRECTION('center_axis',(0.,0.,1.));
#4041=DIRECTION('ref_axis',(1.,0.,0.));
#4042=DIRECTION('center_axis',(0.,0.,1.));
#4043=DIRECTION('ref_axis',(1.,0.,0.));
#4044=DIRECTION('center_axis',(0.,0.,1.));
#4045=DIRECTION('ref_axis',(1.,0.,0.));
#4046=DIRECTION('center_axis',(0.,0.,1.));
#4047=DIRECTION('ref_axis',(1.,0.,0.));
#4048=DIRECTION('',(0.,0.,1.));
#4049=DIRECTION('center_axis',(0.,0.,1.));
#4050=DIRECTION('ref_axis',(1.,0.,0.));
#4051=DIRECTION('center_axis',(0.,0.,1.));
#4052=DIRECTION('ref_axis',(1.,0.,0.));
#4053=DIRECTION('',(0.,0.,1.));
#4054=DIRECTION('center_axis',(0.,0.,1.));
#4055=DIRECTION('ref_axis',(1.,0.,0.));
#4056=DIRECTION('center_axis',(0.,0.,1.));
#4057=DIRECTION('ref_axis',(1.,0.,0.));
#4058=DIRECTION('',(0.,0.,1.));
#4059=DIRECTION('center_axis',(0.,0.,1.));
#4060=DIRECTION('ref_axis',(1.,0.,0.));
#4061=DIRECTION('center_axis',(0.,0.,1.));
#4062=DIRECTION('ref_axis',(1.,0.,0.));
#4063=DIRECTION('',(0.,0.,1.));
#4064=DIRECTION('center_axis',(0.,0.,1.));
#4065=DIRECTION('ref_axis',(1.,0.,0.));
#4066=DIRECTION('center_axis',(0.,0.,1.));
#4067=DIRECTION('ref_axis',(1.,0.,0.));
#4068=DIRECTION('',(0.,0.,1.));
#4069=DIRECTION('center_axis',(0.,0.,1.));
#4070=DIRECTION('ref_axis',(1.,0.,0.));
#4071=DIRECTION('center_axis',(0.,0.,1.));
#4072=DIRECTION('ref_axis',(1.,0.,0.));
#4073=DIRECTION('',(0.,0.,1.));
#4074=DIRECTION('center_axis',(0.,0.,1.));
#4075=DIRECTION('ref_axis',(1.,0.,0.));
#4076=DIRECTION('center_axis',(0.,0.,1.));
#4077=DIRECTION('ref_axis',(1.,0.,0.));
#4078=DIRECTION('',(0.,0.,1.));
#4079=DIRECTION('center_axis',(0.,0.,1.));
#4080=DIRECTION('ref_axis',(1.,0.,0.));
#4081=DIRECTION('center_axis',(0.,0.,1.));
#4082=DIRECTION('ref_axis',(1.,0.,0.));
#4083=DIRECTION('',(0.,0.,1.));
#4084=DIRECTION('center_axis',(0.,0.,1.));
#4085=DIRECTION('ref_axis',(1.,0.,0.));
#4086=DIRECTION('center_axis',(0.,0.,1.));
#4087=DIRECTION('ref_axis',(1.,0.,0.));
#4088=DIRECTION('',(0.,0.,1.));
#4089=DIRECTION('center_axis',(0.,0.,1.));
#4090=DIRECTION('ref_axis',(1.,0.,0.));
#4091=DIRECTION('center_axis',(0.,0.,1.));
#4092=DIRECTION('ref_axis',(1.,0.,0.));
#4093=DIRECTION('',(0.,0.,1.));
#4094=DIRECTION('center_axis',(0.,0.,1.));
#4095=DIRECTION('ref_axis',(1.,0.,0.));
#4096=DIRECTION('center_axis',(0.,0.,1.));
#4097=DIRECTION('ref_axis',(1.,0.,0.));
#4098=DIRECTION('',(0.,0.,1.));
#4099=DIRECTION('center_axis',(0.,0.,1.));
#4100=DIRECTION('ref_axis',(1.,0.,0.));
#4101=DIRECTION('center_axis',(0.,0.,1.));
#4102=DIRECTION('ref_axis',(1.,0.,0.));
#4103=DIRECTION('',(0.,0.,1.));
#4104=DIRECTION('center_axis',(0.,0.,1.));
#4105=DIRECTION('ref_axis',(1.,0.,0.));
#4106=DIRECTION('',(0.,0.,-1.));
#4107=DIRECTION('center_axis',(0.,0.,1.));
#4108=DIRECTION('ref_axis',(1.,0.,0.));
#4109=DIRECTION('center_axis',(0.,0.,1.));
#4110=DIRECTION('ref_axis',(1.,0.,0.));
#4111=DIRECTION('center_axis',(0.,0.,1.));
#4112=DIRECTION('ref_axis',(1.,0.,0.));
#4113=DIRECTION('center_axis',(0.,0.,1.));
#4114=DIRECTION('ref_axis',(1.,0.,0.));
#4115=DIRECTION('center_axis',(0.,0.,1.));
#4116=DIRECTION('ref_axis',(1.,0.,0.));
#4117=DIRECTION('',(0.,0.,1.));
#4118=DIRECTION('',(0.,0.,1.));
#4119=DIRECTION('',(1.,0.,0.));
#4120=DIRECTION('axis',(0.,0.,1.));
#4121=DIRECTION('refdir',(1.,0.,0.));
#4122=DIRECTION('center_axis',(0.,0.,1.));
#4123=DIRECTION('ref_axis',(-1.,0.,0.));
#4124=DIRECTION('center_axis',(0.,0.,-1.));
#4125=DIRECTION('ref_axis',(-1.,0.,0.));
#4126=DIRECTION('',(0.,0.,-1.));
#4127=DIRECTION('center_axis',(0.,0.,-1.));
#4128=DIRECTION('ref_axis',(-1.,0.,0.));
#4129=DIRECTION('center_axis',(0.,0.,1.));
#4130=DIRECTION('ref_axis',(-1.,0.,0.));
#4131=DIRECTION('center_axis',(0.,0.,-1.));
#4132=DIRECTION('ref_axis',(-1.,0.,0.));
#4133=DIRECTION('',(0.,0.,-1.));
#4134=DIRECTION('center_axis',(0.,0.,-1.));
#4135=DIRECTION('ref_axis',(-1.,0.,0.));
#4136=DIRECTION('center_axis',(0.,0.,1.));
#4137=DIRECTION('ref_axis',(-1.,0.,0.));
#4138=DIRECTION('center_axis',(0.,0.,-1.));
#4139=DIRECTION('ref_axis',(-1.,0.,0.));
#4140=DIRECTION('',(0.,0.,-1.));
#4141=DIRECTION('center_axis',(0.,0.,-1.));
#4142=DIRECTION('ref_axis',(-1.,0.,0.));
#4143=DIRECTION('center_axis',(0.,0.,1.));
#4144=DIRECTION('ref_axis',(-1.,0.,0.));
#4145=DIRECTION('center_axis',(0.,0.,-1.));
#4146=DIRECTION('ref_axis',(-1.,0.,0.));
#4147=DIRECTION('',(0.,0.,-1.));
#4148=DIRECTION('center_axis',(0.,0.,-1.));
#4149=DIRECTION('ref_axis',(-1.,0.,0.));
#4150=DIRECTION('center_axis',(0.,0.,1.));
#4151=DIRECTION('ref_axis',(-1.,0.,0.));
#4152=DIRECTION('center_axis',(0.,0.,-1.));
#4153=DIRECTION('ref_axis',(-1.,0.,0.));
#4154=DIRECTION('',(0.,0.,-1.));
#4155=DIRECTION('center_axis',(0.,0.,-1.));
#4156=DIRECTION('ref_axis',(-1.,0.,0.));
#4157=DIRECTION('center_axis',(0.,0.,1.));
#4158=DIRECTION('ref_axis',(-1.,0.,0.));
#4159=DIRECTION('center_axis',(0.,0.,-1.));
#4160=DIRECTION('ref_axis',(-1.,0.,0.));
#4161=DIRECTION('',(0.,0.,-1.));
#4162=DIRECTION('center_axis',(0.,0.,-1.));
#4163=DIRECTION('ref_axis',(-1.,0.,0.));
#4164=DIRECTION('center_axis',(0.,0.,1.));
#4165=DIRECTION('ref_axis',(-1.,0.,0.));
#4166=DIRECTION('center_axis',(0.,0.,-1.));
#4167=DIRECTION('ref_axis',(-1.,0.,0.));
#4168=DIRECTION('',(0.,0.,-1.));
#4169=DIRECTION('center_axis',(0.,0.,-1.));
#4170=DIRECTION('ref_axis',(-1.,0.,0.));
#4171=DIRECTION('center_axis',(0.,0.,1.));
#4172=DIRECTION('ref_axis',(-1.,0.,0.));
#4173=DIRECTION('center_axis',(0.,0.,-1.));
#4174=DIRECTION('ref_axis',(-1.,0.,0.));
#4175=DIRECTION('',(0.,0.,-1.));
#4176=DIRECTION('center_axis',(0.,0.,-1.));
#4177=DIRECTION('ref_axis',(-1.,0.,0.));
#4178=DIRECTION('center_axis',(0.,0.,1.));
#4179=DIRECTION('ref_axis',(-1.,0.,0.));
#4180=DIRECTION('center_axis',(0.,0.,-1.));
#4181=DIRECTION('ref_axis',(-1.,0.,0.));
#4182=DIRECTION('',(0.,0.,-1.));
#4183=DIRECTION('center_axis',(0.,0.,-1.));
#4184=DIRECTION('ref_axis',(-1.,0.,0.));
#4185=DIRECTION('center_axis',(0.,0.,1.));
#4186=DIRECTION('ref_axis',(-1.,0.,0.));
#4187=DIRECTION('center_axis',(0.,0.,-1.));
#4188=DIRECTION('ref_axis',(-1.,0.,0.));
#4189=DIRECTION('',(0.,0.,-1.));
#4190=DIRECTION('center_axis',(0.,0.,-1.));
#4191=DIRECTION('ref_axis',(-1.,0.,0.));
#4192=DIRECTION('center_axis',(0.,0.,1.));
#4193=DIRECTION('ref_axis',(-1.,0.,0.));
#4194=DIRECTION('center_axis',(0.,0.,-1.));
#4195=DIRECTION('ref_axis',(-1.,0.,0.));
#4196=DIRECTION('',(0.,0.,-1.));
#4197=DIRECTION('center_axis',(0.,0.,-1.));
#4198=DIRECTION('ref_axis',(-1.,0.,0.));
#4199=DIRECTION('center_axis',(0.,0.,1.));
#4200=DIRECTION('ref_axis',(-1.,0.,0.));
#4201=DIRECTION('center_axis',(0.,0.,-1.));
#4202=DIRECTION('ref_axis',(-1.,0.,0.));
#4203=DIRECTION('',(0.,0.,-1.));
#4204=DIRECTION('center_axis',(0.,0.,-1.));
#4205=DIRECTION('ref_axis',(-1.,0.,0.));
#4206=DIRECTION('center_axis',(0.,0.,1.));
#4207=DIRECTION('ref_axis',(-1.,0.,0.));
#4208=DIRECTION('center_axis',(0.,0.,-1.));
#4209=DIRECTION('ref_axis',(-1.,0.,0.));
#4210=DIRECTION('',(0.,0.,-1.));
#4211=DIRECTION('center_axis',(0.,0.,-1.));
#4212=DIRECTION('ref_axis',(-1.,0.,0.));
#4213=DIRECTION('center_axis',(0.,0.,1.));
#4214=DIRECTION('ref_axis',(-1.,0.,0.));
#4215=DIRECTION('center_axis',(0.,0.,1.));
#4216=DIRECTION('ref_axis',(-1.,0.,0.));
#4217=DIRECTION('',(0.,0.,-1.));
#4218=DIRECTION('center_axis',(0.,0.,1.));
#4219=DIRECTION('ref_axis',(-1.,0.,0.));
#4220=DIRECTION('center_axis',(0.,0.,1.));
#4221=DIRECTION('ref_axis',(-1.,0.,0.));
#4222=DIRECTION('center_axis',(0.,0.,1.));
#4223=DIRECTION('ref_axis',(-1.,0.,0.));
#4224=DIRECTION('axis',(0.,0.,1.));
#4225=DIRECTION('refdir',(1.,0.,0.));
#4226=DIRECTION('center_axis',(0.,-1.,0.));
#4227=DIRECTION('ref_axis',(0.,0.,-1.));
#4228=DIRECTION('center_axis',(0.,1.,0.));
#4229=DIRECTION('ref_axis',(-1.,0.,1.22464679914735E-16));
#4230=DIRECTION('center_axis',(1.,0.,1.22464679914735E-16));
#4231=DIRECTION('ref_axis',(-1.22464679914735E-16,0.,1.));
#4232=DIRECTION('center_axis',(0.,-1.,0.));
#4233=DIRECTION('ref_axis',(-1.,0.,1.22464679914735E-16));
#4234=DIRECTION('center_axis',(0.,1.,0.));
#4235=DIRECTION('ref_axis',(-1.,0.,1.22464679914735E-16));
#4236=DIRECTION('center_axis',(0.,-1.,0.));
#4237=DIRECTION('ref_axis',(1.,0.,0.));
#4238=DIRECTION('center_axis',(0.,-1.,0.));
#4239=DIRECTION('ref_axis',(1.,0.,0.));
#4240=DIRECTION('',(0.,1.,0.));
#4241=DIRECTION('center_axis',(0.,-1.,0.));
#4242=DIRECTION('ref_axis',(0.,0.,-1.));
#4243=DIRECTION('center_axis',(0.,1.,0.));
#4244=DIRECTION('ref_axis',(-1.,0.,1.22464679914735E-16));
#4245=DIRECTION('center_axis',(1.,0.,1.22464679914735E-16));
#4246=DIRECTION('ref_axis',(-1.22464679914735E-16,0.,1.));
#4247=DIRECTION('center_axis',(0.,-1.,0.));
#4248=DIRECTION('ref_axis',(-1.,0.,1.22464679914735E-16));
#4249=DIRECTION('center_axis',(0.,-1.,0.));
#4250=DIRECTION('ref_axis',(-1.,0.,1.22464679914735E-16));
#4251=DIRECTION('center_axis',(0.,-1.,0.));
#4252=DIRECTION('ref_axis',(1.,0.,0.));
#4253=DIRECTION('',(0.,1.,0.));
#4254=DIRECTION('center_axis',(0.,-1.,0.));
#4255=DIRECTION('ref_axis',(1.,0.,0.));
#4256=DIRECTION('center_axis',(0.,-1.,0.));
#4257=DIRECTION('ref_axis',(0.,0.,-1.));
#4258=DIRECTION('center_axis',(0.,-1.,0.));
#4259=DIRECTION('ref_axis',(1.,0.,0.));
#4260=DIRECTION('center_axis',(0.,-1.,0.));
#4261=DIRECTION('ref_axis',(1.,0.,0.));
#4262=DIRECTION('center_axis',(1.,0.,1.22464679914735E-16));
#4263=DIRECTION('ref_axis',(-1.22464679914735E-16,0.,1.));
#4264=DIRECTION('center_axis',(0.,-1.,0.));
#4265=DIRECTION('ref_axis',(1.,0.,0.));
#4266=DIRECTION('center_axis',(0.,-1.,0.));
#4267=DIRECTION('ref_axis',(1.,0.,0.));
#4268=DIRECTION('center_axis',(0.,-1.,0.));
#4269=DIRECTION('ref_axis',(1.,0.,0.));
#4270=DIRECTION('center_axis',(0.,-1.,0.));
#4271=DIRECTION('ref_axis',(1.,0.,0.));
#4272=DIRECTION('',(0.,-1.,0.));
#4273=DIRECTION('center_axis',(0.,1.,0.));
#4274=DIRECTION('ref_axis',(0.,0.,1.));
#4275=DIRECTION('center_axis',(0.,-1.,0.));
#4276=DIRECTION('ref_axis',(0.,0.,-1.));
#4277=DIRECTION('center_axis',(-1.,0.,-1.22464679914735E-16));
#4278=DIRECTION('ref_axis',(-1.22464679914735E-16,0.,1.));
#4279=DIRECTION('center_axis',(0.,-1.,0.));
#4280=DIRECTION('ref_axis',(0.,0.,-1.));
#4281=DIRECTION('center_axis',(0.,-1.,0.));
#4282=DIRECTION('ref_axis',(1.,0.,0.));
#4283=DIRECTION('center_axis',(0.,-1.,0.));
#4284=DIRECTION('ref_axis',(1.,0.,0.));
#4285=DIRECTION('',(0.,-1.,0.));
#4286=DIRECTION('axis',(0.,0.,1.));
#4287=DIRECTION('refdir',(1.,0.,0.));
#4288=DIRECTION('center_axis',(0.,0.,1.));
#4289=DIRECTION('ref_axis',(-1.,0.,0.));
#4290=DIRECTION('center_axis',(0.,0.,-1.));
#4291=DIRECTION('ref_axis',(-1.,0.,0.));
#4292=DIRECTION('',(0.,0.,1.));
#4293=DIRECTION('center_axis',(0.,0.,-1.));
#4294=DIRECTION('ref_axis',(-1.,0.,0.));
#4295=DIRECTION('center_axis',(0.,0.,1.));
#4296=DIRECTION('ref_axis',(-1.,0.,0.));
#4297=DIRECTION('center_axis',(0.,0.,-1.));
#4298=DIRECTION('ref_axis',(-1.,0.,0.));
#4299=DIRECTION('',(0.,0.,1.));
#4300=DIRECTION('center_axis',(0.,0.,-1.));
#4301=DIRECTION('ref_axis',(-1.,0.,0.));
#4302=DIRECTION('center_axis',(0.,0.,1.));
#4303=DIRECTION('ref_axis',(-1.,0.,0.));
#4304=DIRECTION('center_axis',(0.,0.,-1.));
#4305=DIRECTION('ref_axis',(-1.,0.,0.));
#4306=DIRECTION('',(0.,0.,1.));
#4307=DIRECTION('center_axis',(0.,0.,-1.));
#4308=DIRECTION('ref_axis',(-1.,0.,0.));
#4309=DIRECTION('center_axis',(0.,0.,1.));
#4310=DIRECTION('ref_axis',(-1.,0.,0.));
#4311=DIRECTION('center_axis',(0.,0.,-1.));
#4312=DIRECTION('ref_axis',(-1.,0.,0.));
#4313=DIRECTION('',(0.,0.,1.));
#4314=DIRECTION('center_axis',(0.,0.,-1.));
#4315=DIRECTION('ref_axis',(-1.,0.,0.));
#4316=DIRECTION('center_axis',(0.,0.,1.));
#4317=DIRECTION('ref_axis',(-1.,0.,0.));
#4318=DIRECTION('center_axis',(0.,0.,-1.));
#4319=DIRECTION('ref_axis',(-1.,0.,0.));
#4320=DIRECTION('',(0.,0.,1.));
#4321=DIRECTION('center_axis',(0.,0.,-1.));
#4322=DIRECTION('ref_axis',(-1.,0.,0.));
#4323=DIRECTION('center_axis',(0.,0.,1.));
#4324=DIRECTION('ref_axis',(-1.,0.,0.));
#4325=DIRECTION('center_axis',(0.,0.,-1.));
#4326=DIRECTION('ref_axis',(-1.,0.,0.));
#4327=DIRECTION('',(0.,0.,1.));
#4328=DIRECTION('center_axis',(0.,0.,-1.));
#4329=DIRECTION('ref_axis',(-1.,0.,0.));
#4330=DIRECTION('center_axis',(0.,0.,1.));
#4331=DIRECTION('ref_axis',(-1.,0.,0.));
#4332=DIRECTION('center_axis',(0.,0.,-1.));
#4333=DIRECTION('ref_axis',(-1.,0.,0.));
#4334=DIRECTION('',(0.,0.,1.));
#4335=DIRECTION('center_axis',(0.,0.,-1.));
#4336=DIRECTION('ref_axis',(-1.,0.,0.));
#4337=DIRECTION('center_axis',(0.,0.,1.));
#4338=DIRECTION('ref_axis',(-1.,0.,0.));
#4339=DIRECTION('center_axis',(0.,0.,-1.));
#4340=DIRECTION('ref_axis',(-1.,0.,0.));
#4341=DIRECTION('',(0.,0.,1.));
#4342=DIRECTION('center_axis',(0.,0.,-1.));
#4343=DIRECTION('ref_axis',(-1.,0.,0.));
#4344=DIRECTION('center_axis',(0.,0.,1.));
#4345=DIRECTION('ref_axis',(-1.,0.,0.));
#4346=DIRECTION('center_axis',(0.,0.,-1.));
#4347=DIRECTION('ref_axis',(-1.,0.,0.));
#4348=DIRECTION('',(0.,0.,1.));
#4349=DIRECTION('center_axis',(0.,0.,-1.));
#4350=DIRECTION('ref_axis',(-1.,0.,0.));
#4351=DIRECTION('center_axis',(0.,0.,1.));
#4352=DIRECTION('ref_axis',(-1.,0.,0.));
#4353=DIRECTION('center_axis',(0.,0.,-1.));
#4354=DIRECTION('ref_axis',(-1.,0.,0.));
#4355=DIRECTION('',(0.,0.,1.));
#4356=DIRECTION('center_axis',(0.,0.,-1.));
#4357=DIRECTION('ref_axis',(-1.,0.,0.));
#4358=DIRECTION('center_axis',(0.,0.,1.));
#4359=DIRECTION('ref_axis',(-1.,0.,0.));
#4360=DIRECTION('center_axis',(0.,0.,-1.));
#4361=DIRECTION('ref_axis',(-1.,0.,0.));
#4362=DIRECTION('',(0.,0.,1.));
#4363=DIRECTION('center_axis',(0.,0.,-1.));
#4364=DIRECTION('ref_axis',(-1.,0.,0.));
#4365=DIRECTION('center_axis',(0.,0.,1.));
#4366=DIRECTION('ref_axis',(-1.,0.,0.));
#4367=DIRECTION('center_axis',(0.,0.,-1.));
#4368=DIRECTION('ref_axis',(-1.,0.,0.));
#4369=DIRECTION('',(0.,0.,1.));
#4370=DIRECTION('center_axis',(0.,0.,-1.));
#4371=DIRECTION('ref_axis',(-1.,0.,0.));
#4372=DIRECTION('center_axis',(0.,0.,1.));
#4373=DIRECTION('ref_axis',(-1.,0.,0.));
#4374=DIRECTION('center_axis',(0.,0.,-1.));
#4375=DIRECTION('ref_axis',(-1.,0.,0.));
#4376=DIRECTION('',(0.,0.,1.));
#4377=DIRECTION('center_axis',(0.,0.,-1.));
#4378=DIRECTION('ref_axis',(-1.,0.,0.));
#4379=DIRECTION('center_axis',(0.,0.,1.));
#4380=DIRECTION('ref_axis',(-1.,0.,0.));
#4381=DIRECTION('center_axis',(0.,0.,1.));
#4382=DIRECTION('ref_axis',(-1.,0.,0.));
#4383=DIRECTION('',(0.,0.,1.));
#4384=DIRECTION('center_axis',(0.,0.,1.));
#4385=DIRECTION('ref_axis',(-1.,0.,0.));
#4386=DIRECTION('center_axis',(0.,0.,1.));
#4387=DIRECTION('ref_axis',(-1.,0.,0.));
#4388=DIRECTION('center_axis',(0.,0.,1.));
#4389=DIRECTION('ref_axis',(-1.,0.,0.));
#4390=DIRECTION('axis',(0.,0.,1.));
#4391=DIRECTION('refdir',(1.,0.,0.));
#4392=DIRECTION('center_axis',(0.,-1.,0.));
#4393=DIRECTION('ref_axis',(0.,0.,1.));
#4394=DIRECTION('center_axis',(0.,-1.,0.));
#4395=DIRECTION('ref_axis',(-1.,0.,-1.22464679914735E-16));
#4396=DIRECTION('center_axis',(0.,-1.,0.));
#4397=DIRECTION('ref_axis',(-1.,0.,-1.22464679914735E-16));
#4398=DIRECTION('center_axis',(-1.,0.,1.22464679914735E-16));
#4399=DIRECTION('ref_axis',(-1.22464679914735E-16,0.,-1.));
#4400=DIRECTION('center_axis',(0.,1.,0.));
#4401=DIRECTION('ref_axis',(-1.,0.,-1.22464679914735E-16));
#4402=DIRECTION('center_axis',(0.,1.,0.));
#4403=DIRECTION('ref_axis',(1.,0.,0.));
#4404=DIRECTION('center_axis',(0.,1.,0.));
#4405=DIRECTION('ref_axis',(1.,0.,0.));
#4406=DIRECTION('',(0.,1.,0.));
#4407=DIRECTION('center_axis',(0.,-1.,0.));
#4408=DIRECTION('ref_axis',(0.,0.,1.));
#4409=DIRECTION('center_axis',(0.,-1.,0.));
#4410=DIRECTION('ref_axis',(-1.,0.,-1.22464679914735E-16));
#4411=DIRECTION('center_axis',(-1.,0.,1.22464679914735E-16));
#4412=DIRECTION('ref_axis',(-1.22464679914735E-16,0.,-1.));
#4413=DIRECTION('center_axis',(0.,1.,0.));
#4414=DIRECTION('ref_axis',(-1.,0.,-1.22464679914735E-16));
#4415=DIRECTION('center_axis',(0.,1.,0.));
#4416=DIRECTION('ref_axis',(-1.,0.,-1.22464679914735E-16));
#4417=DIRECTION('center_axis',(0.,1.,0.));
#4418=DIRECTION('ref_axis',(1.,0.,0.));
#4419=DIRECTION('',(0.,1.,0.));
#4420=DIRECTION('center_axis',(0.,1.,0.));
#4421=DIRECTION('ref_axis',(1.,0.,0.));
#4422=DIRECTION('center_axis',(0.,-1.,0.));
#4423=DIRECTION('ref_axis',(0.,0.,1.));
#4424=DIRECTION('center_axis',(0.,1.,0.));
#4425=DIRECTION('ref_axis',(1.,0.,0.));
#4426=DIRECTION('center_axis',(-1.,0.,1.22464679914735E-16));
#4427=DIRECTION('ref_axis',(-1.22464679914735E-16,0.,-1.));
#4428=DIRECTION('center_axis',(0.,1.,0.));
#4429=DIRECTION('ref_axis',(1.,0.,0.));
#4430=DIRECTION('center_axis',(0.,1.,0.));
#4431=DIRECTION('ref_axis',(1.,0.,0.));
#4432=DIRECTION('center_axis',(0.,1.,0.));
#4433=DIRECTION('ref_axis',(1.,0.,0.));
#4434=DIRECTION('center_axis',(0.,1.,0.));
#4435=DIRECTION('ref_axis',(1.,0.,0.));
#4436=DIRECTION('center_axis',(0.,1.,0.));
#4437=DIRECTION('ref_axis',(1.,0.,0.));
#4438=DIRECTION('',(0.,-1.,0.));
#4439=DIRECTION('center_axis',(0.,-1.,0.));
#4440=DIRECTION('ref_axis',(0.,0.,-1.));
#4441=DIRECTION('center_axis',(0.,-1.,0.));
#4442=DIRECTION('ref_axis',(0.,0.,1.));
#4443=DIRECTION('center_axis',(1.,0.,-1.22464679914735E-16));
#4444=DIRECTION('ref_axis',(-1.22464679914735E-16,0.,-1.));
#4445=DIRECTION('center_axis',(0.,1.,0.));
#4446=DIRECTION('ref_axis',(0.,0.,1.));
#4447=DIRECTION('center_axis',(0.,1.,0.));
#4448=DIRECTION('ref_axis',(1.,0.,0.));
#4449=DIRECTION('center_axis',(0.,1.,0.));
#4450=DIRECTION('ref_axis',(1.,0.,0.));
#4451=DIRECTION('',(0.,-1.,0.));
#4452=DIRECTION('',(-8.50052377255942E-47,-6.90253292068385E-31,1.));
#4453=DIRECTION('',(1.,1.30614473485301E-16,1.75162308040602E-46));
#4454=DIRECTION('',(9.98737036584916E-17,-9.97507846162368E-16,1.));
#4455=DIRECTION('',(1.,4.99600361081319E-16,-9.98737036584911E-17));
#4456=DIRECTION('',(0.,0.,1.));
#4457=DIRECTION('',(1.,5.55111512312578E-17,0.));
#4458=DIRECTION('',(0.,0.,1.));
#4459=DIRECTION('',(1.,0.,0.));
#4460=DIRECTION('',(-3.39907768361723E-33,6.12323399573677E-17,1.));
#4461=DIRECTION('',(5.55111512312578E-17,-1.,6.12323399573677E-17));
#4462=DIRECTION('',(-1.69683388918551E-31,-1.40531481016918E-17,1.));
#4463=DIRECTION('',(1.,1.28564045233371E-15,1.87750684600723E-31));
#4464=DIRECTION('',(-0.408330460381386,0.912834177233042,3.94373344980005E-16));
#4465=DIRECTION('',(0.912834177233042,0.408330460381386,-8.47216539913922E-16));
#4466=DIRECTION('',(5.00060591300428E-17,-1.11789945330075E-16,-1.));
#4467=DIRECTION('',(0.408330460381385,-0.912834177233043,1.22464679914735E-16));
#4468=DIRECTION('',(0.912834177233043,0.408330460381384,-7.65988834861009E-16));
#4469=DIRECTION('',(0.408329671876842,-0.912832414509062,-0.00196521920040098));
#4470=DIRECTION('',(-0.912834177233042,-0.408330460381385,-2.94098139348376E-16));
#4471=DIRECTION('',(-5.55111512312578E-17,8.88178419700125E-16,-1.));
#4472=DIRECTION('',(0.912834177233043,0.408330460381385,3.1634326998485E-16));
#4473=DIRECTION('',(0.,8.88178419700125E-16,-1.));
#4474=DIRECTION('',(4.98676445284487E-17,-8.85717900832292E-16,1.));
#4475=DIRECTION('',(0.408330460381386,-0.912834177233043,-8.2887604951526E-16));
#4476=DIRECTION('',(0.912834177233043,0.408330460381386,3.07652383926189E-16));
#4477=DIRECTION('',(-9.25111359878192E-17,8.46796188742457E-16,-1.));
#4478=DIRECTION('',(-5.74384739320143E-17,8.82331305180059E-16,-1.));
#4479=DIRECTION('',(0.408330460381386,-0.912834177233043,-8.2887604951526E-16));
#4480=CARTESIAN_POINT('',(0.,0.,0.));
#4481=CARTESIAN_POINT('',(0.,0.,0.));
#4482=CARTESIAN_POINT('',(0.,0.,0.));
#4483=CARTESIAN_POINT('Origin',(0.,-50.,0.));
#4484=CARTESIAN_POINT('',(-6.12323399573677E-15,50.,0.));
#4485=CARTESIAN_POINT('Origin',(0.,0.,0.));
#4486=CARTESIAN_POINT('Origin',(0.,0.,100.));
#4487=CARTESIAN_POINT('',(-6.12323399573677E-15,50.,200.));
#4488=CARTESIAN_POINT('Origin',(0.,0.,200.));
#4489=CARTESIAN_POINT('',(-6.12323399573677E-15,50.,100.));
#4490=CARTESIAN_POINT('Origin',(0.,0.,450.));
#4491=CARTESIAN_POINT('',(-3.67394039744206E-14,300.,700.));
#4492=CARTESIAN_POINT('Origin',(0.,0.,700.));
#4493=CARTESIAN_POINT('',(-2.14313189850787E-14,175.,450.));
#4494=CARTESIAN_POINT('Origin',(0.,-50.,700.));
#4495=CARTESIAN_POINT('',(-6.12323399573677E-15,50.,700.));
#4496=CARTESIAN_POINT('Origin',(0.,0.,700.));
#4497=CARTESIAN_POINT('Origin',(0.,0.,850.));
#4498=CARTESIAN_POINT('',(-6.12323399573677E-15,50.,1000.));
#4499=CARTESIAN_POINT('Origin',(0.,0.,1000.));
#4500=CARTESIAN_POINT('',(-6.12323399573677E-15,50.,850.));
#4501=CARTESIAN_POINT('Origin',(0.,0.,1000.));
#4502=CARTESIAN_POINT('',(0.,0.,0.));
#4503=CARTESIAN_POINT('',(0.,0.,0.));
#4504=CARTESIAN_POINT('Origin',(-1302.92840685324,4755.8218281325,5869.50000185825));
#4505=CARTESIAN_POINT('',(-4953.0832530767,2630.05853493201,5869.50000185825));
#4506=CARTESIAN_POINT('Origin',(-5136.83195123202,3040.83389453068,5869.50000185825));
#4507=CARTESIAN_POINT('',(-1119.17970869792,4345.04646853383,5869.50000185825));
#4508=CARTESIAN_POINT('',(-1119.17970869792,4345.04646853383,5869.50000185825));
#4509=CARTESIAN_POINT('Origin',(-1302.92840685324,4755.8218281325,5869.50000185825));
#4510=CARTESIAN_POINT('Origin',(-1302.92840685324,4755.8218281325,5869.50000185825));
#4511=CARTESIAN_POINT('',(-4952.26659215593,2628.23286657754,5869.50000185825));
#4512=CARTESIAN_POINT('Origin',(-5136.83195123202,3040.83389453068,5869.50000185825));
#4513=CARTESIAN_POINT('',(-1118.36304777715,4343.22080017936,5869.50000185825));
#4514=CARTESIAN_POINT('',(-1118.36304777715,4343.22080017936,5869.50000185825));
#4515=CARTESIAN_POINT('Origin',(-1302.92840685324,4755.8218281325,5869.50000185825));
#4516=CARTESIAN_POINT('Origin',(-1302.92840685324,4755.8218281325,5869.50000185825));
#4517=CARTESIAN_POINT('Origin',(-5136.83195123202,3040.83389453068,5869.50000185825));
#4518=CARTESIAN_POINT('',(0.,0.,0.));
#4519=CARTESIAN_POINT('Origin',(-5136.83195123202,3040.83389453068,5869.50000185825));
#4520=CARTESIAN_POINT('',(-5319.3556580062,3448.87075159766,5869.50000185825));
#4521=CARTESIAN_POINT('',(-4954.30824445784,2632.79703746371,5869.50000185825));
#4522=CARTESIAN_POINT('Origin',(-5136.83195123202,3040.83389453068,5869.50000185825));
#4523=CARTESIAN_POINT('',(-4908.66653559619,2653.21356048277,5869.50000185825));
#4524=CARTESIAN_POINT('',(-4954.30824445784,2632.79703746371,5869.50000185825));
#4525=CARTESIAN_POINT('Origin',(-5091.19024237037,3061.25041754975,5869.50000185825));
#4526=CARTESIAN_POINT('Origin',(-5136.83195123202,3040.83389453068,5869.50000185825));
#4527=CARTESIAN_POINT('Origin',(-5136.83195123202,3040.83389453068,5869.50000185825));
#4528=CARTESIAN_POINT('',(-4907.44154421505,2650.47505795108,5869.50000185825));
#4529=CARTESIAN_POINT('Origin',(-5091.19024237037,3061.25041754975,5869.50000185825));
#4530=CARTESIAN_POINT('',(-4953.0832530767,2630.05853493201,5869.50000185825));
#4531=CARTESIAN_POINT('',(-4953.0832530767,2630.05853493201,5869.50000185825));
#4532=CARTESIAN_POINT('',(-5320.58064938734,3451.60925412936,5869.50000185825));
#4533=CARTESIAN_POINT('Origin',(-5136.83195123202,3040.83389453068,5869.50000185825));
#4534=CARTESIAN_POINT('Origin',(-5136.83195123202,3040.83389453068,5869.50000185825));
#4535=CARTESIAN_POINT('Origin',(-5091.19024237037,3061.25041754975,5869.50000185825));
#4536=CARTESIAN_POINT('Origin',(-5688.07807274689,2923.16003379529,5869.50000185825));
#4537=CARTESIAN_POINT('',(-5688.07807274689,3370.1600117144,5869.50000185825));
#4538=CARTESIAN_POINT('',(-5688.07807274689,2476.16005587618,5869.50000185825));
#4539=CARTESIAN_POINT('Origin',(-5688.07807274689,2923.16003379529,5869.50000185825));
#4540=CARTESIAN_POINT('Origin',(-5688.07807274689,2923.16003379529,5869.50000185825));
#4541=CARTESIAN_POINT('',(-5738.07807274689,2476.16005587618,5869.50000185825));
#4542=CARTESIAN_POINT('',(-5688.07807274689,2476.16005587618,5869.50000185825));
#4543=CARTESIAN_POINT('Origin',(-5738.07807274689,2923.16003379529,5869.50000185825));
#4544=CARTESIAN_POINT('Origin',(-5688.07807274689,2923.16003379529,5869.50000185825));
#4545=CARTESIAN_POINT('',(-5738.07807274689,2473.16005587618,5869.50000185825));
#4546=CARTESIAN_POINT('Origin',(-5738.07807274689,2923.16003379529,5869.50000185825));
#4547=CARTESIAN_POINT('',(-5688.07807274689,2473.16005587618,5869.50000185825));
#4548=CARTESIAN_POINT('',(-5688.07807274689,2473.16005587618,5869.50000185825));
#4549=CARTESIAN_POINT('',(-5688.07807274689,3373.1600117144,5869.50000185825));
#4550=CARTESIAN_POINT('Origin',(-5688.07807274689,2923.16003379529,5869.50000185825));
#4551=CARTESIAN_POINT('Origin',(-5688.07807274689,2923.16003379529,5869.50000185825));
#4552=CARTESIAN_POINT('Origin',(-5738.07807274689,2923.16003379529,5869.50000185825));
#4553=CARTESIAN_POINT('Origin',(-5688.07807274689,4273.16003379529,5869.50000185825));
#4554=CARTESIAN_POINT('Origin',(-5688.07807274689,4273.16003379529,5869.50000185825));
#4555=CARTESIAN_POINT('Origin',(-5688.07807274689,4273.16003379529,5869.50000185825));
#4556=CARTESIAN_POINT('Origin',(-5688.07807274689,4273.16003379529,5869.50000185825));
#4557=CARTESIAN_POINT('',(0.,0.,0.));
#4558=CARTESIAN_POINT('Origin',(-6283.57807274689,2923.15885223446,5869.50006718374));
#4559=CARTESIAN_POINT('',(-6283.57807274689,2473.15885223446,5869.50006718374));
#4560=CARTESIAN_POINT('Origin',(-6283.57807274689,2923.15885223446,5869.50006718374));
#4561=CARTESIAN_POINT('',(-6233.57807274689,2473.15885223446,5869.50006718374));
#4562=CARTESIAN_POINT('',(-6283.57807274689,2473.15885223446,5869.50006718374));
#4563=CARTESIAN_POINT('Origin',(-6233.57807274689,2923.15885223446,5869.50006718374));
#4564=CARTESIAN_POINT('Origin',(-6283.57807274689,2923.15885223446,5869.50006718374));
#4565=CARTESIAN_POINT('',(-6233.57807274689,2471.15885223446,5869.50006718374));
#4566=CARTESIAN_POINT('Origin',(-6233.57807274689,2923.15885223446,5869.50006718374));
#4567=CARTESIAN_POINT('',(-6283.57807274689,2471.15885223446,5869.50006718573));
#4568=CARTESIAN_POINT('',(-6283.57807274689,2471.15885223446,5869.50006718374));
#4569=CARTESIAN_POINT('',(-6283.57807274689,2680.96514090395,5487.86384485683));
#4570=CARTESIAN_POINT('Origin',(-6283.57807274689,2923.15885223446,5869.50006718374));
#4571=CARTESIAN_POINT('',(-6283.57807274689,3206.32051010774,5517.1884501308));
#4572=CARTESIAN_POINT('Ctrl Pts',(-6283.57807274687,3206.32051010774,5517.1884501308));
#4573=CARTESIAN_POINT('Ctrl Pts',(-6283.57807274688,3194.53553747994,5507.71657288987));
#4574=CARTESIAN_POINT('Ctrl Pts',(-6283.58359253011,3182.28269722196,5498.84193822016));
#4575=CARTESIAN_POINT('Ctrl Pts',(-6283.58229717084,3156.93344773077,5482.35404772318));
#4576=CARTESIAN_POINT('Ctrl Pts',(-6283.5768933038,3143.8534743451,5474.75142510501));
#4577=CARTESIAN_POINT('Ctrl Pts',(-6283.57953074678,3121.46028435257,5463.19707585304));
#4578=CARTESIAN_POINT('Ctrl Pts',(-6283.58114339739,3112.35159897643,5458.8765347459));
#4579=CARTESIAN_POINT('Ctrl Pts',(-6283.57911884993,3090.77759417147,5449.51366985663));
#4580=CARTESIAN_POINT('Ctrl Pts',(-6283.57241174201,3078.21710310415,5444.7159551652));
#4581=CARTESIAN_POINT('Ctrl Pts',(-6283.5731116464,3058.17350666463,5438.06756507752));
#4582=CARTESIAN_POINT('Ctrl Pts',(-6283.57595491529,3050.82493782532,5435.83621972226));
#4583=CARTESIAN_POINT('Ctrl Pts',(-6283.58417277759,3023.6780212666,5428.34310417792));
#4584=CARTESIAN_POINT('Ctrl Pts',(-6283.57673401264,3003.58570387755,5424.24162521593));
#4585=CARTESIAN_POINT('Ctrl Pts',(-6283.5802815417,2971.68702088933,5419.96036517556));
#4586=CARTESIAN_POINT('Ctrl Pts',(-6283.58359958805,2960.03336765999,5418.85474689238));
#4587=CARTESIAN_POINT('Ctrl Pts',(-6283.5813099302,2936.66602421122,5417.55041431465));
#4588=CARTESIAN_POINT('Ctrl Pts',(-6283.5757041789,2924.96185960171,5417.35222453714));
#4589=CARTESIAN_POINT('Ctrl Pts',(-6283.57106182163,2892.78498993075,5418.05683725039));
#4590=CARTESIAN_POINT('Ctrl Pts',(-6283.58492912188,2872.36115309193,5419.89672132392));
#4591=CARTESIAN_POINT('Ctrl Pts',(-6283.58173157765,2844.54882315516,5424.32209670909));
#4592=CARTESIAN_POINT('Ctrl Pts',(-6283.57987003525,2836.99758098334,5425.72174838203));
#4593=CARTESIAN_POINT('Ctrl Pts',(-6283.57977864073,2816.33841540105,5430.09819885952));
#4594=CARTESIAN_POINT('Ctrl Pts',(-6283.58452283825,2803.32188588722,5433.4682780787));
#4595=CARTESIAN_POINT('Ctrl Pts',(-6283.58269055862,2780.83987038116,5440.37201326758));
#4596=CARTESIAN_POINT('Ctrl Pts',(-6283.57929212673,2771.30702182282,5443.65197420021));
#4597=CARTESIAN_POINT('Ctrl Pts',(-6283.57386508616,2747.76692188462,5452.64243614988));
#4598=CARTESIAN_POINT('Ctrl Pts',(-6283.57970271353,2733.92214480765,5458.74214365573));
#4599=CARTESIAN_POINT('Ctrl Pts',(-6283.58260339986,2706.89541225222,5472.30648817501));
#4600=CARTESIAN_POINT('Ctrl Pts',(-6283.57807274686,2693.73103397197,5479.76236276548));
#4601=CARTESIAN_POINT('Ctrl Pts',(-6283.57807274687,2680.96514090395,5487.86384485683));
#4602=CARTESIAN_POINT('',(-6283.57807274689,3165.35256356496,6251.13628951065));
#4603=CARTESIAN_POINT('Origin',(-6283.57807274689,2923.15885223446,5869.50006718374));
#4604=CARTESIAN_POINT('',(-6283.57807274689,2639.99719436117,6221.81168423667));
#4605=CARTESIAN_POINT('Ctrl Pts',(-6283.57807274689,2639.99719436117,6221.81168423667));
#4606=CARTESIAN_POINT('Ctrl Pts',(-6283.57807274688,2651.78217055052,6231.28356434011));
#4607=CARTESIAN_POINT('Ctrl Pts',(-6283.58371417646,2664.03501655342,6240.15820369334));
#4608=CARTESIAN_POINT('Ctrl Pts',(-6283.58238995288,2689.38427490361,6256.64609696686));
#4609=CARTESIAN_POINT('Ctrl Pts',(-6283.57687692383,2702.46422947386,6264.24870851774));
#4610=CARTESIAN_POINT('Ctrl Pts',(-6283.57956799134,2724.85741300881,6275.80305512));
#4611=CARTESIAN_POINT('Ctrl Pts',(-6283.5812095372,2733.96610042794,6280.12359746301));
#4612=CARTESIAN_POINT('Ctrl Pts',(-6283.57914674422,2755.54009534364,6289.48645796853));
#4613=CARTESIAN_POINT('Ctrl Pts',(-6283.57233177443,2768.10055806523,6294.28416244382));
#4614=CARTESIAN_POINT('Ctrl Pts',(-6283.57305315319,2788.14413865215,6300.93255103851));
#4615=CARTESIAN_POINT('Ctrl Pts',(-6283.57594154439,2795.49272230784,6303.1639019129));
#4616=CARTESIAN_POINT('Ctrl Pts',(-6283.58427134034,2822.63966029093,6310.65702518525));
#4617=CARTESIAN_POINT('Ctrl Pts',(-6283.57674831038,2842.73197171145,6314.75850393972));
#4618=CARTESIAN_POINT('Ctrl Pts',(-6283.58031944335,2874.63066227414,6319.03976709549));
#4619=CARTESIAN_POINT('Ctrl Pts',(-6283.58364582256,2886.28432384606,6320.14538675153));
#4620=CARTESIAN_POINT('Ctrl Pts',(-6283.58133774191,2909.65165244632,6321.44971850043));
#4621=CARTESIAN_POINT('Ctrl Pts',(-6283.57572561178,2921.35579174756,6321.64790898938));
#4622=CARTESIAN_POINT('Ctrl Pts',(-6283.57110349569,2953.53266400233,6320.94330173202));
#4623=CARTESIAN_POINT('Ctrl Pts',(-6283.5849099996,2973.95653516098,6319.10341628415));
#4624=CARTESIAN_POINT('Ctrl Pts',(-6283.58172436834,3001.7688866987,6314.67803655401));
#4625=CARTESIAN_POINT('Ctrl Pts',(-6283.57987775057,3009.32012186868,6313.27838618473));
#4626=CARTESIAN_POINT('Ctrl Pts',(-6283.5797828174,3029.97929555001,6308.90193438549));
#4627=CARTESIAN_POINT('Ctrl Pts',(-6283.58446531217,3042.99584031247,6305.53185055011));
#4628=CARTESIAN_POINT('Ctrl Pts',(-6283.58264480364,3065.47784339781,6298.62811754026));
#4629=CARTESIAN_POINT('Ctrl Pts',(-6283.57929013524,3075.01067708143,6295.34816177335));
#4630=CARTESIAN_POINT('Ctrl Pts',(-6283.57394111746,3098.55076631439,6286.35770521032));
#4631=CARTESIAN_POINT('Ctrl Pts',(-6283.57968462874,3112.39556339361,6280.25798955046));
#4632=CARTESIAN_POINT('Ctrl Pts',(-6283.58252571462,3139.4222943971,6266.69364438623));
#4633=CARTESIAN_POINT('Ctrl Pts',(-6283.5780727469,3152.58667083613,6259.23777138675));
#4634=CARTESIAN_POINT('Ctrl Pts',(-6283.57807274689,3165.35256356496,6251.13628951065));
#4635=CARTESIAN_POINT('Origin',(-6283.57807274689,2923.15885223446,5869.50006718374));
#4636=CARTESIAN_POINT('Origin',(-6233.57807274689,2923.15885223446,5869.50006718374));
#4637=CARTESIAN_POINT('Ctrl Pts',(-6283.57807274689,2681.40917955232,5499.47320483724));
#4638=CARTESIAN_POINT('Ctrl Pts',(-6817.07807274689,2601.27278636822,5372.81546989152));
#4639=CARTESIAN_POINT('Ctrl Pts',(-7350.57807274689,2521.13639318411,5246.15773494579));
#4640=CARTESIAN_POINT('Ctrl Pts',(-7884.07807274689,2441.,5119.50000000007));
#4641=CARTESIAN_POINT('Ctrl Pts',(-6283.57807274689,2669.41624710732,5507.30896355106));
#4642=CARTESIAN_POINT('Ctrl Pts',(-6817.07807274689,2593.27749807154,5386.56785980402));
#4643=CARTESIAN_POINT('Ctrl Pts',(-7350.57807274689,2517.13874903577,5265.82675605699));
#4644=CARTESIAN_POINT('Ctrl Pts',(-7884.07807274689,2441.,5145.08565230995));
#4645=CARTESIAN_POINT('Ctrl Pts',(-6283.57807274689,2657.80374670902,5515.72709676193));
#4646=CARTESIAN_POINT('Ctrl Pts',(-6817.07807274689,2585.53583113935,5400.70849938123));
#4647=CARTESIAN_POINT('Ctrl Pts',(-7350.57807274689,2513.26791556967,5285.68990200053));
#4648=CARTESIAN_POINT('Ctrl Pts',(-7884.07807274689,2441.,5170.67130461984));
#4649=CARTESIAN_POINT('Ctrl Pts',(-6283.57807274689,2615.42834060734,5549.71146666352));
#4650=CARTESIAN_POINT('Ctrl Pts',(-6817.07807274689,2557.2855604049,5455.70277684268));
#4651=CARTESIAN_POINT('Ctrl Pts',(-7350.5780727469,2499.14278020245,5361.69408702184));
#4652=CARTESIAN_POINT('Ctrl Pts',(-7884.0780727469,2441.,5267.68539720101));
#4653=CARTESIAN_POINT('Ctrl Pts',(-6283.5780727469,2559.86587852846,5608.27290131314));
#4654=CARTESIAN_POINT('Ctrl Pts',(-6817.0780727469,2520.24391901898,5542.36269345662));
#4655=CARTESIAN_POINT('Ctrl Pts',(-7350.57807274689,2480.62195950949,5476.4524856001));
#4656=CARTESIAN_POINT('Ctrl Pts',(-7884.0780727469,2441.,5410.54227774357));
#4657=CARTESIAN_POINT('Ctrl Pts',(-6283.57807274689,2503.12365213274,5715.24885619305));
#4658=CARTESIAN_POINT('Ctrl Pts',(-6817.07807274689,2482.41576808849,5685.10843698118));
#4659=CARTESIAN_POINT('Ctrl Pts',(-7350.57807274689,2461.70788404425,5654.9680177693));
#4660=CARTESIAN_POINT('Ctrl Pts',(-7884.07807274689,2441.,5624.82759855742));
#4661=CARTESIAN_POINT('Ctrl Pts',(-6283.57807274689,2477.14884977478,5833.52029119774));
#4662=CARTESIAN_POINT('Ctrl Pts',(-6817.07807274689,2465.09923318319,5835.38450058891));
#4663=CARTESIAN_POINT('Ctrl Pts',(-7350.57807274689,2453.04961659159,5837.24870998009));
#4664=CARTESIAN_POINT('Ctrl Pts',(-7884.07807274689,2441.,5839.11291937127));
#4665=CARTESIAN_POINT('Ctrl Pts',(-6283.57807274689,2483.82587809314,5954.42815029108));
#4666=CARTESIAN_POINT('Ctrl Pts',(-6817.07807274689,2469.55058539543,5987.41818025576));
#4667=CARTESIAN_POINT('Ctrl Pts',(-7350.57807274689,2455.27529269771,6020.40821022044));
#4668=CARTESIAN_POINT('Ctrl Pts',(-7884.07807274689,2441.,6053.39824018512));
#4669=CARTESIAN_POINT('Ctrl Pts',(-6283.57807274689,2522.692332466,6069.11298581655));
#4670=CARTESIAN_POINT('Ctrl Pts',(-6817.07807274689,2495.46155497733,6135.30317754402));
#4671=CARTESIAN_POINT('Ctrl Pts',(-7350.57807274689,2468.23077748867,6201.49336927149));
#4672=CARTESIAN_POINT('Ctrl Pts',(-7884.07807274689,2441.,6267.68356099897));
#4673=CARTESIAN_POINT('Ctrl Pts',(-6283.57807274689,2582.73277776163,6157.23719253122));
#4674=CARTESIAN_POINT('Ctrl Pts',(-6817.07807274689,2535.48851850775,6256.95284422213));
#4675=CARTESIAN_POINT('Ctrl Pts',(-7350.57807274689,2488.24425925388,6356.66849591304));
#4676=CARTESIAN_POINT('Ctrl Pts',(-7884.07807274689,2441.,6456.38414760395));
#4677=CARTESIAN_POINT('Ctrl Pts',(-6283.57807274689,2630.983076379,6202.14013974318));
#4678=CARTESIAN_POINT('Ctrl Pts',(-6817.07807274689,2567.65538425266,6325.978857808));
#4679=CARTESIAN_POINT('Ctrl Pts',(-7350.57807274689,2504.32769212633,6449.81757587283));
#4680=CARTESIAN_POINT('Ctrl Pts',(-7884.07807274689,2441.,6573.65629393765));
#4681=CARTESIAN_POINT('Ctrl Pts',(-6283.57807274689,2651.21720687185,6217.93500201714));
#4682=CARTESIAN_POINT('Ctrl Pts',(-6817.07807274689,2581.14480458123,6351.79000134478));
#4683=CARTESIAN_POINT('Ctrl Pts',(-7350.57807274689,2511.07240229062,6485.64500067243));
#4684=CARTESIAN_POINT('Ctrl Pts',(-7884.07807274689,2441.,6619.50000000007));
#4685=CARTESIAN_POINT('',(-6283.57807274689,2681.40917955232,5499.47320483724));
#4686=CARTESIAN_POINT('',(-6283.57807274689,2651.21720687185,6217.93500201714));
#4687=CARTESIAN_POINT('Ctrl Pts',(-6283.57807274689,2681.40917955232,5499.47320483724));
#4688=CARTESIAN_POINT('Ctrl Pts',(-6283.57807274689,2669.41624710732,5507.30896355106));
#4689=CARTESIAN_POINT('Ctrl Pts',(-6283.57807274689,2657.80374670902,5515.72709676193));
#4690=CARTESIAN_POINT('Ctrl Pts',(-6283.57807274689,2615.42834060734,5549.71146666352));
#4691=CARTESIAN_POINT('Ctrl Pts',(-6283.5780727469,2559.86587852846,5608.27290131314));
#4692=CARTESIAN_POINT('Ctrl Pts',(-6283.57807274689,2503.12365213274,5715.24885619305));
#4693=CARTESIAN_POINT('Ctrl Pts',(-6283.57807274689,2477.14884977478,5833.52029119774));
#4694=CARTESIAN_POINT('Ctrl Pts',(-6283.57807274689,2483.82587809314,5954.42815029108));
#4695=CARTESIAN_POINT('Ctrl Pts',(-6283.57807274689,2522.692332466,6069.11298581655));
#4696=CARTESIAN_POINT('Ctrl Pts',(-6283.57807274689,2582.73277776163,6157.23719253122));
#4697=CARTESIAN_POINT('Ctrl Pts',(-6283.57807274689,2630.983076379,6202.14013974318));
#4698=CARTESIAN_POINT('Ctrl Pts',(-6283.57807274689,2651.21720687185,6217.93500201714));
#4699=CARTESIAN_POINT('',(-7884.07807274689,2441.,5119.50000000007));
#4700=CARTESIAN_POINT('',(-6283.57807274689,2681.40917955232,5499.47320483724));
#4701=CARTESIAN_POINT('',(-7884.07807274689,2441.,6619.50000000007));
#4702=CARTESIAN_POINT('',(-7884.07807274689,2441.,5119.50000000007));
#4703=CARTESIAN_POINT('',(-6283.57807274689,2651.21720687185,6217.93500201714));
#4704=CARTESIAN_POINT('Ctrl Pts',(-6283.57807274689,2651.21720687185,6217.93500201714));
#4705=CARTESIAN_POINT('Ctrl Pts',(-6817.07807274689,2581.14480458123,6351.79000134478));
#4706=CARTESIAN_POINT('Ctrl Pts',(-7350.57807274689,2511.07240229062,6485.64500067243));
#4707=CARTESIAN_POINT('Ctrl Pts',(-7884.07807274689,2441.,6619.50000000007));
#4708=CARTESIAN_POINT('Ctrl Pts',(-6283.57807274689,2662.50959344073,6226.74989478769));
#4709=CARTESIAN_POINT('Ctrl Pts',(-6817.07807274689,2597.20134698582,6357.66659652515));
#4710=CARTESIAN_POINT('Ctrl Pts',(-7350.57807274689,2531.89310053092,6488.58329826261));
#4711=CARTESIAN_POINT('Ctrl Pts',(-7884.07807274689,2466.58485407602,6619.50000000007));
#4712=CARTESIAN_POINT('Ctrl Pts',(-6283.57807274689,2674.2293829589,6235.01709287098));
#4713=CARTESIAN_POINT('Ctrl Pts',(-6817.07807274689,2613.54282468995,6363.17806191401));
#4714=CARTESIAN_POINT('Ctrl Pts',(-7350.57807274689,2552.85626642099,6491.33903095704));
#4715=CARTESIAN_POINT('Ctrl Pts',(-7884.07807274689,2492.16970815204,6619.50000000007));
#4716=CARTESIAN_POINT('Ctrl Pts',(-6283.57807274689,2708.38626100136,6256.69370682057));
#4717=CARTESIAN_POINT('Ctrl Pts',(-6817.07807274689,2660.39796128195,6377.6291378804));
#4718=CARTESIAN_POINT('Ctrl Pts',(-7350.57807274689,2612.40966156253,6498.56456894024));
#4719=CARTESIAN_POINT('Ctrl Pts',(-7884.07807274689,2564.42136184312,6619.50000000007));
#4720=CARTESIAN_POINT('Ctrl Pts',(-6283.57807274689,2754.99877061786,6280.77155025804));
#4721=CARTESIAN_POINT('Ctrl Pts',(-6817.07807274689,2722.58416743632,6393.68103350538));
#4722=CARTESIAN_POINT('Ctrl Pts',(-7350.57807274689,2690.16956425478,6506.59051675273));
#4723=CARTESIAN_POINT('Ctrl Pts',(-7884.07807274689,2657.75496107323,6619.50000000007));
#4724=CARTESIAN_POINT('Ctrl Pts',(-6283.5780727469,2830.19249088338,6303.99026428448));
#4725=CARTESIAN_POINT('Ctrl Pts',(-6817.07807274689,2819.38011389506,6409.16017618967));
#4726=CARTESIAN_POINT('Ctrl Pts',(-7350.57807274689,2808.56773690673,6514.33008809487));
#4727=CARTESIAN_POINT('Ctrl Pts',(-7884.07807274689,2797.75535991841,6619.50000000007));
#4728=CARTESIAN_POINT('Ctrl Pts',(-6283.57807274689,2908.30325877991,6313.57349789648));
#4729=CARTESIAN_POINT('Ctrl Pts',(-6817.07807274689,2918.12075877447,6415.54899859768));
#4730=CARTESIAN_POINT('Ctrl Pts',(-7350.57807274689,2927.93825876903,6517.52449929887));
#4731=CARTESIAN_POINT('Ctrl Pts',(-7884.07807274689,2937.75575876358,6619.50000000007));
#4732=CARTESIAN_POINT('Ctrl Pts',(-6283.57807274689,2986.8800183477,6309.23214117179));
#4733=CARTESIAN_POINT('Ctrl Pts',(-6817.07807274689,3017.17206476805,6412.65476078122));
#4734=CARTESIAN_POINT('Ctrl Pts',(-7350.57807274689,3047.46411118841,6516.07738039064));
#4735=CARTESIAN_POINT('Ctrl Pts',(-7884.07807274689,3077.75615760876,6619.50000000007));
#4736=CARTESIAN_POINT('Ctrl Pts',(-6283.57807274689,3063.45711480077,6291.0905268949));
#4737=CARTESIAN_POINT('Ctrl Pts',(-6817.07807274689,3114.89026201849,6400.56035126329));
#4738=CARTESIAN_POINT('Ctrl Pts',(-7350.57807274689,3166.32340923621,6510.03017563168));
#4739=CARTESIAN_POINT('Ctrl Pts',(-7884.07807274689,3217.75655645393,6619.50000000007));
#4740=CARTESIAN_POINT('Ctrl Pts',(-6283.57807274689,3122.44375734979,6265.46048591491));
#4741=CARTESIAN_POINT('Ctrl Pts',(-6817.07807274689,3192.35289509464,6383.47365727663));
#4742=CARTESIAN_POINT('Ctrl Pts',(-7350.57807274689,3262.2620328395,6501.48682863835));
#4743=CARTESIAN_POINT('Ctrl Pts',(-7884.07807274689,3332.17117058435,6619.50000000007));
#4744=CARTESIAN_POINT('Ctrl Pts',(-6283.57807274689,3155.02947148659,6245.9829648653));
#4745=CARTESIAN_POINT('Ctrl Pts',(-6817.07807274689,3236.65930935763,6370.48864324355));
#4746=CARTESIAN_POINT('Ctrl Pts',(-7350.57807274689,3318.28914722867,6494.99432162181));
#4747=CARTESIAN_POINT('Ctrl Pts',(-7884.07807274689,3399.9189850997,6619.50000000007));
#4748=CARTESIAN_POINT('Ctrl Pts',(-6283.57807274689,3164.91086970723,6239.5268094133));
#4749=CARTESIAN_POINT('Ctrl Pts',(-6817.07807274689,3250.27391313815,6366.18453960889));
#4750=CARTESIAN_POINT('Ctrl Pts',(-7350.57807274689,3335.63695656908,6492.84226980448));
#4751=CARTESIAN_POINT('Ctrl Pts',(-7884.07807274689,3421.,6619.50000000007));
#4752=CARTESIAN_POINT('',(-6283.57807274689,3164.91086970723,6239.5268094133));
#4753=CARTESIAN_POINT('Ctrl Pts',(-6283.57807274689,2651.21720687185,6217.93500201714));
#4754=CARTESIAN_POINT('Ctrl Pts',(-6283.57807274689,2662.50959344073,6226.74989478769));
#4755=CARTESIAN_POINT('Ctrl Pts',(-6283.57807274689,2674.2293829589,6235.01709287098));
#4756=CARTESIAN_POINT('Ctrl Pts',(-6283.57807274689,2708.38626100136,6256.69370682057));
#4757=CARTESIAN_POINT('Ctrl Pts',(-6283.57807274689,2754.99877061786,6280.77155025804));
#4758=CARTESIAN_POINT('Ctrl Pts',(-6283.5780727469,2830.19249088338,6303.99026428448));
#4759=CARTESIAN_POINT('Ctrl Pts',(-6283.57807274689,2908.30325877991,6313.57349789648));
#4760=CARTESIAN_POINT('Ctrl Pts',(-6283.57807274689,2986.8800183477,6309.23214117179));
#4761=CARTESIAN_POINT('Ctrl Pts',(-6283.57807274689,3063.45711480077,6291.0905268949));
#4762=CARTESIAN_POINT('Ctrl Pts',(-6283.57807274689,3122.44375734979,6265.46048591491));
#4763=CARTESIAN_POINT('Ctrl Pts',(-6283.57807274689,3155.02947148659,6245.9829648653));
#4764=CARTESIAN_POINT('Ctrl Pts',(-6283.57807274689,3164.91086970723,6239.5268094133));
#4765=CARTESIAN_POINT('',(-7884.07807274689,3421.,6619.50000000007));
#4766=CARTESIAN_POINT('',(-7884.07807274689,2441.,6619.50000000007));
#4767=CARTESIAN_POINT('',(-6283.57807274689,3164.91086970723,6239.5268094133));
#4768=CARTESIAN_POINT('Ctrl Pts',(-6283.57807274689,3164.91086970723,6239.5268094133));
#4769=CARTESIAN_POINT('Ctrl Pts',(-6817.07807274689,3250.27391313815,6366.18453960889));
#4770=CARTESIAN_POINT('Ctrl Pts',(-7350.57807274689,3335.63695656908,6492.84226980448));
#4771=CARTESIAN_POINT('Ctrl Pts',(-7884.07807274689,3421.,6619.50000000007));
#4772=CARTESIAN_POINT('Ctrl Pts',(-6283.57807274689,3176.90380879246,6231.69104798241));
#4773=CARTESIAN_POINT('Ctrl Pts',(-6817.07807274689,3258.26920586164,6352.43214415464));
#4774=CARTESIAN_POINT('Ctrl Pts',(-7350.57807274689,3339.63460293082,6473.17324032688));
#4775=CARTESIAN_POINT('Ctrl Pts',(-7884.07807274689,3421.,6593.91433649911));
#4776=CARTESIAN_POINT('Ctrl Pts',(-6283.57807274689,3188.51631540704,6223.27291134503));
#4777=CARTESIAN_POINT('Ctrl Pts',(-6817.07807274689,3266.01087693803,6338.29149856274));
#4778=CARTESIAN_POINT('Ctrl Pts',(-7350.57807274689,3343.50543846901,6453.31008578044));
#4779=CARTESIAN_POINT('Ctrl Pts',(-7884.07807274689,3421.,6568.32867299815));
#4780=CARTESIAN_POINT('Ctrl Pts',(-6283.57807274689,3230.89172698324,6189.28853705297));
#4781=CARTESIAN_POINT('Ctrl Pts',(-6817.07807274689,3294.26115132216,6283.29721569304));
#4782=CARTESIAN_POINT('Ctrl Pts',(-7350.57807274689,3357.63057566108,6377.30589433312));
#4783=CARTESIAN_POINT('Ctrl Pts',(-7884.07807274689,3421.,6471.31457297319));
#4784=CARTESIAN_POINT('Ctrl Pts',(-6283.57807274689,3286.45416862757,6130.72709838636));
#4785=CARTESIAN_POINT('Ctrl Pts',(-6817.07807274689,3331.30277908505,6196.6372988993));
#4786=CARTESIAN_POINT('Ctrl Pts',(-7350.57807274689,3376.15138954252,6262.54749941224));
#4787=CARTESIAN_POINT('Ctrl Pts',(-7884.07807274689,3421.,6328.45769992519));
#4788=CARTESIAN_POINT('Ctrl Pts',(-6283.57807274689,3343.19638387104,6023.75114940434));
#4789=CARTESIAN_POINT('Ctrl Pts',(-6817.07807274689,3369.13092258069,6053.89156305395));
#4790=CARTESIAN_POINT('Ctrl Pts',(-7350.57807274689,3395.06546129035,6084.03197670356));
#4791=CARTESIAN_POINT('Ctrl Pts',(-7884.07807274689,3421.,6114.17239035317));
#4792=CARTESIAN_POINT('Ctrl Pts',(-6283.57807274689,3369.17117840504,5905.47971925238));
#4793=CARTESIAN_POINT('Ctrl Pts',(-6817.07807274689,3386.44745227003,5903.61550642864));
#4794=CARTESIAN_POINT('Ctrl Pts',(-7350.57807274689,3403.72372613501,5901.75129360491));
#4795=CARTESIAN_POINT('Ctrl Pts',(-7884.07807274689,3421.,5899.88708078117));
#4796=CARTESIAN_POINT('Ctrl Pts',(-6283.57807274689,3362.49415668801,5784.57186502931));
#4797=CARTESIAN_POINT('Ctrl Pts',(-6817.07807274689,3381.99610445867,5751.58183375593));
#4798=CARTESIAN_POINT('Ctrl Pts',(-7350.57807274689,3401.49805222934,5718.59180248254));
#4799=CARTESIAN_POINT('Ctrl Pts',(-7884.07807274689,3421.,5685.60177120916));
#4800=CARTESIAN_POINT('Ctrl Pts',(-6283.57807274689,3323.627703527,5669.88703319368));
#4801=CARTESIAN_POINT('Ctrl Pts',(-6817.07807274689,3356.08513568467,5603.69684267484));
#4802=CARTESIAN_POINT('Ctrl Pts',(-7350.57807274689,3388.54256784233,5537.50665215599));
#4803=CARTESIAN_POINT('Ctrl Pts',(-7884.07807274689,3421.,5471.31646163715));
#4804=CARTESIAN_POINT('Ctrl Pts',(-6283.57807274689,3263.5872625591,5581.7628177101));
#4805=CARTESIAN_POINT('Ctrl Pts',(-6817.07807274689,3316.0581750394,5482.04716888477));
#4806=CARTESIAN_POINT('Ctrl Pts',(-7350.57807274689,3368.5290875197,5382.33152005945));
#4807=CARTESIAN_POINT('Ctrl Pts',(-7884.07807274689,3421.,5282.61587123412));
#4808=CARTESIAN_POINT('Ctrl Pts',(-6283.57807274689,3215.33697264149,5536.85985765043));
#4809=CARTESIAN_POINT('Ctrl Pts',(-6817.07807274689,3283.89131509433,5413.02114421865));
#4810=CARTESIAN_POINT('Ctrl Pts',(-7350.57807274689,3352.44565754716,5289.18243078687));
#4811=CARTESIAN_POINT('Ctrl Pts',(-7884.07807274689,3421.,5165.3437173551));
#4812=CARTESIAN_POINT('Ctrl Pts',(-6283.57807274689,3195.10283907236,5521.0649895525));
#4813=CARTESIAN_POINT('Ctrl Pts',(-6817.07807274689,3270.40189271491,5387.20999303503));
#4814=CARTESIAN_POINT('Ctrl Pts',(-7350.57807274689,3345.70094635745,5253.35499651755));
#4815=CARTESIAN_POINT('Ctrl Pts',(-7884.07807274689,3421.,5119.50000000007));
#4816=CARTESIAN_POINT('',(-6283.57807274689,3195.10283907236,5521.0649895525));
#4817=CARTESIAN_POINT('Ctrl Pts',(-6283.57807274689,3164.91086970723,6239.5268094133));
#4818=CARTESIAN_POINT('Ctrl Pts',(-6283.57807274689,3176.90380879246,6231.69104798241));
#4819=CARTESIAN_POINT('Ctrl Pts',(-6283.57807274689,3188.51631540704,6223.27291134503));
#4820=CARTESIAN_POINT('Ctrl Pts',(-6283.57807274689,3230.89172698324,6189.28853705297));
#4821=CARTESIAN_POINT('Ctrl Pts',(-6283.57807274689,3286.45416862757,6130.72709838636));
#4822=CARTESIAN_POINT('Ctrl Pts',(-6283.57807274689,3343.19638387104,6023.75114940434));
#4823=CARTESIAN_POINT('Ctrl Pts',(-6283.57807274689,3369.17117840504,5905.47971925238));
#4824=CARTESIAN_POINT('Ctrl Pts',(-6283.57807274689,3362.49415668801,5784.57186502931));
#4825=CARTESIAN_POINT('Ctrl Pts',(-6283.57807274689,3323.627703527,5669.88703319368));
#4826=CARTESIAN_POINT('Ctrl Pts',(-6283.57807274689,3263.5872625591,5581.7628177101));
#4827=CARTESIAN_POINT('Ctrl Pts',(-6283.57807274689,3215.33697264149,5536.85985765043));
#4828=CARTESIAN_POINT('Ctrl Pts',(-6283.57807274689,3195.10283907236,5521.0649895525));
#4829=CARTESIAN_POINT('',(-7884.07807274689,3421.,5119.50000000007));
#4830=CARTESIAN_POINT('',(-7884.07807274689,3421.,6619.50000000007));
#4831=CARTESIAN_POINT('',(-6283.57807274689,3195.10283907236,5521.0649895525));
#4832=CARTESIAN_POINT('Ctrl Pts',(-6283.57807274689,3195.10283907236,5521.0649895525));
#4833=CARTESIAN_POINT('Ctrl Pts',(-6817.07807274689,3270.40189271491,5387.20999303503));
#4834=CARTESIAN_POINT('Ctrl Pts',(-7350.57807274689,3345.70094635745,5253.35499651755));
#4835=CARTESIAN_POINT('Ctrl Pts',(-7884.07807274689,3421.,5119.50000000007));
#4836=CARTESIAN_POINT('Ctrl Pts',(-6283.57807274689,3183.81046020647,5512.25010088484));
#4837=CARTESIAN_POINT('Ctrl Pts',(-6817.07807274689,3254.34535998115,5381.33340058992));
#4838=CARTESIAN_POINT('Ctrl Pts',(-7350.57807274689,3324.88025975584,5250.41670029499));
#4839=CARTESIAN_POINT('Ctrl Pts',(-7884.07807274689,3395.41515953052,5119.50000000007));
#4840=CARTESIAN_POINT('Ctrl Pts',(-6283.57807274689,3172.09067815609,5503.982906736));
#4841=CARTESIAN_POINT('Ctrl Pts',(-6817.07807274689,3238.00389179108,5375.82193782402));
#4842=CARTESIAN_POINT('Ctrl Pts',(-7350.57807274689,3303.91710542606,5247.66096891205));
#4843=CARTESIAN_POINT('Ctrl Pts',(-7884.07807274689,3369.83031906104,5119.50000000007));
#4844=CARTESIAN_POINT('Ctrl Pts',(-6283.57807274689,3137.93380658922,5482.30629689592));
#4845=CARTESIAN_POINT('Ctrl Pts',(-6817.07807274689,3191.14876399621,5361.37086459731));
#4846=CARTESIAN_POINT('Ctrl Pts',(-7350.57807274689,3244.36372140319,5240.43543229869));
#4847=CARTESIAN_POINT('Ctrl Pts',(-7884.07807274689,3297.57867881018,5119.50000000007));
#4848=CARTESIAN_POINT('Ctrl Pts',(-6283.57807274689,3091.32129627647,5458.22845085283));
#4849=CARTESIAN_POINT('Ctrl Pts',(-6817.07807274689,3128.96255726678,5345.31896723524));
#4850=CARTESIAN_POINT('Ctrl Pts',(-7350.57807274689,3166.60381825709,5232.40948361766));
#4851=CARTESIAN_POINT('Ctrl Pts',(-7884.07807274689,3204.24507924739,5119.50000000007));
#4852=CARTESIAN_POINT('Ctrl Pts',(-6283.5780727469,3016.1275751692,5435.00973688836));
#4853=CARTESIAN_POINT('Ctrl Pts',(-6817.07807274689,3032.16661008054,5329.83982459226));
#4854=CARTESIAN_POINT('Ctrl Pts',(-7350.57807274689,3048.20564499188,5224.66991229617));
#4855=CARTESIAN_POINT('Ctrl Pts',(-7884.07807274689,3064.24467990322,5119.50000000007));
#4856=CARTESIAN_POINT('Ctrl Pts',(-6283.57807274689,2938.01680642142,5425.4265011324));
#4857=CARTESIAN_POINT('Ctrl Pts',(-6817.07807274689,2933.4259644673,5323.45100075496));
#4858=CARTESIAN_POINT('Ctrl Pts',(-7350.57807274689,2928.83512251318,5221.47550037751));
#4859=CARTESIAN_POINT('Ctrl Pts',(-7884.07807274689,2924.24428055905,5119.50000000007));
#4860=CARTESIAN_POINT('Ctrl Pts',(-6283.57807274689,2859.44004667963,5429.76785868975));
#4861=CARTESIAN_POINT('Ctrl Pts',(-6817.07807274689,2834.37465819138,5326.34523912652));
#4862=CARTESIAN_POINT('Ctrl Pts',(-7350.57807274689,2809.30926970313,5222.9226195633));
#4863=CARTESIAN_POINT('Ctrl Pts',(-7884.07807274689,2784.24388121488,5119.50000000007));
#4864=CARTESIAN_POINT('Ctrl Pts',(-6283.57807274689,2782.86294986122,5447.90947235957));
#4865=CARTESIAN_POINT('Ctrl Pts',(-6817.07807274689,2736.65646053105,5338.43964823973));
#4866=CARTESIAN_POINT('Ctrl Pts',(-7350.57807274689,2690.44997120088,5228.9698241199));
#4867=CARTESIAN_POINT('Ctrl Pts',(-7884.07807274689,2644.24348187071,5119.50000000007));
#4868=CARTESIAN_POINT('Ctrl Pts',(-6283.57807274689,2723.87630153744,5473.53951745329));
#4869=CARTESIAN_POINT('Ctrl Pts',(-6817.07807274689,2659.19381929132,5355.52634496888));
#4870=CARTESIAN_POINT('Ctrl Pts',(-7350.57807274689,2594.5113370452,5237.51317248448));
#4871=CARTESIAN_POINT('Ctrl Pts',(-7884.07807274689,2529.82885479908,5119.50000000007));
#4872=CARTESIAN_POINT('Ctrl Pts',(-6283.57807274689,2691.29058301718,5493.01704462292));
#4873=CARTESIAN_POINT('Ctrl Pts',(-6817.07807274689,2614.88739784774,5368.51136308197));
#4874=CARTESIAN_POINT('Ctrl Pts',(-7350.57807274689,2538.48421267829,5244.00568154102));
#4875=CARTESIAN_POINT('Ctrl Pts',(-7884.07807274689,2462.08102750885,5119.50000000007));
#4876=CARTESIAN_POINT('Ctrl Pts',(-6283.57807274689,2681.40917955232,5499.47320483724));
#4877=CARTESIAN_POINT('Ctrl Pts',(-6817.07807274689,2601.27278636822,5372.81546989152));
#4878=CARTESIAN_POINT('Ctrl Pts',(-7350.57807274689,2521.13639318411,5246.15773494579));
#4879=CARTESIAN_POINT('Ctrl Pts',(-7884.07807274689,2441.,5119.50000000007));
#4880=CARTESIAN_POINT('Ctrl Pts',(-6283.57807274689,3195.10283907236,5521.0649895525));
#4881=CARTESIAN_POINT('Ctrl Pts',(-6283.57807274689,3183.81046020647,5512.25010088484));
#4882=CARTESIAN_POINT('Ctrl Pts',(-6283.57807274689,3172.09067815609,5503.982906736));
#4883=CARTESIAN_POINT('Ctrl Pts',(-6283.57807274689,3137.93380658922,5482.30629689592));
#4884=CARTESIAN_POINT('Ctrl Pts',(-6283.57807274689,3091.32129627647,5458.22845085283));
#4885=CARTESIAN_POINT('Ctrl Pts',(-6283.5780727469,3016.1275751692,5435.00973688836));
#4886=CARTESIAN_POINT('Ctrl Pts',(-6283.57807274689,2938.01680642142,5425.4265011324));
#4887=CARTESIAN_POINT('Ctrl Pts',(-6283.57807274689,2859.44004667963,5429.76785868975));
#4888=CARTESIAN_POINT('Ctrl Pts',(-6283.57807274689,2782.86294986122,5447.90947235957));
#4889=CARTESIAN_POINT('Ctrl Pts',(-6283.57807274689,2723.87630153744,5473.53951745329));
#4890=CARTESIAN_POINT('Ctrl Pts',(-6283.57807274689,2691.29058301718,5493.01704462292));
#4891=CARTESIAN_POINT('Ctrl Pts',(-6283.57807274689,2681.40917955232,5499.47320483724));
#4892=CARTESIAN_POINT('',(-7884.07807274689,3421.,5119.50000000007));
#4893=CARTESIAN_POINT('Origin',(-6283.57807274689,2923.15885223446,5869.50006718374));
#4894=CARTESIAN_POINT('Ctrl Pts',(-7884.07807274689,2439.,5117.49161006775));
#4895=CARTESIAN_POINT('Ctrl Pts',(-7350.57509666385,2519.65684473162,5240.94885537197));
#4896=CARTESIAN_POINT('Ctrl Pts',(-6817.07212058081,2600.31368902531,5364.40609986064));
#4897=CARTESIAN_POINT('Ctrl Pts',(-6283.56914449777,2680.97053375693,5487.86334516487));
#4898=CARTESIAN_POINT('Ctrl Pts',(-7884.07807274689,2439.,5189.1134543309));
#4899=CARTESIAN_POINT('Ctrl Pts',(-7350.57509666385,2508.15080858387,5295.99528716643));
#4900=CARTESIAN_POINT('Ctrl Pts',(-6817.0721205808,2577.30535547938,5402.88408186978));
#4901=CARTESIAN_POINT('Ctrl Pts',(-6283.56914449777,2646.45616402154,5509.76591462764));
#4902=CARTESIAN_POINT('Ctrl Pts',(-7884.07807274689,2439.,5332.3543462131));
#4903=CARTESIAN_POINT('Ctrl Pts',(-7350.57509666385,2487.1366818039,5409.23281159359));
#4904=CARTESIAN_POINT('Ctrl Pts',(-6817.07212058081,2535.27436990782,5486.11039139798));
#4905=CARTESIAN_POINT('Ctrl Pts',(-6283.56914449777,2583.41105170049,5562.98885678833));
#4906=CARTESIAN_POINT('Ctrl Pts',(-7884.07807274689,2439.,5547.21428571436));
#4907=CARTESIAN_POINT('Ctrl Pts',(-7350.57509666385,2463.89756172746,5586.55820869107));
#4908=CARTESIAN_POINT('Ctrl Pts',(-6817.07212058081,2488.79662292603,5625.90454796455));
#4909=CARTESIAN_POINT('Ctrl Pts',(-6283.56914449777,2513.69418463675,5665.2484709143));
#4910=CARTESIAN_POINT('Ctrl Pts',(-7884.07807274689,2439.,5762.0714285715));
#4911=CARTESIAN_POINT('Ctrl Pts',(-7350.57509666385,2450.64442720132,5768.86382210485));
#4912=CARTESIAN_POINT('Ctrl Pts',(-6817.07212058081,2462.29419714134,5775.65585717866));
#4913=CARTESIAN_POINT('Ctrl Pts',(-6283.56914449777,2473.93862428305,5782.44825071601));
#4914=CARTESIAN_POINT('Ctrl Pts',(-7884.0780727469,2439.,5976.92857142865));
#4915=CARTESIAN_POINT('Ctrl Pts',(-7350.57509666386,2448.34544050919,5953.29108611217));
#4916=CARTESIAN_POINT('Ctrl Pts',(-6817.07212058082,2457.68790001546,5929.65387555065));
#4917=CARTESIAN_POINT('Ctrl Pts',(-6283.56914449777,2467.0333405579,5906.01639023112));
#4918=CARTESIAN_POINT('Ctrl Pts',(-7884.0780727469,2439.,6191.78571428579));
#4919=CARTESIAN_POINT('Ctrl Pts',(-7350.57509666386,2457.1683707274,6136.82867216712));
#4920=CARTESIAN_POINT('Ctrl Pts',(-6817.07212058082,2475.34261080064,6081.86853227303));
#4921=CARTESIAN_POINT('Ctrl Pts',(-6283.56914449777,2493.51098146256,6026.91149018893));
#4922=CARTESIAN_POINT('Ctrl Pts',(-7884.07807274689,2439.,6406.644931323));
#4923=CARTESIAN_POINT('Ctrl Pts',(-7350.57509666385,2476.4692082312,6316.52856030422));
#4924=CARTESIAN_POINT('Ctrl Pts',(-6817.07212058082,2513.93593103832,6226.41339766104));
#4925=CARTESIAN_POINT('Ctrl Pts',(-6283.56914449777,2551.40513929725,6136.29702662877));
#4926=CARTESIAN_POINT('Ctrl Pts',(-7884.07807274689,2439.,6549.88510074116));
#4927=CARTESIAN_POINT('Ctrl Pts',(-7350.57509666385,2495.37835251588,6431.99345155933));
#4928=CARTESIAN_POINT('Ctrl Pts',(-6817.07212058081,2551.76075128317,6314.095872337));
#4929=CARTESIAN_POINT('Ctrl Pts',(-6283.56914449777,2608.13910375391,6196.20422322133));
#4930=CARTESIAN_POINT('Ctrl Pts',(-7884.07807274689,2439.,6621.50622254027));
#4931=CARTESIAN_POINT('Ctrl Pts',(-7350.57509666385,2506.00036138708,6488.27470799906));
#4932=CARTESIAN_POINT('Ctrl Pts',(-6817.07212058081,2573.0007224226,6355.04319397308));
#4933=CARTESIAN_POINT('Ctrl Pts',(-6283.56914449777,2640.00108380967,6221.81167943186));
#4934=CARTESIAN_POINT('',(-7884.07807274689,2439.,5117.50000000007));
#4935=CARTESIAN_POINT('',(-7884.07807274689,2439.,6621.50000000007));
#4936=CARTESIAN_POINT('',(-7884.07807274689,2439.,5117.50000000007));
#4937=CARTESIAN_POINT('',(-7884.07807274689,2439.,5117.50000000007));
#4938=CARTESIAN_POINT('',(-7884.07807274689,2439.,6621.50000000007));
#4939=CARTESIAN_POINT('Ctrl Pts',(-7884.07807274689,2438.99626671141,6621.50000000007));
#4940=CARTESIAN_POINT('Ctrl Pts',(-7350.57574966316,2505.99631410281,6488.26953629872));
#4941=CARTESIAN_POINT('Ctrl Pts',(-6817.07342657942,2572.99636140578,6355.03907268838));
#4942=CARTESIAN_POINT('Ctrl Pts',(-6283.57110349569,2639.99640879717,6221.80860898703));
#4943=CARTESIAN_POINT('Ctrl Pts',(-7884.07807274689,2485.85465399808,6621.50000000007));
#4944=CARTESIAN_POINT('Ctrl Pts',(-7350.57574966316,2544.18332854297,6493.85467656689));
#4945=CARTESIAN_POINT('Ctrl Pts',(-6817.07342657942,2602.5131129101,6366.20821075801));
#4946=CARTESIAN_POINT('Ctrl Pts',(-6283.57110349569,2660.84178744534,6238.56288733478));
#4947=CARTESIAN_POINT('Ctrl Pts',(-7884.07807274689,2579.5701841419,6621.50000000007));
#4948=CARTESIAN_POINT('Ctrl Pts',(-7350.57574966316,2621.55128333944,6503.78703037714));
#4949=CARTESIAN_POINT('Ctrl Pts',(-6817.07342657942,2663.53235401363,6386.07323867591));
#4950=CARTESIAN_POINT('Ctrl Pts',(-6283.57110349569,2705.51345321142,6268.36026906012));
#4951=CARTESIAN_POINT('Ctrl Pts',(-7884.07807274689,2720.14285714286,6621.50000000007));
#4952=CARTESIAN_POINT('Ctrl Pts',(-7350.57574966316,2739.88175066387,6514.5081772398));
#4953=CARTESIAN_POINT('Ctrl Pts',(-6817.07342657942,2759.62042818278,6407.51760942222));
#4954=CARTESIAN_POINT('Ctrl Pts',(-6283.5711034957,2779.35932170567,6300.52578665101));
#4955=CARTESIAN_POINT('Ctrl Pts',(-7884.07807274689,2860.71428571429,6621.50000000007));
#4956=CARTESIAN_POINT('Ctrl Pts',(-7350.57574966316,2859.71772571311,6520.71428931833));
#4957=CARTESIAN_POINT('Ctrl Pts',(-6817.07342657943,2858.72109211755,6419.9267766386));
#4958=CARTESIAN_POINT('Ctrl Pts',(-6283.5711034957,2857.72453211702,6319.14106597256));
#4959=CARTESIAN_POINT('Ctrl Pts',(-7884.07807274689,3001.28571428571,6621.50000000007));
#4960=CARTESIAN_POINT('Ctrl Pts',(-7350.57574966316,2980.23888504944,6522.21056665408));
#4961=CARTESIAN_POINT('Ctrl Pts',(-6817.07342657942,2959.19200097035,6422.92253109193));
#4962=CARTESIAN_POINT('Ctrl Pts',(-6283.57110349569,2938.14517173456,6323.63309773377));
#4963=CARTESIAN_POINT('Ctrl Pts',(-7884.07807274689,3141.85714285714,6621.50000000007));
#4964=CARTESIAN_POINT('Ctrl Pts',(-7350.57574966316,3100.60324971267,6518.95023544141));
#4965=CARTESIAN_POINT('Ctrl Pts',(-6817.07342657942,3059.34865593091,6416.39832210746));
#4966=CARTESIAN_POINT('Ctrl Pts',(-6283.5711034957,3018.09476279253,6313.84855756751));
#4967=CARTESIAN_POINT('Ctrl Pts',(-7884.07807274689,3282.4298158581,6621.50000000007));
#4968=CARTESIAN_POINT('Ctrl Pts',(-7350.57574966316,3219.97400291381,6511.03502063349));
#4969=CARTESIAN_POINT('Ctrl Pts',(-6817.07342657942,3157.51848472323,6400.57140480306));
#4970=CARTESIAN_POINT('Ctrl Pts',(-6283.57110349569,3095.06267177635,6290.10642542462));
#4971=CARTESIAN_POINT('Ctrl Pts',(-7884.07807274689,3376.14534600192,6621.50000000007));
#4972=CARTESIAN_POINT('Ctrl Pts',(-7350.57574966315,3298.35479698964,6502.82174038657));
#4973=CARTESIAN_POINT('Ctrl Pts',(-6817.07342657942,3220.56331399819,6384.14207946867));
#4974=CARTESIAN_POINT('Ctrl Pts',(-6283.57110349569,3142.77276499403,6265.46381986737));
#4975=CARTESIAN_POINT('Ctrl Pts',(-7884.07807274689,3423.00373328859,6621.50000000007));
#4976=CARTESIAN_POINT('Ctrl Pts',(-7350.57574966316,3337.12023573015,6498.04451165509));
#4977=CARTESIAN_POINT('Ctrl Pts',(-6817.07342657942,3251.23673824611,6374.58902342175));
#4978=CARTESIAN_POINT('Ctrl Pts',(-6283.57110349569,3165.35324068766,6251.13353507677));
#4979=CARTESIAN_POINT('',(-7884.07807274689,3423.,6621.50000000007));
#4980=CARTESIAN_POINT('',(-7884.07807274689,2439.,6621.50000000007));
#4981=CARTESIAN_POINT('',(-7884.07807274689,3423.,6621.50000000007));
#4982=CARTESIAN_POINT('Ctrl Pts',(-7884.07807274689,3423.,6621.53045374452));
#4983=CARTESIAN_POINT('Ctrl Pts',(-7350.56727017198,3337.11088970966,6498.06633576859));
#4984=CARTESIAN_POINT('Ctrl Pts',(-6817.05646759707,3251.22178100923,6374.60222075359));
#4985=CARTESIAN_POINT('Ctrl Pts',(-6283.54566502216,3165.33267071883,6251.13810277754));
#4986=CARTESIAN_POINT('Ctrl Pts',(-7884.07807274689,3423.,6549.90125487732));
#4987=CARTESIAN_POINT('Ctrl Pts',(-7350.56727017198,3348.61848132431,6443.01481781225));
#4988=CARTESIAN_POINT('Ctrl Pts',(-6817.05646759707,3274.23322394965,6336.12141787013));
#4989=CARTESIAN_POINT('Ctrl Pts',(-6283.54566502216,3199.85170542537,6229.23498108703));
#4990=CARTESIAN_POINT('Ctrl Pts',(-7884.07807274689,3423.,6406.65300839108));
#4991=CARTESIAN_POINT('Ctrl Pts',(-7350.56727017198,3369.63427885818,6329.77217517586));
#4992=CARTESIAN_POINT('Ctrl Pts',(-6817.05646759707,3316.26753101058,6252.89222124724));
#4993=CARTESIAN_POINT('Ctrl Pts',(-6283.54566502216,3262.90180991034,6176.01138799641));
#4994=CARTESIAN_POINT('Ctrl Pts',(-7884.07807274689,3423.,6191.78571428579));
#4995=CARTESIAN_POINT('Ctrl Pts',(-7350.56727017198,3392.87453533381,6152.44125892351));
#4996=CARTESIAN_POINT('Ctrl Pts',(-6817.05646759708,3362.74753871577,6113.09438551257));
#4997=CARTESIAN_POINT('Ctrl Pts',(-6283.54566502217,3332.62207411162,6073.74993024822));
#4998=CARTESIAN_POINT('Ctrl Pts',(-7884.07807274689,3423.,5976.92857142865));
#4999=CARTESIAN_POINT('Ctrl Pts',(-7350.56727017199,3406.12786428352,5970.13612304086));
#5000=CARTESIAN_POINT('Ctrl Pts',(-6817.05646759707,3389.25034470331,5963.34403550124));
#5001=CARTESIAN_POINT('Ctrl Pts',(-6283.54566502217,3372.37820920486,5956.55158709885));
#5002=CARTESIAN_POINT('Ctrl Pts',(-7884.07807274689,3423.,5762.0714285715));
#5003=CARTESIAN_POINT('Ctrl Pts',(-7350.56727017198,3408.4268847018,5785.70930544005));
#5004=CARTESIAN_POINT('Ctrl Pts',(-6817.05646759708,3393.85671571047,5809.3469156442));
#5005=CARTESIAN_POINT('Ctrl Pts',(-6283.54566502217,3379.28360029295,5832.98479252355));
#5006=CARTESIAN_POINT('Ctrl Pts',(-7884.07807274689,3423.,5547.21428571436));
#5007=CARTESIAN_POINT('Ctrl Pts',(-7350.56727017198,3399.60382505114,5602.17217884318));
#5008=CARTESIAN_POINT('Ctrl Pts',(-6817.05646759707,3376.20174661265,5657.13318184051));
#5009=CARTESIAN_POINT('Ctrl Pts',(-6283.54566502216,3352.80557190286,5712.0910748434));
#5010=CARTESIAN_POINT('Ctrl Pts',(-7884.07807274689,3423.,5332.34699160906));
#5011=CARTESIAN_POINT('Ctrl Pts',(-7350.56727017198,3380.301978829,5422.46605116761));
#5012=CARTESIAN_POINT('Ctrl Pts',(-6817.05646759707,3337.60641986586,5512.58391253188));
#5013=CARTESIAN_POINT('Ctrl Pts',(-6283.54566502216,3294.90839859515,5602.70297213895));
#5014=CARTESIAN_POINT('Ctrl Pts',(-7884.07807274689,3423.,5189.09874512282));
#5015=CARTESIAN_POINT('Ctrl Pts',(-7350.56727017198,3361.39115016291,5306.99530102644));
#5016=CARTESIAN_POINT('Ctrl Pts',(-6817.05646759707,3299.77825322237,5424.89778794817));
#5017=CARTESIAN_POINT('Ctrl Pts',(-6283.54566502216,3238.16940354917,5542.79434361161));
#5018=CARTESIAN_POINT('Ctrl Pts',(-7884.07807274689,3423.,5117.46954625562));
#5019=CARTESIAN_POINT('Ctrl Pts',(-7350.56727017198,3350.76752423921,5250.70825008293));
#5020=CARTESIAN_POINT('Ctrl Pts',(-6817.05646759707,3278.53505019936,5383.94695138812));
#5021=CARTESIAN_POINT('Ctrl Pts',(-6283.54566502216,3206.30257443851,5517.18565521554));
#5022=CARTESIAN_POINT('',(-7884.07807274689,3423.,5117.50000000007));
#5023=CARTESIAN_POINT('',(-7884.07807274689,3423.,6621.50000000007));
#5024=CARTESIAN_POINT('',(-7884.07807274689,3423.,5117.50000000007));
#5025=CARTESIAN_POINT('Ctrl Pts',(-7884.07807274689,3423.00380456617,5117.50000000007));
#5026=CARTESIAN_POINT('Ctrl Pts',(-7350.5757357718,3350.77628749772,5250.7305204555));
#5027=CARTESIAN_POINT('Ctrl Pts',(-6817.07339879671,3278.54877051936,5383.96104081817));
#5028=CARTESIAN_POINT('Ctrl Pts',(-6283.57106182162,3206.32125345091,5517.1915612736));
#5029=CARTESIAN_POINT('Ctrl Pts',(-7884.07807274689,3376.14539352031,5117.50000000007));
#5030=CARTESIAN_POINT('Ctrl Pts',(-7350.5757357718,3312.58925442537,5245.14537658238));
#5031=CARTESIAN_POINT('Ctrl Pts',(-6817.07339879671,3249.03200550759,5372.7918955407));
#5032=CARTESIAN_POINT('Ctrl Pts',(-6283.57106182162,3185.47586642236,5500.437272113));
#5033=CARTESIAN_POINT('Ctrl Pts',(-7884.07807274689,3282.4298396173,5117.50000000007));
#5034=CARTESIAN_POINT('Ctrl Pts',(-7350.5757357718,3235.22128082508,5235.21301928939));
#5035=CARTESIAN_POINT('Ctrl Pts',(-6817.07339879671,3188.01275013991,5352.92685790566));
#5036=CARTESIAN_POINT('Ctrl Pts',(-6283.57106182162,3140.80419134745,5470.6398771878));
#5037=CARTESIAN_POINT('Ctrl Pts',(-7884.07807274689,3141.85714285714,5117.50000000007));
#5038=CARTESIAN_POINT('Ctrl Pts',(-7350.5757357718,3116.89079407994,5224.49187033552));
#5039=CARTESIAN_POINT('Ctrl Pts',(-6817.07339879671,3091.92466001665,5331.48248294444));
#5040=CARTESIAN_POINT('Ctrl Pts',(-6283.57106182163,3066.95831123755,5438.47435329091));
#5041=CARTESIAN_POINT('Ctrl Pts',(-7884.07807274689,3001.28571428571,5117.50000000007));
#5042=CARTESIAN_POINT('Ctrl Pts',(-7350.5757357718,2997.05481957059,5218.28575809538));
#5043=CARTESIAN_POINT('Ctrl Pts',(-6817.07339879671,2992.82399653303,5319.0733131081));
#5044=CARTESIAN_POINT('Ctrl Pts',(-6283.57106182162,2988.59310181727,5419.85907118767));
#5045=CARTESIAN_POINT('Ctrl Pts',(-7884.07807274689,2860.71428571429,5117.50000000007));
#5046=CARTESIAN_POINT('Ctrl Pts',(-7350.5757357718,2876.53366075632,5216.78948072067));
#5047=CARTESIAN_POINT('Ctrl Pts',(-6817.07339879671,2892.35308845007,5316.07755941122));
#5048=CARTESIAN_POINT('Ctrl Pts',(-6283.57106182162,2908.17246349166,5415.3670401441));
#5049=CARTESIAN_POINT('Ctrl Pts',(-7884.07807274689,2720.14285714286,5117.50000000007));
#5050=CARTESIAN_POINT('Ctrl Pts',(-7350.5757357718,2756.16929661925,5220.04981201824));
#5051=CARTESIAN_POINT('Ctrl Pts',(-6817.07339879671,2792.19643423581,5322.60176790007));
#5052=CARTESIAN_POINT('Ctrl Pts',(-6283.57106182162,2828.2228737061,5425.15157989946));
#5053=CARTESIAN_POINT('Ctrl Pts',(-7884.07807274689,2579.5701603827,5117.50000000007));
#5054=CARTESIAN_POINT('Ctrl Pts',(-7350.5757357718,2636.79852379447,5227.96502837006));
#5055=CARTESIAN_POINT('Ctrl Pts',(-6817.07339879671,2694.0265906355,5338.42869002743));
#5056=CARTESIAN_POINT('Ctrl Pts',(-6283.57106182162,2751.25495404986,5448.89371840939));
#5057=CARTESIAN_POINT('Ctrl Pts',(-7884.07807274689,2485.85460647969,5117.50000000007));
#5058=CARTESIAN_POINT('Ctrl Pts',(-7350.5757357718,2558.41771055071,5236.17831165757));
#5059=CARTESIAN_POINT('Ctrl Pts',(-6817.07339879671,2630.98174860161,5354.85802462102));
#5060=CARTESIAN_POINT('Ctrl Pts',(-6283.57106182162,2703.54485266443,5473.53633626623));
#5061=CARTESIAN_POINT('Ctrl Pts',(-7884.07807274689,2438.99619543383,5117.50000000007));
#5062=CARTESIAN_POINT('Ctrl Pts',(-7350.5757357718,2519.65225279667,5240.95554361567));
#5063=CARTESIAN_POINT('Ctrl Pts',(-6817.07339879671,2600.30831008368,5364.41108711751));
#5064=CARTESIAN_POINT('Ctrl Pts',(-6283.57106182162,2680.96436744652,5487.86663073311));
#5065=CARTESIAN_POINT('',(-7884.07807274689,3423.,5117.50000000007));
#5066=CARTESIAN_POINT('Origin',(-7888.07807274689,2441.,6619.50000000007));
#5067=CARTESIAN_POINT('',(-7888.07807274689,3421.,6619.50000000007));
#5068=CARTESIAN_POINT('',(-7888.07807274689,2441.,6619.50000000007));
#5069=CARTESIAN_POINT('',(-7888.07807274689,2441.,6619.50000000007));
#5070=CARTESIAN_POINT('',(-7888.07807274689,3421.,6619.50000000007));
#5071=CARTESIAN_POINT('',(-7888.07807274689,2441.,6619.50000000007));
#5072=CARTESIAN_POINT('Origin',(-7888.07807274689,2441.,5119.50000000007));
#5073=CARTESIAN_POINT('',(-7888.07807274689,2441.,5119.50000000007));
#5074=CARTESIAN_POINT('',(-7888.07807274689,2441.,5119.50000000007));
#5075=CARTESIAN_POINT('',(-7888.07807274689,2441.,5119.50000000007));
#5076=CARTESIAN_POINT('Origin',(-7888.07807274689,3421.,5119.50000000007));
#5077=CARTESIAN_POINT('',(-7888.07807274689,3421.,5119.50000000007));
#5078=CARTESIAN_POINT('',(-7888.07807274689,3421.,5119.50000000007));
#5079=CARTESIAN_POINT('',(-7888.07807274689,3421.,5119.50000000007));
#5080=CARTESIAN_POINT('Origin',(-7888.07807274689,3421.,6619.50000000007));
#5081=CARTESIAN_POINT('',(-7888.07807274689,3421.,6619.50000000007));
#5082=CARTESIAN_POINT('Origin',(-7888.07807274689,3521.,5019.50000000007));
#5083=CARTESIAN_POINT('',(-7888.07807274689,3521.,6719.50000000007));
#5084=CARTESIAN_POINT('',(-7888.07807274689,3521.,5019.50000000007));
#5085=CARTESIAN_POINT('',(-7888.07807274689,3521.,6719.50000000007));
#5086=CARTESIAN_POINT('',(-7884.07807274689,3521.,6719.50000000007));
#5087=CARTESIAN_POINT('',(-7888.07807274689,3521.,6719.50000000007));
#5088=CARTESIAN_POINT('',(-7884.07807274689,3521.,5019.50000000007));
#5089=CARTESIAN_POINT('',(-7884.07807274689,3521.,6719.50000000007));
#5090=CARTESIAN_POINT('',(-7888.07807274689,3521.,5019.50000000007));
#5091=CARTESIAN_POINT('Origin',(-7888.07807274689,2341.,5019.50000000007));
#5092=CARTESIAN_POINT('',(-7888.07807274689,2341.,5019.50000000007));
#5093=CARTESIAN_POINT('',(-7888.07807274689,3521.,5019.50000000007));
#5094=CARTESIAN_POINT('',(-7884.07807274689,2341.,5019.50000000007));
#5095=CARTESIAN_POINT('',(-7884.07807274689,3521.,5019.50000000007));
#5096=CARTESIAN_POINT('',(-7888.07807274689,2341.,5019.50000000007));
#5097=CARTESIAN_POINT('Origin',(-7888.07807274689,2341.,6719.50000000007));
#5098=CARTESIAN_POINT('',(-7888.07807274689,2341.,6719.50000000007));
#5099=CARTESIAN_POINT('',(-7888.07807274689,2341.,5019.50000000007));
#5100=CARTESIAN_POINT('',(-7884.07807274689,2341.,6719.50000000007));
#5101=CARTESIAN_POINT('',(-7884.07807274689,2341.,5019.50000000007));
#5102=CARTESIAN_POINT('',(-7888.07807274689,2341.,6719.50000000007));
#5103=CARTESIAN_POINT('Origin',(-7888.07807274689,3521.,6719.50000000007));
#5104=CARTESIAN_POINT('',(-7888.07807274689,2341.,6719.50000000007));
#5105=CARTESIAN_POINT('',(-7884.07807274689,2341.,6719.50000000007));
#5106=CARTESIAN_POINT('Origin',(-7888.07807274689,2931.,5869.50000000007));
#5107=CARTESIAN_POINT('Origin',(-7884.07807274689,2931.,5869.50000000007));
#5108=CARTESIAN_POINT('',(0.,0.,0.));
#5109=CARTESIAN_POINT('Origin',(1255.,2535.,505.));
#5110=CARTESIAN_POINT('',(1255.,2535.,505.));
#5111=CARTESIAN_POINT('',(44.9999999999999,2535.,505.));
#5112=CARTESIAN_POINT('',(1255.,2535.,505.));
#5113=CARTESIAN_POINT('',(45.,2535.,405.));
#5114=CARTESIAN_POINT('',(45.,2535.,505.));
#5115=CARTESIAN_POINT('',(1255.,2535.,405.));
#5116=CARTESIAN_POINT('',(1255.,2535.,405.));
#5117=CARTESIAN_POINT('',(1255.,2535.,505.));
#5118=CARTESIAN_POINT('Origin',(1255.,45.0000000000002,505.));
#5119=CARTESIAN_POINT('',(1255.,45.0000000000002,505.));
#5120=CARTESIAN_POINT('',(1255.,45.0000000000002,505.));
#5121=CARTESIAN_POINT('',(1255.,45.0000000000003,405.));
#5122=CARTESIAN_POINT('',(1255.,45.0000000000002,405.));
#5123=CARTESIAN_POINT('',(1255.,45.0000000000002,505.));
#5124=CARTESIAN_POINT('Origin',(45.,45.0000000000003,505.));
#5125=CARTESIAN_POINT('',(45.,45.0000000000003,505.));
#5126=CARTESIAN_POINT('',(45.,45.0000000000003,505.));
#5127=CARTESIAN_POINT('',(45.,45.0000000000003,405.));
#5128=CARTESIAN_POINT('',(45.,45.0000000000003,405.));
#5129=CARTESIAN_POINT('',(45.,45.0000000000003,505.));
#5130=CARTESIAN_POINT('Origin',(45.,2535.,505.));
#5131=CARTESIAN_POINT('',(45.,2535.,505.));
#5132=CARTESIAN_POINT('',(45.,2535.,405.));
#5133=CARTESIAN_POINT('Origin',(1258.,2538.,505.));
#5134=CARTESIAN_POINT('',(1258.,42.0000000000002,505.));
#5135=CARTESIAN_POINT('',(1258.,2538.,505.));
#5136=CARTESIAN_POINT('',(1258.,1914.,505.));
#5137=CARTESIAN_POINT('',(1258.,42.0000000000002,405.));
#5138=CARTESIAN_POINT('',(1258.,42.0000000000002,505.));
#5139=CARTESIAN_POINT('',(1258.,2538.,405.));
#5140=CARTESIAN_POINT('',(1258.,42.0000000000002,405.));
#5141=CARTESIAN_POINT('',(1258.,2538.,505.));
#5142=CARTESIAN_POINT('Origin',(42.,2538.,505.));
#5143=CARTESIAN_POINT('',(42.,2538.,505.));
#5144=CARTESIAN_POINT('',(346.,2538.,505.));
#5145=CARTESIAN_POINT('',(42.,2538.,405.));
#5146=CARTESIAN_POINT('',(1258.,2538.,405.));
#5147=CARTESIAN_POINT('',(42.,2538.,505.));
#5148=CARTESIAN_POINT('Origin',(42.,42.0000000000002,505.));
#5149=CARTESIAN_POINT('',(42.,42.0000000000002,505.));
#5150=CARTESIAN_POINT('',(42.,666.,505.));
#5151=CARTESIAN_POINT('',(42.,42.0000000000002,405.));
#5152=CARTESIAN_POINT('',(42.,2538.,405.));
#5153=CARTESIAN_POINT('',(42.,42.0000000000002,505.));
#5154=CARTESIAN_POINT('Origin',(1258.,42.0000000000002,505.));
#5155=CARTESIAN_POINT('',(954.,42.0000000000002,505.));
#5156=CARTESIAN_POINT('',(42.,42.0000000000002,405.));
#5157=CARTESIAN_POINT('Origin',(650.,1290.,405.));
#5158=CARTESIAN_POINT('Origin',(650.001678861017,1289.99987329052,1305.));
#5159=CARTESIAN_POINT('',(400.550851960375,915.466788652589,1305.));
#5160=CARTESIAN_POINT('',(200.000849384208,1289.99987329831,1304.99343522847));
#5161=CARTESIAN_POINT('Ctrl Pts',(200.000849384208,1289.99987330611,1304.99343522847));
#5162=CARTESIAN_POINT('Ctrl Pts',(200.000849384085,1286.44243715111,1304.9932608699));
#5163=CARTESIAN_POINT('Ctrl Pts',(200.043033761366,1282.88471168855,1304.99333260054));
#5164=CARTESIAN_POINT('Ctrl Pts',(200.30534350803,1271.82758793941,1304.99415015539));
#5165=CARTESIAN_POINT('Ctrl Pts',(200.670779048229,1264.33340333705,1304.9956722677));
#5166=CARTESIAN_POINT('Ctrl Pts',(203.742231921323,1222.75016005729,1304.99761308547));
#5167=CARTESIAN_POINT('Ctrl Pts',(210.13988768956,1189.04606673155,1304.98658100242));
#5168=CARTESIAN_POINT('Ctrl Pts',(222.858203246011,1148.14125924005,1305.00411939846));
#5169=CARTESIAN_POINT('Ctrl Pts',(225.660919888477,1139.96542667891,1305.0077696572));
#5170=CARTESIAN_POINT('Ctrl Pts',(236.927096815517,1109.94800339635,1305.01085766753));
#5171=CARTESIAN_POINT('Ctrl Pts',(246.855937435581,1088.69709340409,1304.98763011458));
#5172=CARTESIAN_POINT('Ctrl Pts',(267.043548834271,1053.03553467017,1304.9891308163));
#5173=CARTESIAN_POINT('Ctrl Pts',(276.579974572561,1038.2753179373,1304.99888137738));
#5174=CARTESIAN_POINT('Ctrl Pts',(302.523665490731,1002.85163158821,1305.01424015138));
#5175=CARTESIAN_POINT('Ctrl Pts',(319.92975215022,983.002187063979,1304.99810369666));
#5176=CARTESIAN_POINT('Ctrl Pts',(358.015057347282,946.577580810954,1304.98965475667));
#5177=CARTESIAN_POINT('Ctrl Pts',(378.620350346467,930.073193230237,1305.00000000001));
#5178=CARTESIAN_POINT('Ctrl Pts',(400.550851960376,915.466788652591,1305.00000000001));
#5179=CARTESIAN_POINT('',(200.000849384209,1289.99987329052,1405.));
#5180=CARTESIAN_POINT('',(200.000849384208,1289.99987329052,1305.));
#5181=CARTESIAN_POINT('Origin',(650.001678861017,1289.99987329052,1405.));
#5182=CARTESIAN_POINT('',(458.400644482687,1697.17279743328,1305.));
#5183=CARTESIAN_POINT('Ctrl Pts',(458.400644482685,1697.17279743328,1304.99999999999));
#5184=CARTESIAN_POINT('Ctrl Pts',(447.139757662827,1691.87382632109,1305.));
#5185=CARTESIAN_POINT('Ctrl Pts',(436.103539767481,1686.10998366411,1304.99936535916));
#5186=CARTESIAN_POINT('Ctrl Pts',(414.53737594787,1673.68228778047,1304.99950854638));
#5187=CARTESIAN_POINT('Ctrl Pts',(404.016721228826,1667.02379013005,1305.00022763683));
#5188=CARTESIAN_POINT('Ctrl Pts',(386.965432100058,1655.21420314169,1304.99987964689));
#5189=CARTESIAN_POINT('Ctrl Pts',(380.277181078136,1650.30289739811,1304.99957489822));
#5190=CARTESIAN_POINT('Ctrl Pts',(364.996496440361,1638.41796426872,1304.99954226546));
#5191=CARTESIAN_POINT('Ctrl Pts',(356.517876738689,1631.30674056082,1305.00020059187));
#5192=CARTESIAN_POINT('Ctrl Pts',(337.365182264885,1614.00103621321,1305.00053520368));
#5193=CARTESIAN_POINT('Ctrl Pts',(326.913295552217,1603.57957486448,1304.99899305057));
#5194=CARTESIAN_POINT('Ctrl Pts',(311.323594903656,1586.42681675995,1304.99902383417));
#5195=CARTESIAN_POINT('Ctrl Pts',(305.831401976495,1580.03193641966,1304.99947131632));
#5196=CARTESIAN_POINT('Ctrl Pts',(294.454151501992,1566.00617488583,1304.99943193261));
#5197=CARTESIAN_POINT('Ctrl Pts',(288.628001151232,1558.33285248875,1304.99848955204));
#5198=CARTESIAN_POINT('Ctrl Pts',(280.079182609301,1546.28970994157,1304.9979954663));
#5199=CARTESIAN_POINT('Ctrl Pts',(277.177717501569,1542.05031951497,1304.99798297984));
#5200=CARTESIAN_POINT('Ctrl Pts',(271.33263483743,1533.18812335304,1304.99831294887));
#5201=CARTESIAN_POINT('Ctrl Pts',(268.399597449442,1528.55934446981,1304.99868956856));
#5202=CARTESIAN_POINT('Ctrl Pts',(259.041961174609,1513.17723289826,1304.99962187952));
#5203=CARTESIAN_POINT('Ctrl Pts',(252.981746868505,1502.2092209289,1304.99801777769));
#5204=CARTESIAN_POINT('Ctrl Pts',(240.862790186217,1477.93458904414,1304.99667930119));
#5205=CARTESIAN_POINT('Ctrl Pts',(234.978753826931,1464.55662198835,1304.99923195369));
#5206=CARTESIAN_POINT('Ctrl Pts',(227.144627571566,1444.09717396903,1304.99816651307));
#5207=CARTESIAN_POINT('Ctrl Pts',(224.699900205914,1437.21556954693,1304.99720085988));
#5208=CARTESIAN_POINT('Ctrl Pts',(217.870609098776,1416.3993200499,1304.99617705374));
#5209=CARTESIAN_POINT('Ctrl Pts',(213.995961925282,1402.3078881779,1305.00022188716));
#5210=CARTESIAN_POINT('Ctrl Pts',(209.222380180761,1380.92662297154,1304.99959270162));
#5211=CARTESIAN_POINT('Ctrl Pts',(207.805021294599,1373.76251715648,1304.99817442171));
#5212=CARTESIAN_POINT('Ctrl Pts',(204.0774784063,1352.17444731839,1304.99579020631));
#5213=CARTESIAN_POINT('Ctrl Pts',(202.294595852027,1337.6697850123,1304.99924880562));
#5214=CARTESIAN_POINT('Ctrl Pts',(200.407487532826,1312.08716705735,1304.99780070827));
#5215=CARTESIAN_POINT('Ctrl Pts',(200.000849384591,1301.04491459472,1304.99397657272));
#5216=CARTESIAN_POINT('Ctrl Pts',(200.000849384208,1289.99987330611,1304.99343522847));
#5217=CARTESIAN_POINT('',(899.452505761659,1664.53295792845,1305.));
#5218=CARTESIAN_POINT('Ctrl Pts',(458.400644482685,1697.17279743328,1305.));
#5219=CARTESIAN_POINT('Ctrl Pts',(481.291377108211,1707.94435857764,1305.00000000001));
#5220=CARTESIAN_POINT('Ctrl Pts',(505.049709360063,1716.76642314731,1305.00760421863));
#5221=CARTESIAN_POINT('Ctrl Pts',(537.543196558255,1725.80358163081,1305.00284701021));
#5222=CARTESIAN_POINT('Ctrl Pts',(545.725120418284,1727.83338264238,1305.00088863792));
#5223=CARTESIAN_POINT('Ctrl Pts',(586.928950999064,1736.83480782724,1304.99311045725));
#5224=CARTESIAN_POINT('Ctrl Pts',(620.604145221253,1740.3057486505,1305.00869900798));
#5225=CARTESIAN_POINT('Ctrl Pts',(663.981022544408,1739.88663784294,1305.00552602374));
#5226=CARTESIAN_POINT('Ctrl Pts',(673.60716207065,1739.48436072711,1305.00288210242));
#5227=CARTESIAN_POINT('Ctrl Pts',(721.687963101293,1735.92616322999,1304.99120975725));
#5228=CARTESIAN_POINT('Ctrl Pts',(759.637488314877,1728.1427396859,1305.00702047772));
#5229=CARTESIAN_POINT('Ctrl Pts',(814.352686892058,1709.35750254389,1305.00024551219));
#5230=CARTESIAN_POINT('Ctrl Pts',(832.157605148099,1701.93590708201,1304.99688587955));
#5231=CARTESIAN_POINT('Ctrl Pts',(866.706232322155,1684.85582248741,1304.99651938163));
#5232=CARTESIAN_POINT('Ctrl Pts',(883.414167521914,1675.21499617851,1305.00000000001));
#5233=CARTESIAN_POINT('Ctrl Pts',(899.452505761659,1664.53295792845,1305.00000000002));
#5234=CARTESIAN_POINT('',(841.602713239348,882.826949147753,1305.));
#5235=CARTESIAN_POINT('Ctrl Pts',(899.452505761658,1664.53295792845,1304.99999999999));
#5236=CARTESIAN_POINT('Ctrl Pts',(923.13015873507,1648.76289553465,1304.99999999999));
#5237=CARTESIAN_POINT('Ctrl Pts',(945.259122990809,1630.78299912676,1304.98880526987));
#5238=CARTESIAN_POINT('Ctrl Pts',(972.299463969223,1604.18884195338,1304.99706550819));
#5239=CARTESIAN_POINT('Ctrl Pts',(978.844976656912,1597.33138059099,1305.0005058858));
#5240=CARTESIAN_POINT('Ctrl Pts',(1010.49245119942,1562.00613264524,1305.01658768701));
#5241=CARTESIAN_POINT('Ctrl Pts',(1032.13854552544,1530.64987727839,1304.98043319918));
#5242=CARTESIAN_POINT('Ctrl Pts',(1056.03697144694,1484.50566343908,1304.99351107294));
#5243=CARTESIAN_POINT('Ctrl Pts',(1061.89709262719,1471.76705899605,1305.00375454779));
#5244=CARTESIAN_POINT('Ctrl Pts',(1078.11477012775,1431.68301205933,1305.01484387052));
#5245=CARTESIAN_POINT('Ctrl Pts',(1086.41097657266,1403.58639690819,1304.98842035793));
#5246=CARTESIAN_POINT('Ctrl Pts',(1095.20592274179,1357.79823948634,1304.99289810333));
#5247=CARTESIAN_POINT('Ctrl Pts',(1097.49408342782,1340.53674636203,1304.99625767648));
#5248=CARTESIAN_POINT('Ctrl Pts',(1099.33087340446,1315.6981555773,1304.99511517969));
#5249=CARTESIAN_POINT('Ctrl Pts',(1099.69711323384,1308.19723212982,1304.99359395251));
#5250=CARTESIAN_POINT('Ctrl Pts',(1100.22249471017,1286.08882755972,1304.9919831535));
#5251=CARTESIAN_POINT('Ctrl Pts',(1099.8583775745,1271.47933967012,1304.99710179451));
#5252=CARTESIAN_POINT('Ctrl Pts',(1097.71069828823,1242.34814885884,1304.99891922866));
#5253=CARTESIAN_POINT('Ctrl Pts',(1095.92840363168,1227.84340705179,1304.99556843942));
#5254=CARTESIAN_POINT('Ctrl Pts',(1092.20173759541,1206.25518667182,1304.99803138815));
#5255=CARTESIAN_POINT('Ctrl Pts',(1090.78466941827,1199.09102223847,1304.99946249483));
#5256=CARTESIAN_POINT('Ctrl Pts',(1086.01195690624,1177.70956790237,1305.00007283996));
#5257=CARTESIAN_POINT('Ctrl Pts',(1082.13788410108,1163.61798540602,1304.99592131395));
#5258=CARTESIAN_POINT('Ctrl Pts',(1075.30944067892,1142.80146339139,1304.9968397493));
#5259=CARTESIAN_POINT('Ctrl Pts',(1072.86499335301,1135.91976053583,1304.99777864199));
#5260=CARTESIAN_POINT('Ctrl Pts',(1065.03169978437,1115.45999678141,1304.99881556883));
#5261=CARTESIAN_POINT('Ctrl Pts',(1059.14820804389,1102.08179212192,1304.99630991835));
#5262=CARTESIAN_POINT('Ctrl Pts',(1047.02989838785,1077.80598641513,1304.99773813391));
#5263=CARTESIAN_POINT('Ctrl Pts',(1040.96973315821,1066.83707544815,1304.99938736798));
#5264=CARTESIAN_POINT('Ctrl Pts',(1031.61207413205,1051.45369390178,1304.9984930663));
#5265=CARTESIAN_POINT('Ctrl Pts',(1028.67901782512,1046.82453227415,1304.99812530437));
#5266=CARTESIAN_POINT('Ctrl Pts',(1022.83387507349,1037.96160181984,1304.99780993305));
#5267=CARTESIAN_POINT('Ctrl Pts',(1019.932370301,1033.72185950982,1304.99782830995));
#5268=CARTESIAN_POINT('Ctrl Pts',(1011.38340775386,1021.67771618805,1304.99833835127));
#5269=CARTESIAN_POINT('Ctrl Pts',(1005.55712733563,1014.00375539771,1304.99929028508));
#5270=CARTESIAN_POINT('Ctrl Pts',(994.179567708278,999.976828316841,1304.99935106029));
#5271=CARTESIAN_POINT('Ctrl Pts',(988.687204147987,993.581417417434,1304.99891348327));
#5272=CARTESIAN_POINT('Ctrl Pts',(973.096964651747,976.427241398392,1304.99890920992));
#5273=CARTESIAN_POINT('Ctrl Pts',(962.64465893182,966.004925652072,1305.00046771743));
#5274=CARTESIAN_POINT('Ctrl Pts',(943.491109293449,948.697823973405,1305.00015428802));
#5275=CARTESIAN_POINT('Ctrl Pts',(935.012085157413,941.586034126793,1304.99950204237));
#5276=CARTESIAN_POINT('Ctrl Pts',(919.730631269602,929.700172366313,1304.99954429889));
#5277=CARTESIAN_POINT('Ctrl Pts',(913.04203141175,924.788489107396,1304.99985279442));
#5278=CARTESIAN_POINT('Ctrl Pts',(895.989825162778,912.978011909398,1305.00021045154));
#5279=CARTESIAN_POINT('Ctrl Pts',(885.468580919635,906.319029359195,1304.99949738169));
#5280=CARTESIAN_POINT('Ctrl Pts',(863.901165949124,893.890466946491,1304.99936272656));
#5281=CARTESIAN_POINT('Ctrl Pts',(852.864287921883,888.12624394356,1305.));
#5282=CARTESIAN_POINT('Ctrl Pts',(841.602713239347,882.826949147755,1305.));
#5283=CARTESIAN_POINT('Ctrl Pts',(841.602713239347,882.826949147755,1305.));
#5284=CARTESIAN_POINT('Ctrl Pts',(818.711984956769,872.055390047038,1305.));
#5285=CARTESIAN_POINT('Ctrl Pts',(794.953666086991,863.233329724132,1305.0075596803));
#5286=CARTESIAN_POINT('Ctrl Pts',(762.46018386092,854.196170809494,1305.00277243166));
#5287=CARTESIAN_POINT('Ctrl Pts',(754.278260231712,852.166369401565,1305.00080838977));
#5288=CARTESIAN_POINT('Ctrl Pts',(713.074423421625,843.164940583816,1304.99301068644));
#5289=CARTESIAN_POINT('Ctrl Pts',(679.399223452927,839.6939981752,1305.00861328704));
#5290=CARTESIAN_POINT('Ctrl Pts',(636.022338290124,840.113108607995,1305.00547563948));
#5291=CARTESIAN_POINT('Ctrl Pts',(626.396197206464,840.515385738842,1305.00284057201));
#5292=CARTESIAN_POINT('Ctrl Pts',(578.315385686767,844.073584012203,1304.99121519679));
#5293=CARTESIAN_POINT('Ctrl Pts',(540.365851984083,851.857010457324,1305.00707310723));
#5294=CARTESIAN_POINT('Ctrl Pts',(485.650652366207,870.642251584821,1305.00032260055));
#5295=CARTESIAN_POINT('Ctrl Pts',(467.845740504118,878.063845159326,1304.99696001986));
#5296=CARTESIAN_POINT('Ctrl Pts',(433.297121928261,895.143926116687,1304.99655126946));
#5297=CARTESIAN_POINT('Ctrl Pts',(416.589188568648,904.78475148914,1305.));
#5298=CARTESIAN_POINT('Ctrl Pts',(400.550851960376,915.466788652591,1305.));
#5299=CARTESIAN_POINT('Origin',(650.001678861017,1289.99987329052,1305.));
#5300=CARTESIAN_POINT('',(197.000849384209,1289.99987329052,1405.));
#5301=CARTESIAN_POINT('Origin',(650.001678861017,1289.99987329052,1405.));
#5302=CARTESIAN_POINT('',(197.000849384208,1289.99987329627,1304.99348548064));
#5303=CARTESIAN_POINT('',(197.000849384208,1289.99987329052,1305.));
#5304=CARTESIAN_POINT('',(397.787406167843,913.705158795975,1305.));
#5305=CARTESIAN_POINT('Ctrl Pts',(397.787406167844,913.705158795976,1305.));
#5306=CARTESIAN_POINT('Ctrl Pts',(375.674874784885,928.526243986208,1305.));
#5307=CARTESIAN_POINT('Ctrl Pts',(354.911714453378,945.267641887744,1304.98962522149));
#5308=CARTESIAN_POINT('Ctrl Pts',(316.56490079329,982.203837089014,1304.99829690031));
#5309=CARTESIAN_POINT('Ctrl Pts',(299.056399242418,1002.32658310762,1305.01416552288));
#5310=CARTESIAN_POINT('Ctrl Pts',(272.994693787797,1038.22583598951,1304.99844745918));
#5311=CARTESIAN_POINT('Ctrl Pts',(263.425350528375,1053.18099443933,1304.98883122585));
#5312=CARTESIAN_POINT('Ctrl Pts',(243.19563378758,1089.30474663973,1304.98807547256));
#5313=CARTESIAN_POINT('Ctrl Pts',(233.269348866038,1110.82438417476,1305.01148248699));
#5314=CARTESIAN_POINT('Ctrl Pts',(220.386318824492,1145.69801603801,1305.00664653624));
#5315=CARTESIAN_POINT('Ctrl Pts',(216.272862050435,1158.57803094194,1304.99884674844));
#5316=CARTESIAN_POINT('Ctrl Pts',(210.621549772604,1179.45279217473,1304.99223340582));
#5317=CARTESIAN_POINT('Ctrl Pts',(208.712466122038,1187.33836260532,1304.9910344617));
#5318=CARTESIAN_POINT('Ctrl Pts',(202.653128385936,1215.67394427666,1304.99153591913));
#5319=CARTESIAN_POINT('Ctrl Pts',(199.704900184933,1236.35405797179,1304.99696293938));
#5320=CARTESIAN_POINT('Ctrl Pts',(197.64196787658,1264.73859868659,1304.99575975869));
#5321=CARTESIAN_POINT('Ctrl Pts',(197.282013505315,1272.32657386688,1304.9942336108));
#5322=CARTESIAN_POINT('Ctrl Pts',(197.038229354757,1283.27984656165,1304.99343229964));
#5323=CARTESIAN_POINT('Ctrl Pts',(197.000849384123,1286.63999477802,1304.99335190295));
#5324=CARTESIAN_POINT('Ctrl Pts',(197.000849384208,1289.99987330202,1304.99348548064));
#5325=CARTESIAN_POINT('',(842.880051114043,880.112467990355,1305.));
#5326=CARTESIAN_POINT('Origin',(650.001678861017,1289.99987329052,1305.));
#5327=CARTESIAN_POINT('',(902.215951554192,1666.29458778506,1305.));
#5328=CARTESIAN_POINT('Ctrl Pts',(842.880051114042,880.112467990357,1305.));
#5329=CARTESIAN_POINT('Ctrl Pts',(854.192034875074,885.435483497952,1305.));
#5330=CARTESIAN_POINT('Ctrl Pts',(865.278809062605,891.224492356198,1304.99936522072));
#5331=CARTESIAN_POINT('Ctrl Pts',(886.945013212334,903.704774926159,1304.99949792468));
#5332=CARTESIAN_POINT('Ctrl Pts',(897.515139853735,910.390688134213,1305.00020898956));
#5333=CARTESIAN_POINT('Ctrl Pts',(914.647953582235,922.247845294252,1304.99985534971));
#5334=CARTESIAN_POINT('Ctrl Pts',(921.368565169758,927.178680579021,1304.99954742388));
#5335=CARTESIAN_POINT('Ctrl Pts',(936.724164650059,939.11035479311,1304.9995019441));
#5336=CARTESIAN_POINT('Ctrl Pts',(945.245137968239,946.24918233086,1305.00014735646));
#5337=CARTESIAN_POINT('Ctrl Pts',(964.495568854449,963.621397371701,1305.0004710897));
#5338=CARTESIAN_POINT('Ctrl Pts',(975.002464348328,974.082469709099,1304.99891976694));
#5339=CARTESIAN_POINT('Ctrl Pts',(990.677222155956,991.300019606958,1304.99891501861));
#5340=CARTESIAN_POINT('Ctrl Pts',(996.20005309561,997.718991536107,1304.99934702241));
#5341=CARTESIAN_POINT('Ctrl Pts',(1007.64231520482,1011.79752461585,1304.99930309417));
#5342=CARTESIAN_POINT('Ctrl Pts',(1013.50274269952,1019.4996920066,1304.99835941281));
#5343=CARTESIAN_POINT('Ctrl Pts',(1022.10348798537,1031.58814324152,1304.99784347664));
#5344=CARTESIAN_POINT('Ctrl Pts',(1025.02289595332,1035.84349364755,1304.99782061299));
#5345=CARTESIAN_POINT('Ctrl Pts',(1030.90481156212,1044.73909083028,1304.99812642188));
#5346=CARTESIAN_POINT('Ctrl Pts',(1033.85672152911,1049.38533904372,1304.99848891557));
#5347=CARTESIAN_POINT('Ctrl Pts',(1043.27590754262,1064.82561270012,1304.99938813661));
#5348=CARTESIAN_POINT('Ctrl Pts',(1049.37819350991,1075.83529859143,1304.99778003959));
#5349=CARTESIAN_POINT('Ctrl Pts',(1061.60049875107,1100.23065067212,1304.99633229912));
#5350=CARTESIAN_POINT('Ctrl Pts',(1067.54277611679,1113.68941543038,1304.99881277007));
#5351=CARTESIAN_POINT('Ctrl Pts',(1075.45821281263,1134.27408899039,1304.99781746849));
#5352=CARTESIAN_POINT('Ctrl Pts',(1077.92902259211,1141.1980893167,1304.99688274922));
#5353=CARTESIAN_POINT('Ctrl Pts',(1084.83343657779,1162.1433798971,1304.99595232605));
#5354=CARTESIAN_POINT('Ctrl Pts',(1088.75394850432,1176.32322700203,1305.00005526125));
#5355=CARTESIAN_POINT('Ctrl Pts',(1093.58975402228,1197.84021935862,1304.99948268475));
#5356=CARTESIAN_POINT('Ctrl Pts',(1095.0267489351,1205.05006601217,1304.99806446507));
#5357=CARTESIAN_POINT('Ctrl Pts',(1098.80984003687,1226.77674648748,1304.99561906636));
#5358=CARTESIAN_POINT('Ctrl Pts',(1100.62523721836,1241.37558920198,1304.99893631084));
#5359=CARTESIAN_POINT('Ctrl Pts',(1102.82984928568,1270.69787537045,1304.99713511182));
#5360=CARTESIAN_POINT('Ctrl Pts',(1103.21776268164,1285.40423822298,1304.99206856653));
#5361=CARTESIAN_POINT('Ctrl Pts',(1102.72024880705,1307.70411985566,1304.99367701709));
#5362=CARTESIAN_POINT('Ctrl Pts',(1102.35939721437,1315.29884097949,1304.99520228228));
#5363=CARTESIAN_POINT('Ctrl Pts',(1100.31704888756,1343.3620147474,1304.99637023258));
#5364=CARTESIAN_POINT('Ctrl Pts',(1097.4355238487,1363.71834076583,1304.99122115233));
#5365=CARTESIAN_POINT('Ctrl Pts',(1086.76149878377,1414.14566819681,1304.98983642636));
#5366=CARTESIAN_POINT('Ctrl Pts',(1077.24216431483,1443.74281808469,1305.0166455322));
#5367=CARTESIAN_POINT('Ctrl Pts',(1060.47392496086,1481.92875046675,1304.99648032616));
#5368=CARTESIAN_POINT('Ctrl Pts',(1055.82784695543,1491.5669400563,1304.99109685187));
#5369=CARTESIAN_POINT('Ctrl Pts',(1033.38837466414,1534.18948956263,1304.98233404076));
#5370=CARTESIAN_POINT('Ctrl Pts',(1011.88491676846,1565.0534102329,1305.01580368027));
#5371=CARTESIAN_POINT('Ctrl Pts',(980.569724408384,1599.8742042656,1304.99983160255));
#5372=CARTESIAN_POINT('Ctrl Pts',(974.097651516719,1606.63710197789,1304.99659282514));
#5373=CARTESIAN_POINT('Ctrl Pts',(947.379049903889,1632.87822363399,1304.98901012051));
#5374=CARTESIAN_POINT('Ctrl Pts',(925.550119238246,1650.65469196766,1304.99999999999));
#5375=CARTESIAN_POINT('Ctrl Pts',(902.215951554194,1666.29458778506,1304.99999999999));
#5376=CARTESIAN_POINT('',(457.123306607992,1699.88727859068,1305.));
#5377=CARTESIAN_POINT('Origin',(650.001678861017,1289.99987329052,1305.));
#5378=CARTESIAN_POINT('Ctrl Pts',(197.000849384208,1289.99987330202,1304.99348548064));
#5379=CARTESIAN_POINT('Ctrl Pts',(197.000849384496,1301.33999057139,1304.99393632629));
#5380=CARTESIAN_POINT('Ctrl Pts',(197.426666197104,1312.67703559136,1304.99782252926));
#5381=CARTESIAN_POINT('Ctrl Pts',(199.380713003855,1338.64817429519,1304.99926616437));
#5382=CARTESIAN_POINT('Ctrl Pts',(201.196886841749,1353.24691282442,1304.99584352492));
#5383=CARTESIAN_POINT('Ctrl Pts',(204.981135798509,1374.97339265771,1304.99821148137));
#5384=CARTESIAN_POINT('Ctrl Pts',(206.418514673605,1382.18316178418,1304.99961691699));
#5385=CARTESIAN_POINT('Ctrl Pts',(211.255467513746,1403.6999005579,1305.00020613064));
#5386=CARTESIAN_POINT('Ctrl Pts',(215.176736948666,1417.87954500013,1304.99620997468));
#5387=CARTESIAN_POINT('Ctrl Pts',(222.08226917624,1438.8244722449,1304.99724529348));
#5388=CARTESIAN_POINT('Ctrl Pts',(224.553448453708,1445.74834176958,1304.9982064313));
#5389=CARTESIAN_POINT('Ctrl Pts',(232.469983560498,1466.33259547616,1304.99922804101));
#5390=CARTESIAN_POINT('Ctrl Pts',(238.41297917844,1479.79104462137,1304.99670086199));
#5391=CARTESIAN_POINT('Ctrl Pts',(250.636285726112,1504.1851468625,1304.99805989903));
#5392=CARTESIAN_POINT('Ctrl Pts',(256.738809378971,1515.19393444784,1304.99962247515));
#5393=CARTESIAN_POINT('Ctrl Pts',(266.158248327001,1530.6329248126,1304.99868526385));
#5394=CARTESIAN_POINT('Ctrl Pts',(269.110223850971,1535.27878431019,1304.99831405247));
#5395=CARTESIAN_POINT('Ctrl Pts',(274.992244025891,1544.17363183288,1304.99799395631));
#5396=CARTESIAN_POINT('Ctrl Pts',(277.911692426532,1548.42862118815,1304.99801109792));
#5397=CARTESIAN_POINT('Ctrl Pts',(286.512525101569,1560.51604029278,1304.99851140565));
#5398=CARTESIAN_POINT('Ctrl Pts',(292.37297470126,1568.21754268042,1304.9994454023));
#5399=CARTESIAN_POINT('Ctrl Pts',(303.815214604684,1582.29484842717,1304.999467271));
#5400=CARTESIAN_POINT('Ctrl Pts',(309.338009379356,1588.7132560635,1304.99902547745));
#5401=CARTESIAN_POINT('Ctrl Pts',(325.012599007986,1605.92928160458,1304.99900414312));
#5402=CARTESIAN_POINT('Ctrl Pts',(335.519311993578,1616.3894165136,1305.000539168));
#5403=CARTESIAN_POINT('Ctrl Pts',(354.769300132783,1633.76006163838,1305.00019346718));
#5404=CARTESIAN_POINT('Ctrl Pts',(363.290045048938,1640.89824026543,1304.99954221334));
#5405=CARTESIAN_POINT('Ctrl Pts',(378.645180971008,1652.82882546325,1304.99957834817));
#5406=CARTESIAN_POINT('Ctrl Pts',(385.365573867781,1657.75920950042,1304.99988260862));
#5407=CARTESIAN_POINT('Ctrl Pts',(402.49779308316,1669.6152796419,1305.00022620495));
#5408=CARTESIAN_POINT('Ctrl Pts',(413.067521014715,1676.30057863124,1304.99950891704));
#5409=CARTESIAN_POINT('Ctrl Pts',(434.730510893974,1688.77836735578,1304.99936803623));
#5410=CARTESIAN_POINT('Ctrl Pts',(445.81437019668,1694.56569705702,1305.));
#5411=CARTESIAN_POINT('Ctrl Pts',(457.123306607991,1699.88727859068,1305.));
#5412=CARTESIAN_POINT('Origin',(650.001678861017,1289.99987329052,1405.));
#5413=CARTESIAN_POINT('Ctrl Pts',(458.415959476472,1697.1598901001,1305.01558646798));
#5414=CARTESIAN_POINT('Ctrl Pts',(320.610639603648,1976.44692715562,1038.34372431198));
#5415=CARTESIAN_POINT('Ctrl Pts',(182.805319872816,2255.73396392661,771.671862155992));
#5416=CARTESIAN_POINT('Ctrl Pts',(45.,2535.0210009821,505.));
#5417=CARTESIAN_POINT('Ctrl Pts',(437.916590761669,1687.51522194477,1305.01558646798));
#5418=CARTESIAN_POINT('Ctrl Pts',(306.944527449369,1950.25264236286,1038.34372431198));
#5419=CARTESIAN_POINT('Ctrl Pts',(175.972063327916,2212.99086591963,771.671862155992));
#5420=CARTESIAN_POINT('Ctrl Pts',(45.,2475.72828636902,505.));
#5421=CARTESIAN_POINT('Ctrl Pts',(398.380119770913,1665.12535850183,1305.01558646798));
#5422=CARTESIAN_POINT('Ctrl Pts',(280.586767118759,1895.80021667125,1038.34372431198));
#5423=CARTESIAN_POINT('Ctrl Pts',(162.793352654564,2126.47499930374,771.671862155991));
#5424=CARTESIAN_POINT('Ctrl Pts',(45.,2357.14985747023,505.));
#5425=CARTESIAN_POINT('Ctrl Pts',(344.804137129372,1623.00164141103,1305.01558646798));
#5426=CARTESIAN_POINT('Ctrl Pts',(244.869447079936,1808.42971700176,1038.34372431198));
#5427=CARTESIAN_POINT('Ctrl Pts',(144.934690052045,1993.85763870097,771.671862155992));
#5428=CARTESIAN_POINT('Ctrl Pts',(45.,2179.28571428571,505.));
#5429=CARTESIAN_POINT('Ctrl Pts',(298.17887432442,1573.29825100855,1305.01558646798));
#5430=CARTESIAN_POINT('Ctrl Pts',(213.786144403618,1716.00822478029,1038.34372431198));
#5431=CARTESIAN_POINT('Ctrl Pts',(129.392729947476,1858.71859764128,771.671862155992));
#5432=CARTESIAN_POINT('Ctrl Pts',(45.,2001.42857142857,505.));
#5433=CARTESIAN_POINT('Ctrl Pts',(259.560921629794,1517.14705739558,1305.01558646798));
#5434=CARTESIAN_POINT('Ctrl Pts',(188.040902843886,1619.28856231564,1038.34372431198));
#5435=CARTESIAN_POINT('Ctrl Pts',(116.520018819622,1721.42992365695,771.671862155991));
#5436=CARTESIAN_POINT('Ctrl Pts',(45.,1823.57142857143,505.));
#5437=CARTESIAN_POINT('Ctrl Pts',(229.831184609079,1455.82490247341,1305.01558646798));
#5438=CARTESIAN_POINT('Ctrl Pts',(168.220987742158,1519.12127922676,1038.34372431198));
#5439=CARTESIAN_POINT('Ctrl Pts',(106.610196890064,1582.4179089511,771.671862155992));
#5440=CARTESIAN_POINT('Ctrl Pts',(45.,1645.71428571429,505.));
#5441=CARTESIAN_POINT('Ctrl Pts',(209.664607668915,1390.72838778567,1305.01558646798));
#5442=CARTESIAN_POINT('Ctrl Pts',(154.776729859573,1416.43830402381,1038.34372431198));
#5443=CARTESIAN_POINT('Ctrl Pts',(99.887877847301,1442.14722665771,771.671862155991));
#5444=CARTESIAN_POINT('Ctrl Pts',(45.,1467.85714285714,505.));
#5445=CARTESIAN_POINT('Ctrl Pts',(199.522307910544,1323.33889721414,1305.01558646798));
#5446=CARTESIAN_POINT('Ctrl Pts',(148.014701006939,1312.22578664896,1038.34372431198));
#5447=CARTESIAN_POINT('Ctrl Pts',(96.507606883625,1301.11311054825,771.671862155992));
#5448=CARTESIAN_POINT('Ctrl Pts',(45.,1290.,505.));
#5449=CARTESIAN_POINT('Ctrl Pts',(199.622355056112,1262.76219920554,1305.01558646798));
#5450=CARTESIAN_POINT('Ctrl Pts',(148.082642567782,1219.14383645322,1038.34372431198));
#5451=CARTESIAN_POINT('Ctrl Pts',(96.5397126136977,1175.52312474862,771.671862155992));
#5452=CARTESIAN_POINT('Ctrl Pts',(45.,1131.90476190476,505.));
#5453=CARTESIAN_POINT('Ctrl Pts',(208.275869302616,1195.27535460562,1305.01558646798));
#5454=CARTESIAN_POINT('Ctrl Pts',(153.850038298791,1114.86572499122,1038.34372431198));
#5455=CARTESIAN_POINT('Ctrl Pts',(99.4258309405609,1034.45724861709,771.671862155991));
#5456=CARTESIAN_POINT('Ctrl Pts',(45.,954.047619047619,505.));
#5457=CARTESIAN_POINT('Ctrl Pts',(233.291018612887,1107.70936758328,1305.01558646798));
#5458=CARTESIAN_POINT('Ctrl Pts',(170.528865103605,977.442643861022,1038.34372431198));
#5459=CARTESIAN_POINT('Ctrl Pts',(107.762153686879,847.171485799812,771.671862155992));
#5460=CARTESIAN_POINT('Ctrl Pts',(45.,716.904761904763,505.));
#5461=CARTESIAN_POINT('Ctrl Pts',(295.073981380538,1002.2839738679,1305.01558646798));
#5462=CARTESIAN_POINT('Ctrl Pts',(211.714301467301,801.756955063557,1038.34372431198));
#5463=CARTESIAN_POINT('Ctrl Pts',(128.359679716148,601.235054445552,771.671862155991));
#5464=CARTESIAN_POINT('Ctrl Pts',(45.,400.708035840639,505.));
#5465=CARTESIAN_POINT('Ctrl Pts',(362.853928951812,940.592516821144,1305.01558646798));
#5466=CARTESIAN_POINT('Ctrl Pts',(256.903740624872,681.584639392866,1038.34372431198));
#5467=CARTESIAN_POINT('Ctrl Pts',(150.950188458012,422.566806640318,771.671862155992));
#5468=CARTESIAN_POINT('Ctrl Pts',(45.,163.558928824135,505.));
#5469=CARTESIAN_POINT('Ctrl Pts',(400.563741869287,915.479777131728,1305.01558646798));
#5470=CARTESIAN_POINT('Ctrl Pts',(282.042494402213,625.313601022735,1038.34372431198));
#5471=CARTESIAN_POINT('Ctrl Pts',(163.521247467053,335.147426487992,771.671862155992));
#5472=CARTESIAN_POINT('Ctrl Pts',(45.,44.9812503790602,505.));
#5473=CARTESIAN_POINT('',(400.550851960375,915.466788652589,1305.));
#5474=CARTESIAN_POINT('',(458.400644482687,1697.17279743328,1305.));
#5475=CARTESIAN_POINT('Ctrl Pts',(400.553346921779,915.478755643159,1305.00984663062));
#5476=CARTESIAN_POINT('Ctrl Pts',(282.03359255812,625.319170190338,1038.33989775375));
#5477=CARTESIAN_POINT('Ctrl Pts',(163.513838435321,335.159585452803,771.669948876873));
#5478=CARTESIAN_POINT('Ctrl Pts',(44.9940840716659,45.0000000000003,505.));
#5479=CARTESIAN_POINT('Ctrl Pts',(418.876759170923,903.27418023123,1305.00984663062));
#5480=CARTESIAN_POINT('Ctrl Pts',(313.456989313829,617.185109050974,1038.33989775375));
#5481=CARTESIAN_POINT('Ctrl Pts',(208.034873581665,331.089071351744,771.669948876873));
#5482=CARTESIAN_POINT('Ctrl Pts',(102.615103666826,45.0000000000003,505.));
#5483=CARTESIAN_POINT('Ctrl Pts',(457.32000243819,881.568145177649,1305.00984663062));
#5484=CARTESIAN_POINT('Ctrl Pts',(377.498260681418,602.711326062268,1038.33989775375));
#5485=CARTESIAN_POINT('Ctrl Pts',(297.676912628112,323.856819058466,771.669948876872));
#5486=CARTESIAN_POINT('Ctrl Pts',(217.855170881031,45.0000000000003,505.));
#5487=CARTESIAN_POINT('Ctrl Pts',(539.717534810095,849.825522935183,1305.00984663062));
#5488=CARTESIAN_POINT('Ctrl Pts',(509.256369815717,581.551790800045,1038.33989775375));
#5489=CARTESIAN_POINT('Ctrl Pts',(478.794498345103,313.273732241637,771.669948876872));
#5490=CARTESIAN_POINT('Ctrl Pts',(448.333333333333,45.0000000000002,505.));
#5491=CARTESIAN_POINT('Ctrl Pts',(649.779118504132,833.490075646534,1305.00984663062));
#5492=CARTESIAN_POINT('Ctrl Pts',(678.662552315681,570.658111246084,1038.33989775375));
#5493=CARTESIAN_POINT('Ctrl Pts',(707.54513763791,307.831964257248,771.669948876873));
#5494=CARTESIAN_POINT('Ctrl Pts',(736.428571428571,45.0000000000002,505.));
#5495=CARTESIAN_POINT('Ctrl Pts',(759.857918875735,849.717280310591,1305.00984663062));
#5496=CARTESIAN_POINT('Ctrl Pts',(848.079921983781,581.479920463306,1038.33989775375));
#5497=CARTESIAN_POINT('Ctrl Pts',(936.303778346255,313.237359975304,771.669948876873));
#5498=CARTESIAN_POINT('Ctrl Pts',(1024.52578149992,45.0000000000002,505.));
#5499=CARTESIAN_POINT('Ctrl Pts',(821.679326083906,873.463965811742,1305.00984663062));
#5500=CARTESIAN_POINT('Ctrl Pts',(946.915613199223,597.306299118439,1038.33989775375));
#5501=CARTESIAN_POINT('Ctrl Pts',(1072.14860929887,321.157666470921,771.669948876873));
#5502=CARTESIAN_POINT('Ctrl Pts',(1197.38489633317,45.0000000000002,505.));
#5503=CARTESIAN_POINT('Ctrl Pts',(841.599670243004,882.838223809772,1305.00984663062));
#5504=CARTESIAN_POINT('Ctrl Pts',(979.401752025476,603.558816182379,1038.33989775375));
#5505=CARTESIAN_POINT('Ctrl Pts',(1117.20383414585,324.279407627417,771.669948876873));
#5506=CARTESIAN_POINT('Ctrl Pts',(1255.00591592834,45.0000000000002,505.));
#5507=CARTESIAN_POINT('',(841.602713239348,882.826949147753,1305.));
#5508=CARTESIAN_POINT('Ctrl Pts',(841.573814988262,882.836764515425,1305.01814256134));
#5509=CARTESIAN_POINT('Ctrl Pts',(979.38254345133,603.539019849225,1038.34542837423));
#5510=CARTESIAN_POINT('Ctrl Pts',(1117.19127153695,324.241275943982,771.672714187115));
#5511=CARTESIAN_POINT('Ctrl Pts',(1255.,44.9435312778166,505.));
#5512=CARTESIAN_POINT('Ctrl Pts',(862.077627816835,892.482578472259,1305.01814256134));
#5513=CARTESIAN_POINT('Ctrl Pts',(993.051619805636,629.73800808387,1038.34542837423));
#5514=CARTESIAN_POINT('Ctrl Pts',(1124.02600799323,366.992638895544,771.672714187115));
#5515=CARTESIAN_POINT('Ctrl Pts',(1255.,104.248068470925,505.));
#5516=CARTESIAN_POINT('Ctrl Pts',(901.618510982605,914.873803145117,1305.01814256134));
#5517=CARTESIAN_POINT('Ctrl Pts',(1019.41230496416,684.195287614022,1038.34542837423));
#5518=CARTESIAN_POINT('Ctrl Pts',(1137.2062060136,453.516835477968,771.672714187115));
#5519=CARTESIAN_POINT('Ctrl Pts',(1255.,222.838319949748,505.));
#5520=CARTESIAN_POINT('Ctrl Pts',(955.198191360852,956.999873090046,1305.01814256134));
#5521=CARTESIAN_POINT('Ctrl Pts',(1055.13208499022,771.571286080015,1038.34542837423));
#5522=CARTESIAN_POINT('Ctrl Pts',(1155.06610636484,586.142872716441,771.672714187115));
#5523=CARTESIAN_POINT('Ctrl Pts',(1255.,400.714285714286,505.));
#5524=CARTESIAN_POINT('Ctrl Pts',(1001.82356491788,1006.70286405315,1305.01814256134));
#5525=CARTESIAN_POINT('Ctrl Pts',(1086.21544030677,863.992523533101,1038.34542837423));
#5526=CARTESIAN_POINT('Ctrl Pts',(1170.60812457444,721.281769110251,771.672714187115));
#5527=CARTESIAN_POINT('Ctrl Pts',(1255.,578.571428571429,505.));
#5528=CARTESIAN_POINT('Ctrl Pts',(1040.4416300364,1062.8536299132,1305.01814256134));
#5529=CARTESIAN_POINT('Ctrl Pts',(1111.96076743876,960.711874032638,1038.34542837423));
#5530=CARTESIAN_POINT('Ctrl Pts',(1183.4808625542,858.570327299645,771.672714187114));
#5531=CARTESIAN_POINT('Ctrl Pts',(1255.,756.428571428572,505.));
#5532=CARTESIAN_POINT('Ctrl Pts',(1070.17139594879,1124.17543158021,1305.01814256134));
#5533=CARTESIAN_POINT('Ctrl Pts',(1131.78065775785,1060.87894929345,1038.34542837423));
#5534=CARTESIAN_POINT('Ctrl Pts',(1193.39073815381,997.582196584748,771.672714187115));
#5535=CARTESIAN_POINT('Ctrl Pts',(1255.,934.285714285715,505.));
#5536=CARTESIAN_POINT('Ctrl Pts',(1090.33821659156,1189.27149780094,1305.01814256134));
#5537=CARTESIAN_POINT('Ctrl Pts',(1145.22514449667,1163.56158969261,1038.34542837423));
#5538=CARTESIAN_POINT('Ctrl Pts',(1200.11307204956,1137.85276520205,771.672714187115));
#5539=CARTESIAN_POINT('Ctrl Pts',(1255.,1112.14285714286,505.));
#5540=CARTESIAN_POINT('Ctrl Pts',(1100.48045425143,1256.66064164201,1305.01814256134));
#5541=CARTESIAN_POINT('Ctrl Pts',(1151.98711091098,1267.77386787502,1038.34542837423));
#5542=CARTESIAN_POINT('Ctrl Pts',(1203.49334335968,1278.88677378152,771.672714187115));
#5543=CARTESIAN_POINT('Ctrl Pts',(1255.,1290.,505.));
#5544=CARTESIAN_POINT('Ctrl Pts',(1100.3804007787,1317.23698936085,1305.01814256134));
#5545=CARTESIAN_POINT('Ctrl Pts',(1151.91915659232,1360.85557791986,1038.34542837423));
#5546=CARTESIAN_POINT('Ctrl Pts',(1203.46124403528,1404.47664942362,771.672714187115));
#5547=CARTESIAN_POINT('Ctrl Pts',(1255.,1448.09523809524,505.));
#5548=CARTESIAN_POINT('Ctrl Pts',(1091.72685915223,1384.72347274182,1305.01814256134));
#5549=CARTESIAN_POINT('Ctrl Pts',(1146.15174586511,1465.13344270297,1038.34542837423));
#5550=CARTESIAN_POINT('Ctrl Pts',(1200.57511335602,1545.54241103665,771.672714187114));
#5551=CARTESIAN_POINT('Ctrl Pts',(1255.,1625.95238095238,505.));
#5552=CARTESIAN_POINT('Ctrl Pts',(1066.71160824456,1472.28897528638,1305.01814256134));
#5553=CARTESIAN_POINT('Ctrl Pts',(1129.47284236396,1602.55620025518,1038.34542837423));
#5554=CARTESIAN_POINT('Ctrl Pts',(1192.23876566793,1732.82801291837,771.672714187115));
#5555=CARTESIAN_POINT('Ctrl Pts',(1255.,1863.09523809524,505.));
#5556=CARTESIAN_POINT('Ctrl Pts',(1004.92608902984,1577.71785871741,1305.01814256134));
#5557=CARTESIAN_POINT('Ctrl Pts',(1088.28573559024,1778.2483960093,1038.34542837423));
#5558=CARTESIAN_POINT('Ctrl Pts',(1171.64035366767,1978.77400012496,771.672714187115));
#5559=CARTESIAN_POINT('Ctrl Pts',(1255.,2179.3045371931,505.));
#5560=CARTESIAN_POINT('Ctrl Pts',(937.141226182456,1639.41128848596,1305.01814256134));
#5561=CARTESIAN_POINT('Ctrl Pts',(1043.0930289004,1898.42627915322,1038.34542837423));
#5562=CARTESIAN_POINT('Ctrl Pts',(1149.04819712942,2157.45122612455,771.672714187115));
#5563=CARTESIAN_POINT('Ctrl Pts',(1255.,2416.46621724336,505.));
#5564=CARTESIAN_POINT('Ctrl Pts',(899.426484370486,1664.52517613039,1305.01814256134));
#5565=CARTESIAN_POINT('Ctrl Pts',(1017.95099011459,1954.70227524166,1038.34542837423));
#5566=CARTESIAN_POINT('Ctrl Pts',(1136.47549425597,2244.87936961113,771.672714187115));
#5567=CARTESIAN_POINT('Ctrl Pts',(1255.,2535.05646872218,505.));
#5568=CARTESIAN_POINT('',(899.452505761659,1664.53295792845,1305.));
#5569=CARTESIAN_POINT('Ctrl Pts',(899.449983446028,1664.52091143586,1305.00991725079));
#5570=CARTESIAN_POINT('Ctrl Pts',(1017.96863187052,1954.68060786284,1038.33994483385));
#5571=CARTESIAN_POINT('Ctrl Pts',(1136.48728005366,2244.84030357302,771.669972416927));
#5572=CARTESIAN_POINT('Ctrl Pts',(1255.00592847815,2535.,505.));
#5573=CARTESIAN_POINT('Ctrl Pts',(881.126573467997,1676.72548901065,1305.00991725079));
#5574=CARTESIAN_POINT('Ctrl Pts',(986.545235234405,1962.81467044304,1038.33994483385));
#5575=CARTESIAN_POINT('Ctrl Pts',(1091.96624287516,2248.91081839489,771.669972416928));
#5576=CARTESIAN_POINT('Ctrl Pts',(1197.38490469973,2535.,505.));
#5577=CARTESIAN_POINT('Ctrl Pts',(842.683284591926,1698.43144978995,1305.00991725079));
#5578=CARTESIAN_POINT('Ctrl Pts',(922.503915035056,1977.28837818579,1038.33994483385));
#5579=CARTESIAN_POINT('Ctrl Pts',(1002.3242028676,2256.14307165957,771.669972416927));
#5580=CARTESIAN_POINT('Ctrl Pts',(1082.14483330224,2535.,505.));
#5581=CARTESIAN_POINT('Ctrl Pts',(760.285733323169,1730.17411532643,1305.00991725079));
#5582=CARTESIAN_POINT('Ctrl Pts',(790.74578174978,1998.44795561555,1038.33994483385));
#5583=CARTESIAN_POINT('Ctrl Pts',(821.206618220519,2266.7261596027,771.669972416926));
#5584=CARTESIAN_POINT('Ctrl Pts',(851.666666666667,2535.,505.));
#5585=CARTESIAN_POINT('Ctrl Pts',(650.224198595448,1746.50967822323,1305.00991725079));
#5586=CARTESIAN_POINT('Ctrl Pts',(621.33964297834,2009.34175030191,1038.33994483385));
#5587=CARTESIAN_POINT('Ctrl Pts',(592.455984166303,2272.16792806746,771.669972416927));
#5588=CARTESIAN_POINT('Ctrl Pts',(563.571428571429,2535.,505.));
#5589=CARTESIAN_POINT('Ctrl Pts',(540.145433346188,1730.28250743249,1305.00991725079));
#5590=CARTESIAN_POINT('Ctrl Pts',(451.922302333903,1998.5199755126,1038.33994483385));
#5591=CARTESIAN_POINT('Ctrl Pts',(363.697345374364,2266.76253179375,771.669972416927));
#5592=CARTESIAN_POINT('Ctrl Pts',(275.474214316808,2535.,505.));
#5593=CARTESIAN_POINT('Ctrl Pts',(478.324061853532,1706.5357064815,1305.00991725079));
#5594=CARTESIAN_POINT('Ctrl Pts',(353.086642636434,1982.69348241135,1038.33994483385));
#5595=CARTESIAN_POINT('Ctrl Pts',(227.85251443579,2258.84222429412,771.669972416928));
#5596=CARTESIAN_POINT('Ctrl Pts',(102.615095300283,2535.,505.));
#5597=CARTESIAN_POINT('Ctrl Pts',(458.403719675094,1697.16144676698,1305.00991725079));
#5598=CARTESIAN_POINT('Ctrl Pts',(320.60050373689,1976.44096420148,1038.33994483385));
#5599=CARTESIAN_POINT('Ctrl Pts',(182.797287460065,2255.72048256549,771.669972416927));
#5600=CARTESIAN_POINT('Ctrl Pts',(44.9940715218531,2535.,505.));
#5601=CARTESIAN_POINT('Origin',(650.,1290.,505.));
#5602=CARTESIAN_POINT('',(40.,2540.,505.));
#5603=CARTESIAN_POINT('',(40.,40.,505.));
#5604=CARTESIAN_POINT('',(40.,40.,505.));
#5605=CARTESIAN_POINT('',(1260.,2540.,505.));
#5606=CARTESIAN_POINT('',(40.,2540.,505.));
#5607=CARTESIAN_POINT('',(1260.,40.,505.));
#5608=CARTESIAN_POINT('',(1260.,2540.,505.));
#5609=CARTESIAN_POINT('',(1260.,40.,505.));
#5610=CARTESIAN_POINT('Ctrl Pts',(457.138693216744,1699.87448121541,1305.01546688625));
#5611=CARTESIAN_POINT('Ctrl Pts',(318.092462096952,1979.92337162249,1038.34364459083));
#5612=CARTESIAN_POINT('Ctrl Pts',(179.046231119788,2259.97226174383,771.671822295418));
#5613=CARTESIAN_POINT('Ctrl Pts',(40.,2540.02115215091,505.));
#5614=CARTESIAN_POINT('Ctrl Pts',(436.531173701646,1690.1789200571,1305.01546688625));
#5615=CARTESIAN_POINT('Ctrl Pts',(304.35424958628,1953.61577596516,1038.34364459083));
#5616=CARTESIAN_POINT('Ctrl Pts',(172.176924130885,2217.05343597099,771.671822295419));
#5617=CARTESIAN_POINT('Ctrl Pts',(40.,2480.49029191013,505.));
#5618=CARTESIAN_POINT('Ctrl Pts',(396.784086272933,1667.67524028318,1305.01546688625));
#5619=CARTESIAN_POINT('Ctrl Pts',(277.856077916901,1898.92872609876,1038.34364459083));
#5620=CARTESIAN_POINT('Ctrl Pts',(158.9280083584,2130.1821363329,771.671822295419));
#5621=CARTESIAN_POINT('Ctrl Pts',(40.,2361.43562214554,505.));
#5622=CARTESIAN_POINT('Ctrl Pts',(342.912633008698,1625.34645882033,1305.01546688625));
#5623=CARTESIAN_POINT('Ctrl Pts',(241.941777451987,1811.18340465578,1038.34364459083));
#5624=CARTESIAN_POINT('Ctrl Pts',(140.970855559276,1997.02019702763,771.671822295418));
#5625=CARTESIAN_POINT('Ctrl Pts',(40.,2182.85714285714,505.));
#5626=CARTESIAN_POINT('Ctrl Pts',(296.015704336533,1575.40568679716,1305.01546688625));
#5627=CARTESIAN_POINT('Ctrl Pts',(210.677364045811,1718.36556254356,1038.34364459083));
#5628=CARTESIAN_POINT('Ctrl Pts',(125.338340317149,1861.32583852385,771.671822295418));
#5629=CARTESIAN_POINT('Ctrl Pts',(40.,2004.28571428571,505.));
#5630=CARTESIAN_POINT('Ctrl Pts',(257.153111579196,1518.98705299848,1305.01546688625));
#5631=CARTESIAN_POINT('Ctrl Pts',(184.769029304747,1621.2295110515,1038.34364459083));
#5632=CARTESIAN_POINT('Ctrl Pts',(112.384082307884,1723.47182766673,771.671822295418));
#5633=CARTESIAN_POINT('Ctrl Pts',(40.,1825.71428571429,505.));
#5634=CARTESIAN_POINT('Ctrl Pts',(227.208891902835,1457.36994472491,1305.01546688625));
#5635=CARTESIAN_POINT('Ctrl Pts',(164.806125295863,1520.62749730908,1038.34364459083));
#5636=CARTESIAN_POINT('Ctrl Pts',(102.402766629864,1583.88530454885,771.671822295418));
#5637=CARTESIAN_POINT('Ctrl Pts',(40.,1647.14285714286,505.));
#5638=CARTESIAN_POINT('Ctrl Pts',(206.860991343739,1391.95381200002,1305.01546688625));
#5639=CARTESIAN_POINT('Ctrl Pts',(151.240985983777,1417.49334766306,1038.34364459083));
#5640=CARTESIAN_POINT('Ctrl Pts',(95.62000539767,1443.03189294666,771.671822295418));
#5641=CARTESIAN_POINT('Ctrl Pts',(40.,1468.57142857143,505.));
#5642=CARTESIAN_POINT('Ctrl Pts',(196.573379502564,1324.22320672857,1305.01546688625));
#5643=CARTESIAN_POINT('Ctrl Pts',(144.382080778346,1312.81532604511,1038.34364459083));
#5644=CARTESIAN_POINT('Ctrl Pts',(92.1912987042414,1301.40788066663,771.671822295418));
#5645=CARTESIAN_POINT('Ctrl Pts',(40.,1290.,505.));
#5646=CARTESIAN_POINT('Ctrl Pts',(196.578635402916,1263.32731088795,1305.01546688625));
#5647=CARTESIAN_POINT('Ctrl Pts',(144.386831572451,1219.30893479756,1038.34364459083));
#5648=CARTESIAN_POINT('Ctrl Pts',(92.1918039551139,1175.28821745076,771.671822295418));
#5649=CARTESIAN_POINT('Ctrl Pts',(40.,1131.26984126984,505.));
#5650=CARTESIAN_POINT('Ctrl Pts',(205.159761596179,1195.46961614887,1305.01546688625));
#5651=CARTESIAN_POINT('Ctrl Pts',(150.105964213489,1114.54549727485,1038.34364459083));
#5652=CARTESIAN_POINT('Ctrl Pts',(95.0537973196457,1033.62253152785,771.671822295418));
#5653=CARTESIAN_POINT('Ctrl Pts',(40.,952.698412698413,505.));
#5654=CARTESIAN_POINT('Ctrl Pts',(230.135105984708,1107.39409958578,1305.01546688625));
#5655=CARTESIAN_POINT('Ctrl Pts',(166.758261418323,976.465266197187,1038.34364459083));
#5656=CARTESIAN_POINT('Ctrl Pts',(103.37684474317,845.532008162847,771.671822295418));
#5657=CARTESIAN_POINT('Ctrl Pts',(40.,714.603174603175,505.));
#5658=CARTESIAN_POINT('Ctrl Pts',(291.998310904475,1001.27414454894,1305.01546688625));
#5659=CARTESIAN_POINT('Ctrl Pts',(207.997181203566,799.893836993838,1038.34364459083));
#5660=CARTESIAN_POINT('Ctrl Pts',(124.001129504564,598.518643204258,771.671822295418));
#5661=CARTESIAN_POINT('Ctrl Pts',(40.,397.138335846877,505.));
#5662=CARTESIAN_POINT('Ctrl Pts',(359.964481254324,939.074843921606,1305.01546688625));
#5663=CARTESIAN_POINT('Ctrl Pts',(253.310786810694,679.066072269556,1038.34364459083));
#5664=CARTESIAN_POINT('Ctrl Pts',(146.653694575008,419.047348492517,771.671822295418));
#5665=CARTESIAN_POINT('Ctrl Pts',(40.,159.038576455658,505.));
#5666=CARTESIAN_POINT('Ctrl Pts',(397.798634005814,913.719161812024,1305.01546688625));
#5667=CARTESIAN_POINT('Ctrl Pts',(278.532422541495,622.474919534046,1038.34364459083));
#5668=CARTESIAN_POINT('Ctrl Pts',(159.266211464304,331.230678389992,771.671822295418));
#5669=CARTESIAN_POINT('Ctrl Pts',(40.,39.9864361120588,505.));
#5670=CARTESIAN_POINT('',(457.123306607992,1699.88727859068,1305.));
#5671=CARTESIAN_POINT('',(397.787406167843,913.705158795975,1305.));
#5672=CARTESIAN_POINT('Ctrl Pts',(397.787296103543,913.709970399507,1305.00340386132));
#5673=CARTESIAN_POINT('Ctrl Pts',(278.523151730706,622.47331339074,1038.3356025742));
#5674=CARTESIAN_POINT('Ctrl Pts',(159.259007570423,331.236657008762,771.667801287106));
#5675=CARTESIAN_POINT('Ctrl Pts',(39.9948631975886,40.,505.));
#5676=CARTESIAN_POINT('Ctrl Pts',(416.249483414782,901.335272600665,1305.00340386132));
#5677=CARTESIAN_POINT('Ctrl Pts',(310.197728093017,614.225877973281,1038.33560257421));
#5678=CARTESIAN_POINT('Ctrl Pts',(204.143568902518,327.109394687706,771.667801287105));
#5679=CARTESIAN_POINT('Ctrl Pts',(98.0918135602974,40.,505.));
#5680=CARTESIAN_POINT('Ctrl Pts',(455.000625016298,879.317164162404,1305.00340386132));
#5681=CARTESIAN_POINT('Ctrl Pts',(374.761615271175,599.54399088314,1038.3356025742));
#5682=CARTESIAN_POINT('Ctrl Pts',(294.52301175991,319.773173259218,771.667801287104));
#5683=CARTESIAN_POINT('Ctrl Pts',(214.284002018244,40.,505.));
#5684=CARTESIAN_POINT('Ctrl Pts',(538.111888464078,847.080770582605,1305.00340386132));
#5685=CARTESIAN_POINT('Ctrl Pts',(507.630389417501,578.055314577406,1038.3356025742));
#5686=CARTESIAN_POINT('Ctrl Pts',(477.148165719413,309.025456042664,771.667801287104));
#5687=CARTESIAN_POINT('Ctrl Pts',(446.666666666667,40.,505.));
#5688=CARTESIAN_POINT('Ctrl Pts',(649.202849994913,830.403220721051,1305.00340386132));
#5689=CARTESIAN_POINT('Ctrl Pts',(678.516471634731,566.933506594035,1038.3356025742));
#5690=CARTESIAN_POINT('Ctrl Pts',(707.82923551034,303.469714076624,771.667801287104));
#5691=CARTESIAN_POINT('Ctrl Pts',(737.142857142857,40.,505.));
#5692=CARTESIAN_POINT('Ctrl Pts',(760.352418335405,846.693202764521,1305.00340386132));
#5693=CARTESIAN_POINT('Ctrl Pts',(849.441236771346,577.797235195372,1038.33560257421));
#5694=CARTESIAN_POINT('Ctrl Pts',(938.531941434524,308.895967614251,771.667801287105));
#5695=CARTESIAN_POINT('Ctrl Pts',(1027.62075988652,40.,505.));
#5696=CARTESIAN_POINT('Ctrl Pts',(822.769665666153,870.653426001098,1305.00340386132));
#5697=CARTESIAN_POINT('Ctrl Pts',(949.150288828118,593.765883380972,1038.3356025742));
#5698=CARTESIAN_POINT('Ctrl Pts',(1075.52756330623,316.887542541824,771.667801287105));
#5699=CARTESIAN_POINT('Ctrl Pts',(1201.90818643969,40.,505.));
#5700=CARTESIAN_POINT('Ctrl Pts',(842.88005445838,880.116879256791,1305.00340386132));
#5701=CARTESIAN_POINT('Ctrl Pts',(981.921748474356,600.07791977574,1038.33560257421));
#5702=CARTESIAN_POINT('Ctrl Pts',(1120.96344278642,320.038959481055,771.667801287105));
#5703=CARTESIAN_POINT('Ctrl Pts',(1260.00513680241,40.,505.));
#5704=CARTESIAN_POINT('',(842.880051114043,880.112467990355,1305.));
#5705=CARTESIAN_POINT('Ctrl Pts',(842.860902223374,880.12579375221,1305.01724112997));
#5706=CARTESIAN_POINT('Ctrl Pts',(981.907268214122,600.074079597112,1038.34482741998));
#5707=CARTESIAN_POINT('Ctrl Pts',(1120.95363400926,320.022365836296,771.672413709992));
#5708=CARTESIAN_POINT('Ctrl Pts',(1260.,39.9706516812153,505.));
#5709=CARTESIAN_POINT('Ctrl Pts',(863.469480456651,889.821546426431,1305.01724112997));
#5710=CARTESIAN_POINT('Ctrl Pts',(995.646188069877,626.382712160835,1038.34482741998));
#5711=CARTESIAN_POINT('Ctrl Pts',(1127.82329236968,362.943078278014,771.672413709992));
#5712=CARTESIAN_POINT('Ctrl Pts',(1260.,99.5042439779531,505.));
#5713=CARTESIAN_POINT('Ctrl Pts',(903.217618998757,912.325401364952,1305.01724112997));
#5714=CARTESIAN_POINT('Ctrl Pts',(1022.14504374686,681.070795070421,1038.34482741998));
#5715=CARTESIAN_POINT('Ctrl Pts',(1141.0725752473,449.816252090302,771.672413709992));
#5716=CARTESIAN_POINT('Ctrl Pts',(1260.,218.561645798501,505.));
#5717=CARTESIAN_POINT('Ctrl Pts',(957.089980924973,954.654514819403,1305.01724112997));
#5718=CARTESIAN_POINT('Ctrl Pts',(1058.05994469347,768.8172378708,1038.34482741998));
#5719=CARTESIAN_POINT('Ctrl Pts',(1159.03003622599,582.980134083997,771.672413709992));
#5720=CARTESIAN_POINT('Ctrl Pts',(1260.,397.142857142857,505.));
#5721=CARTESIAN_POINT('Ctrl Pts',(1003.98697514898,1004.5950117242,1305.01724112997));
#5722=CARTESIAN_POINT('Ctrl Pts',(1089.32438053434,861.634908150438,1038.34482741998));
#5723=CARTESIAN_POINT('Ctrl Pts',(1174.66259457978,718.674389305947,771.672413709992));
#5724=CARTESIAN_POINT('Ctrl Pts',(1260.,575.714285714286,505.));
#5725=CARTESIAN_POINT('Ctrl Pts',(1042.84964276544,1061.01333543406,1305.01724112997));
#5726=CARTESIAN_POINT('Ctrl Pts',(1115.23277567402,958.770726006405,1038.34482741998));
#5727=CARTESIAN_POINT('Ctrl Pts',(1187.6168670501,856.528323704441,771.672413709992));
#5728=CARTESIAN_POINT('Ctrl Pts',(1260.,754.285714285714,505.));
#5729=CARTESIAN_POINT('Ctrl Pts',(1072.79386267137,1122.63020350608,1305.01724112997));
#5730=CARTESIAN_POINT('Ctrl Pts',(1135.19563577758,1059.3726073502,1038.34482741998));
#5731=CARTESIAN_POINT('Ctrl Pts',(1197.59822685854,996.114739024743,771.672413709992));
#5732=CARTESIAN_POINT('Ctrl Pts',(1260.,932.857142857143,505.));
#5733=CARTESIAN_POINT('Ctrl Pts',(1093.14198766878,1188.04599637611,1305.01724112997));
#5734=CARTESIAN_POINT('Ctrl Pts',(1148.76099111349,1162.50649435702,1038.34482741998));
#5735=CARTESIAN_POINT('Ctrl Pts',(1204.3809965121,1136.96807340106,771.672413709992));
#5736=CARTESIAN_POINT('Ctrl Pts',(1260.,1111.42857142857,505.));
#5737=CARTESIAN_POINT('Ctrl Pts',(1103.42952768313,1255.77636213973,1305.01724112997));
#5738=CARTESIAN_POINT('Ctrl Pts',(1155.61982733926,1267.18434827724,1038.34482741998));
#5739=CARTESIAN_POINT('Ctrl Pts',(1207.80970036225,1278.59201387631,771.672413709992));
#5740=CARTESIAN_POINT('Ctrl Pts',(1260.,1290.,505.));
#5741=CARTESIAN_POINT('Ctrl Pts',(1103.42426542312,1316.6720019658,1305.01724112997));
#5742=CARTESIAN_POINT('Ctrl Pts',(1155.61506366461,1360.69056212968,1038.34482741998));
#5743=CARTESIAN_POINT('Ctrl Pts',(1207.80920161456,1404.71159845956,771.672413709992));
#5744=CARTESIAN_POINT('Ctrl Pts',(1260.,1448.73015873016,505.));
#5745=CARTESIAN_POINT('Ctrl Pts',(1094.84312067083,1384.52944247607,1305.01724112997));
#5746=CARTESIAN_POINT('Ctrl Pts',(1149.89592196292,1465.45382425058,1038.34482741998));
#5747=CARTESIAN_POINT('Ctrl Pts',(1204.94719877362,1546.37720557018,771.672413709991));
#5748=CARTESIAN_POINT('Ctrl Pts',(1260.,1627.30158730159,505.));
#5749=CARTESIAN_POINT('Ctrl Pts',(1069.86769893725,1472.60461970002,1305.01724112997));
#5750=CARTESIAN_POINT('Ctrl Pts',(1133.24356415069,1603.53382850458,1038.34482741998));
#5751=CARTESIAN_POINT('Ctrl Pts',(1196.62413458376,1734.4676163949,771.672413709992));
#5752=CARTESIAN_POINT('Ctrl Pts',(1260.,1865.39682539683,505.));
#5753=CARTESIAN_POINT('Ctrl Pts',(1008.00343029331,1578.72583527024,1305.01724112997));
#5754=CARTESIAN_POINT('Ctrl Pts',(1092.00396937513,1780.10784105345,1038.34482741998));
#5755=CARTESIAN_POINT('Ctrl Pts',(1175.99946113572,1981.48492005921,771.672413709992));
#5756=CARTESIAN_POINT('Ctrl Pts',(1260.,2182.86692563007,505.));
#5757=CARTESIAN_POINT('Ctrl Pts',(940.035163124658,1640.92592166429,1305.01724112997));
#5758=CARTESIAN_POINT('Ctrl Pts',(1046.68897572307,1900.93794575049,1038.34482741998));
#5759=CARTESIAN_POINT('Ctrl Pts',(1153.34618725509,2160.95992198311,771.672413709992));
#5760=CARTESIAN_POINT('Ctrl Pts',(1260.,2420.97194649824,505.));
#5761=CARTESIAN_POINT('Ctrl Pts',(902.198914032503,1666.2820087337,1305.01724112997));
#5762=CARTESIAN_POINT('Ctrl Pts',(1021.46594296766,1957.5311227466,1038.34482741998));
#5763=CARTESIAN_POINT('Ctrl Pts',(1140.73297106489,2248.78023430599,771.672413709992));
#5764=CARTESIAN_POINT('Ctrl Pts',(1260.,2540.02934831878,505.));
#5765=CARTESIAN_POINT('',(902.215951554192,1666.29458778506,1305.));
#5766=CARTESIAN_POINT('Ctrl Pts',(902.216043430354,1666.2896996017,1305.00346764405));
#5767=CARTESIAN_POINT('Ctrl Pts',(1021.47908545427,1957.52646661138,1038.33564509604));
#5768=CARTESIAN_POINT('Ctrl Pts',(1140.74212726429,2248.76323299032,771.667822548019));
#5769=CARTESIAN_POINT('Ctrl Pts',(1260.0051692882,2540.,505.));
#5770=CARTESIAN_POINT('Ctrl Pts',(883.753856180332,1678.6644012056,1305.00346764405));
#5771=CARTESIAN_POINT('Ctrl Pts',(989.804505522754,1965.7739045633,1038.33564509604));
#5772=CARTESIAN_POINT('Ctrl Pts',(1095.85755873364,2252.89049658085,771.66782254802));
#5773=CARTESIAN_POINT('Ctrl Pts',(1201.9082080969,2540.,505.));
#5774=CARTESIAN_POINT('Ctrl Pts',(845.0026646634,1700.68243438806,1305.00346764405));
#5775=CARTESIAN_POINT('Ctrl Pts',(925.24056387851,1980.45571494698,1038.33564509604));
#5776=CARTESIAN_POINT('Ctrl Pts',(1005.47810959831,2260.22671946081,771.66782254802));
#5777=CARTESIAN_POINT('Ctrl Pts',(1085.71600881036,2540.,505.));
#5778=CARTESIAN_POINT('Ctrl Pts',(761.891377847958,1732.91887318857,1305.00346764405));
#5779=CARTESIAN_POINT('Ctrl Pts',(792.371760078395,2001.94443511497,1038.33564509604));
#5780=CARTESIAN_POINT('Ctrl Pts',(822.852951095888,2270.9744380351,771.667822548019));
#5781=CARTESIAN_POINT('Ctrl Pts',(853.333333333334,2540.,505.));
#5782=CARTESIAN_POINT('Ctrl Pts',(650.800465217483,1749.59654206904,1305.00346764405));
#5783=CARTESIAN_POINT('Ctrl Pts',(621.485721994454,2013.06636167697,1038.33564509604));
#5784=CARTESIAN_POINT('Ctrl Pts',(592.171886072309,2276.53018044409,771.66782254802));
#5785=CARTESIAN_POINT('Ctrl Pts',(562.857142857143,2540.,505.));
#5786=CARTESIAN_POINT('Ctrl Pts',(539.650928639598,1733.30659478295,1305.00346764405));
#5787=CARTESIAN_POINT('Ctrl Pts',(450.56098162697,2002.20266846646,1038.33564509604));
#5788=CARTESIAN_POINT('Ctrl Pts',(361.469176313616,2271.10392627156,771.667822548018));
#5789=CARTESIAN_POINT('Ctrl Pts',(272.37922928488,2540.,505.));
#5790=CARTESIAN_POINT('Ctrl Pts',(477.233714543186,1709.34625137207,1305.00346764405));
#5791=CARTESIAN_POINT('Ctrl Pts',(350.85195742514,1986.23390153579,1038.33564509604));
#5792=CARTESIAN_POINT('Ctrl Pts',(224.473548992111,2263.11234991606,771.66782254802));
#5793=CARTESIAN_POINT('Ctrl Pts',(98.0917919030939,2540.,505.));
#5794=CARTESIAN_POINT('Ctrl Pts',(457.12332528976,1699.8827950506,1305.00346764405));
#5795=CARTESIAN_POINT('Ctrl Pts',(318.080493863092,1979.92186309413,1038.33564509604));
#5796=CARTESIAN_POINT('Ctrl Pts',(179.037662138454,2259.96093195646,771.667822548019));
#5797=CARTESIAN_POINT('Ctrl Pts',(39.9948307117838,2540.,505.));
#5798=CARTESIAN_POINT('',(0.,0.,0.));
#5799=CARTESIAN_POINT('Origin',(-7.95807864051312E-12,-4249.99999999999,
-1.02318153949454E-11));
#5800=CARTESIAN_POINT('',(446.9999779191,-100.,-8.81033143851242E-12));
#5801=CARTESIAN_POINT('Origin',(-5.64120179140966E-12,-100.,-8.91981485694793E-12));
#5802=CARTESIAN_POINT('',(446.999977919101,-49.9999999999943,-7.76713924433421E-12));
#5803=CARTESIAN_POINT('',(446.999977919098,-4249.99999999999,-1.02318153949454E-11));
#5804=CARTESIAN_POINT('Origin',(-5.61328761250479E-12,-49.9999999999943,
-8.90400762155037E-12));
#5805=CARTESIAN_POINT('Origin',(-5.61328761250479E-12,-49.9999999999943,
-8.90400762155037E-12));
#5806=CARTESIAN_POINT('',(-447.,-49.9999999999943,5.47417119218867E-14));
#5807=CARTESIAN_POINT('Origin',(0.,-49.9999999999943,0.));
#5808=CARTESIAN_POINT('Origin',(0.,-11.5325625946708,0.));
#5809=CARTESIAN_POINT('',(-447.,-11.5325625946708,-5.47417119218867E-14));
#5810=CARTESIAN_POINT('',(-5.47417119218867E-14,-11.5325625946708,447.));
#5811=CARTESIAN_POINT('Origin',(0.,-11.5325625946708,0.));
#5812=CARTESIAN_POINT('',(-5.51373670416112E-14,-6.20984139713043,450.230769230769));
#5813=CARTESIAN_POINT('Origin',(-5.54765000013751E-14,-11.5325625946708,
453.));
#5814=CARTESIAN_POINT('Origin',(0.,-6.20984139713043,0.));
#5815=CARTESIAN_POINT('Origin',(0.,-11.5325625946708,0.));
#5816=CARTESIAN_POINT('Origin',(0.,-53.5,0.));
#5817=CARTESIAN_POINT('',(-447.,-53.5,-5.47417119218867E-14));
#5818=CARTESIAN_POINT('Origin',(0.,11.5325625946708,0.));
#5819=CARTESIAN_POINT('',(-5.51373670416112E-14,6.20984139713048,450.230769230769));
#5820=CARTESIAN_POINT('Origin',(0.,6.20984139713048,0.));
#5821=CARTESIAN_POINT('',(-5.47417119218867E-14,11.5325625946708,447.));
#5822=CARTESIAN_POINT('Origin',(-5.54765000013751E-14,11.5325625946708,
453.));
#5823=CARTESIAN_POINT('',(-447.,11.5325625946708,-5.47417119218867E-14));
#5824=CARTESIAN_POINT('Origin',(0.,11.5325625946708,0.));
#5825=CARTESIAN_POINT('Origin',(0.,11.5325625946708,0.));
#5826=CARTESIAN_POINT('Origin',(0.,53.5,0.));
#5827=CARTESIAN_POINT('',(-447.,100.,-5.47417119218867E-14));
#5828=CARTESIAN_POINT('',(-447.,53.5,-5.47417119218867E-14));
#5829=CARTESIAN_POINT('Origin',(0.,100.,0.));
#5830=CARTESIAN_POINT('Origin',(0.,2.66453525910038E-14,0.));
#5831=CARTESIAN_POINT('',(-445.,4.58257569495582,-5.44967825620572E-14));
#5832=CARTESIAN_POINT('',(-5.44967825620572E-14,4.58257569495582,445.));
#5833=CARTESIAN_POINT('Origin',(0.,4.58257569495582,0.));
#5834=CARTESIAN_POINT('Origin',(0.,4.58257569495582,0.));
#5835=CARTESIAN_POINT('',(-5.44967825620572E-14,-4.58257569495579,445.));
#5836=CARTESIAN_POINT('Origin',(-5.47417119218867E-14,2.66453525910038E-14,
447.));
#5837=CARTESIAN_POINT('',(-445.,-4.58257569495579,-5.44967825620572E-14));
#5838=CARTESIAN_POINT('Origin',(0.,-4.58257569495579,0.));
#5839=CARTESIAN_POINT('Origin',(0.,-4.58257569495579,0.));
#5840=CARTESIAN_POINT('Origin',(0.,52.2912878474779,0.));
#5841=CARTESIAN_POINT('',(-445.,100.,-5.44967825620572E-14));
#5842=CARTESIAN_POINT('Origin',(0.,100.,0.));
#5843=CARTESIAN_POINT('',(-445.,52.2912878474779,-5.44967825620572E-14));
#5844=CARTESIAN_POINT('Origin',(447.,100.,0.));
#5845=CARTESIAN_POINT('Origin',(0.,2.66453525910038E-14,0.));
#5846=CARTESIAN_POINT('Origin',(-5.47417119218867E-14,2.66453525910038E-14,
447.));
#5847=CARTESIAN_POINT('Origin',(445.,-100.,0.));
#5848=CARTESIAN_POINT('',(-445.,-100.,-5.44967825620572E-14));
#5849=CARTESIAN_POINT('Origin',(0.,-100.,0.));
#5850=CARTESIAN_POINT('Origin',(0.,-52.2912878474779,0.));
#5851=CARTESIAN_POINT('',(-445.,-52.2912878474779,-5.44967825620572E-14));
#5852=CARTESIAN_POINT('',(0.,0.,0.));
#5853=CARTESIAN_POINT('Origin',(650.,1290.,2585.));
#5854=CARTESIAN_POINT('',(650.,1740.,2585.));
#5855=CARTESIAN_POINT('',(200.,1290.,2585.));
#5856=CARTESIAN_POINT('Origin',(650.,1290.,2585.));
#5857=CARTESIAN_POINT('Origin',(650.,1290.,2585.));
#5858=CARTESIAN_POINT('',(200.,1290.,2535.));
#5859=CARTESIAN_POINT('',(200.,1290.,2585.));
#5860=CARTESIAN_POINT('Origin',(650.,1290.,2535.));
#5861=CARTESIAN_POINT('Origin',(650.,1290.,2585.));
#5862=CARTESIAN_POINT('',(1102.,1290.,2535.));
#5863=CARTESIAN_POINT('Origin',(650.,1290.,2535.));
#5864=CARTESIAN_POINT('',(1102.,1290.,2585.));
#5865=CARTESIAN_POINT('',(1102.,1290.,2585.));
#5866=CARTESIAN_POINT('',(650.,1742.,2585.));
#5867=CARTESIAN_POINT('Origin',(650.,1290.,2585.));
#5868=CARTESIAN_POINT('Origin',(650.,1290.,2585.));
#5869=CARTESIAN_POINT('Origin',(650.,1290.,2535.));
#5870=CARTESIAN_POINT('Origin',(650.,2160.,3455.));
#5871=CARTESIAN_POINT('',(650.,2160.,3005.));
#5872=CARTESIAN_POINT('',(200.,2160.,3455.));
#5873=CARTESIAN_POINT('Origin',(650.,2160.,3455.));
#5874=CARTESIAN_POINT('',(200.,2210.,3455.));
#5875=CARTESIAN_POINT('',(200.,2160.,3455.));
#5876=CARTESIAN_POINT('Origin',(650.,2210.,3455.));
#5877=CARTESIAN_POINT('Origin',(650.,2160.,3455.));
#5878=CARTESIAN_POINT('Origin',(650.,2160.,3455.));
#5879=CARTESIAN_POINT('',(1102.,2210.,3455.));
#5880=CARTESIAN_POINT('Origin',(650.,2210.,3455.));
#5881=CARTESIAN_POINT('',(1102.,2160.,3455.));
#5882=CARTESIAN_POINT('',(1102.,2160.,3455.));
#5883=CARTESIAN_POINT('',(650.,2160.,3003.));
#5884=CARTESIAN_POINT('Origin',(650.,2160.,3455.));
#5885=CARTESIAN_POINT('Origin',(650.,2160.,3455.));
#5886=CARTESIAN_POINT('Origin',(650.,2210.,3455.));
#5887=CARTESIAN_POINT('Origin',(650.,2160.,2585.));
#5888=CARTESIAN_POINT('Origin',(650.,2160.,2585.));
#5889=CARTESIAN_POINT('Origin',(650.,2160.,2585.));
#5890=CARTESIAN_POINT('Origin',(650.,2160.,2585.));
#5891=CARTESIAN_POINT('',(0.,0.,0.));
#5892=CARTESIAN_POINT('',(0.,0.,0.));
#5893=CARTESIAN_POINT('Origin',(0.,0.,558.));
#5894=CARTESIAN_POINT('',(-442.,-5.4129388522313E-14,560.));
#5895=CARTESIAN_POINT('Origin',(0.,0.,560.));
#5896=CARTESIAN_POINT('',(-442.,-5.4129388522313E-14,558.));
#5897=CARTESIAN_POINT('',(-442.,-5.4129388522313E-14,558.));
#5898=CARTESIAN_POINT('Origin',(0.,0.,558.));
#5899=CARTESIAN_POINT('Origin',(0.,0.,558.));
#5900=CARTESIAN_POINT('',(206.75,370.22586011784,558.));
#5901=CARTESIAN_POINT('Origin',(213.75,370.22586011784,558.));
#5902=CARTESIAN_POINT('',(-6.99999999999997,427.5,558.));
#5903=CARTESIAN_POINT('Origin',(2.617682533177E-14,427.5,558.));
#5904=CARTESIAN_POINT('',(363.22586011784,213.75,558.));
#5905=CARTESIAN_POINT('Origin',(370.22586011784,213.75,558.));
#5906=CARTESIAN_POINT('',(420.5,-8.57252759403147E-16,558.));
#5907=CARTESIAN_POINT('Origin',(427.5,0.,558.));
#5908=CARTESIAN_POINT('',(-220.75,370.22586011784,558.));
#5909=CARTESIAN_POINT('Origin',(-213.75,370.22586011784,558.));
#5910=CARTESIAN_POINT('',(-377.2258601178,213.75,558.));
#5911=CARTESIAN_POINT('Origin',(-370.2258601178,213.75,558.));
#5912=CARTESIAN_POINT('',(-434.5,5.14963979041468E-14,558.));
#5913=CARTESIAN_POINT('Origin',(-427.5,5.235365066355E-14,558.));
#5914=CARTESIAN_POINT('',(363.22586011784,-213.75,558.));
#5915=CARTESIAN_POINT('Origin',(370.22586011784,-213.75,558.));
#5916=CARTESIAN_POINT('',(206.75,-370.2258601178,558.));
#5917=CARTESIAN_POINT('Origin',(213.75,-370.2258601178,558.));
#5918=CARTESIAN_POINT('',(-377.2258601178,-213.75,558.));
#5919=CARTESIAN_POINT('Origin',(-370.2258601178,-213.75,558.));
#5920=CARTESIAN_POINT('',(-7.00000000000008,-427.5,558.));
#5921=CARTESIAN_POINT('Origin',(-7.853047599532E-14,-427.5,558.));
#5922=CARTESIAN_POINT('',(-220.75,-370.2258601178,558.));
#5923=CARTESIAN_POINT('Origin',(-213.75,-370.2258601178,558.));
#5924=CARTESIAN_POINT('',(-407.,4.98431247252973E-14,558.));
#5925=CARTESIAN_POINT('Origin',(0.,0.,558.));
#5926=CARTESIAN_POINT('Origin',(-213.75,-370.2258601178,557.));
#5927=CARTESIAN_POINT('',(-220.75,-370.2258601178,560.));
#5928=CARTESIAN_POINT('',(-220.75,-370.2258601178,557.));
#5929=CARTESIAN_POINT('Origin',(-213.75,-370.2258601178,560.));
#5930=CARTESIAN_POINT('Origin',(-7.853047599532E-14,-427.5,557.));
#5931=CARTESIAN_POINT('',(-7.00000000000008,-427.5,560.));
#5932=CARTESIAN_POINT('',(-7.00000000000008,-427.5,557.));
#5933=CARTESIAN_POINT('Origin',(-7.853047599532E-14,-427.5,560.));
#5934=CARTESIAN_POINT('Origin',(-370.2258601178,-213.75,557.));
#5935=CARTESIAN_POINT('',(-377.2258601178,-213.75,560.));
#5936=CARTESIAN_POINT('',(-377.2258601178,-213.75,557.));
#5937=CARTESIAN_POINT('Origin',(-370.2258601178,-213.75,560.));
#5938=CARTESIAN_POINT('Origin',(213.75,-370.2258601178,557.));
#5939=CARTESIAN_POINT('',(206.75,-370.2258601178,560.));
#5940=CARTESIAN_POINT('',(206.75,-370.2258601178,557.));
#5941=CARTESIAN_POINT('Origin',(213.75,-370.2258601178,560.));
#5942=CARTESIAN_POINT('Origin',(370.22586011784,-213.75,557.));
#5943=CARTESIAN_POINT('',(363.22586011784,-213.75,560.));
#5944=CARTESIAN_POINT('',(363.22586011784,-213.75,557.));
#5945=CARTESIAN_POINT('Origin',(370.22586011784,-213.75,560.));
#5946=CARTESIAN_POINT('Origin',(-427.5,5.235365066355E-14,557.));
#5947=CARTESIAN_POINT('',(-434.5,5.14963979041468E-14,560.));
#5948=CARTESIAN_POINT('',(-434.5,5.14963979041468E-14,557.));
#5949=CARTESIAN_POINT('Origin',(-427.5,5.235365066355E-14,560.));
#5950=CARTESIAN_POINT('Origin',(-370.2258601178,213.75,557.));
#5951=CARTESIAN_POINT('',(-377.2258601178,213.75,560.));
#5952=CARTESIAN_POINT('',(-377.2258601178,213.75,557.));
#5953=CARTESIAN_POINT('Origin',(-370.2258601178,213.75,560.));
#5954=CARTESIAN_POINT('Origin',(-213.75,370.22586011784,557.));
#5955=CARTESIAN_POINT('',(-220.75,370.22586011784,560.));
#5956=CARTESIAN_POINT('',(-220.75,370.22586011784,557.));
#5957=CARTESIAN_POINT('Origin',(-213.75,370.22586011784,560.));
#5958=CARTESIAN_POINT('Origin',(427.5,0.,557.));
#5959=CARTESIAN_POINT('',(420.5,-8.57252759403147E-16,560.));
#5960=CARTESIAN_POINT('',(420.5,-8.57252759403147E-16,557.));
#5961=CARTESIAN_POINT('Origin',(427.5,0.,560.));
#5962=CARTESIAN_POINT('Origin',(370.22586011784,213.75,557.));
#5963=CARTESIAN_POINT('',(363.22586011784,213.75,560.));
#5964=CARTESIAN_POINT('',(363.22586011784,213.75,557.));
#5965=CARTESIAN_POINT('Origin',(370.22586011784,213.75,560.));
#5966=CARTESIAN_POINT('Origin',(2.617682533177E-14,427.5,557.));
#5967=CARTESIAN_POINT('',(-6.99999999999997,427.5,560.));
#5968=CARTESIAN_POINT('',(-6.99999999999997,427.5,557.));
#5969=CARTESIAN_POINT('Origin',(2.617682533177E-14,427.5,560.));
#5970=CARTESIAN_POINT('Origin',(213.75,370.22586011784,557.));
#5971=CARTESIAN_POINT('',(206.75,370.22586011784,560.));
#5972=CARTESIAN_POINT('',(206.75,370.22586011784,557.));
#5973=CARTESIAN_POINT('Origin',(213.75,370.22586011784,560.));
#5974=CARTESIAN_POINT('Origin',(0.,0.,0.));
#5975=CARTESIAN_POINT('',(-442.,-5.4129388522313E-14,2.));
#5976=CARTESIAN_POINT('Origin',(0.,0.,2.));
#5977=CARTESIAN_POINT('',(-442.,-5.4129388522313E-14,0.));
#5978=CARTESIAN_POINT('',(-442.,-5.4129388522313E-14,0.));
#5979=CARTESIAN_POINT('Origin',(0.,0.,0.));
#5980=CARTESIAN_POINT('Origin',(0.,0.,2.));
#5981=CARTESIAN_POINT('',(206.75,370.22586011784,2.));
#5982=CARTESIAN_POINT('Origin',(213.75,370.22586011784,2.));
#5983=CARTESIAN_POINT('',(-6.99999999999997,427.5,2.));
#5984=CARTESIAN_POINT('Origin',(2.617682533177E-14,427.5,2.));
#5985=CARTESIAN_POINT('',(363.22586011784,213.75,2.));
#5986=CARTESIAN_POINT('Origin',(370.22586011784,213.75,2.));
#5987=CARTESIAN_POINT('',(420.5,-8.57252759403147E-16,2.));
#5988=CARTESIAN_POINT('Origin',(427.5,0.,2.));
#5989=CARTESIAN_POINT('',(-220.75,370.22586011784,2.));
#5990=CARTESIAN_POINT('Origin',(-213.75,370.22586011784,2.));
#5991=CARTESIAN_POINT('',(-377.2258601178,213.75,2.));
#5992=CARTESIAN_POINT('Origin',(-370.2258601178,213.75,2.));
#5993=CARTESIAN_POINT('',(-434.5,5.14963979041468E-14,2.));
#5994=CARTESIAN_POINT('Origin',(-427.5,5.235365066355E-14,2.));
#5995=CARTESIAN_POINT('',(363.22586011784,-213.75,2.));
#5996=CARTESIAN_POINT('Origin',(370.22586011784,-213.75,2.));
#5997=CARTESIAN_POINT('',(206.75,-370.2258601178,2.));
#5998=CARTESIAN_POINT('Origin',(213.75,-370.2258601178,2.));
#5999=CARTESIAN_POINT('',(-377.2258601178,-213.75,2.));
#6000=CARTESIAN_POINT('Origin',(-370.2258601178,-213.75,2.));
#6001=CARTESIAN_POINT('',(-7.00000000000008,-427.5,2.));
#6002=CARTESIAN_POINT('Origin',(-7.853047599532E-14,-427.5,2.));
#6003=CARTESIAN_POINT('',(-220.75,-370.2258601178,2.));
#6004=CARTESIAN_POINT('Origin',(-213.75,-370.2258601178,2.));
#6005=CARTESIAN_POINT('',(-407.,-4.98431247252973E-14,2.));
#6006=CARTESIAN_POINT('Origin',(0.,0.,2.));
#6007=CARTESIAN_POINT('Origin',(-213.75,-370.2258601178,-1.));
#6008=CARTESIAN_POINT('',(-220.75,-370.2258601178,0.));
#6009=CARTESIAN_POINT('Origin',(-213.75,-370.2258601178,0.));
#6010=CARTESIAN_POINT('',(-220.75,-370.2258601178,-1.));
#6011=CARTESIAN_POINT('Origin',(-7.853047599532E-14,-427.5,-1.));
#6012=CARTESIAN_POINT('',(-7.00000000000008,-427.5,0.));
#6013=CARTESIAN_POINT('Origin',(-7.853047599532E-14,-427.5,0.));
#6014=CARTESIAN_POINT('',(-7.00000000000008,-427.5,-1.));
#6015=CARTESIAN_POINT('Origin',(-370.2258601178,-213.75,-1.));
#6016=CARTESIAN_POINT('',(-377.2258601178,-213.75,0.));
#6017=CARTESIAN_POINT('Origin',(-370.2258601178,-213.75,0.));
#6018=CARTESIAN_POINT('',(-377.2258601178,-213.75,-1.));
#6019=CARTESIAN_POINT('Origin',(213.75,-370.2258601178,-1.));
#6020=CARTESIAN_POINT('',(206.75,-370.2258601178,0.));
#6021=CARTESIAN_POINT('Origin',(213.75,-370.2258601178,0.));
#6022=CARTESIAN_POINT('',(206.75,-370.2258601178,-1.));
#6023=CARTESIAN_POINT('Origin',(370.22586011784,-213.75,-1.));
#6024=CARTESIAN_POINT('',(363.22586011784,-213.75,0.));
#6025=CARTESIAN_POINT('Origin',(370.22586011784,-213.75,0.));
#6026=CARTESIAN_POINT('',(363.22586011784,-213.75,-1.));
#6027=CARTESIAN_POINT('Origin',(-427.5,5.235365066355E-14,-1.));
#6028=CARTESIAN_POINT('',(-434.5,5.14963979041468E-14,0.));
#6029=CARTESIAN_POINT('Origin',(-427.5,5.235365066355E-14,0.));
#6030=CARTESIAN_POINT('',(-434.5,5.14963979041468E-14,-1.));
#6031=CARTESIAN_POINT('Origin',(-370.2258601178,213.75,-1.));
#6032=CARTESIAN_POINT('',(-377.2258601178,213.75,0.));
#6033=CARTESIAN_POINT('Origin',(-370.2258601178,213.75,0.));
#6034=CARTESIAN_POINT('',(-377.2258601178,213.75,-1.));
#6035=CARTESIAN_POINT('Origin',(-213.75,370.22586011784,-1.));
#6036=CARTESIAN_POINT('',(-220.75,370.22586011784,0.));
#6037=CARTESIAN_POINT('Origin',(-213.75,370.22586011784,0.));
#6038=CARTESIAN_POINT('',(-220.75,370.22586011784,-1.));
#6039=CARTESIAN_POINT('Origin',(427.5,0.,-1.));
#6040=CARTESIAN_POINT('',(420.5,-8.57252759403147E-16,0.));
#6041=CARTESIAN_POINT('Origin',(427.5,0.,0.));
#6042=CARTESIAN_POINT('',(420.5,-8.57252759403147E-16,-1.));
#6043=CARTESIAN_POINT('Origin',(370.22586011784,213.75,-1.));
#6044=CARTESIAN_POINT('',(363.22586011784,213.75,0.));
#6045=CARTESIAN_POINT('Origin',(370.22586011784,213.75,0.));
#6046=CARTESIAN_POINT('',(363.22586011784,213.75,-1.));
#6047=CARTESIAN_POINT('Origin',(2.617682533177E-14,427.5,-1.));
#6048=CARTESIAN_POINT('',(-6.99999999999997,427.5,0.));
#6049=CARTESIAN_POINT('Origin',(2.617682533177E-14,427.5,0.));
#6050=CARTESIAN_POINT('',(-6.99999999999997,427.5,-1.));
#6051=CARTESIAN_POINT('Origin',(213.75,370.22586011784,-1.));
#6052=CARTESIAN_POINT('',(206.75,370.22586011784,0.));
#6053=CARTESIAN_POINT('Origin',(213.75,370.22586011784,0.));
#6054=CARTESIAN_POINT('',(206.75,370.22586011784,-1.));
#6055=CARTESIAN_POINT('Origin',(0.,0.,0.));
#6056=CARTESIAN_POINT('',(-407.,-4.98431247252973E-14,0.));
#6057=CARTESIAN_POINT('Origin',(0.,0.,560.));
#6058=CARTESIAN_POINT('',(-405.,-4.95981953654678E-14,560.));
#6059=CARTESIAN_POINT('Origin',(0.,0.,560.));
#6060=CARTESIAN_POINT('Origin',(0.,0.,0.));
#6061=CARTESIAN_POINT('',(-405.,-4.95981953654678E-14,-1.38777878078145E-16));
#6062=CARTESIAN_POINT('Origin',(0.,0.,0.));
#6063=CARTESIAN_POINT('Origin',(0.,0.,-1.));
#6064=CARTESIAN_POINT('',(-405.,-4.95981953654678E-14,-1.));
#6065=CARTESIAN_POINT('',(0.,0.,0.));
#6066=CARTESIAN_POINT('',(0.,0.,0.));
#6067=CARTESIAN_POINT('Origin',(213.75,-370.2258601178,560.));
#6068=CARTESIAN_POINT('',(220.75,-370.2258601178,563.));
#6069=CARTESIAN_POINT('Origin',(213.75,-370.2258601178,563.));
#6070=CARTESIAN_POINT('',(220.75,-370.2258601178,560.));
#6071=CARTESIAN_POINT('',(220.75,-370.2258601178,560.));
#6072=CARTESIAN_POINT('Origin',(213.75,-370.2258601178,560.));
#6073=CARTESIAN_POINT('Origin',(-370.2258601178,213.75,560.));
#6074=CARTESIAN_POINT('',(-363.2258601178,213.75,563.));
#6075=CARTESIAN_POINT('Origin',(-370.2258601178,213.75,563.));
#6076=CARTESIAN_POINT('',(-363.2258601178,213.75,560.));
#6077=CARTESIAN_POINT('',(-363.2258601178,213.75,560.));
#6078=CARTESIAN_POINT('Origin',(-370.2258601178,213.75,560.));
#6079=CARTESIAN_POINT('Origin',(427.5,0.,560.));
#6080=CARTESIAN_POINT('',(434.5,8.57252759403151E-16,563.));
#6081=CARTESIAN_POINT('Origin',(427.5,0.,563.));
#6082=CARTESIAN_POINT('',(434.5,8.57252759403151E-16,560.));
#6083=CARTESIAN_POINT('',(434.5,8.57252759403151E-16,560.));
#6084=CARTESIAN_POINT('Origin',(427.5,0.,560.));
#6085=CARTESIAN_POINT('Origin',(-213.75,370.22586011784,560.));
#6086=CARTESIAN_POINT('',(-206.75,370.22586011784,563.));
#6087=CARTESIAN_POINT('Origin',(-213.75,370.22586011784,563.));
#6088=CARTESIAN_POINT('',(-206.75,370.22586011784,560.));
#6089=CARTESIAN_POINT('',(-206.75,370.22586011784,560.));
#6090=CARTESIAN_POINT('Origin',(-213.75,370.22586011784,560.));
#6091=CARTESIAN_POINT('Origin',(-7.853047599532E-14,-427.5,560.));
#6092=CARTESIAN_POINT('',(6.99999999999989,-427.5,563.));
#6093=CARTESIAN_POINT('Origin',(-7.853047599532E-14,-427.5,563.));
#6094=CARTESIAN_POINT('',(6.99999999999992,-427.5,560.));
#6095=CARTESIAN_POINT('',(6.99999999999992,-427.5,560.));
#6096=CARTESIAN_POINT('Origin',(-7.853047599532E-14,-427.5,560.));
#6097=CARTESIAN_POINT('Origin',(-370.2258601178,-213.75,560.));
#6098=CARTESIAN_POINT('',(-363.2258601178,-213.75,563.));
#6099=CARTESIAN_POINT('Origin',(-370.2258601178,-213.75,563.));
#6100=CARTESIAN_POINT('',(-363.2258601178,-213.75,560.));
#6101=CARTESIAN_POINT('',(-363.2258601178,-213.75,560.));
#6102=CARTESIAN_POINT('Origin',(-370.2258601178,-213.75,560.));
#6103=CARTESIAN_POINT('Origin',(-213.75,-370.2258601178,560.));
#6104=CARTESIAN_POINT('',(-206.75,-370.2258601178,563.));
#6105=CARTESIAN_POINT('Origin',(-213.75,-370.2258601178,563.));
#6106=CARTESIAN_POINT('',(-206.75,-370.2258601178,560.));
#6107=CARTESIAN_POINT('',(-206.75,-370.2258601178,560.));
#6108=CARTESIAN_POINT('Origin',(-213.75,-370.2258601178,560.));
#6109=CARTESIAN_POINT('Origin',(370.22586011784,-213.75,560.));
#6110=CARTESIAN_POINT('',(377.22586011784,-213.75,563.));
#6111=CARTESIAN_POINT('Origin',(370.22586011784,-213.75,563.));
#6112=CARTESIAN_POINT('',(377.22586011784,-213.75,560.));
#6113=CARTESIAN_POINT('',(377.22586011784,-213.75,560.));
#6114=CARTESIAN_POINT('Origin',(370.22586011784,-213.75,560.));
#6115=CARTESIAN_POINT('Origin',(370.22586011784,213.75,560.));
#6116=CARTESIAN_POINT('',(377.22586011784,213.75,563.));
#6117=CARTESIAN_POINT('Origin',(370.22586011784,213.75,563.));
#6118=CARTESIAN_POINT('',(377.22586011784,213.75,560.));
#6119=CARTESIAN_POINT('',(377.22586011784,213.75,560.));
#6120=CARTESIAN_POINT('Origin',(370.22586011784,213.75,560.));
#6121=CARTESIAN_POINT('Origin',(0.,0.,560.));
#6122=CARTESIAN_POINT('',(407.,4.98431247252973E-14,563.));
#6123=CARTESIAN_POINT('Origin',(0.,0.,563.));
#6124=CARTESIAN_POINT('',(407.,4.98431247252973E-14,560.));
#6125=CARTESIAN_POINT('',(407.,4.98431247252973E-14,560.));
#6126=CARTESIAN_POINT('Origin',(0.,0.,560.));
#6127=CARTESIAN_POINT('Origin',(213.75,370.22586011784,560.));
#6128=CARTESIAN_POINT('',(220.75,370.22586011784,563.));
#6129=CARTESIAN_POINT('Origin',(213.75,370.22586011784,563.));
#6130=CARTESIAN_POINT('',(220.75,370.22586011784,560.));
#6131=CARTESIAN_POINT('',(220.75,370.22586011784,560.));
#6132=CARTESIAN_POINT('Origin',(213.75,370.22586011784,560.));
#6133=CARTESIAN_POINT('Origin',(2.617682533177E-14,427.5,560.));
#6134=CARTESIAN_POINT('',(7.00000000000003,427.5,563.));
#6135=CARTESIAN_POINT('Origin',(2.617682533177E-14,427.5,563.));
#6136=CARTESIAN_POINT('',(7.00000000000003,427.5,560.));
#6137=CARTESIAN_POINT('',(7.00000000000003,427.5,560.));
#6138=CARTESIAN_POINT('Origin',(2.617682533177E-14,427.5,560.));
#6139=CARTESIAN_POINT('Origin',(-427.5,5.235365066355E-14,560.));
#6140=CARTESIAN_POINT('',(-420.5,5.32109034229532E-14,563.));
#6141=CARTESIAN_POINT('Origin',(-427.5,5.235365066355E-14,563.));
#6142=CARTESIAN_POINT('',(-420.5,5.32109034229532E-14,560.));
#6143=CARTESIAN_POINT('',(-420.5,5.32109034229532E-14,560.));
#6144=CARTESIAN_POINT('Origin',(-427.5,5.235365066355E-14,560.));
#6145=CARTESIAN_POINT('Origin',(0.,0.,560.));
#6146=CARTESIAN_POINT('',(450.,5.51091059616309E-14,563.));
#6147=CARTESIAN_POINT('Origin',(0.,0.,563.));
#6148=CARTESIAN_POINT('',(450.,5.51091059616309E-14,560.));
#6149=CARTESIAN_POINT('',(450.,5.51091059616309E-14,560.));
#6150=CARTESIAN_POINT('Origin',(0.,0.,560.));
#6151=CARTESIAN_POINT('Origin',(0.,0.,563.));
#6152=CARTESIAN_POINT('Origin',(0.,0.,560.));
#6153=CARTESIAN_POINT('',(0.,0.,0.));
#6154=CARTESIAN_POINT('Origin',(0.,-11.5325625946708,0.));
#6155=CARTESIAN_POINT('',(-447.,-11.5325625946708,-5.47417119218867E-14));
#6156=CARTESIAN_POINT('',(-5.47417119218867E-14,-11.5325625946708,447.));
#6157=CARTESIAN_POINT('Origin',(0.,-11.5325625946708,0.));
#6158=CARTESIAN_POINT('',(-5.51373670416112E-14,-6.20984139713043,450.230769230769));
#6159=CARTESIAN_POINT('Origin',(-5.54765000013751E-14,-11.5325625946708,
453.));
#6160=CARTESIAN_POINT('Origin',(0.,-6.20984139713043,0.));
#6161=CARTESIAN_POINT('Origin',(0.,-11.5325625946708,0.));
#6162=CARTESIAN_POINT('Origin',(0.,-53.5,0.));
#6163=CARTESIAN_POINT('',(-447.,-100.,-5.47417119218867E-14));
#6164=CARTESIAN_POINT('Origin',(0.,-100.,0.));
#6165=CARTESIAN_POINT('',(-447.,-53.5,-5.47417119218867E-14));
#6166=CARTESIAN_POINT('Origin',(0.,11.5325625946708,0.));
#6167=CARTESIAN_POINT('',(-5.51373670416112E-14,6.20984139713048,450.230769230769));
#6168=CARTESIAN_POINT('Origin',(0.,6.20984139713048,0.));
#6169=CARTESIAN_POINT('',(-5.47417119218867E-14,11.5325625946708,447.));
#6170=CARTESIAN_POINT('Origin',(-5.54765000013751E-14,11.5325625946708,
453.));
#6171=CARTESIAN_POINT('',(-447.,11.5325625946708,-5.47417119218867E-14));
#6172=CARTESIAN_POINT('Origin',(0.,11.5325625946708,0.));
#6173=CARTESIAN_POINT('Origin',(0.,11.5325625946708,0.));
#6174=CARTESIAN_POINT('Origin',(0.,53.5,0.));
#6175=CARTESIAN_POINT('',(-447.,100.,-5.47417119218867E-14));
#6176=CARTESIAN_POINT('',(-447.,53.5,-5.47417119218867E-14));
#6177=CARTESIAN_POINT('Origin',(0.,100.,0.));
#6178=CARTESIAN_POINT('Origin',(0.,2.66453525910038E-14,0.));
#6179=CARTESIAN_POINT('',(-445.,4.58257569495582,-5.44967825620572E-14));
#6180=CARTESIAN_POINT('',(-5.44967825620572E-14,4.58257569495582,445.));
#6181=CARTESIAN_POINT('Origin',(0.,4.58257569495582,0.));
#6182=CARTESIAN_POINT('Origin',(0.,4.58257569495582,0.));
#6183=CARTESIAN_POINT('',(-5.44967825620572E-14,-4.58257569495579,445.));
#6184=CARTESIAN_POINT('Origin',(-5.47417119218867E-14,2.66453525910038E-14,
447.));
#6185=CARTESIAN_POINT('',(-445.,-4.58257569495579,-5.44967825620572E-14));
#6186=CARTESIAN_POINT('Origin',(0.,-4.58257569495579,0.));
#6187=CARTESIAN_POINT('Origin',(0.,-4.58257569495579,0.));
#6188=CARTESIAN_POINT('Origin',(0.,52.2912878474779,0.));
#6189=CARTESIAN_POINT('',(-445.,100.,-5.44967825620572E-14));
#6190=CARTESIAN_POINT('Origin',(0.,100.,0.));
#6191=CARTESIAN_POINT('',(-445.,52.2912878474779,-5.44967825620572E-14));
#6192=CARTESIAN_POINT('Origin',(447.,100.,0.));
#6193=CARTESIAN_POINT('Origin',(0.,2.66453525910038E-14,0.));
#6194=CARTESIAN_POINT('Origin',(-5.47417119218867E-14,2.66453525910038E-14,
447.));
#6195=CARTESIAN_POINT('Origin',(445.,-100.,0.));
#6196=CARTESIAN_POINT('',(-445.,-100.,-5.44967825620572E-14));
#6197=CARTESIAN_POINT('Origin',(0.,-100.,0.));
#6198=CARTESIAN_POINT('Origin',(0.,-52.2912878474779,0.));
#6199=CARTESIAN_POINT('',(-445.,-52.2912878474779,-5.44967825620572E-14));
#6200=CARTESIAN_POINT('',(0.,0.,0.));
#6201=CARTESIAN_POINT('Origin',(213.75,-370.2258601178,-560.));
#6202=CARTESIAN_POINT('',(220.75,-370.2258601178,-563.));
#6203=CARTESIAN_POINT('Origin',(213.75,-370.2258601178,-563.));
#6204=CARTESIAN_POINT('',(220.75,-370.2258601178,-560.));
#6205=CARTESIAN_POINT('',(220.75,-370.2258601178,-560.));
#6206=CARTESIAN_POINT('Origin',(213.75,-370.2258601178,-560.));
#6207=CARTESIAN_POINT('Origin',(-370.2258601178,213.75,-560.));
#6208=CARTESIAN_POINT('',(-363.2258601178,213.75,-563.));
#6209=CARTESIAN_POINT('Origin',(-370.2258601178,213.75,-563.));
#6210=CARTESIAN_POINT('',(-363.2258601178,213.75,-560.));
#6211=CARTESIAN_POINT('',(-363.2258601178,213.75,-560.));
#6212=CARTESIAN_POINT('Origin',(-370.2258601178,213.75,-560.));
#6213=CARTESIAN_POINT('Origin',(427.5,0.,-560.));
#6214=CARTESIAN_POINT('',(434.5,8.57252759403151E-16,-563.));
#6215=CARTESIAN_POINT('Origin',(427.5,0.,-563.));
#6216=CARTESIAN_POINT('',(434.5,8.57252759403151E-16,-560.));
#6217=CARTESIAN_POINT('',(434.5,8.57252759403151E-16,-560.));
#6218=CARTESIAN_POINT('Origin',(427.5,0.,-560.));
#6219=CARTESIAN_POINT('Origin',(-213.75,370.22586011784,-560.));
#6220=CARTESIAN_POINT('',(-206.75,370.22586011784,-563.));
#6221=CARTESIAN_POINT('Origin',(-213.75,370.22586011784,-563.));
#6222=CARTESIAN_POINT('',(-206.75,370.22586011784,-560.));
#6223=CARTESIAN_POINT('',(-206.75,370.22586011784,-560.));
#6224=CARTESIAN_POINT('Origin',(-213.75,370.22586011784,-560.));
#6225=CARTESIAN_POINT('Origin',(-7.853047599532E-14,-427.5,-560.));
#6226=CARTESIAN_POINT('',(6.99999999999989,-427.5,-563.));
#6227=CARTESIAN_POINT('Origin',(-7.853047599532E-14,-427.5,-563.));
#6228=CARTESIAN_POINT('',(6.99999999999992,-427.5,-560.));
#6229=CARTESIAN_POINT('',(6.99999999999992,-427.5,-560.));
#6230=CARTESIAN_POINT('Origin',(-7.853047599532E-14,-427.5,-560.));
#6231=CARTESIAN_POINT('Origin',(-370.2258601178,-213.75,-560.));
#6232=CARTESIAN_POINT('',(-363.2258601178,-213.75,-563.));
#6233=CARTESIAN_POINT('Origin',(-370.2258601178,-213.75,-563.));
#6234=CARTESIAN_POINT('',(-363.2258601178,-213.75,-560.));
#6235=CARTESIAN_POINT('',(-363.2258601178,-213.75,-560.));
#6236=CARTESIAN_POINT('Origin',(-370.2258601178,-213.75,-560.));
#6237=CARTESIAN_POINT('Origin',(-213.75,-370.2258601178,-560.));
#6238=CARTESIAN_POINT('',(-206.75,-370.2258601178,-563.));
#6239=CARTESIAN_POINT('Origin',(-213.75,-370.2258601178,-563.));
#6240=CARTESIAN_POINT('',(-206.75,-370.2258601178,-560.));
#6241=CARTESIAN_POINT('',(-206.75,-370.2258601178,-560.));
#6242=CARTESIAN_POINT('Origin',(-213.75,-370.2258601178,-560.));
#6243=CARTESIAN_POINT('Origin',(370.22586011784,-213.75,-560.));
#6244=CARTESIAN_POINT('',(377.22586011784,-213.75,-563.));
#6245=CARTESIAN_POINT('Origin',(370.22586011784,-213.75,-563.));
#6246=CARTESIAN_POINT('',(377.22586011784,-213.75,-560.));
#6247=CARTESIAN_POINT('',(377.22586011784,-213.75,-560.));
#6248=CARTESIAN_POINT('Origin',(370.22586011784,-213.75,-560.));
#6249=CARTESIAN_POINT('Origin',(370.22586011784,213.75,-560.));
#6250=CARTESIAN_POINT('',(377.22586011784,213.75,-563.));
#6251=CARTESIAN_POINT('Origin',(370.22586011784,213.75,-563.));
#6252=CARTESIAN_POINT('',(377.22586011784,213.75,-560.));
#6253=CARTESIAN_POINT('',(377.22586011784,213.75,-560.));
#6254=CARTESIAN_POINT('Origin',(370.22586011784,213.75,-560.));
#6255=CARTESIAN_POINT('Origin',(0.,0.,-560.));
#6256=CARTESIAN_POINT('',(407.,4.98431247252973E-14,-563.));
#6257=CARTESIAN_POINT('Origin',(0.,0.,-563.));
#6258=CARTESIAN_POINT('',(407.,4.98431247252973E-14,-560.));
#6259=CARTESIAN_POINT('',(407.,4.98431247252973E-14,-560.));
#6260=CARTESIAN_POINT('Origin',(0.,0.,-560.));
#6261=CARTESIAN_POINT('Origin',(213.75,370.22586011784,-560.));
#6262=CARTESIAN_POINT('',(220.75,370.22586011784,-563.));
#6263=CARTESIAN_POINT('Origin',(213.75,370.22586011784,-563.));
#6264=CARTESIAN_POINT('',(220.75,370.22586011784,-560.));
#6265=CARTESIAN_POINT('',(220.75,370.22586011784,-560.));
#6266=CARTESIAN_POINT('Origin',(213.75,370.22586011784,-560.));
#6267=CARTESIAN_POINT('Origin',(2.617682533177E-14,427.5,-560.));
#6268=CARTESIAN_POINT('',(7.00000000000003,427.5,-563.));
#6269=CARTESIAN_POINT('Origin',(2.617682533177E-14,427.5,-563.));
#6270=CARTESIAN_POINT('',(7.00000000000003,427.5,-560.));
#6271=CARTESIAN_POINT('',(7.00000000000003,427.5,-560.));
#6272=CARTESIAN_POINT('Origin',(2.617682533177E-14,427.5,-560.));
#6273=CARTESIAN_POINT('Origin',(-427.5,5.235365066355E-14,-560.));
#6274=CARTESIAN_POINT('',(-420.5,5.32109034229532E-14,-563.));
#6275=CARTESIAN_POINT('Origin',(-427.5,5.235365066355E-14,-563.));
#6276=CARTESIAN_POINT('',(-420.5,5.32109034229532E-14,-560.));
#6277=CARTESIAN_POINT('',(-420.5,5.32109034229532E-14,-560.));
#6278=CARTESIAN_POINT('Origin',(-427.5,5.235365066355E-14,-560.));
#6279=CARTESIAN_POINT('Origin',(0.,0.,-560.));
#6280=CARTESIAN_POINT('',(450.,5.51091059616309E-14,-563.));
#6281=CARTESIAN_POINT('Origin',(0.,0.,-563.));
#6282=CARTESIAN_POINT('',(450.,5.51091059616309E-14,-560.));
#6283=CARTESIAN_POINT('',(450.,5.51091059616309E-14,-560.));
#6284=CARTESIAN_POINT('Origin',(0.,0.,-560.));
#6285=CARTESIAN_POINT('Origin',(0.,0.,-563.));
#6286=CARTESIAN_POINT('Origin',(0.,0.,-560.));
#6287=CARTESIAN_POINT('',(0.,0.,0.));
#6288=CARTESIAN_POINT('Origin',(0.,-11.5325625946708,0.));
#6289=CARTESIAN_POINT('',(-447.,-11.5325625946708,5.47417119218867E-14));
#6290=CARTESIAN_POINT('',(-5.47417119218867E-14,-11.5325625946708,-447.));
#6291=CARTESIAN_POINT('Origin',(0.,-11.5325625946708,0.));
#6292=CARTESIAN_POINT('Origin',(0.,-11.5325625946708,0.));
#6293=CARTESIAN_POINT('',(-5.51373670416112E-14,-6.20984139713043,-450.230769230769));
#6294=CARTESIAN_POINT('Origin',(-5.54765000013751E-14,-11.5325625946708,
-453.));
#6295=CARTESIAN_POINT('Origin',(0.,-6.20984139713043,0.));
#6296=CARTESIAN_POINT('Origin',(0.,-53.5,0.));
#6297=CARTESIAN_POINT('',(-447.,-100.,5.47417119218867E-14));
#6298=CARTESIAN_POINT('Origin',(0.,-100.,0.));
#6299=CARTESIAN_POINT('',(-447.,-53.5,5.47417119218867E-14));
#6300=CARTESIAN_POINT('Origin',(0.,11.5325625946708,0.));
#6301=CARTESIAN_POINT('',(-5.51373670416112E-14,6.20984139713048,-450.230769230769));
#6302=CARTESIAN_POINT('Origin',(0.,6.20984139713048,0.));
#6303=CARTESIAN_POINT('',(-5.47417119218867E-14,11.5325625946708,-447.));
#6304=CARTESIAN_POINT('Origin',(-5.54765000013751E-14,11.5325625946708,
-453.));
#6305=CARTESIAN_POINT('',(-447.,11.5325625946708,5.47417119218867E-14));
#6306=CARTESIAN_POINT('Origin',(0.,11.5325625946708,0.));
#6307=CARTESIAN_POINT('Origin',(0.,11.5325625946708,0.));
#6308=CARTESIAN_POINT('Origin',(0.,53.5,0.));
#6309=CARTESIAN_POINT('',(-447.,100.,5.47417119218867E-14));
#6310=CARTESIAN_POINT('',(-447.,53.5,5.47417119218867E-14));
#6311=CARTESIAN_POINT('Origin',(0.,100.,0.));
#6312=CARTESIAN_POINT('Origin',(0.,2.66453525910038E-14,0.));
#6313=CARTESIAN_POINT('',(-445.,4.58257569495582,5.44967825620572E-14));
#6314=CARTESIAN_POINT('',(-5.44967825620572E-14,4.58257569495582,-445.));
#6315=CARTESIAN_POINT('Origin',(0.,4.58257569495582,0.));
#6316=CARTESIAN_POINT('',(-5.44967825620572E-14,-4.58257569495579,-445.));
#6317=CARTESIAN_POINT('Origin',(-5.47417119218867E-14,2.66453525910038E-14,
-447.));
#6318=CARTESIAN_POINT('',(-445.,-4.58257569495579,5.44967825620572E-14));
#6319=CARTESIAN_POINT('Origin',(0.,-4.58257569495579,0.));
#6320=CARTESIAN_POINT('Origin',(0.,-4.58257569495579,0.));
#6321=CARTESIAN_POINT('Origin',(0.,4.58257569495582,0.));
#6322=CARTESIAN_POINT('Origin',(0.,52.2912878474779,0.));
#6323=CARTESIAN_POINT('',(-445.,100.,5.44967825620572E-14));
#6324=CARTESIAN_POINT('Origin',(0.,100.,0.));
#6325=CARTESIAN_POINT('',(-445.,52.2912878474779,5.44967825620572E-14));
#6326=CARTESIAN_POINT('Origin',(447.,100.,0.));
#6327=CARTESIAN_POINT('Origin',(0.,2.66453525910038E-14,0.));
#6328=CARTESIAN_POINT('Origin',(-5.47417119218867E-14,2.66453525910038E-14,
-447.));
#6329=CARTESIAN_POINT('Origin',(445.,-100.,0.));
#6330=CARTESIAN_POINT('',(-445.,-100.,5.44967825620572E-14));
#6331=CARTESIAN_POINT('Origin',(0.,-100.,0.));
#6332=CARTESIAN_POINT('Origin',(0.,-52.2912878474779,0.));
#6333=CARTESIAN_POINT('',(-445.,-52.2912878474779,5.44967825620572E-14));
#6334=CARTESIAN_POINT('',(-1204.,7606.00000000002,-1380.49999999999));
#6335=CARTESIAN_POINT('',(-338.074873415045,61.2495690572165,5.61328761250479E-12));
#6336=CARTESIAN_POINT('',(-474.999999999999,5.6843418860808E-13,-7.105427357601E-14));
#6337=CARTESIAN_POINT('',(0.,0.,0.));
#6338=CARTESIAN_POINT('',(-6226.50147728329,2923.16003379529,5869.50000185825));
#6339=CARTESIAN_POINT('',(-645.001678861027,4264.00012670952,3438.60000000001));
#6340=CARTESIAN_POINT('',(4.99999999998807,5554.00000000004,4903.60000000001));
#6341=CARTESIAN_POINT('',(-5520.54853350871,3081.66694056882,5869.50000185825));
#6342=CARTESIAN_POINT('',(-3411.28984308109,4734.47335580532,7160.77490329031));
#6343=CARTESIAN_POINT('',(-992.891014432827,5106.9860240605,5869.50000185826));
#6344=CARTESIAN_POINT('',(-2018.00379546553,4648.4309170522,5869.50000185826));
#6345=CARTESIAN_POINT('',(-1595.36157140663,4837.48792020878,5869.50000185826));
#6346=CARTESIAN_POINT('',(-478.965372650624,5336.87607325522,5869.50000185826));
#6347=CARTESIAN_POINT('',(-901.607596709522,5147.81907009863,5869.50000185826));
#6348=UNCERTAINTY_MEASURE_WITH_UNIT(LENGTH_MEASURE(0.01),#6380,
'DISTANCE_ACCURACY_VALUE',
'Maximum model space distance between geometric entities at asserted c
onnectivities');
#6349=UNCERTAINTY_MEASURE_WITH_UNIT(LENGTH_MEASURE(0.01),#6380,
'DISTANCE_ACCURACY_VALUE',
'Maximum model space distance between geometric entities at asserted c
onnectivities');
#6350=UNCERTAINTY_MEASURE_WITH_UNIT(LENGTH_MEASURE(0.01),#6380,
'DISTANCE_ACCURACY_VALUE',
'Maximum model space distance between geometric entities at asserted c
onnectivities');
#6351=UNCERTAINTY_MEASURE_WITH_UNIT(LENGTH_MEASURE(0.01),#6380,
'DISTANCE_ACCURACY_VALUE',
'Maximum model space distance between geometric entities at asserted c
onnectivities');
#6352=UNCERTAINTY_MEASURE_WITH_UNIT(LENGTH_MEASURE(0.01),#6380,
'DISTANCE_ACCURACY_VALUE',
'Maximum model space distance between geometric entities at asserted c
onnectivities');
#6353=UNCERTAINTY_MEASURE_WITH_UNIT(LENGTH_MEASURE(0.01),#6380,
'DISTANCE_ACCURACY_VALUE',
'Maximum model space distance between geometric entities at asserted c
onnectivities');
#6354=UNCERTAINTY_MEASURE_WITH_UNIT(LENGTH_MEASURE(0.01),#6380,
'DISTANCE_ACCURACY_VALUE',
'Maximum model space distance between geometric entities at asserted c
onnectivities');
#6355=UNCERTAINTY_MEASURE_WITH_UNIT(LENGTH_MEASURE(0.01),#6380,
'DISTANCE_ACCURACY_VALUE',
'Maximum model space distance between geometric entities at asserted c
onnectivities');
#6356=UNCERTAINTY_MEASURE_WITH_UNIT(LENGTH_MEASURE(0.01),#6380,
'DISTANCE_ACCURACY_VALUE',
'Maximum model space distance between geometric entities at asserted c
onnectivities');
#6357=UNCERTAINTY_MEASURE_WITH_UNIT(LENGTH_MEASURE(0.01),#6380,
'DISTANCE_ACCURACY_VALUE',
'Maximum model space distance between geometric entities at asserted c
onnectivities');
#6358=UNCERTAINTY_MEASURE_WITH_UNIT(LENGTH_MEASURE(0.01),#6380,
'DISTANCE_ACCURACY_VALUE',
'Maximum model space distance between geometric entities at asserted c
onnectivities');
#6359=UNCERTAINTY_MEASURE_WITH_UNIT(LENGTH_MEASURE(0.01),#6380,
'DISTANCE_ACCURACY_VALUE',
'Maximum model space distance between geometric entities at asserted c
onnectivities');
#6360=UNCERTAINTY_MEASURE_WITH_UNIT(LENGTH_MEASURE(0.01),#6380,
'DISTANCE_ACCURACY_VALUE',
'Maximum model space distance between geometric entities at asserted c
onnectivities');
#6361=UNCERTAINTY_MEASURE_WITH_UNIT(LENGTH_MEASURE(0.01),#6380,
'DISTANCE_ACCURACY_VALUE',
'Maximum model space distance between geometric entities at asserted c
onnectivities');
#6362=UNCERTAINTY_MEASURE_WITH_UNIT(LENGTH_MEASURE(0.01),#6380,
'DISTANCE_ACCURACY_VALUE',
'Maximum model space distance between geometric entities at asserted c
onnectivities');
#6363=UNCERTAINTY_MEASURE_WITH_UNIT(LENGTH_MEASURE(0.01),#6380,
'DISTANCE_ACCURACY_VALUE',
'Maximum model space distance between geometric entities at asserted c
onnectivities');
#6364=(
GEOMETRIC_REPRESENTATION_CONTEXT(3)
GLOBAL_UNCERTAINTY_ASSIGNED_CONTEXT((#6348))
GLOBAL_UNIT_ASSIGNED_CONTEXT((#6380,#6382,#6383))
REPRESENTATION_CONTEXT('','3D')
);
#6365=(
GEOMETRIC_REPRESENTATION_CONTEXT(3)
GLOBAL_UNCERTAINTY_ASSIGNED_CONTEXT((#6349))
GLOBAL_UNIT_ASSIGNED_CONTEXT((#6380,#6382,#6383))
REPRESENTATION_CONTEXT('','3D')
);
#6366=(
GEOMETRIC_REPRESENTATION_CONTEXT(3)
GLOBAL_UNCERTAINTY_ASSIGNED_CONTEXT((#6350))
GLOBAL_UNIT_ASSIGNED_CONTEXT((#6380,#6382,#6383))
REPRESENTATION_CONTEXT('','3D')
);
#6367=(
GEOMETRIC_REPRESENTATION_CONTEXT(3)
GLOBAL_UNCERTAINTY_ASSIGNED_CONTEXT((#6351))
GLOBAL_UNIT_ASSIGNED_CONTEXT((#6380,#6382,#6383))
REPRESENTATION_CONTEXT('','3D')
);
#6368=(
GEOMETRIC_REPRESENTATION_CONTEXT(3)
GLOBAL_UNCERTAINTY_ASSIGNED_CONTEXT((#6352))
GLOBAL_UNIT_ASSIGNED_CONTEXT((#6380,#6382,#6383))
REPRESENTATION_CONTEXT('','3D')
);
#6369=(
GEOMETRIC_REPRESENTATION_CONTEXT(3)
GLOBAL_UNCERTAINTY_ASSIGNED_CONTEXT((#6353))
GLOBAL_UNIT_ASSIGNED_CONTEXT((#6380,#6382,#6383))
REPRESENTATION_CONTEXT('','3D')
);
#6370=(
GEOMETRIC_REPRESENTATION_CONTEXT(3)
GLOBAL_UNCERTAINTY_ASSIGNED_CONTEXT((#6354))
GLOBAL_UNIT_ASSIGNED_CONTEXT((#6380,#6382,#6383))
REPRESENTATION_CONTEXT('','3D')
);
#6371=(
GEOMETRIC_REPRESENTATION_CONTEXT(3)
GLOBAL_UNCERTAINTY_ASSIGNED_CONTEXT((#6355))
GLOBAL_UNIT_ASSIGNED_CONTEXT((#6380,#6382,#6383))
REPRESENTATION_CONTEXT('','3D')
);
#6372=(
GEOMETRIC_REPRESENTATION_CONTEXT(3)
GLOBAL_UNCERTAINTY_ASSIGNED_CONTEXT((#6356))
GLOBAL_UNIT_ASSIGNED_CONTEXT((#6380,#6382,#6383))
REPRESENTATION_CONTEXT('','3D')
);
#6373=(
GEOMETRIC_REPRESENTATION_CONTEXT(3)
GLOBAL_UNCERTAINTY_ASSIGNED_CONTEXT((#6357))
GLOBAL_UNIT_ASSIGNED_CONTEXT((#6380,#6382,#6383))
REPRESENTATION_CONTEXT('','3D')
);
#6374=(
GEOMETRIC_REPRESENTATION_CONTEXT(3)
GLOBAL_UNCERTAINTY_ASSIGNED_CONTEXT((#6358))
GLOBAL_UNIT_ASSIGNED_CONTEXT((#6380,#6382,#6383))
REPRESENTATION_CONTEXT('','3D')
);
#6375=(
GEOMETRIC_REPRESENTATION_CONTEXT(3)
GLOBAL_UNCERTAINTY_ASSIGNED_CONTEXT((#6359))
GLOBAL_UNIT_ASSIGNED_CONTEXT((#6380,#6382,#6383))
REPRESENTATION_CONTEXT('','3D')
);
#6376=(
GEOMETRIC_REPRESENTATION_CONTEXT(3)
GLOBAL_UNCERTAINTY_ASSIGNED_CONTEXT((#6360))
GLOBAL_UNIT_ASSIGNED_CONTEXT((#6380,#6382,#6383))
REPRESENTATION_CONTEXT('','3D')
);
#6377=(
GEOMETRIC_REPRESENTATION_CONTEXT(3)
GLOBAL_UNCERTAINTY_ASSIGNED_CONTEXT((#6361))
GLOBAL_UNIT_ASSIGNED_CONTEXT((#6380,#6382,#6383))
REPRESENTATION_CONTEXT('','3D')
);
#6378=(
GEOMETRIC_REPRESENTATION_CONTEXT(3)
GLOBAL_UNCERTAINTY_ASSIGNED_CONTEXT((#6362))
GLOBAL_UNIT_ASSIGNED_CONTEXT((#6380,#6382,#6383))
REPRESENTATION_CONTEXT('','3D')
);
#6379=(
GEOMETRIC_REPRESENTATION_CONTEXT(3)
GLOBAL_UNCERTAINTY_ASSIGNED_CONTEXT((#6363))
GLOBAL_UNIT_ASSIGNED_CONTEXT((#6380,#6382,#6383))
REPRESENTATION_CONTEXT('','3D')
);
#6380=(
LENGTH_UNIT()
NAMED_UNIT(*)
SI_UNIT(.MILLI.,.METRE.)
);
#6381=(
LENGTH_UNIT()
NAMED_UNIT(*)
SI_UNIT($,.METRE.)
);
#6382=(
NAMED_UNIT(*)
PLANE_ANGLE_UNIT()
SI_UNIT($,.RADIAN.)
);
#6383=(
NAMED_UNIT(*)
SI_UNIT($,.STERADIAN.)
SOLID_ANGLE_UNIT()
);
#6384=SHAPE_DEFINITION_REPRESENTATION(#6399,#6430);
#6385=SHAPE_DEFINITION_REPRESENTATION(#6400,#6431);
#6386=SHAPE_DEFINITION_REPRESENTATION(#6401,#6432);
#6387=SHAPE_DEFINITION_REPRESENTATION(#6403,#6433);
#6388=SHAPE_DEFINITION_REPRESENTATION(#6404,#6434);
#6389=SHAPE_DEFINITION_REPRESENTATION(#6405,#6435);
#6390=SHAPE_DEFINITION_REPRESENTATION(#6406,#6436);
#6391=SHAPE_DEFINITION_REPRESENTATION(#6407,#6437);
#6392=SHAPE_DEFINITION_REPRESENTATION(#6408,#6438);
#6393=SHAPE_DEFINITION_REPRESENTATION(#6409,#6439);
#6394=SHAPE_DEFINITION_REPRESENTATION(#6410,#6440);
#6395=SHAPE_DEFINITION_REPRESENTATION(#6412,#6441);
#6396=SHAPE_DEFINITION_REPRESENTATION(#6413,#6442);
#6397=SHAPE_DEFINITION_REPRESENTATION(#6414,#6443);
#6398=SHAPE_DEFINITION_REPRESENTATION(#6415,#6444);
#6399=PRODUCT_DEFINITION_SHAPE('',$,#6446);
#6400=PRODUCT_DEFINITION_SHAPE('',$,#6447);
#6401=PRODUCT_DEFINITION_SHAPE('',$,#6448);
#6402=PRODUCT_DEFINITION_SHAPE($,$,#105);
#6403=PRODUCT_DEFINITION_SHAPE('',$,#6449);
#6404=PRODUCT_DEFINITION_SHAPE('',$,#6450);
#6405=PRODUCT_DEFINITION_SHAPE('',$,#6451);
#6406=PRODUCT_DEFINITION_SHAPE('',$,#6452);
#6407=PRODUCT_DEFINITION_SHAPE('',$,#6453);
#6408=PRODUCT_DEFINITION_SHAPE('',$,#6454);
#6409=PRODUCT_DEFINITION_SHAPE('',$,#6455);
#6410=PRODUCT_DEFINITION_SHAPE('',$,#6456);
#6411=PRODUCT_DEFINITION_SHAPE($,$,#106);
#6412=PRODUCT_DEFINITION_SHAPE('',$,#6457);
#6413=PRODUCT_DEFINITION_SHAPE('',$,#6458);
#6414=PRODUCT_DEFINITION_SHAPE('',$,#6459);
#6415=PRODUCT_DEFINITION_SHAPE('',$,#6460);
#6416=PRODUCT_DEFINITION_SHAPE($,$,#107);
#6417=PRODUCT_DEFINITION_SHAPE($,$,#108);
#6418=PRODUCT_DEFINITION_SHAPE($,$,#109);
#6419=PRODUCT_DEFINITION_SHAPE($,$,#110);
#6420=PRODUCT_DEFINITION_SHAPE($,$,#111);
#6421=PRODUCT_DEFINITION_SHAPE($,$,#112);
#6422=PRODUCT_DEFINITION_SHAPE($,$,#113);
#6423=PRODUCT_DEFINITION_SHAPE($,$,#114);
#6424=PRODUCT_DEFINITION_SHAPE($,$,#115);
#6425=PRODUCT_DEFINITION_SHAPE($,$,#116);
#6426=PRODUCT_DEFINITION_SHAPE($,$,#117);
#6427=PRODUCT_DEFINITION_SHAPE($,$,#118);
#6428=PRODUCT_DEFINITION_SHAPE($,$,#119);
#6429=PRODUCT_DEFINITION_SHAPE($,$,#120);
#6430=SHAPE_REPRESENTATION('',(#3137,#3518,#3519,#3520,#3521,#3522,#3523,
#3524,#3525,#3526,#3527,#3528,#3529,#3530,#3531),#6364);
#6431=SHAPE_REPRESENTATION('',(#3138,#3151),#6365);
#6432=SHAPE_REPRESENTATION('',(#3139),#6366);
#6433=SHAPE_REPRESENTATION('',(#3152),#6367);
#6434=SHAPE_REPRESENTATION('',(#3161),#6368);
#6435=SHAPE_REPRESENTATION('',(#3184),#6369);
#6436=SHAPE_REPRESENTATION('',(#3205),#6370);
#6437=SHAPE_REPRESENTATION('',(#3223),#6371);
#6438=SHAPE_REPRESENTATION('',(#3256),#6372);
#6439=SHAPE_REPRESENTATION('',(#3279,#3369),#6373);
#6440=SHAPE_REPRESENTATION('',(#3280),#6374);
#6441=SHAPE_REPRESENTATION('',(#3370),#6375);
#6442=SHAPE_REPRESENTATION('',(#3415),#6376);
#6443=SHAPE_REPRESENTATION('',(#3444),#6377);
#6444=SHAPE_REPRESENTATION('',(#3489),#6378);
#6445=PRODUCT_DEFINITION_CONTEXT('part definition',#6492,'design');
#6446=PRODUCT_DEFINITION('ME-026003-V1',
'2026_09_11_@_12-46-19_AHU_AIR_INLET_from_window to filter plenum',#6461,
#6445);
#6447=PRODUCT_DEFINITION('2026-08-26-15-13-51-140','Origin machine',#6462,
#6445);
#6448=PRODUCT_DEFINITION('2026-08-29-13-34-24-545','Component3',#6463,#6445);
#6449=PRODUCT_DEFINITION('2026-09-07-12-59-30-009',
'SpirBuis ID 900 L 4200',#6464,#6445);
#6450=PRODUCT_DEFINITION('2026-09-07-12-59-30-010',
'Bocht ID900 24.1 90\X\B0 R=1.5D +recht 50',#6465,#6445);
#6451=PRODUCT_DEFINITION('2026-09-07-15-32-24-597',
'Trans L=1604 rect 1500x980 boord 50 nr ID900 +recht50',#6466,#6445);
#6452=PRODUCT_DEFINITION('2026-09-04-13-54-43-356',
'AIR_INLET 2026_09_07_@_15-31-18_vkr 2500x100_900_1500',#6467,#6445);
#6453=PRODUCT_DEFINITION('2026-09-06-14-03-41-992_1','slider 900',#6468,
#6445);
#6454=PRODUCT_DEFINITION('2026-09-04-14-02-01-047',
'Bocht ID900 R=1.5D +recht 50',#6469,#6445);
#6455=PRODUCT_DEFINITION('2026-09-13-13-37-27-129','PMA804C_AXIAL_FAN',
#6470,#6445);
#6456=PRODUCT_DEFINITION('2026-09-13-13-37-27-129_1',
'01 PMA 804C casing - ID 810 / t 2 / E 560',#6471,#6445);
#6457=PRODUCT_DEFINITION('2026-09-13-13-39-09-696','flange for slider',
#6472,#6445);
#6458=PRODUCT_DEFINITION('2026-09-13-13-39-44-125','slider 900',#6473,#6445);
#6459=PRODUCT_DEFINITION('2026-09-13-18-28-53-374',
'flange for slider(Mirror)',#6474,#6445);
#6460=PRODUCT_DEFINITION('2026-09-13-13-39-44-125_1',
'slider 900(Mirror)',#6475,#6445);
#6461=PRODUCT_DEFINITION_FORMATION('',$,#6494);
#6462=PRODUCT_DEFINITION_FORMATION('',$,#6495);
#6463=PRODUCT_DEFINITION_FORMATION('',$,#6496);
#6464=PRODUCT_DEFINITION_FORMATION('',$,#6497);
#6465=PRODUCT_DEFINITION_FORMATION('',$,#6498);
#6466=PRODUCT_DEFINITION_FORMATION('',$,#6499);
#6467=PRODUCT_DEFINITION_FORMATION('',$,#6500);
#6468=PRODUCT_DEFINITION_FORMATION('',$,#6501);
#6469=PRODUCT_DEFINITION_FORMATION('',$,#6502);
#6470=PRODUCT_DEFINITION_FORMATION('',$,#6503);
#6471=PRODUCT_DEFINITION_FORMATION('',$,#6504);
#6472=PRODUCT_DEFINITION_FORMATION('',$,#6505);
#6473=PRODUCT_DEFINITION_FORMATION('',$,#6506);
#6474=PRODUCT_DEFINITION_FORMATION('',$,#6507);
#6475=PRODUCT_DEFINITION_FORMATION('',$,#6508);
#6476=PRODUCT_RELATED_PRODUCT_CATEGORY(
'2026_09_11_@_12-46-19_AHU_AIR_INLET_from_window to filter plenum',
'2026_09_11_@_12-46-19_AHU_AIR_INLET_from_window to filter plenum',(#6494));
#6477=PRODUCT_RELATED_PRODUCT_CATEGORY('Origin machine',
'Origin machine',(#6495));
#6478=PRODUCT_RELATED_PRODUCT_CATEGORY('Component3','Component3',(#6496));
#6479=PRODUCT_RELATED_PRODUCT_CATEGORY('SpirBuis ID 900 L 4200',
'SpirBuis ID 900 L 4200',(#6497));
#6480=PRODUCT_RELATED_PRODUCT_CATEGORY(
'Bocht ID900 24.1 90\X\B0 R=1.5D +recht 50',
'Bocht ID900 24.1 90\X\B0 R=1.5D +recht 50',(#6498));
#6481=PRODUCT_RELATED_PRODUCT_CATEGORY(
'Trans L=1604 rect 1500x980 boord 50 nr ID900 +recht50',
'Trans L=1604 rect 1500x980 boord 50 nr ID900 +recht50',(#6499));
#6482=PRODUCT_RELATED_PRODUCT_CATEGORY(
'AIR_INLET 2026_09_07_@_15-31-18_vkr 2500x100_900_1500',
'AIR_INLET 2026_09_07_@_15-31-18_vkr 2500x100_900_1500',(#6500));
#6483=PRODUCT_RELATED_PRODUCT_CATEGORY('slider 900','slider 900',(#6501));
#6484=PRODUCT_RELATED_PRODUCT_CATEGORY('Bocht ID900 R=1.5D +recht 50',
'Bocht ID900 R=1.5D +recht 50',(#6502));
#6485=PRODUCT_RELATED_PRODUCT_CATEGORY('PMA804C_AXIAL_FAN',
'PMA804C_AXIAL_FAN',(#6503));
#6486=PRODUCT_RELATED_PRODUCT_CATEGORY(
'01 PMA 804C casing - ID 810 / t 2 / E 560',
'01 PMA 804C casing - ID 810 / t 2 / E 560',(#6504));
#6487=PRODUCT_RELATED_PRODUCT_CATEGORY('flange for slider',
'flange for slider',(#6505));
#6488=PRODUCT_RELATED_PRODUCT_CATEGORY('slider 900','slider 900',(#6506));
#6489=PRODUCT_RELATED_PRODUCT_CATEGORY('flange for slider(Mirror)',
'flange for slider(Mirror)',(#6507));
#6490=PRODUCT_RELATED_PRODUCT_CATEGORY('slider 900(Mirror)',
'slider 900(Mirror)',(#6508));
#6491=APPLICATION_PROTOCOL_DEFINITION('international standard',
'automotive_design',2009,#6492);
#6492=APPLICATION_CONTEXT(
'Core Data for Automotive Mechanical Design Process');
#6493=PRODUCT_CONTEXT('part definition',#6492,'mechanical');
#6494=PRODUCT('ME-026003-V1',
'2026_09_11_@_12-46-19_AHU_AIR_INLET_from_window to filter plenum',$,(#6493));
#6495=PRODUCT('2026-08-26-15-13-51-140','Origin machine',$,(#6493));
#6496=PRODUCT('2026-08-29-13-34-24-545','Component3',$,(#6493));
#6497=PRODUCT('2026-09-07-12-59-30-009','SpirBuis ID 900 L 4200',$,(#6493));
#6498=PRODUCT('2026-09-07-12-59-30-010',
'Bocht ID900 24.1 90\X\B0 R=1.5D +recht 50',$,(#6493));
#6499=PRODUCT('2026-09-07-15-32-24-597',
'Trans L=1604 rect 1500x980 boord 50 nr ID900 +recht50',$,(#6493));
#6500=PRODUCT('2026-09-04-13-54-43-356',
'AIR_INLET 2026_09_07_@_15-31-18_vkr 2500x100_900_1500',$,(#6493));
#6501=PRODUCT('2026-09-06-14-03-41-992_1','slider 900',$,(#6493));
#6502=PRODUCT('2026-09-04-14-02-01-047','Bocht ID900 R=1.5D +recht 50',
$,(#6493));
#6503=PRODUCT('2026-09-13-13-37-27-129','PMA804C_AXIAL_FAN',
'FreeCAD Model',(#6493));
#6504=PRODUCT('2026-09-13-13-37-27-129_1',
'01 PMA 804C casing - ID 810 / t 2 / E 560','FreeCAD Model',(#6493));
#6505=PRODUCT('2026-09-13-13-39-09-696','flange for slider',$,(#6493));
#6506=PRODUCT('2026-09-13-13-39-44-125','slider 900',$,(#6493));
#6507=PRODUCT('2026-09-13-18-28-53-374','flange for slider(Mirror)',$,(#6493));
#6508=PRODUCT('2026-09-13-13-39-44-125_1','slider 900(Mirror)',$,(#6493));
#6509=PRESENTATION_STYLE_ASSIGNMENT((#6513));
#6510=PRESENTATION_STYLE_ASSIGNMENT((#6514));
#6511=PRESENTATION_STYLE_ASSIGNMENT((#6515));
#6512=PRESENTATION_STYLE_ASSIGNMENT((#6516));
#6513=SURFACE_STYLE_USAGE(.BOTH.,#6517);
#6514=SURFACE_STYLE_USAGE(.BOTH.,#6518);
#6515=SURFACE_STYLE_USAGE(.BOTH.,#6519);
#6516=SURFACE_STYLE_USAGE(.BOTH.,#6520);
#6517=SURFACE_SIDE_STYLE('',(#6521));
#6518=SURFACE_SIDE_STYLE('',(#6522));
#6519=SURFACE_SIDE_STYLE('',(#6523));
#6520=SURFACE_SIDE_STYLE('',(#6524));
#6521=SURFACE_STYLE_FILL_AREA(#6525);
#6522=SURFACE_STYLE_FILL_AREA(#6526);
#6523=SURFACE_STYLE_FILL_AREA(#6527);
#6524=SURFACE_STYLE_FILL_AREA(#6528);
#6525=FILL_AREA_STYLE('Steel - Satin',(#6529));
#6526=FILL_AREA_STYLE('Opaque(196,53,39)',(#6530));
#6527=FILL_AREA_STYLE('Opaque(160,160,160)',(#6531));
#6528=FILL_AREA_STYLE('Opaque(184,191,199)',(#6532));
#6529=FILL_AREA_STYLE_COLOUR('Steel - Satin',#6533);
#6530=FILL_AREA_STYLE_COLOUR('Opaque(196,53,39)',#6534);
#6531=FILL_AREA_STYLE_COLOUR('Opaque(160,160,160)',#6535);
#6532=FILL_AREA_STYLE_COLOUR('Opaque(184,191,199)',#6536);
#6533=COLOUR_RGB('Steel - Satin',0.627450980392157,0.627450980392157,0.627450980392157);
#6534=COLOUR_RGB('Opaque(196,53,39)',0.768627450980392,0.207843137254902,
0.152941176470588);
#6535=COLOUR_RGB('Opaque(160,160,160)',0.627450980392157,0.627450980392157,
0.627450980392157);
#6536=COLOUR_RGB('Opaque(184,191,199)',0.72156862745098,0.749019607843137,
0.780392156862745);
ENDSEC;
END-ISO-10303-21;
