ISO-10303-21;
HEADER;
/* Generated by software containing ST-Developer
 * from STEP Tools, Inc. (www.steptools.com) 
 */

FILE_DESCRIPTION(
/* description */ (''),
/* implementation_level */ '2;1');

FILE_NAME(
/* name */ 
'2026_09_11_@_12-46-19_AHU_AIR_INLET_from_window to filter plenum.stp',

/* time_stamp */ '2026-09-13T14:21:09+02:00',
/* author */ ('johan'),
/* organization */ (''),
/* preprocessor_version */ 'ST-DEVELOPER v20.1',
/* originating_system */ 'Autodesk Inventor 2027',
/* authorisation */ '');

FILE_SCHEMA (('AUTOMOTIVE_DESIGN { 1 0 10303 214 3 1 1 }'));
ENDSEC;

DATA;
#10=MECHANICAL_DESIGN_GEOMETRIC_PRESENTATION_REPRESENTATION('',(#209,#210,
#211,#212,#213,#214,#215,#216,#217,#218,#219,#220,#221,#222,#223,#224,#225,
#226,#227,#228,#229,#230,#231,#232,#233),#8315);
#11=B_SPLINE_CURVE_WITH_KNOTS('',3,(#6260,#6261,#6262,#6263,#6264,#6265,
#6266,#6267,#6268,#6269,#6270,#6271),.UNSPECIFIED.,.F.,.F.,(4,2,1,1,1,1,
1,1,4),(0.,0.0511713046197665,0.194028185162333,0.336885065704899,0.479741946247465,
0.62259882679003,0.765455707332597,0.908312587875163,1.),.UNSPECIFIED.);
#12=B_SPLINE_CURVE_WITH_KNOTS('',3,(#6326,#6327,#6328,#6329,#6330,#6331,
#6332,#6333,#6334,#6335,#6336,#6337),.UNSPECIFIED.,.F.,.F.,(4,2,1,1,1,1,
1,1,4),(0.,0.0783209818653651,0.221178531707381,0.364036081549396,0.506893631391412,
0.649751181233427,0.792608731075442,0.935466280917458,1.),.UNSPECIFIED.);
#13=B_SPLINE_CURVE_WITH_KNOTS('',3,(#6390,#6391,#6392,#6393,#6394,#6395,
#6396,#6397,#6398,#6399,#6400,#6401),.UNSPECIFIED.,.F.,.F.,(4,2,1,1,1,1,
1,1,4),(0.,0.0511713270019173,0.194028200049923,0.336885073097929,0.479741946145934,
0.622598819193939,0.765455692241944,0.90831256528995,1.),.UNSPECIFIED.);
#14=B_SPLINE_CURVE_WITH_KNOTS('',3,(#6453,#6454,#6455,#6456,#6457,#6458,
#6459,#6460,#6461,#6462,#6463,#6464),.UNSPECIFIED.,.F.,.F.,(4,2,1,1,1,1,
1,1,4),(0.,0.0783209402126898,0.221178490563884,0.364036040915079,0.506893591266273,
0.649751141617467,0.792608691968661,0.935466242319856,1.),.UNSPECIFIED.);
#15=B_SPLINE_CURVE_WITH_KNOTS('',3,(#6734,#6735,#6736,#6737,#6738,#6739,
#6740,#6741,#6742,#6743,#6744,#6745,#6746,#6747,#6748,#6749,#6750,#6751),
 .UNSPECIFIED.,.F.,.F.,(4,2,2,2,2,2,2,2,4),(-44.2720362689021,-43.2045747962235,
-40.9540277720566,-30.695765116829,-28.1037824712683,-21.0774968244735,
-15.8101707949746,-7.90509093974712,-0.000637370036342021),
 .UNSPECIFIED.);
#16=B_SPLINE_CURVE_WITH_KNOTS('',3,(#6756,#6757,#6758,#6759,#6760,#6761,
#6762,#6763,#6764,#6765,#6766,#6767,#6768,#6769,#6770,#6771,#6772,#6773,
#6774,#6775,#6776,#6777,#6778,#6779,#6780,#6781,#6782,#6783,#6784,#6785,
#6786,#6787,#6788,#6789),.UNSPECIFIED.,.F.,.F.,(4,2,2,2,2,2,2,2,2,2,2,2,
2,2,2,2,4),(-95.1720668260498,-91.4391275131214,-87.7055539455876,-85.2167080111826,
-81.8980588875454,-77.4728511690188,-74.9444760058499,-72.0548804775417,
-70.5138382867364,-68.87004046096,-65.1124079623615,-60.7306466392318,-58.5401295596113,
-54.1584321592611,-51.9678874030296,-47.5862646980198,-44.2720362689021),
 .UNSPECIFIED.);
#17=B_SPLINE_CURVE_WITH_KNOTS('',3,(#6793,#6794,#6795,#6796,#6797,#6798,
#6799,#6800,#6801,#6802,#6803,#6804,#6805,#6806,#6807,#6808,#6809,#6810,
#6811,#6812,#6813,#6814,#6815,#6816,#6817,#6818,#6819,#6820,#6821,#6822,
#6823,#6824,#6825,#6826,#6827,#6828,#6829,#6830,#6831,#6832,#6833,#6834,
#6835,#6836,#6837,#6838,#6839,#6840),.UNSPECIFIED.,.F.,.F.,(4,2,2,2,2,2,
2,2,2,2,2,2,2,2,2,2,2,2,2,2,2,2,2,4),(1.00000001879152E-6,8.53064561498355,
11.372550034287,22.7523346420091,26.9627548896526,35.7309891897915,40.9547214936848,
43.2073460950475,47.5892038281605,51.9709935861799,54.1616223201686,58.5434856522896,
60.7340860898939,65.1160140756636,68.8739689785097,70.5179076453445,72.0590819399981,
74.9489252643728,77.4775172805154,81.9031044888842,85.2220379933596,87.7110970855886,
91.4449903809712,95.1788895679457),.UNSPECIFIED.);
#18=B_SPLINE_CURVE_WITH_KNOTS('',3,(#6848,#6849,#6850,#6851,#6852,#6853,
#6854,#6855,#6856,#6857,#6858,#6859,#6860,#6861,#6862,#6863,#6864,#6865,
#6866,#6867),.UNSPECIFIED.,.F.,.F.,(4,2,2,2,2,2,2,2,2,4),(0.00051890777911345,
7.98654464211314,15.9730572419737,21.2946672693686,28.3932933903229,32.4473739689707,
34.8808327192315,41.1397981777528,43.4182918644729,44.4264313740835),
 .UNSPECIFIED.);
#19=B_SPLINE_CURVE_WITH_KNOTS('',3,(#6871,#6872,#6873,#6874,#6875,#6876,
#6877,#6878,#6879,#6880,#6881,#6882,#6883,#6884,#6885,#6886,#6887,#6888,
#6889,#6890,#6891,#6892,#6893,#6894,#6895,#6896,#6897,#6898,#6899,#6900,
#6901,#6902,#6903,#6904,#6905,#6906,#6907,#6908,#6909,#6910,#6911,#6912,
#6913,#6914,#6915,#6916,#6917,#6918),.UNSPECIFIED.,.F.,.F.,(4,2,2,2,2,2,
2,2,2,2,2,2,2,2,2,2,2,2,2,2,2,2,2,4),(-95.6806494018775,-91.9300874380686,
-88.179531633158,-85.6793640203789,-82.3456195171941,-77.9002836228106,
-75.3604069195412,-72.4576662314983,-70.9096137113961,-69.258338273258,
-65.4836127017296,-61.0725234262224,-58.8673423040216,-54.4563144627819,
-52.2511046045321,-47.8401459992369,-43.4291190450373,-41.1484850296179,
-35.0137819767151,-25.8218803168173,-22.5959881445738,-11.2945249952384,
-8.47207675062438,-9.99999812734131E-7),.UNSPECIFIED.);
#20=B_SPLINE_CURVE_WITH_KNOTS('',3,(#6921,#6922,#6923,#6924,#6925,#6926,
#6927,#6928,#6929,#6930,#6931,#6932,#6933,#6934,#6935,#6936,#6937,#6938,
#6939,#6940,#6941,#6942,#6943,#6944,#6945,#6946,#6947,#6948,#6949,#6950,
#6951,#6952,#6953,#6954),.UNSPECIFIED.,.F.,.F.,(4,2,2,2,2,2,2,2,2,2,2,2,
2,2,2,2,4),(44.4264313740835,47.8290604203729,52.2397612585437,54.4448418089798,
58.8556127984486,61.0606651477856,65.471496763277,69.2457781798625,70.8968595246786,
72.4447300156028,75.3471292973911,77.88670723563,82.3315202581915,85.664872866919,
88.1647466944919,91.9148618158327,95.664172802787),.UNSPECIFIED.);
#21=B_SPLINE_CURVE_WITH_KNOTS('',2,(#7598,#7599,#7600),.UNSPECIFIED.,.F.,
 .F.,(3,3),(0.,1.),.UNSPECIFIED.);
#22=B_SPLINE_CURVE_WITH_KNOTS('',2,(#7603,#7604,#7605),.UNSPECIFIED.,.F.,
 .F.,(3,3),(0.,1.),.UNSPECIFIED.);
#23=B_SPLINE_CURVE_WITH_KNOTS('',2,(#7615,#7616,#7617),.UNSPECIFIED.,.F.,
 .F.,(3,3),(0.,1.),.UNSPECIFIED.);
#24=B_SPLINE_CURVE_WITH_KNOTS('',2,(#7628,#7629,#7630),.UNSPECIFIED.,.F.,
 .F.,(3,3),(0.,1.),.UNSPECIFIED.);
#25=B_SPLINE_CURVE_WITH_KNOTS('',2,(#7652,#7653,#7654),.UNSPECIFIED.,.F.,
 .F.,(3,3),(0.,1.),.UNSPECIFIED.);
#26=B_SPLINE_CURVE_WITH_KNOTS('',2,(#7657,#7658,#7659),.UNSPECIFIED.,.F.,
 .F.,(3,3),(0.,1.),.UNSPECIFIED.);
#27=B_SPLINE_CURVE_WITH_KNOTS('',2,(#7669,#7670,#7671),.UNSPECIFIED.,.F.,
 .F.,(3,3),(0.,1.),.UNSPECIFIED.);
#28=B_SPLINE_CURVE_WITH_KNOTS('',2,(#7682,#7683,#7684),.UNSPECIFIED.,.F.,
 .F.,(3,3),(0.,1.),.UNSPECIFIED.);
#29=B_SPLINE_CURVE_WITH_KNOTS('',2,(#7706,#7707,#7708),.UNSPECIFIED.,.F.,
 .F.,(3,3),(0.,1.),.UNSPECIFIED.);
#30=B_SPLINE_CURVE_WITH_KNOTS('',2,(#7711,#7712,#7713),.UNSPECIFIED.,.F.,
 .F.,(3,3),(0.,1.),.UNSPECIFIED.);
#31=B_SPLINE_CURVE_WITH_KNOTS('',2,(#7723,#7724,#7725),.UNSPECIFIED.,.F.,
 .F.,(3,3),(0.,1.),.UNSPECIFIED.);
#32=B_SPLINE_CURVE_WITH_KNOTS('',2,(#7736,#7737,#7738),.UNSPECIFIED.,.F.,
 .F.,(3,3),(0.,1.),.UNSPECIFIED.);
#33=B_SPLINE_CURVE_WITH_KNOTS('',2,(#7760,#7761,#7762),.UNSPECIFIED.,.F.,
 .F.,(3,3),(0.,1.),.UNSPECIFIED.);
#34=B_SPLINE_CURVE_WITH_KNOTS('',2,(#7765,#7766,#7767),.UNSPECIFIED.,.F.,
 .F.,(3,3),(0.,1.),.UNSPECIFIED.);
#35=B_SPLINE_CURVE_WITH_KNOTS('',2,(#7777,#7778,#7779),.UNSPECIFIED.,.F.,
 .F.,(3,3),(0.,1.),.UNSPECIFIED.);
#36=B_SPLINE_CURVE_WITH_KNOTS('',2,(#7790,#7791,#7792),.UNSPECIFIED.,.F.,
 .F.,(3,3),(0.,1.),.UNSPECIFIED.);
#37=B_SPLINE_SURFACE_WITH_KNOTS('',3,3,((#6210,#6211,#6212,#6213),(#6214,
#6215,#6216,#6217),(#6218,#6219,#6220,#6221),(#6222,#6223,#6224,#6225),
(#6226,#6227,#6228,#6229),(#6230,#6231,#6232,#6233),(#6234,#6235,#6236,
#6237),(#6238,#6239,#6240,#6241),(#6242,#6243,#6244,#6245),(#6246,#6247,
#6248,#6249),(#6250,#6251,#6252,#6253),(#6254,#6255,#6256,#6257)),
 .UNSPECIFIED.,.F.,.F.,.F.,(4,2,1,1,1,1,1,1,4),(4,4),(0.,0.0511713046197665,
0.194028185162333,0.336885065704899,0.479741946247465,0.62259882679003,
0.765455707332597,0.908312587875163,1.),(0.,1.),.UNSPECIFIED.);
#38=B_SPLINE_SURFACE_WITH_KNOTS('',3,3,((#6277,#6278,#6279,#6280),(#6281,
#6282,#6283,#6284),(#6285,#6286,#6287,#6288),(#6289,#6290,#6291,#6292),
(#6293,#6294,#6295,#6296),(#6297,#6298,#6299,#6300),(#6301,#6302,#6303,
#6304),(#6305,#6306,#6307,#6308),(#6309,#6310,#6311,#6312),(#6313,#6314,
#6315,#6316),(#6317,#6318,#6319,#6320),(#6321,#6322,#6323,#6324)),
 .UNSPECIFIED.,.F.,.F.,.F.,(4,2,1,1,1,1,1,1,4),(4,4),(0.,0.0783209818653651,
0.221178531707381,0.364036081549396,0.506893631391412,0.649751181233427,
0.792608731075442,0.935466280917458,1.),(0.,1.),.UNSPECIFIED.);
#39=B_SPLINE_SURFACE_WITH_KNOTS('',3,3,((#6341,#6342,#6343,#6344),(#6345,
#6346,#6347,#6348),(#6349,#6350,#6351,#6352),(#6353,#6354,#6355,#6356),
(#6357,#6358,#6359,#6360),(#6361,#6362,#6363,#6364),(#6365,#6366,#6367,
#6368),(#6369,#6370,#6371,#6372),(#6373,#6374,#6375,#6376),(#6377,#6378,
#6379,#6380),(#6381,#6382,#6383,#6384),(#6385,#6386,#6387,#6388)),
 .UNSPECIFIED.,.F.,.F.,.F.,(4,2,1,1,1,1,1,1,4),(4,4),(0.,0.0511713270019173,
0.194028200049923,0.336885073097929,0.479741946145934,0.622598819193939,
0.765455692241944,0.90831256528995,1.),(0.,1.),.UNSPECIFIED.);
#40=B_SPLINE_SURFACE_WITH_KNOTS('',3,3,((#6405,#6406,#6407,#6408),(#6409,
#6410,#6411,#6412),(#6413,#6414,#6415,#6416),(#6417,#6418,#6419,#6420),
(#6421,#6422,#6423,#6424),(#6425,#6426,#6427,#6428),(#6429,#6430,#6431,
#6432),(#6433,#6434,#6435,#6436),(#6437,#6438,#6439,#6440),(#6441,#6442,
#6443,#6444),(#6445,#6446,#6447,#6448),(#6449,#6450,#6451,#6452)),
 .UNSPECIFIED.,.F.,.F.,.F.,(4,2,1,1,1,1,1,1,4),(4,4),(0.,0.0783209402126898,
0.221178490563884,0.364036040915079,0.506893591266273,0.649751141617467,
0.792608691968661,0.935466242319856,1.),(0.,1.),.UNSPECIFIED.);
#41=B_SPLINE_SURFACE_WITH_KNOTS('',3,3,((#6467,#6468,#6469,#6470),(#6471,
#6472,#6473,#6474),(#6475,#6476,#6477,#6478),(#6479,#6480,#6481,#6482),
(#6483,#6484,#6485,#6486),(#6487,#6488,#6489,#6490),(#6491,#6492,#6493,
#6494),(#6495,#6496,#6497,#6498),(#6499,#6500,#6501,#6502),(#6503,#6504,
#6505,#6506)),.UNSPECIFIED.,.F.,.F.,.F.,(4,1,1,1,1,1,1,4),(4,4),(-5.57841244869232E-6,
0.142857142857143,0.285714285714286,0.428571428571429,0.571428571428571,
0.714285714285714,0.857142857142857,1.00000413732726),(0.,1.00000557841245),
 .UNSPECIFIED.);
#42=B_SPLINE_SURFACE_WITH_KNOTS('',3,3,((#6512,#6513,#6514,#6515),(#6516,
#6517,#6518,#6519),(#6520,#6521,#6522,#6523),(#6524,#6525,#6526,#6527),
(#6528,#6529,#6530,#6531),(#6532,#6533,#6534,#6535),(#6536,#6537,#6538,
#6539),(#6540,#6541,#6542,#6543),(#6544,#6545,#6546,#6547),(#6548,#6549,
#6550,#6551)),.UNSPECIFIED.,.F.,.F.,.F.,(4,1,1,1,1,1,1,4),(4,4),(-3.79399247210088E-6,
0.142857142857143,0.285714285714286,0.428571428571429,0.571428571428571,
0.714285714285714,0.857142857142857,1.00000379399247),(0.,1.00000379399247),
 .UNSPECIFIED.);
#43=B_SPLINE_SURFACE_WITH_KNOTS('',3,3,((#6555,#6556,#6557,#6558),(#6559,
#6560,#6561,#6562),(#6563,#6564,#6565,#6566),(#6567,#6568,#6569,#6570),
(#6571,#6572,#6573,#6574),(#6575,#6576,#6577,#6578),(#6579,#6580,#6581,
#6582),(#6583,#6584,#6585,#6586),(#6587,#6588,#6589,#6590),(#6591,#6592,
#6593,#6594)),.UNSPECIFIED.,.F.,.F.,.F.,(4,1,1,1,1,1,1,4),(4,4),(-2.02485003002684E-5,
0.142857142857143,0.285714285714286,0.428571428571429,0.571428571428571,
0.714285714285714,0.857142857142857,1.0000202485003),(0.,1.0000202485003),
 .UNSPECIFIED.);
#44=B_SPLINE_SURFACE_WITH_KNOTS('',3,3,((#6598,#6599,#6600,#6601),(#6602,
#6603,#6604,#6605),(#6606,#6607,#6608,#6609),(#6610,#6611,#6612,#6613),
(#6614,#6615,#6616,#6617),(#6618,#6619,#6620,#6621),(#6622,#6623,#6624,
#6625),(#6626,#6627,#6628,#6629),(#6630,#6631,#6632,#6633),(#6634,#6635,
#6636,#6637)),.UNSPECIFIED.,.F.,.F.,.F.,(4,1,1,1,1,1,1,4),(4,4),(-3.86642903915657E-6,
0.142857142857143,0.285714285714286,0.428571428571429,0.571428571428571,
0.714285714285714,0.857142857142857,1.00000386642904),(0.,1.00000386642904),
 .UNSPECIFIED.);
#45=B_SPLINE_SURFACE_WITH_KNOTS('',3,3,((#6956,#6957,#6958,#6959),(#6960,
#6961,#6962,#6963),(#6964,#6965,#6966,#6967),(#6968,#6969,#6970,#6971),
(#6972,#6973,#6974,#6975),(#6976,#6977,#6978,#6979),(#6980,#6981,#6982,
#6983),(#6984,#6985,#6986,#6987),(#6988,#6989,#6990,#6991),(#6992,#6993,
#6994,#6995),(#6996,#6997,#6998,#6999),(#7000,#7001,#7002,#7003),(#7004,
#7005,#7006,#7007),(#7008,#7009,#7010,#7011),(#7012,#7013,#7014,#7015)),
 .UNSPECIFIED.,.F.,.F.,.F.,(4,1,1,1,1,1,1,1,1,1,1,1,4),(4,4),(-8.43412935779649E-6,
0.0714285714285714,0.142857142857143,0.214285714285714,0.285714285714286,
0.357142857142857,0.428571428571429,0.5,0.571428571428571,0.619047619047619,
0.714285714285714,0.857142857142857,1.00000752996825),(-1.94830849690345E-5,
1.),.UNSPECIFIED.);
#46=B_SPLINE_SURFACE_WITH_KNOTS('',3,3,((#7018,#7019,#7020,#7021),(#7022,
#7023,#7024,#7025),(#7026,#7027,#7028,#7029),(#7030,#7031,#7032,#7033),
(#7034,#7035,#7036,#7037),(#7038,#7039,#7040,#7041),(#7042,#7043,#7044,
#7045),(#7046,#7047,#7048,#7049)),.UNSPECIFIED.,.F.,.F.,.F.,(4,1,1,1,1,
4),(4,4),(-4.88919697035017E-6,0.142857142857143,0.285714285714286,0.571428571428571,
0.857142857142857,1.00000488919698),(-1.23082882722125E-5,1.),
 .UNSPECIFIED.);
#47=B_SPLINE_SURFACE_WITH_KNOTS('',3,3,((#7051,#7052,#7053,#7054),(#7055,
#7056,#7057,#7058),(#7059,#7060,#7061,#7062),(#7063,#7064,#7065,#7066),
(#7067,#7068,#7069,#7070),(#7071,#7072,#7073,#7074),(#7075,#7076,#7077,
#7078),(#7079,#7080,#7081,#7082),(#7083,#7084,#7085,#7086),(#7087,#7088,
#7089,#7090),(#7091,#7092,#7093,#7094),(#7095,#7096,#7097,#7098),(#7099,
#7100,#7101,#7102),(#7103,#7104,#7105,#7106),(#7107,#7108,#7109,#7110)),
 .UNSPECIFIED.,.F.,.F.,.F.,(4,1,1,1,1,1,1,1,1,1,1,1,4),(4,4),(-2.26782016801509E-5,
0.0714285714285714,0.142857142857143,0.214285714285714,0.285714285714286,
0.357142857142857,0.428571428571429,0.5,0.571428571428571,0.619047619047619,
0.714285714285714,0.857142857142857,1.00002267820168),(-2.26782016801509E-5,
1.),.UNSPECIFIED.);
#48=B_SPLINE_SURFACE_WITH_KNOTS('',3,3,((#7112,#7113,#7114,#7115),(#7116,
#7117,#7118,#7119),(#7120,#7121,#7122,#7123),(#7124,#7125,#7126,#7127),
(#7128,#7129,#7130,#7131),(#7132,#7133,#7134,#7135),(#7136,#7137,#7138,
#7139),(#7140,#7141,#7142,#7143)),.UNSPECIFIED.,.F.,.F.,.F.,(4,1,1,1,1,
4),(4,4),(-4.89956872530862E-6,0.142857142857143,0.285714285714286,0.571428571428571,
0.857142857142857,1.00000489956872),(-1.23965634751267E-5,1.),
 .UNSPECIFIED.);
#49=B_SPLINE_SURFACE_WITH_KNOTS('',3,3,((#7153,#7154,#7155,#7156),(#7157,
#7158,#7159,#7160),(#7161,#7162,#7163,#7164),(#7165,#7166,#7167,#7168),
(#7169,#7170,#7171,#7172),(#7173,#7174,#7175,#7176),(#7177,#7178,#7179,
#7180),(#7181,#7182,#7183,#7184),(#7185,#7186,#7187,#7188),(#7189,#7190,
#7191,#7192),(#7193,#7194,#7195,#7196),(#7197,#7198,#7199,#7200),(#7201,
#7202,#7203,#7204),(#7205,#7206,#7207,#7208),(#7209,#7210,#7211,#7212)),
 .UNSPECIFIED.,.F.,.F.,.F.,(4,1,1,1,1,1,1,1,1,1,1,1,4),(4,4),(-8.46086036431481E-6,
0.0714285714285714,0.142857142857143,0.214285714285714,0.285714285714286,
0.357142857142857,0.428571428571429,0.5,0.571428571428571,0.619047619047619,
0.714285714285714,0.857142857142857,1.00000542555517),(-1.93336078174902E-5,
1.),.UNSPECIFIED.);
#50=B_SPLINE_SURFACE_WITH_KNOTS('',3,3,((#7215,#7216,#7217,#7218),(#7219,
#7220,#7221,#7222),(#7223,#7224,#7225,#7226),(#7227,#7228,#7229,#7230),
(#7231,#7232,#7233,#7234),(#7235,#7236,#7237,#7238),(#7239,#7240,#7241,
#7242),(#7243,#7244,#7245,#7246)),.UNSPECIFIED.,.F.,.F.,.F.,(4,1,1,1,1,
4),(4,4),(-4.11637389632995E-6,0.142857142857143,0.285714285714286,0.571428571428571,
0.857142857142857,1.00000411637389),(-4.16070673571736E-6,1.),
 .UNSPECIFIED.);
#51=B_SPLINE_SURFACE_WITH_KNOTS('',3,3,((#7248,#7249,#7250,#7251),(#7252,
#7253,#7254,#7255),(#7256,#7257,#7258,#7259),(#7260,#7261,#7262,#7263),
(#7264,#7265,#7266,#7267),(#7268,#7269,#7270,#7271),(#7272,#7273,#7274,
#7275),(#7276,#7277,#7278,#7279),(#7280,#7281,#7282,#7283),(#7284,#7285,
#7286,#7287),(#7288,#7289,#7290,#7291),(#7292,#7293,#7294,#7295),(#7296,
#7297,#7298,#7299),(#7300,#7301,#7302,#7303),(#7304,#7305,#7306,#7307)),
 .UNSPECIFIED.,.F.,.F.,.F.,(4,1,1,1,1,1,1,1,1,1,1,1,4),(4,4),(-1.17393275138619E-5,
0.0714285714285714,0.142857142857143,0.214285714285714,0.285714285714286,
0.357142857142857,0.428571428571429,0.5,0.571428571428571,0.619047619047619,
0.714285714285714,0.857142857142857,1.00001173932751),(-2.15514124685062E-5,
1.),.UNSPECIFIED.);
#52=B_SPLINE_SURFACE_WITH_KNOTS('',3,3,((#7309,#7310,#7311,#7312),(#7313,
#7314,#7315,#7316),(#7317,#7318,#7319,#7320),(#7321,#7322,#7323,#7324),
(#7325,#7326,#7327,#7328),(#7329,#7330,#7331,#7332),(#7333,#7334,#7335,
#7336),(#7337,#7338,#7339,#7340)),.UNSPECIFIED.,.F.,.F.,.F.,(4,1,1,1,1,
4),(4,4),(-4.13333034726734E-6,0.142857142857143,0.285714285714286,0.571428571428571,
0.857142857142857,1.00000413333034),(-4.23076395412449E-6,1.),
 .UNSPECIFIED.);
#53=B_SPLINE_SURFACE_WITH_KNOTS('',1,2,((#7588,#7589,#7590),(#7591,#7592,
#7593)),.UNSPECIFIED.,.F.,.F.,.F.,(2,2),(3,3),(0.,1.),(0.,1.),
 .UNSPECIFIED.);
#54=B_SPLINE_SURFACE_WITH_KNOTS('',1,2,((#7606,#7607,#7608),(#7609,#7610,
#7611)),.UNSPECIFIED.,.F.,.F.,.F.,(2,2),(3,3),(1.,2.),(0.,1.),
 .UNSPECIFIED.);
#55=B_SPLINE_SURFACE_WITH_KNOTS('',1,2,((#7619,#7620,#7621),(#7622,#7623,
#7624)),.UNSPECIFIED.,.F.,.F.,.F.,(2,2),(3,3),(2.,3.),(0.,1.),
 .UNSPECIFIED.);
#56=B_SPLINE_SURFACE_WITH_KNOTS('',1,2,((#7632,#7633,#7634),(#7635,#7636,
#7637)),.UNSPECIFIED.,.F.,.F.,.F.,(2,2),(3,3),(3.,4.),(0.,1.),
 .UNSPECIFIED.);
#57=B_SPLINE_SURFACE_WITH_KNOTS('',1,2,((#7642,#7643,#7644),(#7645,#7646,
#7647)),.UNSPECIFIED.,.F.,.F.,.F.,(2,2),(3,3),(0.,1.),(0.,1.),
 .UNSPECIFIED.);
#58=B_SPLINE_SURFACE_WITH_KNOTS('',1,2,((#7660,#7661,#7662),(#7663,#7664,
#7665)),.UNSPECIFIED.,.F.,.F.,.F.,(2,2),(3,3),(1.,2.),(0.,1.),
 .UNSPECIFIED.);
#59=B_SPLINE_SURFACE_WITH_KNOTS('',1,2,((#7673,#7674,#7675),(#7676,#7677,
#7678)),.UNSPECIFIED.,.F.,.F.,.F.,(2,2),(3,3),(2.,3.),(0.,1.),
 .UNSPECIFIED.);
#60=B_SPLINE_SURFACE_WITH_KNOTS('',1,2,((#7686,#7687,#7688),(#7689,#7690,
#7691)),.UNSPECIFIED.,.F.,.F.,.F.,(2,2),(3,3),(3.,4.),(0.,1.),
 .UNSPECIFIED.);
#61=B_SPLINE_SURFACE_WITH_KNOTS('',1,2,((#7696,#7697,#7698),(#7699,#7700,
#7701)),.UNSPECIFIED.,.F.,.F.,.F.,(2,2),(3,3),(0.,1.),(0.,1.),
 .UNSPECIFIED.);
#62=B_SPLINE_SURFACE_WITH_KNOTS('',1,2,((#7714,#7715,#7716),(#7717,#7718,
#7719)),.UNSPECIFIED.,.F.,.F.,.F.,(2,2),(3,3),(1.,2.),(0.,1.),
 .UNSPECIFIED.);
#63=B_SPLINE_SURFACE_WITH_KNOTS('',1,2,((#7727,#7728,#7729),(#7730,#7731,
#7732)),.UNSPECIFIED.,.F.,.F.,.F.,(2,2),(3,3),(2.,3.),(0.,1.),
 .UNSPECIFIED.);
#64=B_SPLINE_SURFACE_WITH_KNOTS('',1,2,((#7740,#7741,#7742),(#7743,#7744,
#7745)),.UNSPECIFIED.,.F.,.F.,.F.,(2,2),(3,3),(3.,4.),(0.,1.),
 .UNSPECIFIED.);
#65=B_SPLINE_SURFACE_WITH_KNOTS('',1,2,((#7750,#7751,#7752),(#7753,#7754,
#7755)),.UNSPECIFIED.,.F.,.F.,.F.,(2,2),(3,3),(0.,1.),(0.,1.),
 .UNSPECIFIED.);
#66=B_SPLINE_SURFACE_WITH_KNOTS('',1,2,((#7768,#7769,#7770),(#7771,#7772,
#7773)),.UNSPECIFIED.,.F.,.F.,.F.,(2,2),(3,3),(1.,2.),(0.,1.),
 .UNSPECIFIED.);
#67=B_SPLINE_SURFACE_WITH_KNOTS('',1,2,((#7781,#7782,#7783),(#7784,#7785,
#7786)),.UNSPECIFIED.,.F.,.F.,.F.,(2,2),(3,3),(2.,3.),(0.,1.),
 .UNSPECIFIED.);
#68=B_SPLINE_SURFACE_WITH_KNOTS('',1,2,((#7794,#7795,#7796),(#7797,#7798,
#7799)),.UNSPECIFIED.,.F.,.F.,.F.,(2,2),(3,3),(3.,4.),(0.,1.),
 .UNSPECIFIED.);
#69=TOROIDAL_SURFACE('',#4512,1350.,446.999977919106);
#70=TOROIDAL_SURFACE('',#4514,1350.,449.999977919106);
#71=TOROIDAL_SURFACE('',#4560,453.,6.);
#72=TOROIDAL_SURFACE('',#4567,453.,6.);
#73=TOROIDAL_SURFACE('',#4574,447.,5.);
#74=TOROIDAL_SURFACE('',#4583,447.,7.00000000000003);
#75=TOROIDAL_SURFACE('',#4786,453.,6.);
#76=TOROIDAL_SURFACE('',#4793,453.,6.);
#77=TOROIDAL_SURFACE('',#4800,447.,5.);
#78=TOROIDAL_SURFACE('',#4809,447.,7.00000000000003);
#79=TOROIDAL_SURFACE('',#4860,453.,6.);
#80=TOROIDAL_SURFACE('',#4867,453.,6.);
#81=TOROIDAL_SURFACE('',#4874,447.,5.);
#82=TOROIDAL_SURFACE('',#4883,447.,7.00000000000003);
#83=TOROIDAL_SURFACE('',#4918,870.000000000001,450.);
#84=TOROIDAL_SURFACE('',#4920,870.000000000001,452.);
#85=ITEM_DEFINED_TRANSFORMATION($,$,#4471,#4483);
#86=ITEM_DEFINED_TRANSFORMATION($,$,#4589,#4888);
#87=ITEM_DEFINED_TRANSFORMATION($,$,#4598,#4889);
#88=ITEM_DEFINED_TRANSFORMATION($,$,#4643,#4890);
#89=ITEM_DEFINED_TRANSFORMATION($,$,#4688,#4891);
#90=ITEM_DEFINED_TRANSFORMATION($,$,#4694,#4892);
#91=ITEM_DEFINED_TRANSFORMATION($,$,#4703,#4893);
#92=ITEM_DEFINED_TRANSFORMATION($,$,#4734,#4894);
#93=ITEM_DEFINED_TRANSFORMATION($,$,#4740,#4895);
#94=ITEM_DEFINED_TRANSFORMATION($,$,#4785,#4896);
#95=ITEM_DEFINED_TRANSFORMATION($,$,#4814,#4897);
#96=ITEM_DEFINED_TRANSFORMATION($,$,#4859,#4898);
#97=ITEM_DEFINED_TRANSFORMATION($,$,#4470,#4922);
#98=ITEM_DEFINED_TRANSFORMATION($,$,#4484,#4923);
#99=ITEM_DEFINED_TRANSFORMATION($,$,#4493,#4924);
#100=ITEM_DEFINED_TRANSFORMATION($,$,#4516,#4925);
#101=ITEM_DEFINED_TRANSFORMATION($,$,#4559,#4926);
#102=ITEM_DEFINED_TRANSFORMATION($,$,#4539,#4927);
#103=ITEM_DEFINED_TRANSFORMATION($,$,#4559,#4928);
#104=ITEM_DEFINED_TRANSFORMATION($,$,#4559,#4929);
#105=ITEM_DEFINED_TRANSFORMATION($,$,#4588,#4930);
#106=ITEM_DEFINED_TRANSFORMATION($,$,#4899,#4931);
#107=(
REPRESENTATION_RELATIONSHIP($,$,#8386,#8385)
REPRESENTATION_RELATIONSHIP_WITH_TRANSFORMATION(#85)
SHAPE_REPRESENTATION_RELATIONSHIP()
);
#108=(
REPRESENTATION_RELATIONSHIP($,$,#8393,#8392)
REPRESENTATION_RELATIONSHIP_WITH_TRANSFORMATION(#86)
SHAPE_REPRESENTATION_RELATIONSHIP()
);
#109=(
REPRESENTATION_RELATIONSHIP($,$,#8394,#8392)
REPRESENTATION_RELATIONSHIP_WITH_TRANSFORMATION(#87)
SHAPE_REPRESENTATION_RELATIONSHIP()
);
#110=(
REPRESENTATION_RELATIONSHIP($,$,#8395,#8392)
REPRESENTATION_RELATIONSHIP_WITH_TRANSFORMATION(#88)
SHAPE_REPRESENTATION_RELATIONSHIP()
);
#111=(
REPRESENTATION_RELATIONSHIP($,$,#8396,#8392)
REPRESENTATION_RELATIONSHIP_WITH_TRANSFORMATION(#89)
SHAPE_REPRESENTATION_RELATIONSHIP()
);
#112=(
REPRESENTATION_RELATIONSHIP($,$,#8397,#8392)
REPRESENTATION_RELATIONSHIP_WITH_TRANSFORMATION(#90)
SHAPE_REPRESENTATION_RELATIONSHIP()
);
#113=(
REPRESENTATION_RELATIONSHIP($,$,#8398,#8392)
REPRESENTATION_RELATIONSHIP_WITH_TRANSFORMATION(#91)
SHAPE_REPRESENTATION_RELATIONSHIP()
);
#114=(
REPRESENTATION_RELATIONSHIP($,$,#8399,#8392)
REPRESENTATION_RELATIONSHIP_WITH_TRANSFORMATION(#92)
SHAPE_REPRESENTATION_RELATIONSHIP()
);
#115=(
REPRESENTATION_RELATIONSHIP($,$,#8400,#8392)
REPRESENTATION_RELATIONSHIP_WITH_TRANSFORMATION(#93)
SHAPE_REPRESENTATION_RELATIONSHIP()
);
#116=(
REPRESENTATION_RELATIONSHIP($,$,#8401,#8392)
REPRESENTATION_RELATIONSHIP_WITH_TRANSFORMATION(#94)
SHAPE_REPRESENTATION_RELATIONSHIP()
);
#117=(
REPRESENTATION_RELATIONSHIP($,$,#8402,#8392)
REPRESENTATION_RELATIONSHIP_WITH_TRANSFORMATION(#95)
SHAPE_REPRESENTATION_RELATIONSHIP()
);
#118=(
REPRESENTATION_RELATIONSHIP($,$,#8403,#8392)
REPRESENTATION_RELATIONSHIP_WITH_TRANSFORMATION(#96)
SHAPE_REPRESENTATION_RELATIONSHIP()
);
#119=(
REPRESENTATION_RELATIONSHIP($,$,#8385,#8384)
REPRESENTATION_RELATIONSHIP_WITH_TRANSFORMATION(#97)
SHAPE_REPRESENTATION_RELATIONSHIP()
);
#120=(
REPRESENTATION_RELATIONSHIP($,$,#8387,#8384)
REPRESENTATION_RELATIONSHIP_WITH_TRANSFORMATION(#98)
SHAPE_REPRESENTATION_RELATIONSHIP()
);
#121=(
REPRESENTATION_RELATIONSHIP($,$,#8388,#8384)
REPRESENTATION_RELATIONSHIP_WITH_TRANSFORMATION(#99)
SHAPE_REPRESENTATION_RELATIONSHIP()
);
#122=(
REPRESENTATION_RELATIONSHIP($,$,#8389,#8384)
REPRESENTATION_RELATIONSHIP_WITH_TRANSFORMATION(#100)
SHAPE_REPRESENTATION_RELATIONSHIP()
);
#123=(
REPRESENTATION_RELATIONSHIP($,$,#8391,#8384)
REPRESENTATION_RELATIONSHIP_WITH_TRANSFORMATION(#101)
SHAPE_REPRESENTATION_RELATIONSHIP()
);
#124=(
REPRESENTATION_RELATIONSHIP($,$,#8390,#8384)
REPRESENTATION_RELATIONSHIP_WITH_TRANSFORMATION(#102)
SHAPE_REPRESENTATION_RELATIONSHIP()
);
#125=(
REPRESENTATION_RELATIONSHIP($,$,#8391,#8384)
REPRESENTATION_RELATIONSHIP_WITH_TRANSFORMATION(#103)
SHAPE_REPRESENTATION_RELATIONSHIP()
);
#126=(
REPRESENTATION_RELATIONSHIP($,$,#8391,#8384)
REPRESENTATION_RELATIONSHIP_WITH_TRANSFORMATION(#104)
SHAPE_REPRESENTATION_RELATIONSHIP()
);
#127=(
REPRESENTATION_RELATIONSHIP($,$,#8392,#8384)
REPRESENTATION_RELATIONSHIP_WITH_TRANSFORMATION(#105)
SHAPE_REPRESENTATION_RELATIONSHIP()
);
#128=(
REPRESENTATION_RELATIONSHIP($,$,#8404,#8384)
REPRESENTATION_RELATIONSHIP_WITH_TRANSFORMATION(#106)
SHAPE_REPRESENTATION_RELATIONSHIP()
);
#129=CONTEXT_DEPENDENT_SHAPE_REPRESENTATION(#107,#8344);
#130=CONTEXT_DEPENDENT_SHAPE_REPRESENTATION(#108,#8362);
#131=CONTEXT_DEPENDENT_SHAPE_REPRESENTATION(#109,#8363);
#132=CONTEXT_DEPENDENT_SHAPE_REPRESENTATION(#110,#8364);
#133=CONTEXT_DEPENDENT_SHAPE_REPRESENTATION(#111,#8365);
#134=CONTEXT_DEPENDENT_SHAPE_REPRESENTATION(#112,#8366);
#135=CONTEXT_DEPENDENT_SHAPE_REPRESENTATION(#113,#8367);
#136=CONTEXT_DEPENDENT_SHAPE_REPRESENTATION(#114,#8368);
#137=CONTEXT_DEPENDENT_SHAPE_REPRESENTATION(#115,#8369);
#138=CONTEXT_DEPENDENT_SHAPE_REPRESENTATION(#116,#8370);
#139=CONTEXT_DEPENDENT_SHAPE_REPRESENTATION(#117,#8371);
#140=CONTEXT_DEPENDENT_SHAPE_REPRESENTATION(#118,#8372);
#141=CONTEXT_DEPENDENT_SHAPE_REPRESENTATION(#119,#8374);
#142=CONTEXT_DEPENDENT_SHAPE_REPRESENTATION(#120,#8375);
#143=CONTEXT_DEPENDENT_SHAPE_REPRESENTATION(#121,#8376);
#144=CONTEXT_DEPENDENT_SHAPE_REPRESENTATION(#122,#8377);
#145=CONTEXT_DEPENDENT_SHAPE_REPRESENTATION(#123,#8378);
#146=CONTEXT_DEPENDENT_SHAPE_REPRESENTATION(#124,#8379);
#147=CONTEXT_DEPENDENT_SHAPE_REPRESENTATION(#125,#8380);
#148=CONTEXT_DEPENDENT_SHAPE_REPRESENTATION(#126,#8381);
#149=CONTEXT_DEPENDENT_SHAPE_REPRESENTATION(#127,#8382);
#150=CONTEXT_DEPENDENT_SHAPE_REPRESENTATION(#128,#8383);
#151=NEXT_ASSEMBLY_USAGE_OCCURRENCE('Component3:1','Component3:1',
'Component3:1',#8407,#8408,'Component3:1');
#152=NEXT_ASSEMBLY_USAGE_OCCURRENCE(
'01 PMA 804C casing - ID 810 / t 2 / E 560:1',
'01 PMA 804C casing - ID 810 / t 2 / E 560:1',
'01 PMA 804C casing - ID 810 / t 2 / E 560:1',#8414,#8415,
'01 PMA 804C casing - ID 810 / t 2 / E 560:1');
#153=NEXT_ASSEMBLY_USAGE_OCCURRENCE(
'02 Flange A - OD 884 / 12x14 / PCD 855:1',
'02 Flange A - OD 884 / 12x14 / PCD 855:1',
'02 Flange A - OD 884 / 12x14 / PCD 855:1',#8414,#8416,
'02 Flange A - OD 884 / 12x14 / PCD 855:1');
#154=NEXT_ASSEMBLY_USAGE_OCCURRENCE(
'03 Flange B - OD 884 / 12x14 / PCD 855:1',
'03 Flange B - OD 884 / 12x14 / PCD 855:1',
'03 Flange B - OD 884 / 12x14 / PCD 855:1',#8414,#8417,
'03 Flange B - OD 884 / 12x14 / PCD 855:1');
#155=NEXT_ASSEMBLY_USAGE_OCCURRENCE('04 Simplified fan hub - OD 191:1',
'04 Simplified fan hub - OD 191:1','04 Simplified fan hub - OD 191:1',#8414,
#8418,'04 Simplified fan hub - OD 191:1');
#156=NEXT_ASSEMBLY_USAGE_OCCURRENCE(
'05 Impeller - 790 mm / 4 blades / 34 deg - simplified:1',
'05 Impeller - 790 mm / 4 blades / 34 deg - simplified:1',
'05 Impeller - 790 mm / 4 blades / 34 deg - simplified:1',#8414,#8419,
'05 Impeller - 790 mm / 4 blades / 34 deg - simplified:1');
#157=NEXT_ASSEMBLY_USAGE_OCCURRENCE(
'06 Motor support frame - simplified coordination geometry:1',
'06 Motor support frame - simplified coordination geometry:1',
'06 Motor support frame - simplified coordination geometry:1',#8414,#8420,
'06 Motor support frame - simplified coordination geometry:1');
#158=NEXT_ASSEMBLY_USAGE_OCCURRENCE(
'07 Motor axis reference - replace with imported motor STEP:1',
'07 Motor axis reference - replace with imported motor STEP:1',
'07 Motor axis reference - replace with imported motor STEP:1',#8414,#8421,
'07 Motor axis reference - replace with imported motor STEP:1');
#159=NEXT_ASSEMBLY_USAGE_OCCURRENCE('Component9:1','Component9:1',
'Component9:1',#8414,#8422,'Component9:1');
#160=NEXT_ASSEMBLY_USAGE_OCCURRENCE('slider 900:1','slider 900:1',
'slider 900:1',#8414,#8423,'slider 900:1');
#161=NEXT_ASSEMBLY_USAGE_OCCURRENCE('Component9(Mirror):1',
'Component9(Mirror):1','Component9(Mirror):1',#8414,#8424,
'Component9(Mirror):1');
#162=NEXT_ASSEMBLY_USAGE_OCCURRENCE('slider 900(Mirror):1',
'slider 900(Mirror):1','slider 900(Mirror):1',#8414,#8425,
'slider 900(Mirror):1');
#163=NEXT_ASSEMBLY_USAGE_OCCURRENCE('Origin machine:1',
'Origin machine:1','Origin machine:1',#8406,#8407,'Origin machine:1');
#164=NEXT_ASSEMBLY_USAGE_OCCURRENCE('tube 900 L 4200:1',
'tube 900 L 4200:1','tube 900 L 4200:1',#8406,#8409,'tube 900 L 4200:1');
#165=NEXT_ASSEMBLY_USAGE_OCCURRENCE('bocht 24.1 90\X\B0 R=1.5D900:1',
'bocht 24.1 90\X\B0 R=1.5D900:1','bocht 24.1 90\X\B0 R=1.5D900:1',#8406,
#8410,'bocht 24.1 90\X\B0 R=1.5D900:1');
#166=NEXT_ASSEMBLY_USAGE_OCCURRENCE('boord VKR groot:1',
'boord VKR groot:1','boord VKR groot:1',#8406,#8411,'boord VKR groot:1');
#167=NEXT_ASSEMBLY_USAGE_OCCURRENCE('slider 900:1','slider 900:1',
'slider 900:1',#8406,#8413,'slider 900:1');
#168=NEXT_ASSEMBLY_USAGE_OCCURRENCE(
'AIR_INLET 2026_09_07_@_15-31-18_vkr 2500x100_900_1500:1',
'AIR_INLET 2026_09_07_@_15-31-18_vkr 2500x100_900_1500:1',
'AIR_INLET 2026_09_07_@_15-31-18_vkr 2500x100_900_1500:1',#8406,#8412,
'AIR_INLET 2026_09_07_@_15-31-18_vkr 2500x100_900_1500:1');
#169=NEXT_ASSEMBLY_USAGE_OCCURRENCE('slider 900:2','slider 900:2',
'slider 900:2',#8406,#8413,'slider 900:2');
#170=NEXT_ASSEMBLY_USAGE_OCCURRENCE('slider 900:3','slider 900:3',
'slider 900:3',#8406,#8413,'slider 900:3');
#171=NEXT_ASSEMBLY_USAGE_OCCURRENCE(
'PMA804C_AXIAL_FAN_with duct900 and sliders:1',
'PMA804C_AXIAL_FAN_with duct900 and sliders:1',
'PMA804C_AXIAL_FAN_with duct900 and sliders:1',#8406,#8414,
'PMA804C_AXIAL_FAN_with duct900 and sliders:1');
#172=NEXT_ASSEMBLY_USAGE_OCCURRENCE(
'Bocht segment ID900 R=1.5D +recht 50:1',
'Bocht segment ID900 R=1.5D +recht 50:1',
'Bocht segment ID900 R=1.5D +recht 50:1',#8406,#8426,
'Bocht segment ID900 R=1.5D +recht 50:1');
#173=SHAPE_REPRESENTATION_RELATIONSHIP('SRR','None',#8386,#191);
#174=SHAPE_REPRESENTATION_RELATIONSHIP('SRR','None',#8387,#192);
#175=SHAPE_REPRESENTATION_RELATIONSHIP('SRR','None',#8388,#193);
#176=SHAPE_REPRESENTATION_RELATIONSHIP('SRR','None',#8389,#194);
#177=SHAPE_REPRESENTATION_RELATIONSHIP('SRR','None',#8390,#195);
#178=SHAPE_REPRESENTATION_RELATIONSHIP('SRR','None',#8391,#196);
#179=SHAPE_REPRESENTATION_RELATIONSHIP('SRR','None',#8393,#197);
#180=SHAPE_REPRESENTATION_RELATIONSHIP('SRR','None',#8394,#198);
#181=SHAPE_REPRESENTATION_RELATIONSHIP('SRR','None',#8395,#199);
#182=SHAPE_REPRESENTATION_RELATIONSHIP('SRR','None',#8396,#200);
#183=SHAPE_REPRESENTATION_RELATIONSHIP('SRR','None',#8397,#201);
#184=SHAPE_REPRESENTATION_RELATIONSHIP('SRR','None',#8398,#202);
#185=SHAPE_REPRESENTATION_RELATIONSHIP('SRR','None',#8399,#203);
#186=SHAPE_REPRESENTATION_RELATIONSHIP('SRR','None',#8400,#204);
#187=SHAPE_REPRESENTATION_RELATIONSHIP('SRR','None',#8401,#205);
#188=SHAPE_REPRESENTATION_RELATIONSHIP('SRR','None',#8402,#206);
#189=SHAPE_REPRESENTATION_RELATIONSHIP('SRR','None',#8403,#207);
#190=SHAPE_REPRESENTATION_RELATIONSHIP('SRR','None',#8404,#208);
#191=ADVANCED_BREP_SHAPE_REPRESENTATION('',(#234),#8296);
#192=ADVANCED_BREP_SHAPE_REPRESENTATION('',(#235),#8297);
#193=ADVANCED_BREP_SHAPE_REPRESENTATION('',(#236),#8298);
#194=ADVANCED_BREP_SHAPE_REPRESENTATION('',(#237),#8299);
#195=ADVANCED_BREP_SHAPE_REPRESENTATION('',(#238),#8300);
#196=ADVANCED_BREP_SHAPE_REPRESENTATION('',(#239),#8301);
#197=ADVANCED_BREP_SHAPE_REPRESENTATION('',(#240),#8303);
#198=ADVANCED_BREP_SHAPE_REPRESENTATION('',(#241),#8304);
#199=ADVANCED_BREP_SHAPE_REPRESENTATION('',(#242),#8305);
#200=ADVANCED_BREP_SHAPE_REPRESENTATION('',(#243),#8306);
#201=ADVANCED_BREP_SHAPE_REPRESENTATION('',(#244,#245,#246,#247),#8307);
#202=ADVANCED_BREP_SHAPE_REPRESENTATION('',(#248,#249,#250,#251,#252),#8308);
#203=ADVANCED_BREP_SHAPE_REPRESENTATION('',(#253),#8309);
#204=ADVANCED_BREP_SHAPE_REPRESENTATION('',(#254),#8310);
#205=ADVANCED_BREP_SHAPE_REPRESENTATION('',(#255),#8311);
#206=ADVANCED_BREP_SHAPE_REPRESENTATION('',(#256),#8312);
#207=ADVANCED_BREP_SHAPE_REPRESENTATION('',(#257),#8313);
#208=ADVANCED_BREP_SHAPE_REPRESENTATION('',(#258),#8314);
#209=STYLED_ITEM('',(#4173),#234);
#210=STYLED_ITEM('',(#4174),#235);
#211=STYLED_ITEM('',(#4175),#236);
#212=STYLED_ITEM('',(#4176),#237);
#213=STYLED_ITEM('',(#4177),#238);
#214=STYLED_ITEM('',(#4178),#239);
#215=STYLED_ITEM('',(#4179),#240);
#216=STYLED_ITEM('',(#4180),#241);
#217=STYLED_ITEM('',(#4181),#242);
#218=STYLED_ITEM('',(#4182),#243);
#219=STYLED_ITEM('',(#4183),#244);
#220=STYLED_ITEM('',(#4183),#245);
#221=STYLED_ITEM('',(#4183),#246);
#222=STYLED_ITEM('',(#4183),#247);
#223=STYLED_ITEM('',(#4184),#248);
#224=STYLED_ITEM('',(#4184),#249);
#225=STYLED_ITEM('',(#4184),#250);
#226=STYLED_ITEM('',(#4184),#251);
#227=STYLED_ITEM('',(#4184),#252);
#228=STYLED_ITEM('',(#4185),#253);
#229=STYLED_ITEM('',(#4186),#254);
#230=STYLED_ITEM('',(#4187),#255);
#231=STYLED_ITEM('',(#4188),#256);
#232=STYLED_ITEM('',(#4189),#257);
#233=STYLED_ITEM('',(#4190),#258);
#234=MANIFOLD_SOLID_BREP('Solid1',#3945);
#235=MANIFOLD_SOLID_BREP('Solid1',#3946);
#236=MANIFOLD_SOLID_BREP('Solid1',#3947);
#237=MANIFOLD_SOLID_BREP('Solid1',#3948);
#238=MANIFOLD_SOLID_BREP('Solid1',#3949);
#239=MANIFOLD_SOLID_BREP('Solid1',#3950);
#240=MANIFOLD_SOLID_BREP('Solid1',#3951);
#241=MANIFOLD_SOLID_BREP('Solid1',#3952);
#242=MANIFOLD_SOLID_BREP('Solid1',#3953);
#243=MANIFOLD_SOLID_BREP('Solid1',#3954);
#244=MANIFOLD_SOLID_BREP('Solid1',#3955);
#245=MANIFOLD_SOLID_BREP('Solid2',#3956);
#246=MANIFOLD_SOLID_BREP('Solid3',#3957);
#247=MANIFOLD_SOLID_BREP('Solid4',#3958);
#248=MANIFOLD_SOLID_BREP('Solid1',#3959);
#249=MANIFOLD_SOLID_BREP('Solid2',#3960);
#250=MANIFOLD_SOLID_BREP('Solid3',#3961);
#251=MANIFOLD_SOLID_BREP('Solid4',#3962);
#252=MANIFOLD_SOLID_BREP('Solid5',#3963);
#253=MANIFOLD_SOLID_BREP('Solid1',#3964);
#254=MANIFOLD_SOLID_BREP('Solid1',#3965);
#255=MANIFOLD_SOLID_BREP('Solid1',#3966);
#256=MANIFOLD_SOLID_BREP('Solid1',#3967);
#257=MANIFOLD_SOLID_BREP('Solid1',#3968);
#258=MANIFOLD_SOLID_BREP('Solid1',#3969);
#259=FACE_BOUND('',#1211,.T.);
#260=FACE_BOUND('',#1215,.T.);
#261=FACE_BOUND('',#1219,.T.);
#262=FACE_BOUND('',#1223,.T.);
#263=FACE_BOUND('',#1227,.T.);
#264=FACE_BOUND('',#1233,.T.);
#265=FACE_BOUND('',#1239,.T.);
#266=FACE_BOUND('',#1253,.T.);
#267=FACE_BOUND('',#1255,.T.);
#268=FACE_BOUND('',#1265,.T.);
#269=FACE_BOUND('',#1269,.T.);
#270=FACE_BOUND('',#1275,.T.);
#271=FACE_BOUND('',#1287,.T.);
#272=FACE_BOUND('',#1290,.T.);
#273=FACE_BOUND('',#1294,.T.);
#274=FACE_BOUND('',#1296,.T.);
#275=FACE_BOUND('',#1300,.T.);
#276=FACE_BOUND('',#1301,.T.);
#277=FACE_BOUND('',#1302,.T.);
#278=FACE_BOUND('',#1303,.T.);
#279=FACE_BOUND('',#1304,.T.);
#280=FACE_BOUND('',#1305,.T.);
#281=FACE_BOUND('',#1306,.T.);
#282=FACE_BOUND('',#1307,.T.);
#283=FACE_BOUND('',#1308,.T.);
#284=FACE_BOUND('',#1309,.T.);
#285=FACE_BOUND('',#1310,.T.);
#286=FACE_BOUND('',#1311,.T.);
#287=FACE_BOUND('',#1312,.T.);
#288=FACE_BOUND('',#1314,.T.);
#289=FACE_BOUND('',#1315,.T.);
#290=FACE_BOUND('',#1316,.T.);
#291=FACE_BOUND('',#1317,.T.);
#292=FACE_BOUND('',#1318,.T.);
#293=FACE_BOUND('',#1319,.T.);
#294=FACE_BOUND('',#1320,.T.);
#295=FACE_BOUND('',#1321,.T.);
#296=FACE_BOUND('',#1322,.T.);
#297=FACE_BOUND('',#1323,.T.);
#298=FACE_BOUND('',#1324,.T.);
#299=FACE_BOUND('',#1325,.T.);
#300=FACE_BOUND('',#1326,.T.);
#301=FACE_BOUND('',#1342,.T.);
#302=FACE_BOUND('',#1343,.T.);
#303=FACE_BOUND('',#1344,.T.);
#304=FACE_BOUND('',#1345,.T.);
#305=FACE_BOUND('',#1346,.T.);
#306=FACE_BOUND('',#1347,.T.);
#307=FACE_BOUND('',#1348,.T.);
#308=FACE_BOUND('',#1349,.T.);
#309=FACE_BOUND('',#1350,.T.);
#310=FACE_BOUND('',#1351,.T.);
#311=FACE_BOUND('',#1352,.T.);
#312=FACE_BOUND('',#1353,.T.);
#313=FACE_BOUND('',#1354,.T.);
#314=FACE_BOUND('',#1356,.T.);
#315=FACE_BOUND('',#1357,.T.);
#316=FACE_BOUND('',#1358,.T.);
#317=FACE_BOUND('',#1359,.T.);
#318=FACE_BOUND('',#1360,.T.);
#319=FACE_BOUND('',#1361,.T.);
#320=FACE_BOUND('',#1362,.T.);
#321=FACE_BOUND('',#1363,.T.);
#322=FACE_BOUND('',#1364,.T.);
#323=FACE_BOUND('',#1365,.T.);
#324=FACE_BOUND('',#1366,.T.);
#325=FACE_BOUND('',#1367,.T.);
#326=FACE_BOUND('',#1368,.T.);
#327=FACE_BOUND('',#1457,.T.);
#328=FACE_BOUND('',#1458,.T.);
#329=FACE_BOUND('',#1459,.T.);
#330=FACE_BOUND('',#1460,.T.);
#331=FACE_BOUND('',#1461,.T.);
#332=FACE_BOUND('',#1462,.T.);
#333=FACE_BOUND('',#1463,.T.);
#334=FACE_BOUND('',#1464,.T.);
#335=FACE_BOUND('',#1465,.T.);
#336=FACE_BOUND('',#1466,.T.);
#337=FACE_BOUND('',#1467,.T.);
#338=FACE_BOUND('',#1468,.T.);
#339=FACE_BOUND('',#1469,.T.);
#340=FACE_BOUND('',#1471,.T.);
#341=FACE_BOUND('',#1472,.T.);
#342=FACE_BOUND('',#1473,.T.);
#343=FACE_BOUND('',#1474,.T.);
#344=FACE_BOUND('',#1475,.T.);
#345=FACE_BOUND('',#1476,.T.);
#346=FACE_BOUND('',#1477,.T.);
#347=FACE_BOUND('',#1478,.T.);
#348=FACE_BOUND('',#1479,.T.);
#349=FACE_BOUND('',#1480,.T.);
#350=FACE_BOUND('',#1481,.T.);
#351=FACE_BOUND('',#1482,.T.);
#352=FACE_BOUND('',#1483,.T.);
#353=FACE_BOUND('',#1491,.T.);
#354=FACE_BOUND('',#1494,.T.);
#355=FACE_BOUND('',#1511,.T.);
#356=FACE_BOUND('',#1512,.T.);
#357=FACE_BOUND('',#1513,.T.);
#358=FACE_BOUND('',#1514,.T.);
#359=FACE_BOUND('',#1515,.T.);
#360=FACE_BOUND('',#1516,.T.);
#361=FACE_BOUND('',#1517,.T.);
#362=FACE_BOUND('',#1518,.T.);
#363=FACE_BOUND('',#1519,.T.);
#364=FACE_BOUND('',#1520,.T.);
#365=FACE_BOUND('',#1521,.T.);
#366=FACE_BOUND('',#1522,.T.);
#367=FACE_BOUND('',#1523,.T.);
#368=FACE_BOUND('',#1525,.T.);
#369=FACE_BOUND('',#1526,.T.);
#370=FACE_BOUND('',#1527,.T.);
#371=FACE_BOUND('',#1528,.T.);
#372=FACE_BOUND('',#1529,.T.);
#373=FACE_BOUND('',#1530,.T.);
#374=FACE_BOUND('',#1531,.T.);
#375=FACE_BOUND('',#1532,.T.);
#376=FACE_BOUND('',#1533,.T.);
#377=FACE_BOUND('',#1534,.T.);
#378=FACE_BOUND('',#1535,.T.);
#379=FACE_BOUND('',#1536,.T.);
#380=FACE_BOUND('',#1537,.T.);
#381=FACE_BOUND('',#1545,.T.);
#382=FACE_BOUND('',#1548,.T.);
#383=FACE_BOUND('',#1553,.T.);
#384=FACE_BOUND('',#1557,.T.);
#385=CONICAL_SURFACE('',#4476,175.,0.463647609000806);
#386=LINE('',#6120,#639);
#387=LINE('',#6124,#640);
#388=LINE('',#6131,#641);
#389=LINE('',#6143,#642);
#390=LINE('',#6146,#643);
#391=LINE('',#6155,#644);
#392=LINE('',#6162,#645);
#393=LINE('',#6173,#646);
#394=LINE('',#6179,#647);
#395=LINE('',#6193,#648);
#396=LINE('',#6199,#649);
#397=LINE('',#6273,#650);
#398=LINE('',#6275,#651);
#399=LINE('',#6276,#652);
#400=LINE('',#6339,#653);
#401=LINE('',#6340,#654);
#402=LINE('',#6403,#655);
#403=LINE('',#6404,#656);
#404=LINE('',#6465,#657);
#405=LINE('',#6509,#658);
#406=LINE('',#6510,#659);
#407=LINE('',#6511,#660);
#408=LINE('',#6553,#661);
#409=LINE('',#6554,#662);
#410=LINE('',#6596,#663);
#411=LINE('',#6597,#664);
#412=LINE('',#6638,#665);
#413=LINE('',#6642,#666);
#414=LINE('',#6643,#667);
#415=LINE('',#6644,#668);
#416=LINE('',#6647,#669);
#417=LINE('',#6648,#670);
#418=LINE('',#6651,#671);
#419=LINE('',#6652,#672);
#420=LINE('',#6654,#673);
#421=LINE('',#6658,#674);
#422=LINE('',#6660,#675);
#423=LINE('',#6662,#676);
#424=LINE('',#6663,#677);
#425=LINE('',#6666,#678);
#426=LINE('',#6668,#679);
#427=LINE('',#6669,#680);
#428=LINE('',#6672,#681);
#429=LINE('',#6674,#682);
#430=LINE('',#6675,#683);
#431=LINE('',#6677,#684);
#432=LINE('',#6678,#685);
#433=LINE('',#6685,#686);
#434=LINE('',#6687,#687);
#435=LINE('',#6689,#688);
#436=LINE('',#6690,#689);
#437=LINE('',#6693,#690);
#438=LINE('',#6695,#691);
#439=LINE('',#6696,#692);
#440=LINE('',#6699,#693);
#441=LINE('',#6701,#694);
#442=LINE('',#6702,#695);
#443=LINE('',#6704,#696);
#444=LINE('',#6705,#697);
#445=LINE('',#6709,#698);
#446=LINE('',#6711,#699);
#447=LINE('',#6713,#700);
#448=LINE('',#6714,#701);
#449=LINE('',#6717,#702);
#450=LINE('',#6719,#703);
#451=LINE('',#6720,#704);
#452=LINE('',#6723,#705);
#453=LINE('',#6725,#706);
#454=LINE('',#6726,#707);
#455=LINE('',#6728,#708);
#456=LINE('',#6729,#709);
#457=LINE('',#6753,#710);
#458=LINE('',#6846,#711);
#459=LINE('',#7016,#712);
#460=LINE('',#7017,#713);
#461=LINE('',#7050,#714);
#462=LINE('',#7111,#715);
#463=LINE('',#7147,#716);
#464=LINE('',#7149,#717);
#465=LINE('',#7151,#718);
#466=LINE('',#7152,#719);
#467=LINE('',#7213,#720);
#468=LINE('',#7214,#721);
#469=LINE('',#7247,#722);
#470=LINE('',#7308,#723);
#471=LINE('',#7353,#724);
#472=LINE('',#7364,#725);
#473=LINE('',#7379,#726);
#474=LINE('',#7387,#727);
#475=LINE('',#7394,#728);
#476=LINE('',#7403,#729);
#477=LINE('',#7409,#730);
#478=LINE('',#7466,#731);
#479=LINE('',#7468,#732);
#480=LINE('',#7470,#733);
#481=LINE('',#7472,#734);
#482=LINE('',#7474,#735);
#483=LINE('',#7476,#736);
#484=LINE('',#7478,#737);
#485=LINE('',#7480,#738);
#486=LINE('',#7482,#739);
#487=LINE('',#7484,#740);
#488=LINE('',#7486,#741);
#489=LINE('',#7488,#742);
#490=LINE('',#7490,#743);
#491=LINE('',#7496,#744);
#492=LINE('',#7553,#745);
#493=LINE('',#7555,#746);
#494=LINE('',#7557,#747);
#495=LINE('',#7559,#748);
#496=LINE('',#7561,#749);
#497=LINE('',#7563,#750);
#498=LINE('',#7565,#751);
#499=LINE('',#7567,#752);
#500=LINE('',#7569,#753);
#501=LINE('',#7571,#754);
#502=LINE('',#7573,#755);
#503=LINE('',#7575,#756);
#504=LINE('',#7577,#757);
#505=LINE('',#7583,#758);
#506=LINE('',#7596,#759);
#507=LINE('',#7602,#760);
#508=LINE('',#7613,#761);
#509=LINE('',#7618,#762);
#510=LINE('',#7626,#763);
#511=LINE('',#7631,#764);
#512=LINE('',#7638,#765);
#513=LINE('',#7639,#766);
#514=LINE('',#7650,#767);
#515=LINE('',#7656,#768);
#516=LINE('',#7667,#769);
#517=LINE('',#7672,#770);
#518=LINE('',#7680,#771);
#519=LINE('',#7685,#772);
#520=LINE('',#7692,#773);
#521=LINE('',#7693,#774);
#522=LINE('',#7704,#775);
#523=LINE('',#7710,#776);
#524=LINE('',#7721,#777);
#525=LINE('',#7726,#778);
#526=LINE('',#7734,#779);
#527=LINE('',#7739,#780);
#528=LINE('',#7746,#781);
#529=LINE('',#7747,#782);
#530=LINE('',#7758,#783);
#531=LINE('',#7764,#784);
#532=LINE('',#7775,#785);
#533=LINE('',#7780,#786);
#534=LINE('',#7788,#787);
#535=LINE('',#7793,#788);
#536=LINE('',#7800,#789);
#537=LINE('',#7801,#790);
#538=LINE('',#7808,#791);
#539=LINE('',#7810,#792);
#540=LINE('',#7812,#793);
#541=LINE('',#7813,#794);
#542=LINE('',#7817,#795);
#543=LINE('',#7819,#796);
#544=LINE('',#7821,#797);
#545=LINE('',#7822,#798);
#546=LINE('',#7824,#799);
#547=LINE('',#7825,#800);
#548=LINE('',#7827,#801);
#549=LINE('',#7828,#802);
#550=LINE('',#7834,#803);
#551=LINE('',#7836,#804);
#552=LINE('',#7838,#805);
#553=LINE('',#7839,#806);
#554=LINE('',#7843,#807);
#555=LINE('',#7845,#808);
#556=LINE('',#7847,#809);
#557=LINE('',#7848,#810);
#558=LINE('',#7850,#811);
#559=LINE('',#7851,#812);
#560=LINE('',#7853,#813);
#561=LINE('',#7854,#814);
#562=LINE('',#7860,#815);
#563=LINE('',#7862,#816);
#564=LINE('',#7864,#817);
#565=LINE('',#7865,#818);
#566=LINE('',#7869,#819);
#567=LINE('',#7871,#820);
#568=LINE('',#7873,#821);
#569=LINE('',#7874,#822);
#570=LINE('',#7876,#823);
#571=LINE('',#7877,#824);
#572=LINE('',#7879,#825);
#573=LINE('',#7880,#826);
#574=LINE('',#7886,#827);
#575=LINE('',#7888,#828);
#576=LINE('',#7890,#829);
#577=LINE('',#7891,#830);
#578=LINE('',#7895,#831);
#579=LINE('',#7897,#832);
#580=LINE('',#7899,#833);
#581=LINE('',#7900,#834);
#582=LINE('',#7902,#835);
#583=LINE('',#7903,#836);
#584=LINE('',#7905,#837);
#585=LINE('',#7906,#838);
#586=LINE('',#7912,#839);
#587=LINE('',#7914,#840);
#588=LINE('',#7916,#841);
#589=LINE('',#7917,#842);
#590=LINE('',#7921,#843);
#591=LINE('',#7923,#844);
#592=LINE('',#7925,#845);
#593=LINE('',#7926,#846);
#594=LINE('',#7928,#847);
#595=LINE('',#7929,#848);
#596=LINE('',#7931,#849);
#597=LINE('',#7932,#850);
#598=LINE('',#7940,#851);
#599=LINE('',#7949,#852);
#600=LINE('',#7955,#853);
#601=LINE('',#7961,#854);
#602=LINE('',#7967,#855);
#603=LINE('',#7973,#856);
#604=LINE('',#7979,#857);
#605=LINE('',#7985,#858);
#606=LINE('',#7991,#859);
#607=LINE('',#7997,#860);
#608=LINE('',#8003,#861);
#609=LINE('',#8009,#862);
#610=LINE('',#8015,#863);
#611=LINE('',#8021,#864);
#612=LINE('',#8027,#865);
#613=LINE('',#8043,#866);
#614=LINE('',#8054,#867);
#615=LINE('',#8069,#868);
#616=LINE('',#8077,#869);
#617=LINE('',#8083,#870);
#618=LINE('',#8089,#871);
#619=LINE('',#8095,#872);
#620=LINE('',#8101,#873);
#621=LINE('',#8107,#874);
#622=LINE('',#8113,#875);
#623=LINE('',#8119,#876);
#624=LINE('',#8125,#877);
#625=LINE('',#8131,#878);
#626=LINE('',#8137,#879);
#627=LINE('',#8143,#880);
#628=LINE('',#8149,#881);
#629=LINE('',#8155,#882);
#630=LINE('',#8161,#883);
#631=LINE('',#8176,#884);
#632=LINE('',#8189,#885);
#633=LINE('',#8202,#886);
#634=LINE('',#8211,#887);
#635=LINE('',#8230,#888);
#636=LINE('',#8236,#889);
#637=LINE('',#8246,#890);
#638=LINE('',#8253,#891);
#639=VECTOR('',#4946,50.);
#640=VECTOR('',#4951,175.);
#641=VECTOR('',#4960,50.);
#642=VECTOR('',#4977,446.999977919106);
#643=VECTOR('',#4980,449.999977919106);
#644=VECTOR('',#4991,446.999977919106);
#645=VECTOR('',#5000,449.999977919106);
#646=VECTOR('',#5013,446.999977919106);
#647=VECTOR('',#5020,449.999977919106);
#648=VECTOR('',#5041,450.);
#649=VECTOR('',#5048,452.);
#650=VECTOR('',#5061,1662.46096495745);
#651=VECTOR('',#5062,10.);
#652=VECTOR('',#5063,1663.44400917796);
#653=VECTOR('',#5064,10.);
#654=VECTOR('',#5065,1664.80074429909);
#655=VECTOR('',#5066,10.);
#656=VECTOR('',#5067,1665.49818917626);
#657=VECTOR('',#5068,10.);
#658=VECTOR('',#5071,10.);
#659=VECTOR('',#5072,1660.51701496544);
#660=VECTOR('',#5073,1661.85163955716);
#661=VECTOR('',#5074,10.);
#662=VECTOR('',#5075,1662.87453812638);
#663=VECTOR('',#5076,10.);
#664=VECTOR('',#5077,1663.8212369446);
#665=VECTOR('',#5078,10.);
#666=VECTOR('',#5081,10.);
#667=VECTOR('',#5082,10.);
#668=VECTOR('',#5083,10.);
#669=VECTOR('',#5086,10.);
#670=VECTOR('',#5087,10.);
#671=VECTOR('',#5090,10.);
#672=VECTOR('',#5091,10.);
#673=VECTOR('',#5094,10.);
#674=VECTOR('',#5097,10.);
#675=VECTOR('',#5098,10.);
#676=VECTOR('',#5099,10.);
#677=VECTOR('',#5100,10.);
#678=VECTOR('',#5103,10.);
#679=VECTOR('',#5104,10.);
#680=VECTOR('',#5105,10.);
#681=VECTOR('',#5108,10.);
#682=VECTOR('',#5109,10.);
#683=VECTOR('',#5110,10.);
#684=VECTOR('',#5113,10.);
#685=VECTOR('',#5114,10.);
#686=VECTOR('',#5123,10.);
#687=VECTOR('',#5124,10.);
#688=VECTOR('',#5125,10.);
#689=VECTOR('',#5126,10.);
#690=VECTOR('',#5129,10.);
#691=VECTOR('',#5130,10.);
#692=VECTOR('',#5131,10.);
#693=VECTOR('',#5134,10.);
#694=VECTOR('',#5135,10.);
#695=VECTOR('',#5136,10.);
#696=VECTOR('',#5139,10.);
#697=VECTOR('',#5140,10.);
#698=VECTOR('',#5143,10.);
#699=VECTOR('',#5144,10.);
#700=VECTOR('',#5145,10.);
#701=VECTOR('',#5146,10.);
#702=VECTOR('',#5149,10.);
#703=VECTOR('',#5150,10.);
#704=VECTOR('',#5151,10.);
#705=VECTOR('',#5154,10.);
#706=VECTOR('',#5155,10.);
#707=VECTOR('',#5156,10.);
#708=VECTOR('',#5159,10.);
#709=VECTOR('',#5160,10.);
#710=VECTOR('',#5165,450.000829476809);
#711=VECTOR('',#5176,453.000829476809);
#712=VECTOR('',#5183,1234.55613014431);
#713=VECTOR('',#5184,1229.98150970633);
#714=VECTOR('',#5185,1229.9802085478);
#715=VECTOR('',#5186,1234.55534181014);
#716=VECTOR('',#5189,10.);
#717=VECTOR('',#5190,10.);
#718=VECTOR('',#5191,10.);
#719=VECTOR('',#5192,10.);
#720=VECTOR('',#5193,1232.79407752851);
#721=VECTOR('',#5194,1237.48637670037);
#722=VECTOR('',#5195,1232.79276872939);
#723=VECTOR('',#5196,1237.48558482754);
#724=VECTOR('',#5213,447.);
#725=VECTOR('',#5226,447.);
#726=VECTOR('',#5245,445.);
#727=VECTOR('',#5258,445.);
#728=VECTOR('',#5267,407.);
#729=VECTOR('',#5280,405.);
#730=VECTOR('',#5287,442.);
#731=VECTOR('',#5348,7.);
#732=VECTOR('',#5351,7.);
#733=VECTOR('',#5354,7.);
#734=VECTOR('',#5357,7.);
#735=VECTOR('',#5360,7.);
#736=VECTOR('',#5363,7.);
#737=VECTOR('',#5366,7.);
#738=VECTOR('',#5369,7.);
#739=VECTOR('',#5372,405.);
#740=VECTOR('',#5375,7.);
#741=VECTOR('',#5378,7.);
#742=VECTOR('',#5381,7.);
#743=VECTOR('',#5384,7.);
#744=VECTOR('',#5391,442.);
#745=VECTOR('',#5452,7.);
#746=VECTOR('',#5455,7.);
#747=VECTOR('',#5458,7.);
#748=VECTOR('',#5461,7.);
#749=VECTOR('',#5464,7.);
#750=VECTOR('',#5467,7.);
#751=VECTOR('',#5470,7.);
#752=VECTOR('',#5473,7.);
#753=VECTOR('',#5476,405.);
#754=VECTOR('',#5479,7.);
#755=VECTOR('',#5482,7.);
#756=VECTOR('',#5485,7.);
#757=VECTOR('',#5488,7.);
#758=VECTOR('',#5495,95.5);
#759=VECTOR('',#5504,10.);
#760=VECTOR('',#5505,9.99999999999998);
#761=VECTOR('',#5506,10.);
#762=VECTOR('',#5507,10.);
#763=VECTOR('',#5508,10.);
#764=VECTOR('',#5509,9.99999999999998);
#765=VECTOR('',#5510,10.);
#766=VECTOR('',#5511,10.);
#767=VECTOR('',#5516,10.);
#768=VECTOR('',#5517,9.99999999999998);
#769=VECTOR('',#5518,10.);
#770=VECTOR('',#5519,10.);
#771=VECTOR('',#5520,10.);
#772=VECTOR('',#5521,9.99999999999998);
#773=VECTOR('',#5522,10.);
#774=VECTOR('',#5523,10.);
#775=VECTOR('',#5528,10.);
#776=VECTOR('',#5529,9.99999999999998);
#777=VECTOR('',#5530,10.);
#778=VECTOR('',#5531,10.);
#779=VECTOR('',#5532,10.);
#780=VECTOR('',#5533,9.99999999999998);
#781=VECTOR('',#5534,10.);
#782=VECTOR('',#5535,10.);
#783=VECTOR('',#5540,10.);
#784=VECTOR('',#5541,9.99999999999998);
#785=VECTOR('',#5542,10.);
#786=VECTOR('',#5543,10.);
#787=VECTOR('',#5544,10.);
#788=VECTOR('',#5545,9.99999999999998);
#789=VECTOR('',#5546,10.);
#790=VECTOR('',#5547,10.);
#791=VECTOR('',#5556,1.);
#792=VECTOR('',#5557,1.);
#793=VECTOR('',#5558,1.);
#794=VECTOR('',#5559,1.);
#795=VECTOR('',#5562,1.);
#796=VECTOR('',#5563,1.);
#797=VECTOR('',#5564,1.);
#798=VECTOR('',#5565,1.);
#799=VECTOR('',#5568,1.);
#800=VECTOR('',#5569,1.);
#801=VECTOR('',#5572,1.);
#802=VECTOR('',#5573,1.);
#803=VECTOR('',#5580,1.);
#804=VECTOR('',#5581,1.00000000000064);
#805=VECTOR('',#5582,1.);
#806=VECTOR('',#5583,1.00000000000064);
#807=VECTOR('',#5586,1.);
#808=VECTOR('',#5587,1.00000000000064);
#809=VECTOR('',#5588,1.);
#810=VECTOR('',#5589,1.00000000000064);
#811=VECTOR('',#5592,1.00000000000064);
#812=VECTOR('',#5593,1.00000000000064);
#813=VECTOR('',#5596,1.00000000000064);
#814=VECTOR('',#5597,1.00000000000064);
#815=VECTOR('',#5604,1.);
#816=VECTOR('',#5605,1.00000000000064);
#817=VECTOR('',#5606,1.);
#818=VECTOR('',#5607,1.00000000000064);
#819=VECTOR('',#5610,1.);
#820=VECTOR('',#5611,1.00000000000064);
#821=VECTOR('',#5612,1.);
#822=VECTOR('',#5613,1.00000000000064);
#823=VECTOR('',#5616,1.00000000000064);
#824=VECTOR('',#5617,1.00000000000064);
#825=VECTOR('',#5620,1.00000000000064);
#826=VECTOR('',#5621,1.00000000000064);
#827=VECTOR('',#5628,1.);
#828=VECTOR('',#5629,1.00000000000064);
#829=VECTOR('',#5630,1.);
#830=VECTOR('',#5631,1.00000000000064);
#831=VECTOR('',#5634,1.);
#832=VECTOR('',#5635,1.00000000000064);
#833=VECTOR('',#5636,1.);
#834=VECTOR('',#5637,1.00000000000064);
#835=VECTOR('',#5640,1.00000000000064);
#836=VECTOR('',#5641,1.00000000000064);
#837=VECTOR('',#5644,1.00000000000064);
#838=VECTOR('',#5645,1.00000000000064);
#839=VECTOR('',#5652,1.);
#840=VECTOR('',#5653,1.00000000000064);
#841=VECTOR('',#5654,1.);
#842=VECTOR('',#5655,1.00000000000064);
#843=VECTOR('',#5658,1.);
#844=VECTOR('',#5659,1.00000000000064);
#845=VECTOR('',#5660,1.);
#846=VECTOR('',#5661,1.00000000000064);
#847=VECTOR('',#5664,1.00000000000064);
#848=VECTOR('',#5665,1.00000000000064);
#849=VECTOR('',#5668,1.00000000000064);
#850=VECTOR('',#5669,1.00000000000064);
#851=VECTOR('',#5680,10.);
#852=VECTOR('',#5693,6.99999999999999);
#853=VECTOR('',#5700,7.);
#854=VECTOR('',#5707,6.99999999999999);
#855=VECTOR('',#5714,7.00000000000003);
#856=VECTOR('',#5721,7.00000000000003);
#857=VECTOR('',#5728,7.00000000000003);
#858=VECTOR('',#5735,6.99999999999999);
#859=VECTOR('',#5742,407.);
#860=VECTOR('',#5749,7.00000000000003);
#861=VECTOR('',#5756,6.99999999999999);
#862=VECTOR('',#5763,7.);
#863=VECTOR('',#5770,7.00000000000003);
#864=VECTOR('',#5777,7.00000000000003);
#865=VECTOR('',#5784,450.);
#866=VECTOR('',#5807,447.);
#867=VECTOR('',#5820,447.);
#868=VECTOR('',#5839,445.);
#869=VECTOR('',#5852,445.);
#870=VECTOR('',#5859,6.99999999999999);
#871=VECTOR('',#5866,7.);
#872=VECTOR('',#5873,6.99999999999999);
#873=VECTOR('',#5880,7.00000000000003);
#874=VECTOR('',#5887,7.00000000000003);
#875=VECTOR('',#5894,7.00000000000003);
#876=VECTOR('',#5901,6.99999999999999);
#877=VECTOR('',#5908,407.);
#878=VECTOR('',#5915,7.00000000000003);
#879=VECTOR('',#5922,6.99999999999999);
#880=VECTOR('',#5929,7.);
#881=VECTOR('',#5936,7.00000000000003);
#882=VECTOR('',#5943,7.00000000000003);
#883=VECTOR('',#5950,450.);
#884=VECTOR('',#5971,447.);
#885=VECTOR('',#5988,447.);
#886=VECTOR('',#6003,445.);
#887=VECTOR('',#6018,445.);
#888=VECTOR('',#6049,450.);
#889=VECTOR('',#6056,452.);
#890=VECTOR('',#6067,450.);
#891=VECTOR('',#6076,452.);
#892=CYLINDRICAL_SURFACE('',#4474,50.);
#893=CYLINDRICAL_SURFACE('',#4480,50.);
#894=CYLINDRICAL_SURFACE('',#4488,446.999977919106);
#895=CYLINDRICAL_SURFACE('',#4490,449.999977919106);
#896=CYLINDRICAL_SURFACE('',#4494,446.999977919106);
#897=CYLINDRICAL_SURFACE('',#4498,449.999977919106);
#898=CYLINDRICAL_SURFACE('',#4503,446.999977919106);
#899=CYLINDRICAL_SURFACE('',#4507,449.999977919106);
#900=CYLINDRICAL_SURFACE('',#4517,450.);
#901=CYLINDRICAL_SURFACE('',#4520,452.);
#902=CYLINDRICAL_SURFACE('',#4549,450.000829476809);
#903=CYLINDRICAL_SURFACE('',#4553,453.000829476809);
#904=CYLINDRICAL_SURFACE('',#4565,447.);
#905=CYLINDRICAL_SURFACE('',#4572,447.);
#906=CYLINDRICAL_SURFACE('',#4580,445.);
#907=CYLINDRICAL_SURFACE('',#4587,445.);
#908=CYLINDRICAL_SURFACE('',#4590,407.);
#909=CYLINDRICAL_SURFACE('',#4597,405.);
#910=CYLINDRICAL_SURFACE('',#4599,442.);
#911=CYLINDRICAL_SURFACE('',#4630,7.);
#912=CYLINDRICAL_SURFACE('',#4631,7.);
#913=CYLINDRICAL_SURFACE('',#4632,7.);
#914=CYLINDRICAL_SURFACE('',#4633,7.);
#915=CYLINDRICAL_SURFACE('',#4634,7.);
#916=CYLINDRICAL_SURFACE('',#4635,7.);
#917=CYLINDRICAL_SURFACE('',#4636,7.);
#918=CYLINDRICAL_SURFACE('',#4637,7.);
#919=CYLINDRICAL_SURFACE('',#4638,405.);
#920=CYLINDRICAL_SURFACE('',#4639,7.);
#921=CYLINDRICAL_SURFACE('',#4640,7.);
#922=CYLINDRICAL_SURFACE('',#4641,7.);
#923=CYLINDRICAL_SURFACE('',#4642,7.);
#924=CYLINDRICAL_SURFACE('',#4644,442.);
#925=CYLINDRICAL_SURFACE('',#4675,7.);
#926=CYLINDRICAL_SURFACE('',#4676,7.);
#927=CYLINDRICAL_SURFACE('',#4677,7.);
#928=CYLINDRICAL_SURFACE('',#4678,7.);
#929=CYLINDRICAL_SURFACE('',#4679,7.);
#930=CYLINDRICAL_SURFACE('',#4680,7.);
#931=CYLINDRICAL_SURFACE('',#4681,7.);
#932=CYLINDRICAL_SURFACE('',#4682,7.);
#933=CYLINDRICAL_SURFACE('',#4683,405.);
#934=CYLINDRICAL_SURFACE('',#4684,7.);
#935=CYLINDRICAL_SURFACE('',#4685,7.);
#936=CYLINDRICAL_SURFACE('',#4686,7.);
#937=CYLINDRICAL_SURFACE('',#4687,7.);
#938=CYLINDRICAL_SURFACE('',#4689,95.5);
#939=CYLINDRICAL_SURFACE('',#4735,10.);
#940=CYLINDRICAL_SURFACE('',#4741,6.99999999999999);
#941=CYLINDRICAL_SURFACE('',#4744,7.);
#942=CYLINDRICAL_SURFACE('',#4747,6.99999999999999);
#943=CYLINDRICAL_SURFACE('',#4750,7.00000000000003);
#944=CYLINDRICAL_SURFACE('',#4753,7.00000000000003);
#945=CYLINDRICAL_SURFACE('',#4756,7.00000000000003);
#946=CYLINDRICAL_SURFACE('',#4759,6.99999999999999);
#947=CYLINDRICAL_SURFACE('',#4762,407.);
#948=CYLINDRICAL_SURFACE('',#4765,7.00000000000003);
#949=CYLINDRICAL_SURFACE('',#4768,6.99999999999999);
#950=CYLINDRICAL_SURFACE('',#4771,7.);
#951=CYLINDRICAL_SURFACE('',#4774,7.00000000000003);
#952=CYLINDRICAL_SURFACE('',#4777,7.00000000000003);
#953=CYLINDRICAL_SURFACE('',#4780,450.);
#954=CYLINDRICAL_SURFACE('',#4791,447.);
#955=CYLINDRICAL_SURFACE('',#4798,447.);
#956=CYLINDRICAL_SURFACE('',#4806,445.);
#957=CYLINDRICAL_SURFACE('',#4813,445.);
#958=CYLINDRICAL_SURFACE('',#4815,6.99999999999999);
#959=CYLINDRICAL_SURFACE('',#4818,7.);
#960=CYLINDRICAL_SURFACE('',#4821,6.99999999999999);
#961=CYLINDRICAL_SURFACE('',#4824,7.00000000000003);
#962=CYLINDRICAL_SURFACE('',#4827,7.00000000000003);
#963=CYLINDRICAL_SURFACE('',#4830,7.00000000000003);
#964=CYLINDRICAL_SURFACE('',#4833,6.99999999999999);
#965=CYLINDRICAL_SURFACE('',#4836,407.);
#966=CYLINDRICAL_SURFACE('',#4839,7.00000000000003);
#967=CYLINDRICAL_SURFACE('',#4842,6.99999999999999);
#968=CYLINDRICAL_SURFACE('',#4845,7.);
#969=CYLINDRICAL_SURFACE('',#4848,7.00000000000003);
#970=CYLINDRICAL_SURFACE('',#4851,7.00000000000003);
#971=CYLINDRICAL_SURFACE('',#4854,450.);
#972=CYLINDRICAL_SURFACE('',#4865,447.);
#973=CYLINDRICAL_SURFACE('',#4872,447.);
#974=CYLINDRICAL_SURFACE('',#4880,445.);
#975=CYLINDRICAL_SURFACE('',#4887,445.);
#976=CYLINDRICAL_SURFACE('',#4900,450.);
#977=CYLINDRICAL_SURFACE('',#4904,452.);
#978=CYLINDRICAL_SURFACE('',#4909,450.);
#979=CYLINDRICAL_SURFACE('',#4913,452.);
#980=FACE_OUTER_BOUND('',#1207,.T.);
#981=FACE_OUTER_BOUND('',#1208,.T.);
#982=FACE_OUTER_BOUND('',#1209,.T.);
#983=FACE_OUTER_BOUND('',#1210,.T.);
#984=FACE_OUTER_BOUND('',#1212,.T.);
#985=FACE_OUTER_BOUND('',#1213,.T.);
#986=FACE_OUTER_BOUND('',#1214,.T.);
#987=FACE_OUTER_BOUND('',#1216,.T.);
#988=FACE_OUTER_BOUND('',#1217,.T.);
#989=FACE_OUTER_BOUND('',#1218,.T.);
#990=FACE_OUTER_BOUND('',#1220,.T.);
#991=FACE_OUTER_BOUND('',#1221,.T.);
#992=FACE_OUTER_BOUND('',#1222,.T.);
#993=FACE_OUTER_BOUND('',#1224,.T.);
#994=FACE_OUTER_BOUND('',#1225,.T.);
#995=FACE_OUTER_BOUND('',#1226,.T.);
#996=FACE_OUTER_BOUND('',#1228,.T.);
#997=FACE_OUTER_BOUND('',#1229,.T.);
#998=FACE_OUTER_BOUND('',#1230,.T.);
#999=FACE_OUTER_BOUND('',#1231,.T.);
#1000=FACE_OUTER_BOUND('',#1232,.T.);
#1001=FACE_OUTER_BOUND('',#1234,.T.);
#1002=FACE_OUTER_BOUND('',#1235,.T.);
#1003=FACE_OUTER_BOUND('',#1236,.T.);
#1004=FACE_OUTER_BOUND('',#1237,.T.);
#1005=FACE_OUTER_BOUND('',#1238,.T.);
#1006=FACE_OUTER_BOUND('',#1240,.T.);
#1007=FACE_OUTER_BOUND('',#1241,.T.);
#1008=FACE_OUTER_BOUND('',#1242,.T.);
#1009=FACE_OUTER_BOUND('',#1243,.T.);
#1010=FACE_OUTER_BOUND('',#1244,.T.);
#1011=FACE_OUTER_BOUND('',#1245,.T.);
#1012=FACE_OUTER_BOUND('',#1246,.T.);
#1013=FACE_OUTER_BOUND('',#1247,.T.);
#1014=FACE_OUTER_BOUND('',#1248,.T.);
#1015=FACE_OUTER_BOUND('',#1249,.T.);
#1016=FACE_OUTER_BOUND('',#1250,.T.);
#1017=FACE_OUTER_BOUND('',#1251,.T.);
#1018=FACE_OUTER_BOUND('',#1252,.T.);
#1019=FACE_OUTER_BOUND('',#1254,.T.);
#1020=FACE_OUTER_BOUND('',#1256,.T.);
#1021=FACE_OUTER_BOUND('',#1257,.T.);
#1022=FACE_OUTER_BOUND('',#1258,.T.);
#1023=FACE_OUTER_BOUND('',#1259,.T.);
#1024=FACE_OUTER_BOUND('',#1260,.T.);
#1025=FACE_OUTER_BOUND('',#1261,.T.);
#1026=FACE_OUTER_BOUND('',#1262,.T.);
#1027=FACE_OUTER_BOUND('',#1263,.T.);
#1028=FACE_OUTER_BOUND('',#1264,.T.);
#1029=FACE_OUTER_BOUND('',#1266,.T.);
#1030=FACE_OUTER_BOUND('',#1267,.T.);
#1031=FACE_OUTER_BOUND('',#1268,.T.);
#1032=FACE_OUTER_BOUND('',#1270,.T.);
#1033=FACE_OUTER_BOUND('',#1271,.T.);
#1034=FACE_OUTER_BOUND('',#1272,.T.);
#1035=FACE_OUTER_BOUND('',#1273,.T.);
#1036=FACE_OUTER_BOUND('',#1274,.T.);
#1037=FACE_OUTER_BOUND('',#1276,.T.);
#1038=FACE_OUTER_BOUND('',#1277,.T.);
#1039=FACE_OUTER_BOUND('',#1278,.T.);
#1040=FACE_OUTER_BOUND('',#1279,.T.);
#1041=FACE_OUTER_BOUND('',#1280,.T.);
#1042=FACE_OUTER_BOUND('',#1281,.T.);
#1043=FACE_OUTER_BOUND('',#1282,.T.);
#1044=FACE_OUTER_BOUND('',#1283,.T.);
#1045=FACE_OUTER_BOUND('',#1284,.T.);
#1046=FACE_OUTER_BOUND('',#1285,.T.);
#1047=FACE_OUTER_BOUND('',#1286,.T.);
#1048=FACE_OUTER_BOUND('',#1288,.T.);
#1049=FACE_OUTER_BOUND('',#1289,.T.);
#1050=FACE_OUTER_BOUND('',#1291,.T.);
#1051=FACE_OUTER_BOUND('',#1292,.T.);
#1052=FACE_OUTER_BOUND('',#1293,.T.);
#1053=FACE_OUTER_BOUND('',#1295,.T.);
#1054=FACE_OUTER_BOUND('',#1297,.T.);
#1055=FACE_OUTER_BOUND('',#1298,.T.);
#1056=FACE_OUTER_BOUND('',#1299,.T.);
#1057=FACE_OUTER_BOUND('',#1313,.T.);
#1058=FACE_OUTER_BOUND('',#1327,.T.);
#1059=FACE_OUTER_BOUND('',#1328,.T.);
#1060=FACE_OUTER_BOUND('',#1329,.T.);
#1061=FACE_OUTER_BOUND('',#1330,.T.);
#1062=FACE_OUTER_BOUND('',#1331,.T.);
#1063=FACE_OUTER_BOUND('',#1332,.T.);
#1064=FACE_OUTER_BOUND('',#1333,.T.);
#1065=FACE_OUTER_BOUND('',#1334,.T.);
#1066=FACE_OUTER_BOUND('',#1335,.T.);
#1067=FACE_OUTER_BOUND('',#1336,.T.);
#1068=FACE_OUTER_BOUND('',#1337,.T.);
#1069=FACE_OUTER_BOUND('',#1338,.T.);
#1070=FACE_OUTER_BOUND('',#1339,.T.);
#1071=FACE_OUTER_BOUND('',#1340,.T.);
#1072=FACE_OUTER_BOUND('',#1341,.T.);
#1073=FACE_OUTER_BOUND('',#1355,.T.);
#1074=FACE_OUTER_BOUND('',#1369,.T.);
#1075=FACE_OUTER_BOUND('',#1370,.T.);
#1076=FACE_OUTER_BOUND('',#1371,.T.);
#1077=FACE_OUTER_BOUND('',#1372,.T.);
#1078=FACE_OUTER_BOUND('',#1373,.T.);
#1079=FACE_OUTER_BOUND('',#1374,.T.);
#1080=FACE_OUTER_BOUND('',#1375,.T.);
#1081=FACE_OUTER_BOUND('',#1376,.T.);
#1082=FACE_OUTER_BOUND('',#1377,.T.);
#1083=FACE_OUTER_BOUND('',#1378,.T.);
#1084=FACE_OUTER_BOUND('',#1379,.T.);
#1085=FACE_OUTER_BOUND('',#1380,.T.);
#1086=FACE_OUTER_BOUND('',#1381,.T.);
#1087=FACE_OUTER_BOUND('',#1382,.T.);
#1088=FACE_OUTER_BOUND('',#1383,.T.);
#1089=FACE_OUTER_BOUND('',#1384,.T.);
#1090=FACE_OUTER_BOUND('',#1385,.T.);
#1091=FACE_OUTER_BOUND('',#1386,.T.);
#1092=FACE_OUTER_BOUND('',#1387,.T.);
#1093=FACE_OUTER_BOUND('',#1388,.T.);
#1094=FACE_OUTER_BOUND('',#1389,.T.);
#1095=FACE_OUTER_BOUND('',#1390,.T.);
#1096=FACE_OUTER_BOUND('',#1391,.T.);
#1097=FACE_OUTER_BOUND('',#1392,.T.);
#1098=FACE_OUTER_BOUND('',#1393,.T.);
#1099=FACE_OUTER_BOUND('',#1394,.T.);
#1100=FACE_OUTER_BOUND('',#1395,.T.);
#1101=FACE_OUTER_BOUND('',#1396,.T.);
#1102=FACE_OUTER_BOUND('',#1397,.T.);
#1103=FACE_OUTER_BOUND('',#1398,.T.);
#1104=FACE_OUTER_BOUND('',#1399,.T.);
#1105=FACE_OUTER_BOUND('',#1400,.T.);
#1106=FACE_OUTER_BOUND('',#1401,.T.);
#1107=FACE_OUTER_BOUND('',#1402,.T.);
#1108=FACE_OUTER_BOUND('',#1403,.T.);
#1109=FACE_OUTER_BOUND('',#1404,.T.);
#1110=FACE_OUTER_BOUND('',#1405,.T.);
#1111=FACE_OUTER_BOUND('',#1406,.T.);
#1112=FACE_OUTER_BOUND('',#1407,.T.);
#1113=FACE_OUTER_BOUND('',#1408,.T.);
#1114=FACE_OUTER_BOUND('',#1409,.T.);
#1115=FACE_OUTER_BOUND('',#1410,.T.);
#1116=FACE_OUTER_BOUND('',#1411,.T.);
#1117=FACE_OUTER_BOUND('',#1412,.T.);
#1118=FACE_OUTER_BOUND('',#1413,.T.);
#1119=FACE_OUTER_BOUND('',#1414,.T.);
#1120=FACE_OUTER_BOUND('',#1415,.T.);
#1121=FACE_OUTER_BOUND('',#1416,.T.);
#1122=FACE_OUTER_BOUND('',#1417,.T.);
#1123=FACE_OUTER_BOUND('',#1418,.T.);
#1124=FACE_OUTER_BOUND('',#1419,.T.);
#1125=FACE_OUTER_BOUND('',#1420,.T.);
#1126=FACE_OUTER_BOUND('',#1421,.T.);
#1127=FACE_OUTER_BOUND('',#1422,.T.);
#1128=FACE_OUTER_BOUND('',#1423,.T.);
#1129=FACE_OUTER_BOUND('',#1424,.T.);
#1130=FACE_OUTER_BOUND('',#1425,.T.);
#1131=FACE_OUTER_BOUND('',#1426,.T.);
#1132=FACE_OUTER_BOUND('',#1427,.T.);
#1133=FACE_OUTER_BOUND('',#1428,.T.);
#1134=FACE_OUTER_BOUND('',#1429,.T.);
#1135=FACE_OUTER_BOUND('',#1430,.T.);
#1136=FACE_OUTER_BOUND('',#1431,.T.);
#1137=FACE_OUTER_BOUND('',#1432,.T.);
#1138=FACE_OUTER_BOUND('',#1433,.T.);
#1139=FACE_OUTER_BOUND('',#1434,.T.);
#1140=FACE_OUTER_BOUND('',#1435,.T.);
#1141=FACE_OUTER_BOUND('',#1436,.T.);
#1142=FACE_OUTER_BOUND('',#1437,.T.);
#1143=FACE_OUTER_BOUND('',#1438,.T.);
#1144=FACE_OUTER_BOUND('',#1439,.T.);
#1145=FACE_OUTER_BOUND('',#1440,.T.);
#1146=FACE_OUTER_BOUND('',#1441,.T.);
#1147=FACE_OUTER_BOUND('',#1442,.T.);
#1148=FACE_OUTER_BOUND('',#1443,.T.);
#1149=FACE_OUTER_BOUND('',#1444,.T.);
#1150=FACE_OUTER_BOUND('',#1445,.T.);
#1151=FACE_OUTER_BOUND('',#1446,.T.);
#1152=FACE_OUTER_BOUND('',#1447,.T.);
#1153=FACE_OUTER_BOUND('',#1448,.T.);
#1154=FACE_OUTER_BOUND('',#1449,.T.);
#1155=FACE_OUTER_BOUND('',#1450,.T.);
#1156=FACE_OUTER_BOUND('',#1451,.T.);
#1157=FACE_OUTER_BOUND('',#1452,.T.);
#1158=FACE_OUTER_BOUND('',#1453,.T.);
#1159=FACE_OUTER_BOUND('',#1454,.T.);
#1160=FACE_OUTER_BOUND('',#1455,.T.);
#1161=FACE_OUTER_BOUND('',#1456,.T.);
#1162=FACE_OUTER_BOUND('',#1470,.T.);
#1163=FACE_OUTER_BOUND('',#1484,.T.);
#1164=FACE_OUTER_BOUND('',#1485,.T.);
#1165=FACE_OUTER_BOUND('',#1486,.T.);
#1166=FACE_OUTER_BOUND('',#1487,.T.);
#1167=FACE_OUTER_BOUND('',#1488,.T.);
#1168=FACE_OUTER_BOUND('',#1489,.T.);
#1169=FACE_OUTER_BOUND('',#1490,.T.);
#1170=FACE_OUTER_BOUND('',#1492,.T.);
#1171=FACE_OUTER_BOUND('',#1493,.T.);
#1172=FACE_OUTER_BOUND('',#1495,.T.);
#1173=FACE_OUTER_BOUND('',#1496,.T.);
#1174=FACE_OUTER_BOUND('',#1497,.T.);
#1175=FACE_OUTER_BOUND('',#1498,.T.);
#1176=FACE_OUTER_BOUND('',#1499,.T.);
#1177=FACE_OUTER_BOUND('',#1500,.T.);
#1178=FACE_OUTER_BOUND('',#1501,.T.);
#1179=FACE_OUTER_BOUND('',#1502,.T.);
#1180=FACE_OUTER_BOUND('',#1503,.T.);
#1181=FACE_OUTER_BOUND('',#1504,.T.);
#1182=FACE_OUTER_BOUND('',#1505,.T.);
#1183=FACE_OUTER_BOUND('',#1506,.T.);
#1184=FACE_OUTER_BOUND('',#1507,.T.);
#1185=FACE_OUTER_BOUND('',#1508,.T.);
#1186=FACE_OUTER_BOUND('',#1509,.T.);
#1187=FACE_OUTER_BOUND('',#1510,.T.);
#1188=FACE_OUTER_BOUND('',#1524,.T.);
#1189=FACE_OUTER_BOUND('',#1538,.T.);
#1190=FACE_OUTER_BOUND('',#1539,.T.);
#1191=FACE_OUTER_BOUND('',#1540,.T.);
#1192=FACE_OUTER_BOUND('',#1541,.T.);
#1193=FACE_OUTER_BOUND('',#1542,.T.);
#1194=FACE_OUTER_BOUND('',#1543,.T.);
#1195=FACE_OUTER_BOUND('',#1544,.T.);
#1196=FACE_OUTER_BOUND('',#1546,.T.);
#1197=FACE_OUTER_BOUND('',#1547,.T.);
#1198=FACE_OUTER_BOUND('',#1549,.T.);
#1199=FACE_OUTER_BOUND('',#1550,.T.);
#1200=FACE_OUTER_BOUND('',#1551,.T.);
#1201=FACE_OUTER_BOUND('',#1552,.T.);
#1202=FACE_OUTER_BOUND('',#1554,.T.);
#1203=FACE_OUTER_BOUND('',#1555,.T.);
#1204=FACE_OUTER_BOUND('',#1556,.T.);
#1205=FACE_OUTER_BOUND('',#1558,.T.);
#1206=FACE_OUTER_BOUND('',#1559,.T.);
#1207=EDGE_LOOP('',(#2620));
#1208=EDGE_LOOP('',(#2621,#2622,#2623,#2624));
#1209=EDGE_LOOP('',(#2625,#2626,#2627,#2628));
#1210=EDGE_LOOP('',(#2629));
#1211=EDGE_LOOP('',(#2630));
#1212=EDGE_LOOP('',(#2631,#2632,#2633,#2634));
#1213=EDGE_LOOP('',(#2635));
#1214=EDGE_LOOP('',(#2636));
#1215=EDGE_LOOP('',(#2637));
#1216=EDGE_LOOP('',(#2638,#2639,#2640,#2641));
#1217=EDGE_LOOP('',(#2642,#2643,#2644,#2645));
#1218=EDGE_LOOP('',(#2646));
#1219=EDGE_LOOP('',(#2647));
#1220=EDGE_LOOP('',(#2648,#2649,#2650,#2651,#2652));
#1221=EDGE_LOOP('',(#2653,#2654,#2655,#2656,#2657));
#1222=EDGE_LOOP('',(#2658));
#1223=EDGE_LOOP('',(#2659));
#1224=EDGE_LOOP('',(#2660,#2661,#2662,#2663,#2664));
#1225=EDGE_LOOP('',(#2665,#2666,#2667,#2668,#2669));
#1226=EDGE_LOOP('',(#2670));
#1227=EDGE_LOOP('',(#2671));
#1228=EDGE_LOOP('',(#2672,#2673,#2674,#2675,#2676,#2677));
#1229=EDGE_LOOP('',(#2678,#2679,#2680,#2681,#2682,#2683));
#1230=EDGE_LOOP('',(#2684,#2685,#2686,#2687));
#1231=EDGE_LOOP('',(#2688,#2689,#2690,#2691,#2692,#2693,#2694,#2695));
#1232=EDGE_LOOP('',(#2696));
#1233=EDGE_LOOP('',(#2697));
#1234=EDGE_LOOP('',(#2698,#2699,#2700,#2701));
#1235=EDGE_LOOP('',(#2702,#2703,#2704,#2705));
#1236=EDGE_LOOP('',(#2706,#2707,#2708,#2709));
#1237=EDGE_LOOP('',(#2710,#2711,#2712,#2713));
#1238=EDGE_LOOP('',(#2714));
#1239=EDGE_LOOP('',(#2715,#2716,#2717,#2718));
#1240=EDGE_LOOP('',(#2719,#2720,#2721,#2722,#2723));
#1241=EDGE_LOOP('',(#2724,#2725,#2726,#2727));
#1242=EDGE_LOOP('',(#2728,#2729,#2730,#2731));
#1243=EDGE_LOOP('',(#2732,#2733,#2734,#2735));
#1244=EDGE_LOOP('',(#2736,#2737,#2738,#2739));
#1245=EDGE_LOOP('',(#2740,#2741,#2742,#2743));
#1246=EDGE_LOOP('',(#2744,#2745,#2746,#2747));
#1247=EDGE_LOOP('',(#2748,#2749,#2750,#2751));
#1248=EDGE_LOOP('',(#2752,#2753,#2754,#2755));
#1249=EDGE_LOOP('',(#2756,#2757,#2758,#2759));
#1250=EDGE_LOOP('',(#2760,#2761,#2762,#2763));
#1251=EDGE_LOOP('',(#2764,#2765,#2766,#2767));
#1252=EDGE_LOOP('',(#2768,#2769,#2770,#2771));
#1253=EDGE_LOOP('',(#2772,#2773,#2774,#2775));
#1254=EDGE_LOOP('',(#2776,#2777,#2778,#2779));
#1255=EDGE_LOOP('',(#2780,#2781,#2782,#2783));
#1256=EDGE_LOOP('',(#2784,#2785,#2786,#2787));
#1257=EDGE_LOOP('',(#2788,#2789,#2790,#2791));
#1258=EDGE_LOOP('',(#2792,#2793,#2794,#2795));
#1259=EDGE_LOOP('',(#2796,#2797,#2798,#2799));
#1260=EDGE_LOOP('',(#2800,#2801,#2802,#2803));
#1261=EDGE_LOOP('',(#2804,#2805,#2806,#2807));
#1262=EDGE_LOOP('',(#2808,#2809,#2810,#2811));
#1263=EDGE_LOOP('',(#2812,#2813,#2814,#2815));
#1264=EDGE_LOOP('',(#2816,#2817,#2818,#2819));
#1265=EDGE_LOOP('',(#2820,#2821,#2822,#2823));
#1266=EDGE_LOOP('',(#2824,#2825,#2826,#2827,#2828,#2829,#2830,#2831));
#1267=EDGE_LOOP('',(#2832,#2833,#2834,#2835,#2836,#2837,#2838,#2839));
#1268=EDGE_LOOP('',(#2840));
#1269=EDGE_LOOP('',(#2841));
#1270=EDGE_LOOP('',(#2842,#2843,#2844,#2845,#2846));
#1271=EDGE_LOOP('',(#2847,#2848,#2849,#2850));
#1272=EDGE_LOOP('',(#2851,#2852,#2853,#2854));
#1273=EDGE_LOOP('',(#2855,#2856,#2857,#2858));
#1274=EDGE_LOOP('',(#2859,#2860,#2861,#2862));
#1275=EDGE_LOOP('',(#2863,#2864,#2865,#2866));
#1276=EDGE_LOOP('',(#2867,#2868,#2869,#2870,#2871));
#1277=EDGE_LOOP('',(#2872,#2873,#2874,#2875));
#1278=EDGE_LOOP('',(#2876,#2877,#2878,#2879));
#1279=EDGE_LOOP('',(#2880,#2881,#2882,#2883));
#1280=EDGE_LOOP('',(#2884,#2885,#2886,#2887,#2888));
#1281=EDGE_LOOP('',(#2889,#2890,#2891,#2892,#2893));
#1282=EDGE_LOOP('',(#2894,#2895,#2896,#2897,#2898));
#1283=EDGE_LOOP('',(#2899,#2900,#2901,#2902,#2903));
#1284=EDGE_LOOP('',(#2904,#2905,#2906,#2907,#2908,#2909));
#1285=EDGE_LOOP('',(#2910,#2911,#2912,#2913,#2914));
#1286=EDGE_LOOP('',(#2915));
#1287=EDGE_LOOP('',(#2916));
#1288=EDGE_LOOP('',(#2917,#2918,#2919,#2920));
#1289=EDGE_LOOP('',(#2921));
#1290=EDGE_LOOP('',(#2922));
#1291=EDGE_LOOP('',(#2923,#2924,#2925,#2926,#2927));
#1292=EDGE_LOOP('',(#2928,#2929,#2930,#2931));
#1293=EDGE_LOOP('',(#2932));
#1294=EDGE_LOOP('',(#2933));
#1295=EDGE_LOOP('',(#2934));
#1296=EDGE_LOOP('',(#2935));
#1297=EDGE_LOOP('',(#2936,#2937,#2938,#2939));
#1298=EDGE_LOOP('',(#2940,#2941,#2942,#2943));
#1299=EDGE_LOOP('',(#2944));
#1300=EDGE_LOOP('',(#2945));
#1301=EDGE_LOOP('',(#2946));
#1302=EDGE_LOOP('',(#2947));
#1303=EDGE_LOOP('',(#2948));
#1304=EDGE_LOOP('',(#2949));
#1305=EDGE_LOOP('',(#2950));
#1306=EDGE_LOOP('',(#2951));
#1307=EDGE_LOOP('',(#2952));
#1308=EDGE_LOOP('',(#2953));
#1309=EDGE_LOOP('',(#2954));
#1310=EDGE_LOOP('',(#2955));
#1311=EDGE_LOOP('',(#2956));
#1312=EDGE_LOOP('',(#2957));
#1313=EDGE_LOOP('',(#2958));
#1314=EDGE_LOOP('',(#2959));
#1315=EDGE_LOOP('',(#2960));
#1316=EDGE_LOOP('',(#2961));
#1317=EDGE_LOOP('',(#2962));
#1318=EDGE_LOOP('',(#2963));
#1319=EDGE_LOOP('',(#2964));
#1320=EDGE_LOOP('',(#2965));
#1321=EDGE_LOOP('',(#2966));
#1322=EDGE_LOOP('',(#2967));
#1323=EDGE_LOOP('',(#2968));
#1324=EDGE_LOOP('',(#2969));
#1325=EDGE_LOOP('',(#2970));
#1326=EDGE_LOOP('',(#2971));
#1327=EDGE_LOOP('',(#2972,#2973,#2974,#2975));
#1328=EDGE_LOOP('',(#2976,#2977,#2978,#2979));
#1329=EDGE_LOOP('',(#2980,#2981,#2982,#2983));
#1330=EDGE_LOOP('',(#2984,#2985,#2986,#2987));
#1331=EDGE_LOOP('',(#2988,#2989,#2990,#2991));
#1332=EDGE_LOOP('',(#2992,#2993,#2994,#2995));
#1333=EDGE_LOOP('',(#2996,#2997,#2998,#2999));
#1334=EDGE_LOOP('',(#3000,#3001,#3002,#3003));
#1335=EDGE_LOOP('',(#3004,#3005,#3006,#3007));
#1336=EDGE_LOOP('',(#3008,#3009,#3010,#3011));
#1337=EDGE_LOOP('',(#3012,#3013,#3014,#3015));
#1338=EDGE_LOOP('',(#3016,#3017,#3018,#3019));
#1339=EDGE_LOOP('',(#3020,#3021,#3022,#3023));
#1340=EDGE_LOOP('',(#3024,#3025,#3026,#3027));
#1341=EDGE_LOOP('',(#3028));
#1342=EDGE_LOOP('',(#3029));
#1343=EDGE_LOOP('',(#3030));
#1344=EDGE_LOOP('',(#3031));
#1345=EDGE_LOOP('',(#3032));
#1346=EDGE_LOOP('',(#3033));
#1347=EDGE_LOOP('',(#3034));
#1348=EDGE_LOOP('',(#3035));
#1349=EDGE_LOOP('',(#3036));
#1350=EDGE_LOOP('',(#3037));
#1351=EDGE_LOOP('',(#3038));
#1352=EDGE_LOOP('',(#3039));
#1353=EDGE_LOOP('',(#3040));
#1354=EDGE_LOOP('',(#3041));
#1355=EDGE_LOOP('',(#3042));
#1356=EDGE_LOOP('',(#3043));
#1357=EDGE_LOOP('',(#3044));
#1358=EDGE_LOOP('',(#3045));
#1359=EDGE_LOOP('',(#3046));
#1360=EDGE_LOOP('',(#3047));
#1361=EDGE_LOOP('',(#3048));
#1362=EDGE_LOOP('',(#3049));
#1363=EDGE_LOOP('',(#3050));
#1364=EDGE_LOOP('',(#3051));
#1365=EDGE_LOOP('',(#3052));
#1366=EDGE_LOOP('',(#3053));
#1367=EDGE_LOOP('',(#3054));
#1368=EDGE_LOOP('',(#3055));
#1369=EDGE_LOOP('',(#3056,#3057,#3058,#3059));
#1370=EDGE_LOOP('',(#3060,#3061,#3062,#3063));
#1371=EDGE_LOOP('',(#3064,#3065,#3066,#3067));
#1372=EDGE_LOOP('',(#3068,#3069,#3070,#3071));
#1373=EDGE_LOOP('',(#3072,#3073,#3074,#3075));
#1374=EDGE_LOOP('',(#3076,#3077,#3078,#3079));
#1375=EDGE_LOOP('',(#3080,#3081,#3082,#3083));
#1376=EDGE_LOOP('',(#3084,#3085,#3086,#3087));
#1377=EDGE_LOOP('',(#3088,#3089,#3090,#3091));
#1378=EDGE_LOOP('',(#3092,#3093,#3094,#3095));
#1379=EDGE_LOOP('',(#3096,#3097,#3098,#3099));
#1380=EDGE_LOOP('',(#3100,#3101,#3102,#3103));
#1381=EDGE_LOOP('',(#3104,#3105,#3106,#3107));
#1382=EDGE_LOOP('',(#3108,#3109,#3110,#3111));
#1383=EDGE_LOOP('',(#3112));
#1384=EDGE_LOOP('',(#3113));
#1385=EDGE_LOOP('',(#3114,#3115,#3116,#3117));
#1386=EDGE_LOOP('',(#3118,#3119,#3120,#3121));
#1387=EDGE_LOOP('',(#3122,#3123,#3124,#3125));
#1388=EDGE_LOOP('',(#3126,#3127,#3128,#3129));
#1389=EDGE_LOOP('',(#3130,#3131,#3132,#3133));
#1390=EDGE_LOOP('',(#3134,#3135,#3136,#3137));
#1391=EDGE_LOOP('',(#3138,#3139,#3140,#3141));
#1392=EDGE_LOOP('',(#3142,#3143,#3144,#3145));
#1393=EDGE_LOOP('',(#3146,#3147,#3148,#3149));
#1394=EDGE_LOOP('',(#3150,#3151,#3152,#3153));
#1395=EDGE_LOOP('',(#3154,#3155,#3156,#3157));
#1396=EDGE_LOOP('',(#3158,#3159,#3160,#3161));
#1397=EDGE_LOOP('',(#3162,#3163,#3164,#3165));
#1398=EDGE_LOOP('',(#3166,#3167,#3168,#3169));
#1399=EDGE_LOOP('',(#3170,#3171,#3172,#3173));
#1400=EDGE_LOOP('',(#3174,#3175,#3176,#3177));
#1401=EDGE_LOOP('',(#3178,#3179,#3180,#3181));
#1402=EDGE_LOOP('',(#3182,#3183,#3184,#3185));
#1403=EDGE_LOOP('',(#3186,#3187,#3188,#3189));
#1404=EDGE_LOOP('',(#3190,#3191,#3192,#3193));
#1405=EDGE_LOOP('',(#3194,#3195,#3196,#3197));
#1406=EDGE_LOOP('',(#3198,#3199,#3200,#3201));
#1407=EDGE_LOOP('',(#3202,#3203,#3204,#3205));
#1408=EDGE_LOOP('',(#3206,#3207,#3208,#3209));
#1409=EDGE_LOOP('',(#3210,#3211,#3212,#3213));
#1410=EDGE_LOOP('',(#3214,#3215,#3216,#3217));
#1411=EDGE_LOOP('',(#3218,#3219,#3220,#3221));
#1412=EDGE_LOOP('',(#3222,#3223,#3224,#3225));
#1413=EDGE_LOOP('',(#3226,#3227,#3228,#3229));
#1414=EDGE_LOOP('',(#3230,#3231,#3232,#3233));
#1415=EDGE_LOOP('',(#3234,#3235,#3236,#3237));
#1416=EDGE_LOOP('',(#3238,#3239,#3240,#3241));
#1417=EDGE_LOOP('',(#3242,#3243,#3244,#3245));
#1418=EDGE_LOOP('',(#3246,#3247,#3248,#3249));
#1419=EDGE_LOOP('',(#3250,#3251,#3252,#3253));
#1420=EDGE_LOOP('',(#3254,#3255,#3256,#3257));
#1421=EDGE_LOOP('',(#3258,#3259,#3260,#3261));
#1422=EDGE_LOOP('',(#3262,#3263,#3264,#3265));
#1423=EDGE_LOOP('',(#3266,#3267,#3268,#3269));
#1424=EDGE_LOOP('',(#3270,#3271,#3272,#3273));
#1425=EDGE_LOOP('',(#3274,#3275,#3276,#3277));
#1426=EDGE_LOOP('',(#3278,#3279,#3280,#3281));
#1427=EDGE_LOOP('',(#3282,#3283,#3284,#3285));
#1428=EDGE_LOOP('',(#3286,#3287,#3288,#3289));
#1429=EDGE_LOOP('',(#3290,#3291,#3292,#3293));
#1430=EDGE_LOOP('',(#3294,#3295,#3296,#3297));
#1431=EDGE_LOOP('',(#3298,#3299,#3300,#3301));
#1432=EDGE_LOOP('',(#3302,#3303,#3304,#3305));
#1433=EDGE_LOOP('',(#3306,#3307,#3308,#3309));
#1434=EDGE_LOOP('',(#3310,#3311,#3312,#3313));
#1435=EDGE_LOOP('',(#3314,#3315,#3316,#3317));
#1436=EDGE_LOOP('',(#3318,#3319,#3320,#3321));
#1437=EDGE_LOOP('',(#3322,#3323,#3324,#3325));
#1438=EDGE_LOOP('',(#3326,#3327,#3328,#3329));
#1439=EDGE_LOOP('',(#3330,#3331,#3332,#3333));
#1440=EDGE_LOOP('',(#3334));
#1441=EDGE_LOOP('',(#3335));
#1442=EDGE_LOOP('',(#3336,#3337,#3338,#3339));
#1443=EDGE_LOOP('',(#3340,#3341,#3342,#3343));
#1444=EDGE_LOOP('',(#3344,#3345,#3346,#3347));
#1445=EDGE_LOOP('',(#3348,#3349,#3350,#3351));
#1446=EDGE_LOOP('',(#3352,#3353,#3354,#3355));
#1447=EDGE_LOOP('',(#3356,#3357,#3358,#3359));
#1448=EDGE_LOOP('',(#3360,#3361,#3362,#3363));
#1449=EDGE_LOOP('',(#3364,#3365,#3366,#3367));
#1450=EDGE_LOOP('',(#3368,#3369,#3370,#3371));
#1451=EDGE_LOOP('',(#3372,#3373,#3374,#3375));
#1452=EDGE_LOOP('',(#3376,#3377,#3378,#3379));
#1453=EDGE_LOOP('',(#3380,#3381,#3382,#3383));
#1454=EDGE_LOOP('',(#3384,#3385,#3386,#3387));
#1455=EDGE_LOOP('',(#3388,#3389,#3390,#3391));
#1456=EDGE_LOOP('',(#3392));
#1457=EDGE_LOOP('',(#3393));
#1458=EDGE_LOOP('',(#3394));
#1459=EDGE_LOOP('',(#3395));
#1460=EDGE_LOOP('',(#3396));
#1461=EDGE_LOOP('',(#3397));
#1462=EDGE_LOOP('',(#3398));
#1463=EDGE_LOOP('',(#3399));
#1464=EDGE_LOOP('',(#3400));
#1465=EDGE_LOOP('',(#3401));
#1466=EDGE_LOOP('',(#3402));
#1467=EDGE_LOOP('',(#3403));
#1468=EDGE_LOOP('',(#3404));
#1469=EDGE_LOOP('',(#3405));
#1470=EDGE_LOOP('',(#3406));
#1471=EDGE_LOOP('',(#3407));
#1472=EDGE_LOOP('',(#3408));
#1473=EDGE_LOOP('',(#3409));
#1474=EDGE_LOOP('',(#3410));
#1475=EDGE_LOOP('',(#3411));
#1476=EDGE_LOOP('',(#3412));
#1477=EDGE_LOOP('',(#3413));
#1478=EDGE_LOOP('',(#3414));
#1479=EDGE_LOOP('',(#3415));
#1480=EDGE_LOOP('',(#3416));
#1481=EDGE_LOOP('',(#3417));
#1482=EDGE_LOOP('',(#3418));
#1483=EDGE_LOOP('',(#3419));
#1484=EDGE_LOOP('',(#3420,#3421,#3422,#3423,#3424));
#1485=EDGE_LOOP('',(#3425,#3426,#3427,#3428,#3429));
#1486=EDGE_LOOP('',(#3430,#3431,#3432,#3433,#3434));
#1487=EDGE_LOOP('',(#3435,#3436,#3437,#3438,#3439));
#1488=EDGE_LOOP('',(#3440,#3441,#3442,#3443,#3444,#3445));
#1489=EDGE_LOOP('',(#3446,#3447,#3448,#3449,#3450));
#1490=EDGE_LOOP('',(#3451));
#1491=EDGE_LOOP('',(#3452));
#1492=EDGE_LOOP('',(#3453,#3454,#3455,#3456));
#1493=EDGE_LOOP('',(#3457));
#1494=EDGE_LOOP('',(#3458));
#1495=EDGE_LOOP('',(#3459,#3460,#3461,#3462,#3463));
#1496=EDGE_LOOP('',(#3464,#3465,#3466,#3467));
#1497=EDGE_LOOP('',(#3468,#3469,#3470,#3471));
#1498=EDGE_LOOP('',(#3472,#3473,#3474,#3475));
#1499=EDGE_LOOP('',(#3476,#3477,#3478,#3479));
#1500=EDGE_LOOP('',(#3480,#3481,#3482,#3483));
#1501=EDGE_LOOP('',(#3484,#3485,#3486,#3487));
#1502=EDGE_LOOP('',(#3488,#3489,#3490,#3491));
#1503=EDGE_LOOP('',(#3492,#3493,#3494,#3495));
#1504=EDGE_LOOP('',(#3496,#3497,#3498,#3499));
#1505=EDGE_LOOP('',(#3500,#3501,#3502,#3503));
#1506=EDGE_LOOP('',(#3504,#3505,#3506,#3507));
#1507=EDGE_LOOP('',(#3508,#3509,#3510,#3511));
#1508=EDGE_LOOP('',(#3512,#3513,#3514,#3515));
#1509=EDGE_LOOP('',(#3516,#3517,#3518,#3519));
#1510=EDGE_LOOP('',(#3520));
#1511=EDGE_LOOP('',(#3521));
#1512=EDGE_LOOP('',(#3522));
#1513=EDGE_LOOP('',(#3523));
#1514=EDGE_LOOP('',(#3524));
#1515=EDGE_LOOP('',(#3525));
#1516=EDGE_LOOP('',(#3526));
#1517=EDGE_LOOP('',(#3527));
#1518=EDGE_LOOP('',(#3528));
#1519=EDGE_LOOP('',(#3529));
#1520=EDGE_LOOP('',(#3530));
#1521=EDGE_LOOP('',(#3531));
#1522=EDGE_LOOP('',(#3532));
#1523=EDGE_LOOP('',(#3533));
#1524=EDGE_LOOP('',(#3534));
#1525=EDGE_LOOP('',(#3535));
#1526=EDGE_LOOP('',(#3536));
#1527=EDGE_LOOP('',(#3537));
#1528=EDGE_LOOP('',(#3538));
#1529=EDGE_LOOP('',(#3539));
#1530=EDGE_LOOP('',(#3540));
#1531=EDGE_LOOP('',(#3541));
#1532=EDGE_LOOP('',(#3542));
#1533=EDGE_LOOP('',(#3543));
#1534=EDGE_LOOP('',(#3544));
#1535=EDGE_LOOP('',(#3545));
#1536=EDGE_LOOP('',(#3546));
#1537=EDGE_LOOP('',(#3547));
#1538=EDGE_LOOP('',(#3548,#3549,#3550,#3551,#3552));
#1539=EDGE_LOOP('',(#3553,#3554,#3555,#3556,#3557));
#1540=EDGE_LOOP('',(#3558,#3559,#3560,#3561,#3562));
#1541=EDGE_LOOP('',(#3563,#3564,#3565,#3566,#3567));
#1542=EDGE_LOOP('',(#3568,#3569,#3570,#3571,#3572,#3573));
#1543=EDGE_LOOP('',(#3574,#3575,#3576,#3577,#3578));
#1544=EDGE_LOOP('',(#3579));
#1545=EDGE_LOOP('',(#3580));
#1546=EDGE_LOOP('',(#3581,#3582,#3583,#3584));
#1547=EDGE_LOOP('',(#3585));
#1548=EDGE_LOOP('',(#3586));
#1549=EDGE_LOOP('',(#3587,#3588,#3589,#3590,#3591));
#1550=EDGE_LOOP('',(#3592,#3593,#3594,#3595,#3596));
#1551=EDGE_LOOP('',(#3597,#3598,#3599,#3600,#3601));
#1552=EDGE_LOOP('',(#3602));
#1553=EDGE_LOOP('',(#3603));
#1554=EDGE_LOOP('',(#3604,#3605,#3606,#3607,#3608));
#1555=EDGE_LOOP('',(#3609,#3610,#3611,#3612,#3613));
#1556=EDGE_LOOP('',(#3614));
#1557=EDGE_LOOP('',(#3615));
#1558=EDGE_LOOP('',(#3616,#3617,#3618,#3619,#3620,#3621));
#1559=EDGE_LOOP('',(#3622,#3623,#3624,#3625,#3626,#3627));
#1560=CIRCLE('',#4473,50.);
#1561=CIRCLE('',#4475,50.);
#1562=CIRCLE('',#4477,300.);
#1563=CIRCLE('',#4479,50.);
#1564=CIRCLE('',#4481,50.);
#1565=CIRCLE('',#4486,449.999977919106);
#1566=CIRCLE('',#4487,446.999977919106);
#1567=CIRCLE('',#4489,446.999977919106);
#1568=CIRCLE('',#4491,449.999977919106);
#1569=CIRCLE('',#4495,446.999977919106);
#1570=CIRCLE('',#4496,446.999977919106);
#1571=CIRCLE('',#4497,446.999977919106);
#1572=CIRCLE('',#4499,449.999977919106);
#1573=CIRCLE('',#4500,449.999977919106);
#1574=CIRCLE('',#4501,449.999977919106);
#1575=CIRCLE('',#4504,446.999977919106);
#1576=CIRCLE('',#4505,446.999977919106);
#1577=CIRCLE('',#4506,446.999977919106);
#1578=CIRCLE('',#4508,449.999977919106);
#1579=CIRCLE('',#4509,449.999977919106);
#1580=CIRCLE('',#4510,449.999977919106);
#1581=CIRCLE('',#4513,903.000022080894);
#1582=CIRCLE('',#4515,900.000022080894);
#1583=CIRCLE('',#4518,450.);
#1584=CIRCLE('',#4519,450.);
#1585=CIRCLE('',#4521,452.);
#1586=CIRCLE('',#4522,452.);
#1587=CIRCLE('',#4523,452.);
#1588=CIRCLE('',#4524,452.);
#1589=CIRCLE('',#4525,452.);
#1590=CIRCLE('',#4526,452.);
#1591=CIRCLE('',#4550,450.000829476809);
#1592=CIRCLE('',#4551,450.000829476809);
#1593=CIRCLE('',#4552,450.000829476809);
#1594=CIRCLE('',#4554,453.000829476809);
#1595=CIRCLE('',#4555,453.000829476809);
#1596=CIRCLE('',#4556,453.000829476809);
#1597=CIRCLE('',#4561,447.);
#1598=CIRCLE('',#4562,6.);
#1599=CIRCLE('',#4563,450.230769230769);
#1600=CIRCLE('',#4564,447.);
#1601=CIRCLE('',#4566,447.);
#1602=CIRCLE('',#4568,450.230769230769);
#1603=CIRCLE('',#4569,6.);
#1604=CIRCLE('',#4570,447.);
#1605=CIRCLE('',#4571,447.);
#1606=CIRCLE('',#4573,447.);
#1607=CIRCLE('',#4575,445.);
#1608=CIRCLE('',#4576,445.);
#1609=CIRCLE('',#4577,5.);
#1610=CIRCLE('',#4578,445.);
#1611=CIRCLE('',#4579,445.);
#1612=CIRCLE('',#4581,445.);
#1613=CIRCLE('',#4584,7.00000000000003);
#1614=CIRCLE('',#4586,445.);
#1615=CIRCLE('',#4591,407.);
#1616=CIRCLE('',#4592,407.);
#1617=CIRCLE('',#4594,405.);
#1618=CIRCLE('',#4596,405.);
#1619=CIRCLE('',#4600,442.);
#1620=CIRCLE('',#4601,442.);
#1621=CIRCLE('',#4603,7.);
#1622=CIRCLE('',#4604,7.);
#1623=CIRCLE('',#4605,7.);
#1624=CIRCLE('',#4606,7.);
#1625=CIRCLE('',#4607,7.);
#1626=CIRCLE('',#4608,7.);
#1627=CIRCLE('',#4609,7.);
#1628=CIRCLE('',#4610,7.);
#1629=CIRCLE('',#4611,405.);
#1630=CIRCLE('',#4612,7.);
#1631=CIRCLE('',#4613,7.);
#1632=CIRCLE('',#4614,7.);
#1633=CIRCLE('',#4615,7.);
#1634=CIRCLE('',#4617,7.);
#1635=CIRCLE('',#4618,7.);
#1636=CIRCLE('',#4619,7.);
#1637=CIRCLE('',#4620,7.);
#1638=CIRCLE('',#4621,7.);
#1639=CIRCLE('',#4622,7.);
#1640=CIRCLE('',#4623,7.);
#1641=CIRCLE('',#4624,7.);
#1642=CIRCLE('',#4625,405.);
#1643=CIRCLE('',#4626,7.);
#1644=CIRCLE('',#4627,7.);
#1645=CIRCLE('',#4628,7.);
#1646=CIRCLE('',#4629,7.);
#1647=CIRCLE('',#4645,442.);
#1648=CIRCLE('',#4646,442.);
#1649=CIRCLE('',#4648,7.);
#1650=CIRCLE('',#4649,7.);
#1651=CIRCLE('',#4650,7.);
#1652=CIRCLE('',#4651,7.);
#1653=CIRCLE('',#4652,7.);
#1654=CIRCLE('',#4653,7.);
#1655=CIRCLE('',#4654,7.);
#1656=CIRCLE('',#4655,7.);
#1657=CIRCLE('',#4656,405.);
#1658=CIRCLE('',#4657,7.);
#1659=CIRCLE('',#4658,7.);
#1660=CIRCLE('',#4659,7.);
#1661=CIRCLE('',#4660,7.);
#1662=CIRCLE('',#4662,7.);
#1663=CIRCLE('',#4663,7.);
#1664=CIRCLE('',#4664,7.);
#1665=CIRCLE('',#4665,7.);
#1666=CIRCLE('',#4666,7.);
#1667=CIRCLE('',#4667,7.);
#1668=CIRCLE('',#4668,7.);
#1669=CIRCLE('',#4669,7.);
#1670=CIRCLE('',#4670,405.);
#1671=CIRCLE('',#4671,7.);
#1672=CIRCLE('',#4672,7.);
#1673=CIRCLE('',#4673,7.);
#1674=CIRCLE('',#4674,7.);
#1675=CIRCLE('',#4690,95.5);
#1676=CIRCLE('',#4691,95.5);
#1677=CIRCLE('',#4736,10.);
#1678=CIRCLE('',#4737,10.);
#1679=CIRCLE('',#4742,6.99999999999999);
#1680=CIRCLE('',#4743,6.99999999999999);
#1681=CIRCLE('',#4745,7.);
#1682=CIRCLE('',#4746,7.);
#1683=CIRCLE('',#4748,6.99999999999999);
#1684=CIRCLE('',#4749,6.99999999999999);
#1685=CIRCLE('',#4751,7.00000000000003);
#1686=CIRCLE('',#4752,7.00000000000003);
#1687=CIRCLE('',#4754,7.00000000000003);
#1688=CIRCLE('',#4755,7.00000000000003);
#1689=CIRCLE('',#4757,7.00000000000003);
#1690=CIRCLE('',#4758,7.00000000000003);
#1691=CIRCLE('',#4760,6.99999999999999);
#1692=CIRCLE('',#4761,6.99999999999999);
#1693=CIRCLE('',#4763,407.);
#1694=CIRCLE('',#4764,407.);
#1695=CIRCLE('',#4766,7.00000000000003);
#1696=CIRCLE('',#4767,7.00000000000003);
#1697=CIRCLE('',#4769,6.99999999999999);
#1698=CIRCLE('',#4770,6.99999999999999);
#1699=CIRCLE('',#4772,7.);
#1700=CIRCLE('',#4773,7.);
#1701=CIRCLE('',#4775,7.00000000000003);
#1702=CIRCLE('',#4776,7.00000000000003);
#1703=CIRCLE('',#4778,7.00000000000003);
#1704=CIRCLE('',#4779,7.00000000000003);
#1705=CIRCLE('',#4781,450.);
#1706=CIRCLE('',#4782,450.);
#1707=CIRCLE('',#4787,447.);
#1708=CIRCLE('',#4788,6.);
#1709=CIRCLE('',#4789,450.230769230769);
#1710=CIRCLE('',#4790,447.);
#1711=CIRCLE('',#4792,447.);
#1712=CIRCLE('',#4794,450.230769230769);
#1713=CIRCLE('',#4795,6.);
#1714=CIRCLE('',#4796,447.);
#1715=CIRCLE('',#4797,447.);
#1716=CIRCLE('',#4799,447.);
#1717=CIRCLE('',#4801,445.);
#1718=CIRCLE('',#4802,445.);
#1719=CIRCLE('',#4803,5.);
#1720=CIRCLE('',#4804,445.);
#1721=CIRCLE('',#4805,445.);
#1722=CIRCLE('',#4807,445.);
#1723=CIRCLE('',#4810,7.00000000000003);
#1724=CIRCLE('',#4812,445.);
#1725=CIRCLE('',#4816,6.99999999999999);
#1726=CIRCLE('',#4817,6.99999999999999);
#1727=CIRCLE('',#4819,7.);
#1728=CIRCLE('',#4820,7.);
#1729=CIRCLE('',#4822,6.99999999999999);
#1730=CIRCLE('',#4823,6.99999999999999);
#1731=CIRCLE('',#4825,7.00000000000003);
#1732=CIRCLE('',#4826,7.00000000000003);
#1733=CIRCLE('',#4828,7.00000000000003);
#1734=CIRCLE('',#4829,7.00000000000003);
#1735=CIRCLE('',#4831,7.00000000000003);
#1736=CIRCLE('',#4832,7.00000000000003);
#1737=CIRCLE('',#4834,6.99999999999999);
#1738=CIRCLE('',#4835,6.99999999999999);
#1739=CIRCLE('',#4837,407.);
#1740=CIRCLE('',#4838,407.);
#1741=CIRCLE('',#4840,7.00000000000003);
#1742=CIRCLE('',#4841,7.00000000000003);
#1743=CIRCLE('',#4843,6.99999999999999);
#1744=CIRCLE('',#4844,6.99999999999999);
#1745=CIRCLE('',#4846,7.);
#1746=CIRCLE('',#4847,7.);
#1747=CIRCLE('',#4849,7.00000000000003);
#1748=CIRCLE('',#4850,7.00000000000003);
#1749=CIRCLE('',#4852,7.00000000000003);
#1750=CIRCLE('',#4853,7.00000000000003);
#1751=CIRCLE('',#4855,450.);
#1752=CIRCLE('',#4856,450.);
#1753=CIRCLE('',#4861,447.);
#1754=CIRCLE('',#4862,447.);
#1755=CIRCLE('',#4863,6.);
#1756=CIRCLE('',#4864,450.230769230769);
#1757=CIRCLE('',#4866,447.);
#1758=CIRCLE('',#4868,450.230769230769);
#1759=CIRCLE('',#4869,6.);
#1760=CIRCLE('',#4870,447.);
#1761=CIRCLE('',#4871,447.);
#1762=CIRCLE('',#4873,447.);
#1763=CIRCLE('',#4875,445.);
#1764=CIRCLE('',#4876,5.);
#1765=CIRCLE('',#4877,445.);
#1766=CIRCLE('',#4878,445.);
#1767=CIRCLE('',#4879,445.);
#1768=CIRCLE('',#4881,445.);
#1769=CIRCLE('',#4884,7.00000000000003);
#1770=CIRCLE('',#4886,445.);
#1771=CIRCLE('',#4901,450.);
#1772=CIRCLE('',#4902,450.);
#1773=CIRCLE('',#4903,450.);
#1774=CIRCLE('',#4905,452.);
#1775=CIRCLE('',#4906,452.);
#1776=CIRCLE('',#4907,452.);
#1777=CIRCLE('',#4910,450.);
#1778=CIRCLE('',#4911,450.);
#1779=CIRCLE('',#4912,450.);
#1780=CIRCLE('',#4914,452.);
#1781=CIRCLE('',#4915,452.);
#1782=CIRCLE('',#4916,452.);
#1783=CIRCLE('',#4919,420.000000000001);
#1784=CIRCLE('',#4921,418.000000000001);
#1785=VERTEX_POINT('',#6115);
#1786=VERTEX_POINT('',#6118);
#1787=VERTEX_POINT('',#6122);
#1788=VERTEX_POINT('',#6126);
#1789=VERTEX_POINT('',#6129);
#1790=VERTEX_POINT('',#6136);
#1791=VERTEX_POINT('',#6138);
#1792=VERTEX_POINT('',#6141);
#1793=VERTEX_POINT('',#6145);
#1794=VERTEX_POINT('',#6151);
#1795=VERTEX_POINT('',#6152);
#1796=VERTEX_POINT('',#6154);
#1797=VERTEX_POINT('',#6159);
#1798=VERTEX_POINT('',#6161);
#1799=VERTEX_POINT('',#6163);
#1800=VERTEX_POINT('',#6168);
#1801=VERTEX_POINT('',#6169);
#1802=VERTEX_POINT('',#6172);
#1803=VERTEX_POINT('',#6176);
#1804=VERTEX_POINT('',#6178);
#1805=VERTEX_POINT('',#6180);
#1806=VERTEX_POINT('',#6190);
#1807=VERTEX_POINT('',#6192);
#1808=VERTEX_POINT('',#6196);
#1809=VERTEX_POINT('',#6198);
#1810=VERTEX_POINT('',#6200);
#1811=VERTEX_POINT('',#6202);
#1812=VERTEX_POINT('',#6204);
#1813=VERTEX_POINT('',#6206);
#1814=VERTEX_POINT('',#6258);
#1815=VERTEX_POINT('',#6259);
#1816=VERTEX_POINT('',#6272);
#1817=VERTEX_POINT('',#6274);
#1818=VERTEX_POINT('',#6325);
#1819=VERTEX_POINT('',#6338);
#1820=VERTEX_POINT('',#6389);
#1821=VERTEX_POINT('',#6402);
#1822=VERTEX_POINT('',#6507);
#1823=VERTEX_POINT('',#6508);
#1824=VERTEX_POINT('',#6552);
#1825=VERTEX_POINT('',#6595);
#1826=VERTEX_POINT('',#6640);
#1827=VERTEX_POINT('',#6641);
#1828=VERTEX_POINT('',#6646);
#1829=VERTEX_POINT('',#6650);
#1830=VERTEX_POINT('',#6656);
#1831=VERTEX_POINT('',#6657);
#1832=VERTEX_POINT('',#6659);
#1833=VERTEX_POINT('',#6661);
#1834=VERTEX_POINT('',#6665);
#1835=VERTEX_POINT('',#6667);
#1836=VERTEX_POINT('',#6671);
#1837=VERTEX_POINT('',#6673);
#1838=VERTEX_POINT('',#6683);
#1839=VERTEX_POINT('',#6684);
#1840=VERTEX_POINT('',#6686);
#1841=VERTEX_POINT('',#6688);
#1842=VERTEX_POINT('',#6692);
#1843=VERTEX_POINT('',#6694);
#1844=VERTEX_POINT('',#6698);
#1845=VERTEX_POINT('',#6700);
#1846=VERTEX_POINT('',#6707);
#1847=VERTEX_POINT('',#6708);
#1848=VERTEX_POINT('',#6710);
#1849=VERTEX_POINT('',#6712);
#1850=VERTEX_POINT('',#6716);
#1851=VERTEX_POINT('',#6718);
#1852=VERTEX_POINT('',#6722);
#1853=VERTEX_POINT('',#6724);
#1854=VERTEX_POINT('',#6732);
#1855=VERTEX_POINT('',#6733);
#1856=VERTEX_POINT('',#6752);
#1857=VERTEX_POINT('',#6755);
#1858=VERTEX_POINT('',#6790);
#1859=VERTEX_POINT('',#6792);
#1860=VERTEX_POINT('',#6843);
#1861=VERTEX_POINT('',#6845);
#1862=VERTEX_POINT('',#6847);
#1863=VERTEX_POINT('',#6868);
#1864=VERTEX_POINT('',#6870);
#1865=VERTEX_POINT('',#6919);
#1866=VERTEX_POINT('',#7145);
#1867=VERTEX_POINT('',#7146);
#1868=VERTEX_POINT('',#7148);
#1869=VERTEX_POINT('',#7150);
#1870=VERTEX_POINT('',#7343);
#1871=VERTEX_POINT('',#7344);
#1872=VERTEX_POINT('',#7346);
#1873=VERTEX_POINT('',#7351);
#1874=VERTEX_POINT('',#7355);
#1875=VERTEX_POINT('',#7357);
#1876=VERTEX_POINT('',#7359);
#1877=VERTEX_POINT('',#7363);
#1878=VERTEX_POINT('',#7367);
#1879=VERTEX_POINT('',#7368);
#1880=VERTEX_POINT('',#7371);
#1881=VERTEX_POINT('',#7373);
#1882=VERTEX_POINT('',#7377);
#1883=VERTEX_POINT('',#7384);
#1884=VERTEX_POINT('',#7391);
#1885=VERTEX_POINT('',#7393);
#1886=VERTEX_POINT('',#7397);
#1887=VERTEX_POINT('',#7400);
#1888=VERTEX_POINT('',#7406);
#1889=VERTEX_POINT('',#7408);
#1890=VERTEX_POINT('',#7412);
#1891=VERTEX_POINT('',#7414);
#1892=VERTEX_POINT('',#7416);
#1893=VERTEX_POINT('',#7418);
#1894=VERTEX_POINT('',#7420);
#1895=VERTEX_POINT('',#7422);
#1896=VERTEX_POINT('',#7424);
#1897=VERTEX_POINT('',#7426);
#1898=VERTEX_POINT('',#7428);
#1899=VERTEX_POINT('',#7430);
#1900=VERTEX_POINT('',#7432);
#1901=VERTEX_POINT('',#7434);
#1902=VERTEX_POINT('',#7436);
#1903=VERTEX_POINT('',#7439);
#1904=VERTEX_POINT('',#7441);
#1905=VERTEX_POINT('',#7443);
#1906=VERTEX_POINT('',#7445);
#1907=VERTEX_POINT('',#7447);
#1908=VERTEX_POINT('',#7449);
#1909=VERTEX_POINT('',#7451);
#1910=VERTEX_POINT('',#7453);
#1911=VERTEX_POINT('',#7455);
#1912=VERTEX_POINT('',#7457);
#1913=VERTEX_POINT('',#7459);
#1914=VERTEX_POINT('',#7461);
#1915=VERTEX_POINT('',#7463);
#1916=VERTEX_POINT('',#7493);
#1917=VERTEX_POINT('',#7495);
#1918=VERTEX_POINT('',#7499);
#1919=VERTEX_POINT('',#7501);
#1920=VERTEX_POINT('',#7503);
#1921=VERTEX_POINT('',#7505);
#1922=VERTEX_POINT('',#7507);
#1923=VERTEX_POINT('',#7509);
#1924=VERTEX_POINT('',#7511);
#1925=VERTEX_POINT('',#7513);
#1926=VERTEX_POINT('',#7515);
#1927=VERTEX_POINT('',#7517);
#1928=VERTEX_POINT('',#7519);
#1929=VERTEX_POINT('',#7521);
#1930=VERTEX_POINT('',#7523);
#1931=VERTEX_POINT('',#7526);
#1932=VERTEX_POINT('',#7528);
#1933=VERTEX_POINT('',#7530);
#1934=VERTEX_POINT('',#7532);
#1935=VERTEX_POINT('',#7534);
#1936=VERTEX_POINT('',#7536);
#1937=VERTEX_POINT('',#7538);
#1938=VERTEX_POINT('',#7540);
#1939=VERTEX_POINT('',#7542);
#1940=VERTEX_POINT('',#7544);
#1941=VERTEX_POINT('',#7546);
#1942=VERTEX_POINT('',#7548);
#1943=VERTEX_POINT('',#7550);
#1944=VERTEX_POINT('',#7580);
#1945=VERTEX_POINT('',#7582);
#1946=VERTEX_POINT('',#7594);
#1947=VERTEX_POINT('',#7595);
#1948=VERTEX_POINT('',#7597);
#1949=VERTEX_POINT('',#7601);
#1950=VERTEX_POINT('',#7612);
#1951=VERTEX_POINT('',#7614);
#1952=VERTEX_POINT('',#7625);
#1953=VERTEX_POINT('',#7627);
#1954=VERTEX_POINT('',#7648);
#1955=VERTEX_POINT('',#7649);
#1956=VERTEX_POINT('',#7651);
#1957=VERTEX_POINT('',#7655);
#1958=VERTEX_POINT('',#7666);
#1959=VERTEX_POINT('',#7668);
#1960=VERTEX_POINT('',#7679);
#1961=VERTEX_POINT('',#7681);
#1962=VERTEX_POINT('',#7702);
#1963=VERTEX_POINT('',#7703);
#1964=VERTEX_POINT('',#7705);
#1965=VERTEX_POINT('',#7709);
#1966=VERTEX_POINT('',#7720);
#1967=VERTEX_POINT('',#7722);
#1968=VERTEX_POINT('',#7733);
#1969=VERTEX_POINT('',#7735);
#1970=VERTEX_POINT('',#7756);
#1971=VERTEX_POINT('',#7757);
#1972=VERTEX_POINT('',#7759);
#1973=VERTEX_POINT('',#7763);
#1974=VERTEX_POINT('',#7774);
#1975=VERTEX_POINT('',#7776);
#1976=VERTEX_POINT('',#7787);
#1977=VERTEX_POINT('',#7789);
#1978=VERTEX_POINT('',#7806);
#1979=VERTEX_POINT('',#7807);
#1980=VERTEX_POINT('',#7809);
#1981=VERTEX_POINT('',#7811);
#1982=VERTEX_POINT('',#7815);
#1983=VERTEX_POINT('',#7816);
#1984=VERTEX_POINT('',#7818);
#1985=VERTEX_POINT('',#7820);
#1986=VERTEX_POINT('',#7832);
#1987=VERTEX_POINT('',#7833);
#1988=VERTEX_POINT('',#7835);
#1989=VERTEX_POINT('',#7837);
#1990=VERTEX_POINT('',#7841);
#1991=VERTEX_POINT('',#7842);
#1992=VERTEX_POINT('',#7844);
#1993=VERTEX_POINT('',#7846);
#1994=VERTEX_POINT('',#7858);
#1995=VERTEX_POINT('',#7859);
#1996=VERTEX_POINT('',#7861);
#1997=VERTEX_POINT('',#7863);
#1998=VERTEX_POINT('',#7867);
#1999=VERTEX_POINT('',#7868);
#2000=VERTEX_POINT('',#7870);
#2001=VERTEX_POINT('',#7872);
#2002=VERTEX_POINT('',#7884);
#2003=VERTEX_POINT('',#7885);
#2004=VERTEX_POINT('',#7887);
#2005=VERTEX_POINT('',#7889);
#2006=VERTEX_POINT('',#7893);
#2007=VERTEX_POINT('',#7894);
#2008=VERTEX_POINT('',#7896);
#2009=VERTEX_POINT('',#7898);
#2010=VERTEX_POINT('',#7910);
#2011=VERTEX_POINT('',#7911);
#2012=VERTEX_POINT('',#7913);
#2013=VERTEX_POINT('',#7915);
#2014=VERTEX_POINT('',#7919);
#2015=VERTEX_POINT('',#7920);
#2016=VERTEX_POINT('',#7922);
#2017=VERTEX_POINT('',#7924);
#2018=VERTEX_POINT('',#7937);
#2019=VERTEX_POINT('',#7939);
#2020=VERTEX_POINT('',#7946);
#2021=VERTEX_POINT('',#7948);
#2022=VERTEX_POINT('',#7952);
#2023=VERTEX_POINT('',#7954);
#2024=VERTEX_POINT('',#7958);
#2025=VERTEX_POINT('',#7960);
#2026=VERTEX_POINT('',#7964);
#2027=VERTEX_POINT('',#7966);
#2028=VERTEX_POINT('',#7970);
#2029=VERTEX_POINT('',#7972);
#2030=VERTEX_POINT('',#7976);
#2031=VERTEX_POINT('',#7978);
#2032=VERTEX_POINT('',#7982);
#2033=VERTEX_POINT('',#7984);
#2034=VERTEX_POINT('',#7988);
#2035=VERTEX_POINT('',#7990);
#2036=VERTEX_POINT('',#7994);
#2037=VERTEX_POINT('',#7996);
#2038=VERTEX_POINT('',#8000);
#2039=VERTEX_POINT('',#8002);
#2040=VERTEX_POINT('',#8006);
#2041=VERTEX_POINT('',#8008);
#2042=VERTEX_POINT('',#8012);
#2043=VERTEX_POINT('',#8014);
#2044=VERTEX_POINT('',#8018);
#2045=VERTEX_POINT('',#8020);
#2046=VERTEX_POINT('',#8024);
#2047=VERTEX_POINT('',#8026);
#2048=VERTEX_POINT('',#8033);
#2049=VERTEX_POINT('',#8034);
#2050=VERTEX_POINT('',#8036);
#2051=VERTEX_POINT('',#8041);
#2052=VERTEX_POINT('',#8045);
#2053=VERTEX_POINT('',#8047);
#2054=VERTEX_POINT('',#8049);
#2055=VERTEX_POINT('',#8053);
#2056=VERTEX_POINT('',#8057);
#2057=VERTEX_POINT('',#8058);
#2058=VERTEX_POINT('',#8061);
#2059=VERTEX_POINT('',#8063);
#2060=VERTEX_POINT('',#8067);
#2061=VERTEX_POINT('',#8074);
#2062=VERTEX_POINT('',#8080);
#2063=VERTEX_POINT('',#8082);
#2064=VERTEX_POINT('',#8086);
#2065=VERTEX_POINT('',#8088);
#2066=VERTEX_POINT('',#8092);
#2067=VERTEX_POINT('',#8094);
#2068=VERTEX_POINT('',#8098);
#2069=VERTEX_POINT('',#8100);
#2070=VERTEX_POINT('',#8104);
#2071=VERTEX_POINT('',#8106);
#2072=VERTEX_POINT('',#8110);
#2073=VERTEX_POINT('',#8112);
#2074=VERTEX_POINT('',#8116);
#2075=VERTEX_POINT('',#8118);
#2076=VERTEX_POINT('',#8122);
#2077=VERTEX_POINT('',#8124);
#2078=VERTEX_POINT('',#8128);
#2079=VERTEX_POINT('',#8130);
#2080=VERTEX_POINT('',#8134);
#2081=VERTEX_POINT('',#8136);
#2082=VERTEX_POINT('',#8140);
#2083=VERTEX_POINT('',#8142);
#2084=VERTEX_POINT('',#8146);
#2085=VERTEX_POINT('',#8148);
#2086=VERTEX_POINT('',#8152);
#2087=VERTEX_POINT('',#8154);
#2088=VERTEX_POINT('',#8158);
#2089=VERTEX_POINT('',#8160);
#2090=VERTEX_POINT('',#8167);
#2091=VERTEX_POINT('',#8168);
#2092=VERTEX_POINT('',#8171);
#2093=VERTEX_POINT('',#8175);
#2094=VERTEX_POINT('',#8179);
#2095=VERTEX_POINT('',#8181);
#2096=VERTEX_POINT('',#8183);
#2097=VERTEX_POINT('',#8187);
#2098=VERTEX_POINT('',#8191);
#2099=VERTEX_POINT('',#8192);
#2100=VERTEX_POINT('',#8194);
#2101=VERTEX_POINT('',#8196);
#2102=VERTEX_POINT('',#8201);
#2103=VERTEX_POINT('',#8208);
#2104=VERTEX_POINT('',#8225);
#2105=VERTEX_POINT('',#8226);
#2106=VERTEX_POINT('',#8229);
#2107=VERTEX_POINT('',#8233);
#2108=VERTEX_POINT('',#8235);
#2109=VERTEX_POINT('',#8237);
#2110=VERTEX_POINT('',#8242);
#2111=VERTEX_POINT('',#8243);
#2112=VERTEX_POINT('',#8245);
#2113=VERTEX_POINT('',#8250);
#2114=VERTEX_POINT('',#8252);
#2115=VERTEX_POINT('',#8254);
#2116=EDGE_CURVE('',#1785,#1785,#1560,.T.);
#2117=EDGE_CURVE('',#1786,#1786,#1561,.T.);
#2118=EDGE_CURVE('',#1786,#1785,#386,.T.);
#2119=EDGE_CURVE('',#1787,#1787,#1562,.T.);
#2120=EDGE_CURVE('',#1787,#1786,#387,.T.);
#2121=EDGE_CURVE('',#1788,#1788,#1563,.T.);
#2122=EDGE_CURVE('',#1789,#1789,#1564,.T.);
#2123=EDGE_CURVE('',#1789,#1788,#388,.T.);
#2124=EDGE_CURVE('',#1790,#1790,#1565,.T.);
#2125=EDGE_CURVE('',#1791,#1791,#1566,.T.);
#2126=EDGE_CURVE('',#1792,#1792,#1567,.T.);
#2127=EDGE_CURVE('',#1792,#1791,#389,.T.);
#2128=EDGE_CURVE('',#1790,#1793,#390,.T.);
#2129=EDGE_CURVE('',#1793,#1793,#1568,.T.);
#2130=EDGE_CURVE('',#1794,#1795,#1569,.T.);
#2131=EDGE_CURVE('',#1795,#1796,#391,.T.);
#2132=EDGE_CURVE('',#1796,#1796,#1570,.T.);
#2133=EDGE_CURVE('',#1795,#1794,#1571,.T.);
#2134=EDGE_CURVE('',#1797,#1797,#1572,.T.);
#2135=EDGE_CURVE('',#1797,#1798,#392,.T.);
#2136=EDGE_CURVE('',#1798,#1799,#1573,.T.);
#2137=EDGE_CURVE('',#1799,#1798,#1574,.T.);
#2138=EDGE_CURVE('',#1800,#1801,#1575,.T.);
#2139=EDGE_CURVE('',#1801,#1800,#1576,.T.);
#2140=EDGE_CURVE('',#1801,#1802,#393,.T.);
#2141=EDGE_CURVE('',#1802,#1802,#1577,.T.);
#2142=EDGE_CURVE('',#1803,#1803,#1578,.T.);
#2143=EDGE_CURVE('',#1803,#1804,#394,.T.);
#2144=EDGE_CURVE('',#1805,#1804,#1579,.T.);
#2145=EDGE_CURVE('',#1804,#1805,#1580,.T.);
#2146=EDGE_CURVE('',#1800,#1794,#1581,.T.);
#2147=EDGE_CURVE('',#1799,#1805,#1582,.T.);
#2148=EDGE_CURVE('',#1806,#1806,#1583,.T.);
#2149=EDGE_CURVE('',#1806,#1807,#395,.T.);
#2150=EDGE_CURVE('',#1807,#1807,#1584,.T.);
#2151=EDGE_CURVE('',#1808,#1808,#1585,.T.);
#2152=EDGE_CURVE('',#1808,#1809,#396,.T.);
#2153=EDGE_CURVE('',#1810,#1809,#1586,.T.);
#2154=EDGE_CURVE('',#1811,#1810,#1587,.T.);
#2155=EDGE_CURVE('',#1812,#1811,#1588,.T.);
#2156=EDGE_CURVE('',#1813,#1812,#1589,.T.);
#2157=EDGE_CURVE('',#1809,#1813,#1590,.T.);
#2158=EDGE_CURVE('',#1814,#1815,#11,.T.);
#2159=EDGE_CURVE('',#1814,#1816,#397,.T.);
#2160=EDGE_CURVE('',#1816,#1817,#398,.T.);
#2161=EDGE_CURVE('',#1815,#1817,#399,.T.);
#2162=EDGE_CURVE('',#1815,#1818,#12,.T.);
#2163=EDGE_CURVE('',#1817,#1819,#400,.T.);
#2164=EDGE_CURVE('',#1818,#1819,#401,.T.);
#2165=EDGE_CURVE('',#1818,#1820,#13,.T.);
#2166=EDGE_CURVE('',#1819,#1821,#402,.T.);
#2167=EDGE_CURVE('',#1820,#1821,#403,.T.);
#2168=EDGE_CURVE('',#1820,#1814,#14,.T.);
#2169=EDGE_CURVE('',#1821,#1816,#404,.T.);
#2170=EDGE_CURVE('',#1822,#1823,#405,.T.);
#2171=EDGE_CURVE('',#1822,#1810,#406,.T.);
#2172=EDGE_CURVE('',#1823,#1813,#407,.T.);
#2173=EDGE_CURVE('',#1823,#1824,#408,.T.);
#2174=EDGE_CURVE('',#1824,#1812,#409,.T.);
#2175=EDGE_CURVE('',#1824,#1825,#410,.T.);
#2176=EDGE_CURVE('',#1825,#1811,#411,.T.);
#2177=EDGE_CURVE('',#1825,#1822,#412,.T.);
#2178=EDGE_CURVE('',#1826,#1827,#413,.T.);
#2179=EDGE_CURVE('',#1826,#1819,#414,.T.);
#2180=EDGE_CURVE('',#1827,#1817,#415,.T.);
#2181=EDGE_CURVE('',#1827,#1828,#416,.T.);
#2182=EDGE_CURVE('',#1828,#1816,#417,.T.);
#2183=EDGE_CURVE('',#1828,#1829,#418,.T.);
#2184=EDGE_CURVE('',#1829,#1821,#419,.T.);
#2185=EDGE_CURVE('',#1829,#1826,#420,.T.);
#2186=EDGE_CURVE('',#1830,#1831,#421,.T.);
#2187=EDGE_CURVE('',#1830,#1832,#422,.T.);
#2188=EDGE_CURVE('',#1833,#1832,#423,.T.);
#2189=EDGE_CURVE('',#1831,#1833,#424,.T.);
#2190=EDGE_CURVE('',#1831,#1834,#425,.T.);
#2191=EDGE_CURVE('',#1835,#1833,#426,.T.);
#2192=EDGE_CURVE('',#1834,#1835,#427,.T.);
#2193=EDGE_CURVE('',#1834,#1836,#428,.T.);
#2194=EDGE_CURVE('',#1837,#1835,#429,.T.);
#2195=EDGE_CURVE('',#1836,#1837,#430,.T.);
#2196=EDGE_CURVE('',#1836,#1830,#431,.T.);
#2197=EDGE_CURVE('',#1832,#1837,#432,.T.);
#2198=EDGE_CURVE('',#1838,#1839,#433,.T.);
#2199=EDGE_CURVE('',#1839,#1840,#434,.T.);
#2200=EDGE_CURVE('',#1841,#1840,#435,.T.);
#2201=EDGE_CURVE('',#1838,#1841,#436,.T.);
#2202=EDGE_CURVE('',#1842,#1838,#437,.T.);
#2203=EDGE_CURVE('',#1843,#1841,#438,.T.);
#2204=EDGE_CURVE('',#1842,#1843,#439,.T.);
#2205=EDGE_CURVE('',#1844,#1842,#440,.T.);
#2206=EDGE_CURVE('',#1845,#1843,#441,.T.);
#2207=EDGE_CURVE('',#1844,#1845,#442,.T.);
#2208=EDGE_CURVE('',#1839,#1844,#443,.T.);
#2209=EDGE_CURVE('',#1840,#1845,#444,.T.);
#2210=EDGE_CURVE('',#1846,#1847,#445,.T.);
#2211=EDGE_CURVE('',#1846,#1848,#446,.T.);
#2212=EDGE_CURVE('',#1849,#1848,#447,.T.);
#2213=EDGE_CURVE('',#1847,#1849,#448,.T.);
#2214=EDGE_CURVE('',#1847,#1850,#449,.T.);
#2215=EDGE_CURVE('',#1851,#1849,#450,.T.);
#2216=EDGE_CURVE('',#1850,#1851,#451,.T.);
#2217=EDGE_CURVE('',#1850,#1852,#452,.T.);
#2218=EDGE_CURVE('',#1853,#1851,#453,.T.);
#2219=EDGE_CURVE('',#1852,#1853,#454,.T.);
#2220=EDGE_CURVE('',#1852,#1846,#455,.T.);
#2221=EDGE_CURVE('',#1848,#1853,#456,.T.);
#2222=EDGE_CURVE('',#1854,#1855,#15,.F.);
#2223=EDGE_CURVE('',#1855,#1856,#457,.T.);
#2224=EDGE_CURVE('',#1856,#1856,#1591,.T.);
#2225=EDGE_CURVE('',#1855,#1857,#16,.F.);
#2226=EDGE_CURVE('',#1857,#1858,#1592,.T.);
#2227=EDGE_CURVE('',#1858,#1859,#17,.T.);
#2228=EDGE_CURVE('',#1859,#1854,#1593,.T.);
#2229=EDGE_CURVE('',#1860,#1860,#1594,.T.);
#2230=EDGE_CURVE('',#1860,#1861,#458,.T.);
#2231=EDGE_CURVE('',#1861,#1862,#18,.F.);
#2232=EDGE_CURVE('',#1862,#1863,#1595,.T.);
#2233=EDGE_CURVE('',#1863,#1864,#19,.T.);
#2234=EDGE_CURVE('',#1864,#1865,#1596,.T.);
#2235=EDGE_CURVE('',#1865,#1861,#20,.F.);
#2236=EDGE_CURVE('',#1854,#1844,#459,.T.);
#2237=EDGE_CURVE('',#1857,#1839,#460,.T.);
#2238=EDGE_CURVE('',#1859,#1842,#461,.T.);
#2239=EDGE_CURVE('',#1858,#1838,#462,.T.);
#2240=EDGE_CURVE('',#1866,#1867,#463,.T.);
#2241=EDGE_CURVE('',#1868,#1866,#464,.T.);
#2242=EDGE_CURVE('',#1869,#1868,#465,.T.);
#2243=EDGE_CURVE('',#1867,#1869,#466,.T.);
#2244=EDGE_CURVE('',#1865,#1866,#467,.T.);
#2245=EDGE_CURVE('',#1862,#1867,#468,.T.);
#2246=EDGE_CURVE('',#1863,#1869,#469,.T.);
#2247=EDGE_CURVE('',#1864,#1868,#470,.T.);
#2248=EDGE_CURVE('',#1870,#1871,#1597,.T.);
#2249=EDGE_CURVE('',#1871,#1872,#1598,.T.);
#2250=EDGE_CURVE('',#1872,#1872,#1599,.T.);
#2251=EDGE_CURVE('',#1871,#1870,#1600,.T.);
#2252=EDGE_CURVE('',#1873,#1873,#1601,.T.);
#2253=EDGE_CURVE('',#1873,#1870,#471,.T.);
#2254=EDGE_CURVE('',#1874,#1874,#1602,.T.);
#2255=EDGE_CURVE('',#1874,#1875,#1603,.T.);
#2256=EDGE_CURVE('',#1875,#1876,#1604,.T.);
#2257=EDGE_CURVE('',#1876,#1875,#1605,.T.);
#2258=EDGE_CURVE('',#1876,#1877,#472,.T.);
#2259=EDGE_CURVE('',#1877,#1877,#1606,.T.);
#2260=EDGE_CURVE('',#1878,#1879,#1607,.T.);
#2261=EDGE_CURVE('',#1879,#1878,#1608,.T.);
#2262=EDGE_CURVE('',#1879,#1880,#1609,.T.);
#2263=EDGE_CURVE('',#1880,#1881,#1610,.T.);
#2264=EDGE_CURVE('',#1881,#1880,#1611,.T.);
#2265=EDGE_CURVE('',#1882,#1882,#1612,.T.);
#2266=EDGE_CURVE('',#1882,#1878,#473,.T.);
#2267=EDGE_CURVE('',#1872,#1874,#1613,.T.);
#2268=EDGE_CURVE('',#1883,#1883,#1614,.T.);
#2269=EDGE_CURVE('',#1881,#1883,#474,.T.);
#2270=EDGE_CURVE('',#1884,#1884,#1615,.T.);
#2271=EDGE_CURVE('',#1884,#1885,#475,.T.);
#2272=EDGE_CURVE('',#1885,#1885,#1616,.T.);
#2273=EDGE_CURVE('',#1886,#1886,#1617,.T.);
#2274=EDGE_CURVE('',#1887,#1887,#1618,.T.);
#2275=EDGE_CURVE('',#1887,#1886,#476,.T.);
#2276=EDGE_CURVE('',#1888,#1888,#1619,.T.);
#2277=EDGE_CURVE('',#1888,#1889,#477,.T.);
#2278=EDGE_CURVE('',#1889,#1889,#1620,.T.);
#2279=EDGE_CURVE('',#1890,#1890,#1621,.T.);
#2280=EDGE_CURVE('',#1891,#1891,#1622,.T.);
#2281=EDGE_CURVE('',#1892,#1892,#1623,.T.);
#2282=EDGE_CURVE('',#1893,#1893,#1624,.T.);
#2283=EDGE_CURVE('',#1894,#1894,#1625,.T.);
#2284=EDGE_CURVE('',#1895,#1895,#1626,.T.);
#2285=EDGE_CURVE('',#1896,#1896,#1627,.T.);
#2286=EDGE_CURVE('',#1897,#1897,#1628,.T.);
#2287=EDGE_CURVE('',#1898,#1898,#1629,.T.);
#2288=EDGE_CURVE('',#1899,#1899,#1630,.T.);
#2289=EDGE_CURVE('',#1900,#1900,#1631,.T.);
#2290=EDGE_CURVE('',#1901,#1901,#1632,.T.);
#2291=EDGE_CURVE('',#1902,#1902,#1633,.T.);
#2292=EDGE_CURVE('',#1903,#1903,#1634,.T.);
#2293=EDGE_CURVE('',#1904,#1904,#1635,.T.);
#2294=EDGE_CURVE('',#1905,#1905,#1636,.T.);
#2295=EDGE_CURVE('',#1906,#1906,#1637,.T.);
#2296=EDGE_CURVE('',#1907,#1907,#1638,.T.);
#2297=EDGE_CURVE('',#1908,#1908,#1639,.T.);
#2298=EDGE_CURVE('',#1909,#1909,#1640,.T.);
#2299=EDGE_CURVE('',#1910,#1910,#1641,.T.);
#2300=EDGE_CURVE('',#1911,#1911,#1642,.T.);
#2301=EDGE_CURVE('',#1912,#1912,#1643,.T.);
#2302=EDGE_CURVE('',#1913,#1913,#1644,.T.);
#2303=EDGE_CURVE('',#1914,#1914,#1645,.T.);
#2304=EDGE_CURVE('',#1915,#1915,#1646,.T.);
#2305=EDGE_CURVE('',#1903,#1890,#478,.T.);
#2306=EDGE_CURVE('',#1904,#1891,#479,.T.);
#2307=EDGE_CURVE('',#1905,#1892,#480,.T.);
#2308=EDGE_CURVE('',#1906,#1893,#481,.T.);
#2309=EDGE_CURVE('',#1907,#1894,#482,.T.);
#2310=EDGE_CURVE('',#1908,#1895,#483,.T.);
#2311=EDGE_CURVE('',#1909,#1896,#484,.T.);
#2312=EDGE_CURVE('',#1910,#1897,#485,.T.);
#2313=EDGE_CURVE('',#1911,#1898,#486,.T.);
#2314=EDGE_CURVE('',#1912,#1899,#487,.T.);
#2315=EDGE_CURVE('',#1913,#1900,#488,.T.);
#2316=EDGE_CURVE('',#1914,#1901,#489,.T.);
#2317=EDGE_CURVE('',#1915,#1902,#490,.T.);
#2318=EDGE_CURVE('',#1916,#1916,#1647,.T.);
#2319=EDGE_CURVE('',#1916,#1917,#491,.T.);
#2320=EDGE_CURVE('',#1917,#1917,#1648,.T.);
#2321=EDGE_CURVE('',#1918,#1918,#1649,.T.);
#2322=EDGE_CURVE('',#1919,#1919,#1650,.T.);
#2323=EDGE_CURVE('',#1920,#1920,#1651,.T.);
#2324=EDGE_CURVE('',#1921,#1921,#1652,.T.);
#2325=EDGE_CURVE('',#1922,#1922,#1653,.T.);
#2326=EDGE_CURVE('',#1923,#1923,#1654,.T.);
#2327=EDGE_CURVE('',#1924,#1924,#1655,.T.);
#2328=EDGE_CURVE('',#1925,#1925,#1656,.T.);
#2329=EDGE_CURVE('',#1926,#1926,#1657,.T.);
#2330=EDGE_CURVE('',#1927,#1927,#1658,.T.);
#2331=EDGE_CURVE('',#1928,#1928,#1659,.T.);
#2332=EDGE_CURVE('',#1929,#1929,#1660,.T.);
#2333=EDGE_CURVE('',#1930,#1930,#1661,.T.);
#2334=EDGE_CURVE('',#1931,#1931,#1662,.T.);
#2335=EDGE_CURVE('',#1932,#1932,#1663,.T.);
#2336=EDGE_CURVE('',#1933,#1933,#1664,.T.);
#2337=EDGE_CURVE('',#1934,#1934,#1665,.T.);
#2338=EDGE_CURVE('',#1935,#1935,#1666,.T.);
#2339=EDGE_CURVE('',#1936,#1936,#1667,.T.);
#2340=EDGE_CURVE('',#1937,#1937,#1668,.T.);
#2341=EDGE_CURVE('',#1938,#1938,#1669,.T.);
#2342=EDGE_CURVE('',#1939,#1939,#1670,.T.);
#2343=EDGE_CURVE('',#1940,#1940,#1671,.T.);
#2344=EDGE_CURVE('',#1941,#1941,#1672,.T.);
#2345=EDGE_CURVE('',#1942,#1942,#1673,.T.);
#2346=EDGE_CURVE('',#1943,#1943,#1674,.T.);
#2347=EDGE_CURVE('',#1931,#1918,#492,.T.);
#2348=EDGE_CURVE('',#1932,#1919,#493,.T.);
#2349=EDGE_CURVE('',#1933,#1920,#494,.T.);
#2350=EDGE_CURVE('',#1934,#1921,#495,.T.);
#2351=EDGE_CURVE('',#1935,#1922,#496,.T.);
#2352=EDGE_CURVE('',#1936,#1923,#497,.T.);
#2353=EDGE_CURVE('',#1937,#1924,#498,.T.);
#2354=EDGE_CURVE('',#1938,#1925,#499,.T.);
#2355=EDGE_CURVE('',#1939,#1926,#500,.T.);
#2356=EDGE_CURVE('',#1940,#1927,#501,.T.);
#2357=EDGE_CURVE('',#1941,#1928,#502,.T.);
#2358=EDGE_CURVE('',#1942,#1929,#503,.T.);
#2359=EDGE_CURVE('',#1943,#1930,#504,.T.);
#2360=EDGE_CURVE('',#1944,#1944,#1675,.T.);
#2361=EDGE_CURVE('',#1944,#1945,#505,.T.);
#2362=EDGE_CURVE('',#1945,#1945,#1676,.T.);
#2363=EDGE_CURVE('',#1946,#1947,#506,.T.);
#2364=EDGE_CURVE('',#1947,#1948,#21,.T.);
#2365=EDGE_CURVE('',#1949,#1948,#507,.T.);
#2366=EDGE_CURVE('',#1946,#1949,#22,.T.);
#2367=EDGE_CURVE('',#1947,#1950,#508,.T.);
#2368=EDGE_CURVE('',#1950,#1951,#23,.T.);
#2369=EDGE_CURVE('',#1948,#1951,#509,.T.);
#2370=EDGE_CURVE('',#1950,#1952,#510,.T.);
#2371=EDGE_CURVE('',#1952,#1953,#24,.T.);
#2372=EDGE_CURVE('',#1951,#1953,#511,.T.);
#2373=EDGE_CURVE('',#1952,#1946,#512,.T.);
#2374=EDGE_CURVE('',#1953,#1949,#513,.T.);
#2375=EDGE_CURVE('',#1954,#1955,#514,.T.);
#2376=EDGE_CURVE('',#1955,#1956,#25,.T.);
#2377=EDGE_CURVE('',#1957,#1956,#515,.T.);
#2378=EDGE_CURVE('',#1954,#1957,#26,.T.);
#2379=EDGE_CURVE('',#1955,#1958,#516,.T.);
#2380=EDGE_CURVE('',#1958,#1959,#27,.T.);
#2381=EDGE_CURVE('',#1956,#1959,#517,.T.);
#2382=EDGE_CURVE('',#1958,#1960,#518,.T.);
#2383=EDGE_CURVE('',#1960,#1961,#28,.T.);
#2384=EDGE_CURVE('',#1959,#1961,#519,.T.);
#2385=EDGE_CURVE('',#1960,#1954,#520,.T.);
#2386=EDGE_CURVE('',#1961,#1957,#521,.T.);
#2387=EDGE_CURVE('',#1962,#1963,#522,.T.);
#2388=EDGE_CURVE('',#1963,#1964,#29,.T.);
#2389=EDGE_CURVE('',#1965,#1964,#523,.T.);
#2390=EDGE_CURVE('',#1962,#1965,#30,.T.);
#2391=EDGE_CURVE('',#1963,#1966,#524,.T.);
#2392=EDGE_CURVE('',#1966,#1967,#31,.T.);
#2393=EDGE_CURVE('',#1964,#1967,#525,.T.);
#2394=EDGE_CURVE('',#1966,#1968,#526,.T.);
#2395=EDGE_CURVE('',#1968,#1969,#32,.T.);
#2396=EDGE_CURVE('',#1967,#1969,#527,.T.);
#2397=EDGE_CURVE('',#1968,#1962,#528,.T.);
#2398=EDGE_CURVE('',#1969,#1965,#529,.T.);
#2399=EDGE_CURVE('',#1970,#1971,#530,.T.);
#2400=EDGE_CURVE('',#1971,#1972,#33,.T.);
#2401=EDGE_CURVE('',#1973,#1972,#531,.T.);
#2402=EDGE_CURVE('',#1970,#1973,#34,.T.);
#2403=EDGE_CURVE('',#1971,#1974,#532,.T.);
#2404=EDGE_CURVE('',#1974,#1975,#35,.T.);
#2405=EDGE_CURVE('',#1972,#1975,#533,.T.);
#2406=EDGE_CURVE('',#1974,#1976,#534,.T.);
#2407=EDGE_CURVE('',#1976,#1977,#36,.T.);
#2408=EDGE_CURVE('',#1975,#1977,#535,.T.);
#2409=EDGE_CURVE('',#1976,#1970,#536,.T.);
#2410=EDGE_CURVE('',#1977,#1973,#537,.T.);
#2411=EDGE_CURVE('',#1978,#1979,#538,.T.);
#2412=EDGE_CURVE('',#1979,#1980,#539,.T.);
#2413=EDGE_CURVE('',#1981,#1980,#540,.T.);
#2414=EDGE_CURVE('',#1978,#1981,#541,.T.);
#2415=EDGE_CURVE('',#1982,#1983,#542,.T.);
#2416=EDGE_CURVE('',#1982,#1984,#543,.T.);
#2417=EDGE_CURVE('',#1984,#1985,#544,.T.);
#2418=EDGE_CURVE('',#1983,#1985,#545,.T.);
#2419=EDGE_CURVE('',#1978,#1982,#546,.T.);
#2420=EDGE_CURVE('',#1979,#1983,#547,.T.);
#2421=EDGE_CURVE('',#1981,#1984,#548,.T.);
#2422=EDGE_CURVE('',#1980,#1985,#549,.T.);
#2423=EDGE_CURVE('',#1986,#1987,#550,.T.);
#2424=EDGE_CURVE('',#1987,#1988,#551,.T.);
#2425=EDGE_CURVE('',#1989,#1988,#552,.T.);
#2426=EDGE_CURVE('',#1986,#1989,#553,.T.);
#2427=EDGE_CURVE('',#1990,#1991,#554,.T.);
#2428=EDGE_CURVE('',#1990,#1992,#555,.T.);
#2429=EDGE_CURVE('',#1992,#1993,#556,.T.);
#2430=EDGE_CURVE('',#1991,#1993,#557,.T.);
#2431=EDGE_CURVE('',#1986,#1990,#558,.T.);
#2432=EDGE_CURVE('',#1987,#1991,#559,.T.);
#2433=EDGE_CURVE('',#1989,#1992,#560,.T.);
#2434=EDGE_CURVE('',#1988,#1993,#561,.T.);
#2435=EDGE_CURVE('',#1994,#1995,#562,.T.);
#2436=EDGE_CURVE('',#1995,#1996,#563,.T.);
#2437=EDGE_CURVE('',#1997,#1996,#564,.T.);
#2438=EDGE_CURVE('',#1994,#1997,#565,.T.);
#2439=EDGE_CURVE('',#1998,#1999,#566,.T.);
#2440=EDGE_CURVE('',#1998,#2000,#567,.T.);
#2441=EDGE_CURVE('',#2000,#2001,#568,.T.);
#2442=EDGE_CURVE('',#1999,#2001,#569,.T.);
#2443=EDGE_CURVE('',#1994,#1998,#570,.T.);
#2444=EDGE_CURVE('',#1995,#1999,#571,.T.);
#2445=EDGE_CURVE('',#1997,#2000,#572,.T.);
#2446=EDGE_CURVE('',#1996,#2001,#573,.T.);
#2447=EDGE_CURVE('',#2002,#2003,#574,.T.);
#2448=EDGE_CURVE('',#2003,#2004,#575,.T.);
#2449=EDGE_CURVE('',#2005,#2004,#576,.T.);
#2450=EDGE_CURVE('',#2002,#2005,#577,.T.);
#2451=EDGE_CURVE('',#2006,#2007,#578,.T.);
#2452=EDGE_CURVE('',#2006,#2008,#579,.T.);
#2453=EDGE_CURVE('',#2008,#2009,#580,.T.);
#2454=EDGE_CURVE('',#2007,#2009,#581,.T.);
#2455=EDGE_CURVE('',#2002,#2006,#582,.T.);
#2456=EDGE_CURVE('',#2003,#2007,#583,.T.);
#2457=EDGE_CURVE('',#2005,#2008,#584,.T.);
#2458=EDGE_CURVE('',#2004,#2009,#585,.T.);
#2459=EDGE_CURVE('',#2010,#2011,#586,.T.);
#2460=EDGE_CURVE('',#2011,#2012,#587,.T.);
#2461=EDGE_CURVE('',#2013,#2012,#588,.T.);
#2462=EDGE_CURVE('',#2010,#2013,#589,.T.);
#2463=EDGE_CURVE('',#2014,#2015,#590,.T.);
#2464=EDGE_CURVE('',#2014,#2016,#591,.T.);
#2465=EDGE_CURVE('',#2016,#2017,#592,.T.);
#2466=EDGE_CURVE('',#2015,#2017,#593,.T.);
#2467=EDGE_CURVE('',#2010,#2014,#594,.T.);
#2468=EDGE_CURVE('',#2011,#2015,#595,.T.);
#2469=EDGE_CURVE('',#2013,#2016,#596,.T.);
#2470=EDGE_CURVE('',#2012,#2017,#597,.T.);
#2471=EDGE_CURVE('',#2018,#2018,#1677,.T.);
#2472=EDGE_CURVE('',#2018,#2019,#598,.T.);
#2473=EDGE_CURVE('',#2019,#2019,#1678,.T.);
#2474=EDGE_CURVE('',#2020,#2020,#1679,.T.);
#2475=EDGE_CURVE('',#2020,#2021,#599,.T.);
#2476=EDGE_CURVE('',#2021,#2021,#1680,.T.);
#2477=EDGE_CURVE('',#2022,#2022,#1681,.T.);
#2478=EDGE_CURVE('',#2022,#2023,#600,.T.);
#2479=EDGE_CURVE('',#2023,#2023,#1682,.T.);
#2480=EDGE_CURVE('',#2024,#2024,#1683,.T.);
#2481=EDGE_CURVE('',#2024,#2025,#601,.T.);
#2482=EDGE_CURVE('',#2025,#2025,#1684,.T.);
#2483=EDGE_CURVE('',#2026,#2026,#1685,.T.);
#2484=EDGE_CURVE('',#2026,#2027,#602,.T.);
#2485=EDGE_CURVE('',#2027,#2027,#1686,.T.);
#2486=EDGE_CURVE('',#2028,#2028,#1687,.T.);
#2487=EDGE_CURVE('',#2028,#2029,#603,.T.);
#2488=EDGE_CURVE('',#2029,#2029,#1688,.T.);
#2489=EDGE_CURVE('',#2030,#2030,#1689,.T.);
#2490=EDGE_CURVE('',#2030,#2031,#604,.T.);
#2491=EDGE_CURVE('',#2031,#2031,#1690,.T.);
#2492=EDGE_CURVE('',#2032,#2032,#1691,.T.);
#2493=EDGE_CURVE('',#2032,#2033,#605,.T.);
#2494=EDGE_CURVE('',#2033,#2033,#1692,.T.);
#2495=EDGE_CURVE('',#2034,#2034,#1693,.T.);
#2496=EDGE_CURVE('',#2034,#2035,#606,.T.);
#2497=EDGE_CURVE('',#2035,#2035,#1694,.T.);
#2498=EDGE_CURVE('',#2036,#2036,#1695,.T.);
#2499=EDGE_CURVE('',#2036,#2037,#607,.T.);
#2500=EDGE_CURVE('',#2037,#2037,#1696,.T.);
#2501=EDGE_CURVE('',#2038,#2038,#1697,.T.);
#2502=EDGE_CURVE('',#2038,#2039,#608,.T.);
#2503=EDGE_CURVE('',#2039,#2039,#1698,.T.);
#2504=EDGE_CURVE('',#2040,#2040,#1699,.T.);
#2505=EDGE_CURVE('',#2040,#2041,#609,.T.);
#2506=EDGE_CURVE('',#2041,#2041,#1700,.T.);
#2507=EDGE_CURVE('',#2042,#2042,#1701,.T.);
#2508=EDGE_CURVE('',#2042,#2043,#610,.T.);
#2509=EDGE_CURVE('',#2043,#2043,#1702,.T.);
#2510=EDGE_CURVE('',#2044,#2044,#1703,.T.);
#2511=EDGE_CURVE('',#2044,#2045,#611,.T.);
#2512=EDGE_CURVE('',#2045,#2045,#1704,.T.);
#2513=EDGE_CURVE('',#2046,#2046,#1705,.T.);
#2514=EDGE_CURVE('',#2046,#2047,#612,.T.);
#2515=EDGE_CURVE('',#2047,#2047,#1706,.T.);
#2516=EDGE_CURVE('',#2048,#2049,#1707,.T.);
#2517=EDGE_CURVE('',#2049,#2050,#1708,.T.);
#2518=EDGE_CURVE('',#2050,#2050,#1709,.T.);
#2519=EDGE_CURVE('',#2049,#2048,#1710,.T.);
#2520=EDGE_CURVE('',#2051,#2051,#1711,.T.);
#2521=EDGE_CURVE('',#2051,#2048,#613,.T.);
#2522=EDGE_CURVE('',#2052,#2052,#1712,.T.);
#2523=EDGE_CURVE('',#2052,#2053,#1713,.T.);
#2524=EDGE_CURVE('',#2053,#2054,#1714,.T.);
#2525=EDGE_CURVE('',#2054,#2053,#1715,.T.);
#2526=EDGE_CURVE('',#2054,#2055,#614,.T.);
#2527=EDGE_CURVE('',#2055,#2055,#1716,.T.);
#2528=EDGE_CURVE('',#2056,#2057,#1717,.T.);
#2529=EDGE_CURVE('',#2057,#2056,#1718,.T.);
#2530=EDGE_CURVE('',#2057,#2058,#1719,.T.);
#2531=EDGE_CURVE('',#2058,#2059,#1720,.T.);
#2532=EDGE_CURVE('',#2059,#2058,#1721,.T.);
#2533=EDGE_CURVE('',#2060,#2060,#1722,.T.);
#2534=EDGE_CURVE('',#2060,#2056,#615,.T.);
#2535=EDGE_CURVE('',#2050,#2052,#1723,.T.);
#2536=EDGE_CURVE('',#2061,#2061,#1724,.T.);
#2537=EDGE_CURVE('',#2059,#2061,#616,.T.);
#2538=EDGE_CURVE('',#2062,#2062,#1725,.T.);
#2539=EDGE_CURVE('',#2062,#2063,#617,.T.);
#2540=EDGE_CURVE('',#2063,#2063,#1726,.T.);
#2541=EDGE_CURVE('',#2064,#2064,#1727,.T.);
#2542=EDGE_CURVE('',#2064,#2065,#618,.T.);
#2543=EDGE_CURVE('',#2065,#2065,#1728,.T.);
#2544=EDGE_CURVE('',#2066,#2066,#1729,.T.);
#2545=EDGE_CURVE('',#2066,#2067,#619,.T.);
#2546=EDGE_CURVE('',#2067,#2067,#1730,.T.);
#2547=EDGE_CURVE('',#2068,#2068,#1731,.T.);
#2548=EDGE_CURVE('',#2068,#2069,#620,.T.);
#2549=EDGE_CURVE('',#2069,#2069,#1732,.T.);
#2550=EDGE_CURVE('',#2070,#2070,#1733,.T.);
#2551=EDGE_CURVE('',#2070,#2071,#621,.T.);
#2552=EDGE_CURVE('',#2071,#2071,#1734,.T.);
#2553=EDGE_CURVE('',#2072,#2072,#1735,.T.);
#2554=EDGE_CURVE('',#2072,#2073,#622,.T.);
#2555=EDGE_CURVE('',#2073,#2073,#1736,.T.);
#2556=EDGE_CURVE('',#2074,#2074,#1737,.T.);
#2557=EDGE_CURVE('',#2074,#2075,#623,.T.);
#2558=EDGE_CURVE('',#2075,#2075,#1738,.T.);
#2559=EDGE_CURVE('',#2076,#2076,#1739,.T.);
#2560=EDGE_CURVE('',#2076,#2077,#624,.T.);
#2561=EDGE_CURVE('',#2077,#2077,#1740,.T.);
#2562=EDGE_CURVE('',#2078,#2078,#1741,.T.);
#2563=EDGE_CURVE('',#2078,#2079,#625,.T.);
#2564=EDGE_CURVE('',#2079,#2079,#1742,.T.);
#2565=EDGE_CURVE('',#2080,#2080,#1743,.T.);
#2566=EDGE_CURVE('',#2080,#2081,#626,.T.);
#2567=EDGE_CURVE('',#2081,#2081,#1744,.T.);
#2568=EDGE_CURVE('',#2082,#2082,#1745,.T.);
#2569=EDGE_CURVE('',#2082,#2083,#627,.T.);
#2570=EDGE_CURVE('',#2083,#2083,#1746,.T.);
#2571=EDGE_CURVE('',#2084,#2084,#1747,.T.);
#2572=EDGE_CURVE('',#2084,#2085,#628,.T.);
#2573=EDGE_CURVE('',#2085,#2085,#1748,.T.);
#2574=EDGE_CURVE('',#2086,#2086,#1749,.T.);
#2575=EDGE_CURVE('',#2086,#2087,#629,.T.);
#2576=EDGE_CURVE('',#2087,#2087,#1750,.T.);
#2577=EDGE_CURVE('',#2088,#2088,#1751,.T.);
#2578=EDGE_CURVE('',#2088,#2089,#630,.T.);
#2579=EDGE_CURVE('',#2089,#2089,#1752,.T.);
#2580=EDGE_CURVE('',#2090,#2091,#1753,.T.);
#2581=EDGE_CURVE('',#2091,#2090,#1754,.T.);
#2582=EDGE_CURVE('',#2091,#2092,#1755,.T.);
#2583=EDGE_CURVE('',#2092,#2092,#1756,.T.);
#2584=EDGE_CURVE('',#2090,#2093,#631,.T.);
#2585=EDGE_CURVE('',#2093,#2093,#1757,.T.);
#2586=EDGE_CURVE('',#2094,#2094,#1758,.T.);
#2587=EDGE_CURVE('',#2094,#2095,#1759,.T.);
#2588=EDGE_CURVE('',#2096,#2095,#1760,.T.);
#2589=EDGE_CURVE('',#2095,#2096,#1761,.T.);
#2590=EDGE_CURVE('',#2097,#2097,#1762,.T.);
#2591=EDGE_CURVE('',#2097,#2096,#632,.T.);
#2592=EDGE_CURVE('',#2098,#2099,#1763,.T.);
#2593=EDGE_CURVE('',#2099,#2100,#1764,.T.);
#2594=EDGE_CURVE('',#2101,#2100,#1765,.T.);
#2595=EDGE_CURVE('',#2100,#2101,#1766,.T.);
#2596=EDGE_CURVE('',#2099,#2098,#1767,.T.);
#2597=EDGE_CURVE('',#2098,#2102,#633,.T.);
#2598=EDGE_CURVE('',#2102,#2102,#1768,.T.);
#2599=EDGE_CURVE('',#2092,#2094,#1769,.T.);
#2600=EDGE_CURVE('',#2103,#2103,#1770,.T.);
#2601=EDGE_CURVE('',#2103,#2101,#634,.T.);
#2602=EDGE_CURVE('',#2104,#2105,#1771,.T.);
#2603=EDGE_CURVE('',#2105,#2104,#1772,.T.);
#2604=EDGE_CURVE('',#2105,#2106,#635,.T.);
#2605=EDGE_CURVE('',#2106,#2106,#1773,.T.);
#2606=EDGE_CURVE('',#2107,#2107,#1774,.T.);
#2607=EDGE_CURVE('',#2107,#2108,#636,.T.);
#2608=EDGE_CURVE('',#2109,#2108,#1775,.T.);
#2609=EDGE_CURVE('',#2108,#2109,#1776,.T.);
#2610=EDGE_CURVE('',#2110,#2111,#1777,.T.);
#2611=EDGE_CURVE('',#2111,#2112,#637,.T.);
#2612=EDGE_CURVE('',#2112,#2112,#1778,.T.);
#2613=EDGE_CURVE('',#2111,#2110,#1779,.T.);
#2614=EDGE_CURVE('',#2113,#2113,#1780,.T.);
#2615=EDGE_CURVE('',#2113,#2114,#638,.T.);
#2616=EDGE_CURVE('',#2114,#2115,#1781,.T.);
#2617=EDGE_CURVE('',#2115,#2114,#1782,.T.);
#2618=EDGE_CURVE('',#2104,#2110,#1783,.T.);
#2619=EDGE_CURVE('',#2115,#2109,#1784,.T.);
#2620=ORIENTED_EDGE('',*,*,#2116,.F.);
#2621=ORIENTED_EDGE('',*,*,#2117,.F.);
#2622=ORIENTED_EDGE('',*,*,#2118,.T.);
#2623=ORIENTED_EDGE('',*,*,#2116,.T.);
#2624=ORIENTED_EDGE('',*,*,#2118,.F.);
#2625=ORIENTED_EDGE('',*,*,#2119,.F.);
#2626=ORIENTED_EDGE('',*,*,#2120,.T.);
#2627=ORIENTED_EDGE('',*,*,#2117,.T.);
#2628=ORIENTED_EDGE('',*,*,#2120,.F.);
#2629=ORIENTED_EDGE('',*,*,#2119,.T.);
#2630=ORIENTED_EDGE('',*,*,#2121,.F.);
#2631=ORIENTED_EDGE('',*,*,#2122,.F.);
#2632=ORIENTED_EDGE('',*,*,#2123,.T.);
#2633=ORIENTED_EDGE('',*,*,#2121,.T.);
#2634=ORIENTED_EDGE('',*,*,#2123,.F.);
#2635=ORIENTED_EDGE('',*,*,#2122,.T.);
#2636=ORIENTED_EDGE('',*,*,#2124,.F.);
#2637=ORIENTED_EDGE('',*,*,#2125,.F.);
#2638=ORIENTED_EDGE('',*,*,#2126,.T.);
#2639=ORIENTED_EDGE('',*,*,#2127,.T.);
#2640=ORIENTED_EDGE('',*,*,#2125,.T.);
#2641=ORIENTED_EDGE('',*,*,#2127,.F.);
#2642=ORIENTED_EDGE('',*,*,#2124,.T.);
#2643=ORIENTED_EDGE('',*,*,#2128,.T.);
#2644=ORIENTED_EDGE('',*,*,#2129,.T.);
#2645=ORIENTED_EDGE('',*,*,#2128,.F.);
#2646=ORIENTED_EDGE('',*,*,#2129,.F.);
#2647=ORIENTED_EDGE('',*,*,#2126,.F.);
#2648=ORIENTED_EDGE('',*,*,#2130,.T.);
#2649=ORIENTED_EDGE('',*,*,#2131,.T.);
#2650=ORIENTED_EDGE('',*,*,#2132,.F.);
#2651=ORIENTED_EDGE('',*,*,#2131,.F.);
#2652=ORIENTED_EDGE('',*,*,#2133,.T.);
#2653=ORIENTED_EDGE('',*,*,#2134,.F.);
#2654=ORIENTED_EDGE('',*,*,#2135,.T.);
#2655=ORIENTED_EDGE('',*,*,#2136,.T.);
#2656=ORIENTED_EDGE('',*,*,#2137,.T.);
#2657=ORIENTED_EDGE('',*,*,#2135,.F.);
#2658=ORIENTED_EDGE('',*,*,#2134,.T.);
#2659=ORIENTED_EDGE('',*,*,#2132,.T.);
#2660=ORIENTED_EDGE('',*,*,#2138,.F.);
#2661=ORIENTED_EDGE('',*,*,#2139,.F.);
#2662=ORIENTED_EDGE('',*,*,#2140,.T.);
#2663=ORIENTED_EDGE('',*,*,#2141,.F.);
#2664=ORIENTED_EDGE('',*,*,#2140,.F.);
#2665=ORIENTED_EDGE('',*,*,#2142,.F.);
#2666=ORIENTED_EDGE('',*,*,#2143,.T.);
#2667=ORIENTED_EDGE('',*,*,#2144,.F.);
#2668=ORIENTED_EDGE('',*,*,#2145,.F.);
#2669=ORIENTED_EDGE('',*,*,#2143,.F.);
#2670=ORIENTED_EDGE('',*,*,#2142,.T.);
#2671=ORIENTED_EDGE('',*,*,#2141,.T.);
#2672=ORIENTED_EDGE('',*,*,#2138,.T.);
#2673=ORIENTED_EDGE('',*,*,#2139,.T.);
#2674=ORIENTED_EDGE('',*,*,#2146,.T.);
#2675=ORIENTED_EDGE('',*,*,#2133,.F.);
#2676=ORIENTED_EDGE('',*,*,#2130,.F.);
#2677=ORIENTED_EDGE('',*,*,#2146,.F.);
#2678=ORIENTED_EDGE('',*,*,#2137,.F.);
#2679=ORIENTED_EDGE('',*,*,#2147,.T.);
#2680=ORIENTED_EDGE('',*,*,#2144,.T.);
#2681=ORIENTED_EDGE('',*,*,#2145,.T.);
#2682=ORIENTED_EDGE('',*,*,#2147,.F.);
#2683=ORIENTED_EDGE('',*,*,#2136,.F.);
#2684=ORIENTED_EDGE('',*,*,#2148,.F.);
#2685=ORIENTED_EDGE('',*,*,#2149,.T.);
#2686=ORIENTED_EDGE('',*,*,#2150,.F.);
#2687=ORIENTED_EDGE('',*,*,#2149,.F.);
#2688=ORIENTED_EDGE('',*,*,#2151,.F.);
#2689=ORIENTED_EDGE('',*,*,#2152,.T.);
#2690=ORIENTED_EDGE('',*,*,#2153,.F.);
#2691=ORIENTED_EDGE('',*,*,#2154,.F.);
#2692=ORIENTED_EDGE('',*,*,#2155,.F.);
#2693=ORIENTED_EDGE('',*,*,#2156,.F.);
#2694=ORIENTED_EDGE('',*,*,#2157,.F.);
#2695=ORIENTED_EDGE('',*,*,#2152,.F.);
#2696=ORIENTED_EDGE('',*,*,#2151,.T.);
#2697=ORIENTED_EDGE('',*,*,#2150,.T.);
#2698=ORIENTED_EDGE('',*,*,#2158,.F.);
#2699=ORIENTED_EDGE('',*,*,#2159,.T.);
#2700=ORIENTED_EDGE('',*,*,#2160,.T.);
#2701=ORIENTED_EDGE('',*,*,#2161,.F.);
#2702=ORIENTED_EDGE('',*,*,#2162,.F.);
#2703=ORIENTED_EDGE('',*,*,#2161,.T.);
#2704=ORIENTED_EDGE('',*,*,#2163,.T.);
#2705=ORIENTED_EDGE('',*,*,#2164,.F.);
#2706=ORIENTED_EDGE('',*,*,#2165,.F.);
#2707=ORIENTED_EDGE('',*,*,#2164,.T.);
#2708=ORIENTED_EDGE('',*,*,#2166,.T.);
#2709=ORIENTED_EDGE('',*,*,#2167,.F.);
#2710=ORIENTED_EDGE('',*,*,#2168,.F.);
#2711=ORIENTED_EDGE('',*,*,#2167,.T.);
#2712=ORIENTED_EDGE('',*,*,#2169,.T.);
#2713=ORIENTED_EDGE('',*,*,#2159,.F.);
#2714=ORIENTED_EDGE('',*,*,#2148,.T.);
#2715=ORIENTED_EDGE('',*,*,#2158,.T.);
#2716=ORIENTED_EDGE('',*,*,#2162,.T.);
#2717=ORIENTED_EDGE('',*,*,#2165,.T.);
#2718=ORIENTED_EDGE('',*,*,#2168,.T.);
#2719=ORIENTED_EDGE('',*,*,#2170,.F.);
#2720=ORIENTED_EDGE('',*,*,#2171,.T.);
#2721=ORIENTED_EDGE('',*,*,#2153,.T.);
#2722=ORIENTED_EDGE('',*,*,#2157,.T.);
#2723=ORIENTED_EDGE('',*,*,#2172,.F.);
#2724=ORIENTED_EDGE('',*,*,#2173,.F.);
#2725=ORIENTED_EDGE('',*,*,#2172,.T.);
#2726=ORIENTED_EDGE('',*,*,#2156,.T.);
#2727=ORIENTED_EDGE('',*,*,#2174,.F.);
#2728=ORIENTED_EDGE('',*,*,#2175,.F.);
#2729=ORIENTED_EDGE('',*,*,#2174,.T.);
#2730=ORIENTED_EDGE('',*,*,#2155,.T.);
#2731=ORIENTED_EDGE('',*,*,#2176,.F.);
#2732=ORIENTED_EDGE('',*,*,#2177,.F.);
#2733=ORIENTED_EDGE('',*,*,#2176,.T.);
#2734=ORIENTED_EDGE('',*,*,#2154,.T.);
#2735=ORIENTED_EDGE('',*,*,#2171,.F.);
#2736=ORIENTED_EDGE('',*,*,#2178,.F.);
#2737=ORIENTED_EDGE('',*,*,#2179,.T.);
#2738=ORIENTED_EDGE('',*,*,#2163,.F.);
#2739=ORIENTED_EDGE('',*,*,#2180,.F.);
#2740=ORIENTED_EDGE('',*,*,#2181,.F.);
#2741=ORIENTED_EDGE('',*,*,#2180,.T.);
#2742=ORIENTED_EDGE('',*,*,#2160,.F.);
#2743=ORIENTED_EDGE('',*,*,#2182,.F.);
#2744=ORIENTED_EDGE('',*,*,#2183,.F.);
#2745=ORIENTED_EDGE('',*,*,#2182,.T.);
#2746=ORIENTED_EDGE('',*,*,#2169,.F.);
#2747=ORIENTED_EDGE('',*,*,#2184,.F.);
#2748=ORIENTED_EDGE('',*,*,#2185,.F.);
#2749=ORIENTED_EDGE('',*,*,#2184,.T.);
#2750=ORIENTED_EDGE('',*,*,#2166,.F.);
#2751=ORIENTED_EDGE('',*,*,#2179,.F.);
#2752=ORIENTED_EDGE('',*,*,#2186,.F.);
#2753=ORIENTED_EDGE('',*,*,#2187,.T.);
#2754=ORIENTED_EDGE('',*,*,#2188,.F.);
#2755=ORIENTED_EDGE('',*,*,#2189,.F.);
#2756=ORIENTED_EDGE('',*,*,#2190,.F.);
#2757=ORIENTED_EDGE('',*,*,#2189,.T.);
#2758=ORIENTED_EDGE('',*,*,#2191,.F.);
#2759=ORIENTED_EDGE('',*,*,#2192,.F.);
#2760=ORIENTED_EDGE('',*,*,#2193,.F.);
#2761=ORIENTED_EDGE('',*,*,#2192,.T.);
#2762=ORIENTED_EDGE('',*,*,#2194,.F.);
#2763=ORIENTED_EDGE('',*,*,#2195,.F.);
#2764=ORIENTED_EDGE('',*,*,#2196,.F.);
#2765=ORIENTED_EDGE('',*,*,#2195,.T.);
#2766=ORIENTED_EDGE('',*,*,#2197,.F.);
#2767=ORIENTED_EDGE('',*,*,#2187,.F.);
#2768=ORIENTED_EDGE('',*,*,#2196,.T.);
#2769=ORIENTED_EDGE('',*,*,#2186,.T.);
#2770=ORIENTED_EDGE('',*,*,#2190,.T.);
#2771=ORIENTED_EDGE('',*,*,#2193,.T.);
#2772=ORIENTED_EDGE('',*,*,#2185,.T.);
#2773=ORIENTED_EDGE('',*,*,#2178,.T.);
#2774=ORIENTED_EDGE('',*,*,#2181,.T.);
#2775=ORIENTED_EDGE('',*,*,#2183,.T.);
#2776=ORIENTED_EDGE('',*,*,#2197,.T.);
#2777=ORIENTED_EDGE('',*,*,#2194,.T.);
#2778=ORIENTED_EDGE('',*,*,#2191,.T.);
#2779=ORIENTED_EDGE('',*,*,#2188,.T.);
#2780=ORIENTED_EDGE('',*,*,#2170,.T.);
#2781=ORIENTED_EDGE('',*,*,#2173,.T.);
#2782=ORIENTED_EDGE('',*,*,#2175,.T.);
#2783=ORIENTED_EDGE('',*,*,#2177,.T.);
#2784=ORIENTED_EDGE('',*,*,#2198,.T.);
#2785=ORIENTED_EDGE('',*,*,#2199,.T.);
#2786=ORIENTED_EDGE('',*,*,#2200,.F.);
#2787=ORIENTED_EDGE('',*,*,#2201,.F.);
#2788=ORIENTED_EDGE('',*,*,#2202,.T.);
#2789=ORIENTED_EDGE('',*,*,#2201,.T.);
#2790=ORIENTED_EDGE('',*,*,#2203,.F.);
#2791=ORIENTED_EDGE('',*,*,#2204,.F.);
#2792=ORIENTED_EDGE('',*,*,#2205,.T.);
#2793=ORIENTED_EDGE('',*,*,#2204,.T.);
#2794=ORIENTED_EDGE('',*,*,#2206,.F.);
#2795=ORIENTED_EDGE('',*,*,#2207,.F.);
#2796=ORIENTED_EDGE('',*,*,#2208,.T.);
#2797=ORIENTED_EDGE('',*,*,#2207,.T.);
#2798=ORIENTED_EDGE('',*,*,#2209,.F.);
#2799=ORIENTED_EDGE('',*,*,#2199,.F.);
#2800=ORIENTED_EDGE('',*,*,#2210,.F.);
#2801=ORIENTED_EDGE('',*,*,#2211,.T.);
#2802=ORIENTED_EDGE('',*,*,#2212,.F.);
#2803=ORIENTED_EDGE('',*,*,#2213,.F.);
#2804=ORIENTED_EDGE('',*,*,#2214,.F.);
#2805=ORIENTED_EDGE('',*,*,#2213,.T.);
#2806=ORIENTED_EDGE('',*,*,#2215,.F.);
#2807=ORIENTED_EDGE('',*,*,#2216,.F.);
#2808=ORIENTED_EDGE('',*,*,#2217,.F.);
#2809=ORIENTED_EDGE('',*,*,#2216,.T.);
#2810=ORIENTED_EDGE('',*,*,#2218,.F.);
#2811=ORIENTED_EDGE('',*,*,#2219,.F.);
#2812=ORIENTED_EDGE('',*,*,#2220,.F.);
#2813=ORIENTED_EDGE('',*,*,#2219,.T.);
#2814=ORIENTED_EDGE('',*,*,#2221,.F.);
#2815=ORIENTED_EDGE('',*,*,#2211,.F.);
#2816=ORIENTED_EDGE('',*,*,#2221,.T.);
#2817=ORIENTED_EDGE('',*,*,#2218,.T.);
#2818=ORIENTED_EDGE('',*,*,#2215,.T.);
#2819=ORIENTED_EDGE('',*,*,#2212,.T.);
#2820=ORIENTED_EDGE('',*,*,#2209,.T.);
#2821=ORIENTED_EDGE('',*,*,#2206,.T.);
#2822=ORIENTED_EDGE('',*,*,#2203,.T.);
#2823=ORIENTED_EDGE('',*,*,#2200,.T.);
#2824=ORIENTED_EDGE('',*,*,#2222,.T.);
#2825=ORIENTED_EDGE('',*,*,#2223,.T.);
#2826=ORIENTED_EDGE('',*,*,#2224,.F.);
#2827=ORIENTED_EDGE('',*,*,#2223,.F.);
#2828=ORIENTED_EDGE('',*,*,#2225,.T.);
#2829=ORIENTED_EDGE('',*,*,#2226,.T.);
#2830=ORIENTED_EDGE('',*,*,#2227,.T.);
#2831=ORIENTED_EDGE('',*,*,#2228,.T.);
#2832=ORIENTED_EDGE('',*,*,#2229,.F.);
#2833=ORIENTED_EDGE('',*,*,#2230,.T.);
#2834=ORIENTED_EDGE('',*,*,#2231,.T.);
#2835=ORIENTED_EDGE('',*,*,#2232,.T.);
#2836=ORIENTED_EDGE('',*,*,#2233,.T.);
#2837=ORIENTED_EDGE('',*,*,#2234,.T.);
#2838=ORIENTED_EDGE('',*,*,#2235,.T.);
#2839=ORIENTED_EDGE('',*,*,#2230,.F.);
#2840=ORIENTED_EDGE('',*,*,#2229,.T.);
#2841=ORIENTED_EDGE('',*,*,#2224,.T.);
#2842=ORIENTED_EDGE('',*,*,#2222,.F.);
#2843=ORIENTED_EDGE('',*,*,#2236,.T.);
#2844=ORIENTED_EDGE('',*,*,#2208,.F.);
#2845=ORIENTED_EDGE('',*,*,#2237,.F.);
#2846=ORIENTED_EDGE('',*,*,#2225,.F.);
#2847=ORIENTED_EDGE('',*,*,#2228,.F.);
#2848=ORIENTED_EDGE('',*,*,#2238,.T.);
#2849=ORIENTED_EDGE('',*,*,#2205,.F.);
#2850=ORIENTED_EDGE('',*,*,#2236,.F.);
#2851=ORIENTED_EDGE('',*,*,#2227,.F.);
#2852=ORIENTED_EDGE('',*,*,#2239,.T.);
#2853=ORIENTED_EDGE('',*,*,#2202,.F.);
#2854=ORIENTED_EDGE('',*,*,#2238,.F.);
#2855=ORIENTED_EDGE('',*,*,#2226,.F.);
#2856=ORIENTED_EDGE('',*,*,#2237,.T.);
#2857=ORIENTED_EDGE('',*,*,#2198,.F.);
#2858=ORIENTED_EDGE('',*,*,#2239,.F.);
#2859=ORIENTED_EDGE('',*,*,#2240,.F.);
#2860=ORIENTED_EDGE('',*,*,#2241,.F.);
#2861=ORIENTED_EDGE('',*,*,#2242,.F.);
#2862=ORIENTED_EDGE('',*,*,#2243,.F.);
#2863=ORIENTED_EDGE('',*,*,#2210,.T.);
#2864=ORIENTED_EDGE('',*,*,#2214,.T.);
#2865=ORIENTED_EDGE('',*,*,#2217,.T.);
#2866=ORIENTED_EDGE('',*,*,#2220,.T.);
#2867=ORIENTED_EDGE('',*,*,#2235,.F.);
#2868=ORIENTED_EDGE('',*,*,#2244,.T.);
#2869=ORIENTED_EDGE('',*,*,#2240,.T.);
#2870=ORIENTED_EDGE('',*,*,#2245,.F.);
#2871=ORIENTED_EDGE('',*,*,#2231,.F.);
#2872=ORIENTED_EDGE('',*,*,#2232,.F.);
#2873=ORIENTED_EDGE('',*,*,#2245,.T.);
#2874=ORIENTED_EDGE('',*,*,#2243,.T.);
#2875=ORIENTED_EDGE('',*,*,#2246,.F.);
#2876=ORIENTED_EDGE('',*,*,#2233,.F.);
#2877=ORIENTED_EDGE('',*,*,#2246,.T.);
#2878=ORIENTED_EDGE('',*,*,#2242,.T.);
#2879=ORIENTED_EDGE('',*,*,#2247,.F.);
#2880=ORIENTED_EDGE('',*,*,#2234,.F.);
#2881=ORIENTED_EDGE('',*,*,#2247,.T.);
#2882=ORIENTED_EDGE('',*,*,#2241,.T.);
#2883=ORIENTED_EDGE('',*,*,#2244,.F.);
#2884=ORIENTED_EDGE('',*,*,#2248,.T.);
#2885=ORIENTED_EDGE('',*,*,#2249,.T.);
#2886=ORIENTED_EDGE('',*,*,#2250,.T.);
#2887=ORIENTED_EDGE('',*,*,#2249,.F.);
#2888=ORIENTED_EDGE('',*,*,#2251,.T.);
#2889=ORIENTED_EDGE('',*,*,#2252,.F.);
#2890=ORIENTED_EDGE('',*,*,#2253,.T.);
#2891=ORIENTED_EDGE('',*,*,#2251,.F.);
#2892=ORIENTED_EDGE('',*,*,#2248,.F.);
#2893=ORIENTED_EDGE('',*,*,#2253,.F.);
#2894=ORIENTED_EDGE('',*,*,#2254,.T.);
#2895=ORIENTED_EDGE('',*,*,#2255,.T.);
#2896=ORIENTED_EDGE('',*,*,#2256,.T.);
#2897=ORIENTED_EDGE('',*,*,#2257,.T.);
#2898=ORIENTED_EDGE('',*,*,#2255,.F.);
#2899=ORIENTED_EDGE('',*,*,#2257,.F.);
#2900=ORIENTED_EDGE('',*,*,#2258,.T.);
#2901=ORIENTED_EDGE('',*,*,#2259,.T.);
#2902=ORIENTED_EDGE('',*,*,#2258,.F.);
#2903=ORIENTED_EDGE('',*,*,#2256,.F.);
#2904=ORIENTED_EDGE('',*,*,#2260,.F.);
#2905=ORIENTED_EDGE('',*,*,#2261,.F.);
#2906=ORIENTED_EDGE('',*,*,#2262,.T.);
#2907=ORIENTED_EDGE('',*,*,#2263,.T.);
#2908=ORIENTED_EDGE('',*,*,#2264,.T.);
#2909=ORIENTED_EDGE('',*,*,#2262,.F.);
#2910=ORIENTED_EDGE('',*,*,#2265,.F.);
#2911=ORIENTED_EDGE('',*,*,#2266,.T.);
#2912=ORIENTED_EDGE('',*,*,#2260,.T.);
#2913=ORIENTED_EDGE('',*,*,#2261,.T.);
#2914=ORIENTED_EDGE('',*,*,#2266,.F.);
#2915=ORIENTED_EDGE('',*,*,#2259,.F.);
#2916=ORIENTED_EDGE('',*,*,#2265,.T.);
#2917=ORIENTED_EDGE('',*,*,#2250,.F.);
#2918=ORIENTED_EDGE('',*,*,#2267,.T.);
#2919=ORIENTED_EDGE('',*,*,#2254,.F.);
#2920=ORIENTED_EDGE('',*,*,#2267,.F.);
#2921=ORIENTED_EDGE('',*,*,#2252,.T.);
#2922=ORIENTED_EDGE('',*,*,#2268,.F.);
#2923=ORIENTED_EDGE('',*,*,#2264,.F.);
#2924=ORIENTED_EDGE('',*,*,#2269,.T.);
#2925=ORIENTED_EDGE('',*,*,#2268,.T.);
#2926=ORIENTED_EDGE('',*,*,#2269,.F.);
#2927=ORIENTED_EDGE('',*,*,#2263,.F.);
#2928=ORIENTED_EDGE('',*,*,#2270,.F.);
#2929=ORIENTED_EDGE('',*,*,#2271,.T.);
#2930=ORIENTED_EDGE('',*,*,#2272,.T.);
#2931=ORIENTED_EDGE('',*,*,#2271,.F.);
#2932=ORIENTED_EDGE('',*,*,#2270,.T.);
#2933=ORIENTED_EDGE('',*,*,#2273,.F.);
#2934=ORIENTED_EDGE('',*,*,#2272,.F.);
#2935=ORIENTED_EDGE('',*,*,#2274,.T.);
#2936=ORIENTED_EDGE('',*,*,#2274,.F.);
#2937=ORIENTED_EDGE('',*,*,#2275,.T.);
#2938=ORIENTED_EDGE('',*,*,#2273,.T.);
#2939=ORIENTED_EDGE('',*,*,#2275,.F.);
#2940=ORIENTED_EDGE('',*,*,#2276,.F.);
#2941=ORIENTED_EDGE('',*,*,#2277,.T.);
#2942=ORIENTED_EDGE('',*,*,#2278,.T.);
#2943=ORIENTED_EDGE('',*,*,#2277,.F.);
#2944=ORIENTED_EDGE('',*,*,#2276,.T.);
#2945=ORIENTED_EDGE('',*,*,#2279,.F.);
#2946=ORIENTED_EDGE('',*,*,#2280,.F.);
#2947=ORIENTED_EDGE('',*,*,#2281,.F.);
#2948=ORIENTED_EDGE('',*,*,#2282,.F.);
#2949=ORIENTED_EDGE('',*,*,#2283,.F.);
#2950=ORIENTED_EDGE('',*,*,#2284,.F.);
#2951=ORIENTED_EDGE('',*,*,#2285,.F.);
#2952=ORIENTED_EDGE('',*,*,#2286,.F.);
#2953=ORIENTED_EDGE('',*,*,#2287,.F.);
#2954=ORIENTED_EDGE('',*,*,#2288,.F.);
#2955=ORIENTED_EDGE('',*,*,#2289,.F.);
#2956=ORIENTED_EDGE('',*,*,#2290,.F.);
#2957=ORIENTED_EDGE('',*,*,#2291,.F.);
#2958=ORIENTED_EDGE('',*,*,#2278,.F.);
#2959=ORIENTED_EDGE('',*,*,#2292,.T.);
#2960=ORIENTED_EDGE('',*,*,#2293,.T.);
#2961=ORIENTED_EDGE('',*,*,#2294,.T.);
#2962=ORIENTED_EDGE('',*,*,#2295,.T.);
#2963=ORIENTED_EDGE('',*,*,#2296,.T.);
#2964=ORIENTED_EDGE('',*,*,#2297,.T.);
#2965=ORIENTED_EDGE('',*,*,#2298,.T.);
#2966=ORIENTED_EDGE('',*,*,#2299,.T.);
#2967=ORIENTED_EDGE('',*,*,#2300,.T.);
#2968=ORIENTED_EDGE('',*,*,#2301,.T.);
#2969=ORIENTED_EDGE('',*,*,#2302,.T.);
#2970=ORIENTED_EDGE('',*,*,#2303,.T.);
#2971=ORIENTED_EDGE('',*,*,#2304,.T.);
#2972=ORIENTED_EDGE('',*,*,#2292,.F.);
#2973=ORIENTED_EDGE('',*,*,#2305,.T.);
#2974=ORIENTED_EDGE('',*,*,#2279,.T.);
#2975=ORIENTED_EDGE('',*,*,#2305,.F.);
#2976=ORIENTED_EDGE('',*,*,#2293,.F.);
#2977=ORIENTED_EDGE('',*,*,#2306,.T.);
#2978=ORIENTED_EDGE('',*,*,#2280,.T.);
#2979=ORIENTED_EDGE('',*,*,#2306,.F.);
#2980=ORIENTED_EDGE('',*,*,#2294,.F.);
#2981=ORIENTED_EDGE('',*,*,#2307,.T.);
#2982=ORIENTED_EDGE('',*,*,#2281,.T.);
#2983=ORIENTED_EDGE('',*,*,#2307,.F.);
#2984=ORIENTED_EDGE('',*,*,#2295,.F.);
#2985=ORIENTED_EDGE('',*,*,#2308,.T.);
#2986=ORIENTED_EDGE('',*,*,#2282,.T.);
#2987=ORIENTED_EDGE('',*,*,#2308,.F.);
#2988=ORIENTED_EDGE('',*,*,#2296,.F.);
#2989=ORIENTED_EDGE('',*,*,#2309,.T.);
#2990=ORIENTED_EDGE('',*,*,#2283,.T.);
#2991=ORIENTED_EDGE('',*,*,#2309,.F.);
#2992=ORIENTED_EDGE('',*,*,#2297,.F.);
#2993=ORIENTED_EDGE('',*,*,#2310,.T.);
#2994=ORIENTED_EDGE('',*,*,#2284,.T.);
#2995=ORIENTED_EDGE('',*,*,#2310,.F.);
#2996=ORIENTED_EDGE('',*,*,#2298,.F.);
#2997=ORIENTED_EDGE('',*,*,#2311,.T.);
#2998=ORIENTED_EDGE('',*,*,#2285,.T.);
#2999=ORIENTED_EDGE('',*,*,#2311,.F.);
#3000=ORIENTED_EDGE('',*,*,#2299,.F.);
#3001=ORIENTED_EDGE('',*,*,#2312,.T.);
#3002=ORIENTED_EDGE('',*,*,#2286,.T.);
#3003=ORIENTED_EDGE('',*,*,#2312,.F.);
#3004=ORIENTED_EDGE('',*,*,#2300,.F.);
#3005=ORIENTED_EDGE('',*,*,#2313,.T.);
#3006=ORIENTED_EDGE('',*,*,#2287,.T.);
#3007=ORIENTED_EDGE('',*,*,#2313,.F.);
#3008=ORIENTED_EDGE('',*,*,#2301,.F.);
#3009=ORIENTED_EDGE('',*,*,#2314,.T.);
#3010=ORIENTED_EDGE('',*,*,#2288,.T.);
#3011=ORIENTED_EDGE('',*,*,#2314,.F.);
#3012=ORIENTED_EDGE('',*,*,#2302,.F.);
#3013=ORIENTED_EDGE('',*,*,#2315,.T.);
#3014=ORIENTED_EDGE('',*,*,#2289,.T.);
#3015=ORIENTED_EDGE('',*,*,#2315,.F.);
#3016=ORIENTED_EDGE('',*,*,#2303,.F.);
#3017=ORIENTED_EDGE('',*,*,#2316,.T.);
#3018=ORIENTED_EDGE('',*,*,#2290,.T.);
#3019=ORIENTED_EDGE('',*,*,#2316,.F.);
#3020=ORIENTED_EDGE('',*,*,#2304,.F.);
#3021=ORIENTED_EDGE('',*,*,#2317,.T.);
#3022=ORIENTED_EDGE('',*,*,#2291,.T.);
#3023=ORIENTED_EDGE('',*,*,#2317,.F.);
#3024=ORIENTED_EDGE('',*,*,#2318,.F.);
#3025=ORIENTED_EDGE('',*,*,#2319,.T.);
#3026=ORIENTED_EDGE('',*,*,#2320,.T.);
#3027=ORIENTED_EDGE('',*,*,#2319,.F.);
#3028=ORIENTED_EDGE('',*,*,#2318,.T.);
#3029=ORIENTED_EDGE('',*,*,#2321,.F.);
#3030=ORIENTED_EDGE('',*,*,#2322,.F.);
#3031=ORIENTED_EDGE('',*,*,#2323,.F.);
#3032=ORIENTED_EDGE('',*,*,#2324,.F.);
#3033=ORIENTED_EDGE('',*,*,#2325,.F.);
#3034=ORIENTED_EDGE('',*,*,#2326,.F.);
#3035=ORIENTED_EDGE('',*,*,#2327,.F.);
#3036=ORIENTED_EDGE('',*,*,#2328,.F.);
#3037=ORIENTED_EDGE('',*,*,#2329,.F.);
#3038=ORIENTED_EDGE('',*,*,#2330,.F.);
#3039=ORIENTED_EDGE('',*,*,#2331,.F.);
#3040=ORIENTED_EDGE('',*,*,#2332,.F.);
#3041=ORIENTED_EDGE('',*,*,#2333,.F.);
#3042=ORIENTED_EDGE('',*,*,#2320,.F.);
#3043=ORIENTED_EDGE('',*,*,#2334,.T.);
#3044=ORIENTED_EDGE('',*,*,#2335,.T.);
#3045=ORIENTED_EDGE('',*,*,#2336,.T.);
#3046=ORIENTED_EDGE('',*,*,#2337,.T.);
#3047=ORIENTED_EDGE('',*,*,#2338,.T.);
#3048=ORIENTED_EDGE('',*,*,#2339,.T.);
#3049=ORIENTED_EDGE('',*,*,#2340,.T.);
#3050=ORIENTED_EDGE('',*,*,#2341,.T.);
#3051=ORIENTED_EDGE('',*,*,#2342,.T.);
#3052=ORIENTED_EDGE('',*,*,#2343,.T.);
#3053=ORIENTED_EDGE('',*,*,#2344,.T.);
#3054=ORIENTED_EDGE('',*,*,#2345,.T.);
#3055=ORIENTED_EDGE('',*,*,#2346,.T.);
#3056=ORIENTED_EDGE('',*,*,#2334,.F.);
#3057=ORIENTED_EDGE('',*,*,#2347,.T.);
#3058=ORIENTED_EDGE('',*,*,#2321,.T.);
#3059=ORIENTED_EDGE('',*,*,#2347,.F.);
#3060=ORIENTED_EDGE('',*,*,#2335,.F.);
#3061=ORIENTED_EDGE('',*,*,#2348,.T.);
#3062=ORIENTED_EDGE('',*,*,#2322,.T.);
#3063=ORIENTED_EDGE('',*,*,#2348,.F.);
#3064=ORIENTED_EDGE('',*,*,#2336,.F.);
#3065=ORIENTED_EDGE('',*,*,#2349,.T.);
#3066=ORIENTED_EDGE('',*,*,#2323,.T.);
#3067=ORIENTED_EDGE('',*,*,#2349,.F.);
#3068=ORIENTED_EDGE('',*,*,#2337,.F.);
#3069=ORIENTED_EDGE('',*,*,#2350,.T.);
#3070=ORIENTED_EDGE('',*,*,#2324,.T.);
#3071=ORIENTED_EDGE('',*,*,#2350,.F.);
#3072=ORIENTED_EDGE('',*,*,#2338,.F.);
#3073=ORIENTED_EDGE('',*,*,#2351,.T.);
#3074=ORIENTED_EDGE('',*,*,#2325,.T.);
#3075=ORIENTED_EDGE('',*,*,#2351,.F.);
#3076=ORIENTED_EDGE('',*,*,#2339,.F.);
#3077=ORIENTED_EDGE('',*,*,#2352,.T.);
#3078=ORIENTED_EDGE('',*,*,#2326,.T.);
#3079=ORIENTED_EDGE('',*,*,#2352,.F.);
#3080=ORIENTED_EDGE('',*,*,#2340,.F.);
#3081=ORIENTED_EDGE('',*,*,#2353,.T.);
#3082=ORIENTED_EDGE('',*,*,#2327,.T.);
#3083=ORIENTED_EDGE('',*,*,#2353,.F.);
#3084=ORIENTED_EDGE('',*,*,#2341,.F.);
#3085=ORIENTED_EDGE('',*,*,#2354,.T.);
#3086=ORIENTED_EDGE('',*,*,#2328,.T.);
#3087=ORIENTED_EDGE('',*,*,#2354,.F.);
#3088=ORIENTED_EDGE('',*,*,#2342,.F.);
#3089=ORIENTED_EDGE('',*,*,#2355,.T.);
#3090=ORIENTED_EDGE('',*,*,#2329,.T.);
#3091=ORIENTED_EDGE('',*,*,#2355,.F.);
#3092=ORIENTED_EDGE('',*,*,#2343,.F.);
#3093=ORIENTED_EDGE('',*,*,#2356,.T.);
#3094=ORIENTED_EDGE('',*,*,#2330,.T.);
#3095=ORIENTED_EDGE('',*,*,#2356,.F.);
#3096=ORIENTED_EDGE('',*,*,#2344,.F.);
#3097=ORIENTED_EDGE('',*,*,#2357,.T.);
#3098=ORIENTED_EDGE('',*,*,#2331,.T.);
#3099=ORIENTED_EDGE('',*,*,#2357,.F.);
#3100=ORIENTED_EDGE('',*,*,#2345,.F.);
#3101=ORIENTED_EDGE('',*,*,#2358,.T.);
#3102=ORIENTED_EDGE('',*,*,#2332,.T.);
#3103=ORIENTED_EDGE('',*,*,#2358,.F.);
#3104=ORIENTED_EDGE('',*,*,#2346,.F.);
#3105=ORIENTED_EDGE('',*,*,#2359,.T.);
#3106=ORIENTED_EDGE('',*,*,#2333,.T.);
#3107=ORIENTED_EDGE('',*,*,#2359,.F.);
#3108=ORIENTED_EDGE('',*,*,#2360,.F.);
#3109=ORIENTED_EDGE('',*,*,#2361,.T.);
#3110=ORIENTED_EDGE('',*,*,#2362,.T.);
#3111=ORIENTED_EDGE('',*,*,#2361,.F.);
#3112=ORIENTED_EDGE('',*,*,#2360,.T.);
#3113=ORIENTED_EDGE('',*,*,#2362,.F.);
#3114=ORIENTED_EDGE('',*,*,#2363,.T.);
#3115=ORIENTED_EDGE('',*,*,#2364,.T.);
#3116=ORIENTED_EDGE('',*,*,#2365,.F.);
#3117=ORIENTED_EDGE('',*,*,#2366,.F.);
#3118=ORIENTED_EDGE('',*,*,#2367,.T.);
#3119=ORIENTED_EDGE('',*,*,#2368,.T.);
#3120=ORIENTED_EDGE('',*,*,#2369,.F.);
#3121=ORIENTED_EDGE('',*,*,#2364,.F.);
#3122=ORIENTED_EDGE('',*,*,#2370,.T.);
#3123=ORIENTED_EDGE('',*,*,#2371,.T.);
#3124=ORIENTED_EDGE('',*,*,#2372,.F.);
#3125=ORIENTED_EDGE('',*,*,#2368,.F.);
#3126=ORIENTED_EDGE('',*,*,#2373,.T.);
#3127=ORIENTED_EDGE('',*,*,#2366,.T.);
#3128=ORIENTED_EDGE('',*,*,#2374,.F.);
#3129=ORIENTED_EDGE('',*,*,#2371,.F.);
#3130=ORIENTED_EDGE('',*,*,#2363,.F.);
#3131=ORIENTED_EDGE('',*,*,#2373,.F.);
#3132=ORIENTED_EDGE('',*,*,#2370,.F.);
#3133=ORIENTED_EDGE('',*,*,#2367,.F.);
#3134=ORIENTED_EDGE('',*,*,#2365,.T.);
#3135=ORIENTED_EDGE('',*,*,#2369,.T.);
#3136=ORIENTED_EDGE('',*,*,#2372,.T.);
#3137=ORIENTED_EDGE('',*,*,#2374,.T.);
#3138=ORIENTED_EDGE('',*,*,#2375,.T.);
#3139=ORIENTED_EDGE('',*,*,#2376,.T.);
#3140=ORIENTED_EDGE('',*,*,#2377,.F.);
#3141=ORIENTED_EDGE('',*,*,#2378,.F.);
#3142=ORIENTED_EDGE('',*,*,#2379,.T.);
#3143=ORIENTED_EDGE('',*,*,#2380,.T.);
#3144=ORIENTED_EDGE('',*,*,#2381,.F.);
#3145=ORIENTED_EDGE('',*,*,#2376,.F.);
#3146=ORIENTED_EDGE('',*,*,#2382,.T.);
#3147=ORIENTED_EDGE('',*,*,#2383,.T.);
#3148=ORIENTED_EDGE('',*,*,#2384,.F.);
#3149=ORIENTED_EDGE('',*,*,#2380,.F.);
#3150=ORIENTED_EDGE('',*,*,#2385,.T.);
#3151=ORIENTED_EDGE('',*,*,#2378,.T.);
#3152=ORIENTED_EDGE('',*,*,#2386,.F.);
#3153=ORIENTED_EDGE('',*,*,#2383,.F.);
#3154=ORIENTED_EDGE('',*,*,#2375,.F.);
#3155=ORIENTED_EDGE('',*,*,#2385,.F.);
#3156=ORIENTED_EDGE('',*,*,#2382,.F.);
#3157=ORIENTED_EDGE('',*,*,#2379,.F.);
#3158=ORIENTED_EDGE('',*,*,#2377,.T.);
#3159=ORIENTED_EDGE('',*,*,#2381,.T.);
#3160=ORIENTED_EDGE('',*,*,#2384,.T.);
#3161=ORIENTED_EDGE('',*,*,#2386,.T.);
#3162=ORIENTED_EDGE('',*,*,#2387,.T.);
#3163=ORIENTED_EDGE('',*,*,#2388,.T.);
#3164=ORIENTED_EDGE('',*,*,#2389,.F.);
#3165=ORIENTED_EDGE('',*,*,#2390,.F.);
#3166=ORIENTED_EDGE('',*,*,#2391,.T.);
#3167=ORIENTED_EDGE('',*,*,#2392,.T.);
#3168=ORIENTED_EDGE('',*,*,#2393,.F.);
#3169=ORIENTED_EDGE('',*,*,#2388,.F.);
#3170=ORIENTED_EDGE('',*,*,#2394,.T.);
#3171=ORIENTED_EDGE('',*,*,#2395,.T.);
#3172=ORIENTED_EDGE('',*,*,#2396,.F.);
#3173=ORIENTED_EDGE('',*,*,#2392,.F.);
#3174=ORIENTED_EDGE('',*,*,#2397,.T.);
#3175=ORIENTED_EDGE('',*,*,#2390,.T.);
#3176=ORIENTED_EDGE('',*,*,#2398,.F.);
#3177=ORIENTED_EDGE('',*,*,#2395,.F.);
#3178=ORIENTED_EDGE('',*,*,#2387,.F.);
#3179=ORIENTED_EDGE('',*,*,#2397,.F.);
#3180=ORIENTED_EDGE('',*,*,#2394,.F.);
#3181=ORIENTED_EDGE('',*,*,#2391,.F.);
#3182=ORIENTED_EDGE('',*,*,#2389,.T.);
#3183=ORIENTED_EDGE('',*,*,#2393,.T.);
#3184=ORIENTED_EDGE('',*,*,#2396,.T.);
#3185=ORIENTED_EDGE('',*,*,#2398,.T.);
#3186=ORIENTED_EDGE('',*,*,#2399,.T.);
#3187=ORIENTED_EDGE('',*,*,#2400,.T.);
#3188=ORIENTED_EDGE('',*,*,#2401,.F.);
#3189=ORIENTED_EDGE('',*,*,#2402,.F.);
#3190=ORIENTED_EDGE('',*,*,#2403,.T.);
#3191=ORIENTED_EDGE('',*,*,#2404,.T.);
#3192=ORIENTED_EDGE('',*,*,#2405,.F.);
#3193=ORIENTED_EDGE('',*,*,#2400,.F.);
#3194=ORIENTED_EDGE('',*,*,#2406,.T.);
#3195=ORIENTED_EDGE('',*,*,#2407,.T.);
#3196=ORIENTED_EDGE('',*,*,#2408,.F.);
#3197=ORIENTED_EDGE('',*,*,#2404,.F.);
#3198=ORIENTED_EDGE('',*,*,#2409,.T.);
#3199=ORIENTED_EDGE('',*,*,#2402,.T.);
#3200=ORIENTED_EDGE('',*,*,#2410,.F.);
#3201=ORIENTED_EDGE('',*,*,#2407,.F.);
#3202=ORIENTED_EDGE('',*,*,#2399,.F.);
#3203=ORIENTED_EDGE('',*,*,#2409,.F.);
#3204=ORIENTED_EDGE('',*,*,#2406,.F.);
#3205=ORIENTED_EDGE('',*,*,#2403,.F.);
#3206=ORIENTED_EDGE('',*,*,#2401,.T.);
#3207=ORIENTED_EDGE('',*,*,#2405,.T.);
#3208=ORIENTED_EDGE('',*,*,#2408,.T.);
#3209=ORIENTED_EDGE('',*,*,#2410,.T.);
#3210=ORIENTED_EDGE('',*,*,#2411,.T.);
#3211=ORIENTED_EDGE('',*,*,#2412,.T.);
#3212=ORIENTED_EDGE('',*,*,#2413,.F.);
#3213=ORIENTED_EDGE('',*,*,#2414,.F.);
#3214=ORIENTED_EDGE('',*,*,#2415,.F.);
#3215=ORIENTED_EDGE('',*,*,#2416,.T.);
#3216=ORIENTED_EDGE('',*,*,#2417,.T.);
#3217=ORIENTED_EDGE('',*,*,#2418,.F.);
#3218=ORIENTED_EDGE('',*,*,#2419,.T.);
#3219=ORIENTED_EDGE('',*,*,#2415,.T.);
#3220=ORIENTED_EDGE('',*,*,#2420,.F.);
#3221=ORIENTED_EDGE('',*,*,#2411,.F.);
#3222=ORIENTED_EDGE('',*,*,#2421,.F.);
#3223=ORIENTED_EDGE('',*,*,#2413,.T.);
#3224=ORIENTED_EDGE('',*,*,#2422,.T.);
#3225=ORIENTED_EDGE('',*,*,#2417,.F.);
#3226=ORIENTED_EDGE('',*,*,#2414,.T.);
#3227=ORIENTED_EDGE('',*,*,#2421,.T.);
#3228=ORIENTED_EDGE('',*,*,#2416,.F.);
#3229=ORIENTED_EDGE('',*,*,#2419,.F.);
#3230=ORIENTED_EDGE('',*,*,#2412,.F.);
#3231=ORIENTED_EDGE('',*,*,#2420,.T.);
#3232=ORIENTED_EDGE('',*,*,#2418,.T.);
#3233=ORIENTED_EDGE('',*,*,#2422,.F.);
#3234=ORIENTED_EDGE('',*,*,#2423,.T.);
#3235=ORIENTED_EDGE('',*,*,#2424,.T.);
#3236=ORIENTED_EDGE('',*,*,#2425,.F.);
#3237=ORIENTED_EDGE('',*,*,#2426,.F.);
#3238=ORIENTED_EDGE('',*,*,#2427,.F.);
#3239=ORIENTED_EDGE('',*,*,#2428,.T.);
#3240=ORIENTED_EDGE('',*,*,#2429,.T.);
#3241=ORIENTED_EDGE('',*,*,#2430,.F.);
#3242=ORIENTED_EDGE('',*,*,#2431,.T.);
#3243=ORIENTED_EDGE('',*,*,#2427,.T.);
#3244=ORIENTED_EDGE('',*,*,#2432,.F.);
#3245=ORIENTED_EDGE('',*,*,#2423,.F.);
#3246=ORIENTED_EDGE('',*,*,#2433,.F.);
#3247=ORIENTED_EDGE('',*,*,#2425,.T.);
#3248=ORIENTED_EDGE('',*,*,#2434,.T.);
#3249=ORIENTED_EDGE('',*,*,#2429,.F.);
#3250=ORIENTED_EDGE('',*,*,#2426,.T.);
#3251=ORIENTED_EDGE('',*,*,#2433,.T.);
#3252=ORIENTED_EDGE('',*,*,#2428,.F.);
#3253=ORIENTED_EDGE('',*,*,#2431,.F.);
#3254=ORIENTED_EDGE('',*,*,#2424,.F.);
#3255=ORIENTED_EDGE('',*,*,#2432,.T.);
#3256=ORIENTED_EDGE('',*,*,#2430,.T.);
#3257=ORIENTED_EDGE('',*,*,#2434,.F.);
#3258=ORIENTED_EDGE('',*,*,#2435,.T.);
#3259=ORIENTED_EDGE('',*,*,#2436,.T.);
#3260=ORIENTED_EDGE('',*,*,#2437,.F.);
#3261=ORIENTED_EDGE('',*,*,#2438,.F.);
#3262=ORIENTED_EDGE('',*,*,#2439,.F.);
#3263=ORIENTED_EDGE('',*,*,#2440,.T.);
#3264=ORIENTED_EDGE('',*,*,#2441,.T.);
#3265=ORIENTED_EDGE('',*,*,#2442,.F.);
#3266=ORIENTED_EDGE('',*,*,#2443,.T.);
#3267=ORIENTED_EDGE('',*,*,#2439,.T.);
#3268=ORIENTED_EDGE('',*,*,#2444,.F.);
#3269=ORIENTED_EDGE('',*,*,#2435,.F.);
#3270=ORIENTED_EDGE('',*,*,#2445,.F.);
#3271=ORIENTED_EDGE('',*,*,#2437,.T.);
#3272=ORIENTED_EDGE('',*,*,#2446,.T.);
#3273=ORIENTED_EDGE('',*,*,#2441,.F.);
#3274=ORIENTED_EDGE('',*,*,#2438,.T.);
#3275=ORIENTED_EDGE('',*,*,#2445,.T.);
#3276=ORIENTED_EDGE('',*,*,#2440,.F.);
#3277=ORIENTED_EDGE('',*,*,#2443,.F.);
#3278=ORIENTED_EDGE('',*,*,#2436,.F.);
#3279=ORIENTED_EDGE('',*,*,#2444,.T.);
#3280=ORIENTED_EDGE('',*,*,#2442,.T.);
#3281=ORIENTED_EDGE('',*,*,#2446,.F.);
#3282=ORIENTED_EDGE('',*,*,#2447,.T.);
#3283=ORIENTED_EDGE('',*,*,#2448,.T.);
#3284=ORIENTED_EDGE('',*,*,#2449,.F.);
#3285=ORIENTED_EDGE('',*,*,#2450,.F.);
#3286=ORIENTED_EDGE('',*,*,#2451,.F.);
#3287=ORIENTED_EDGE('',*,*,#2452,.T.);
#3288=ORIENTED_EDGE('',*,*,#2453,.T.);
#3289=ORIENTED_EDGE('',*,*,#2454,.F.);
#3290=ORIENTED_EDGE('',*,*,#2455,.T.);
#3291=ORIENTED_EDGE('',*,*,#2451,.T.);
#3292=ORIENTED_EDGE('',*,*,#2456,.F.);
#3293=ORIENTED_EDGE('',*,*,#2447,.F.);
#3294=ORIENTED_EDGE('',*,*,#2457,.F.);
#3295=ORIENTED_EDGE('',*,*,#2449,.T.);
#3296=ORIENTED_EDGE('',*,*,#2458,.T.);
#3297=ORIENTED_EDGE('',*,*,#2453,.F.);
#3298=ORIENTED_EDGE('',*,*,#2450,.T.);
#3299=ORIENTED_EDGE('',*,*,#2457,.T.);
#3300=ORIENTED_EDGE('',*,*,#2452,.F.);
#3301=ORIENTED_EDGE('',*,*,#2455,.F.);
#3302=ORIENTED_EDGE('',*,*,#2448,.F.);
#3303=ORIENTED_EDGE('',*,*,#2456,.T.);
#3304=ORIENTED_EDGE('',*,*,#2454,.T.);
#3305=ORIENTED_EDGE('',*,*,#2458,.F.);
#3306=ORIENTED_EDGE('',*,*,#2459,.T.);
#3307=ORIENTED_EDGE('',*,*,#2460,.T.);
#3308=ORIENTED_EDGE('',*,*,#2461,.F.);
#3309=ORIENTED_EDGE('',*,*,#2462,.F.);
#3310=ORIENTED_EDGE('',*,*,#2463,.F.);
#3311=ORIENTED_EDGE('',*,*,#2464,.T.);
#3312=ORIENTED_EDGE('',*,*,#2465,.T.);
#3313=ORIENTED_EDGE('',*,*,#2466,.F.);
#3314=ORIENTED_EDGE('',*,*,#2467,.T.);
#3315=ORIENTED_EDGE('',*,*,#2463,.T.);
#3316=ORIENTED_EDGE('',*,*,#2468,.F.);
#3317=ORIENTED_EDGE('',*,*,#2459,.F.);
#3318=ORIENTED_EDGE('',*,*,#2469,.F.);
#3319=ORIENTED_EDGE('',*,*,#2461,.T.);
#3320=ORIENTED_EDGE('',*,*,#2470,.T.);
#3321=ORIENTED_EDGE('',*,*,#2465,.F.);
#3322=ORIENTED_EDGE('',*,*,#2462,.T.);
#3323=ORIENTED_EDGE('',*,*,#2469,.T.);
#3324=ORIENTED_EDGE('',*,*,#2464,.F.);
#3325=ORIENTED_EDGE('',*,*,#2467,.F.);
#3326=ORIENTED_EDGE('',*,*,#2460,.F.);
#3327=ORIENTED_EDGE('',*,*,#2468,.T.);
#3328=ORIENTED_EDGE('',*,*,#2466,.T.);
#3329=ORIENTED_EDGE('',*,*,#2470,.F.);
#3330=ORIENTED_EDGE('',*,*,#2471,.F.);
#3331=ORIENTED_EDGE('',*,*,#2472,.T.);
#3332=ORIENTED_EDGE('',*,*,#2473,.T.);
#3333=ORIENTED_EDGE('',*,*,#2472,.F.);
#3334=ORIENTED_EDGE('',*,*,#2471,.T.);
#3335=ORIENTED_EDGE('',*,*,#2473,.F.);
#3336=ORIENTED_EDGE('',*,*,#2474,.T.);
#3337=ORIENTED_EDGE('',*,*,#2475,.T.);
#3338=ORIENTED_EDGE('',*,*,#2476,.F.);
#3339=ORIENTED_EDGE('',*,*,#2475,.F.);
#3340=ORIENTED_EDGE('',*,*,#2477,.T.);
#3341=ORIENTED_EDGE('',*,*,#2478,.T.);
#3342=ORIENTED_EDGE('',*,*,#2479,.F.);
#3343=ORIENTED_EDGE('',*,*,#2478,.F.);
#3344=ORIENTED_EDGE('',*,*,#2480,.T.);
#3345=ORIENTED_EDGE('',*,*,#2481,.T.);
#3346=ORIENTED_EDGE('',*,*,#2482,.F.);
#3347=ORIENTED_EDGE('',*,*,#2481,.F.);
#3348=ORIENTED_EDGE('',*,*,#2483,.T.);
#3349=ORIENTED_EDGE('',*,*,#2484,.T.);
#3350=ORIENTED_EDGE('',*,*,#2485,.F.);
#3351=ORIENTED_EDGE('',*,*,#2484,.F.);
#3352=ORIENTED_EDGE('',*,*,#2486,.T.);
#3353=ORIENTED_EDGE('',*,*,#2487,.T.);
#3354=ORIENTED_EDGE('',*,*,#2488,.F.);
#3355=ORIENTED_EDGE('',*,*,#2487,.F.);
#3356=ORIENTED_EDGE('',*,*,#2489,.T.);
#3357=ORIENTED_EDGE('',*,*,#2490,.T.);
#3358=ORIENTED_EDGE('',*,*,#2491,.F.);
#3359=ORIENTED_EDGE('',*,*,#2490,.F.);
#3360=ORIENTED_EDGE('',*,*,#2492,.T.);
#3361=ORIENTED_EDGE('',*,*,#2493,.T.);
#3362=ORIENTED_EDGE('',*,*,#2494,.F.);
#3363=ORIENTED_EDGE('',*,*,#2493,.F.);
#3364=ORIENTED_EDGE('',*,*,#2495,.T.);
#3365=ORIENTED_EDGE('',*,*,#2496,.T.);
#3366=ORIENTED_EDGE('',*,*,#2497,.F.);
#3367=ORIENTED_EDGE('',*,*,#2496,.F.);
#3368=ORIENTED_EDGE('',*,*,#2498,.T.);
#3369=ORIENTED_EDGE('',*,*,#2499,.T.);
#3370=ORIENTED_EDGE('',*,*,#2500,.F.);
#3371=ORIENTED_EDGE('',*,*,#2499,.F.);
#3372=ORIENTED_EDGE('',*,*,#2501,.T.);
#3373=ORIENTED_EDGE('',*,*,#2502,.T.);
#3374=ORIENTED_EDGE('',*,*,#2503,.F.);
#3375=ORIENTED_EDGE('',*,*,#2502,.F.);
#3376=ORIENTED_EDGE('',*,*,#2504,.T.);
#3377=ORIENTED_EDGE('',*,*,#2505,.T.);
#3378=ORIENTED_EDGE('',*,*,#2506,.F.);
#3379=ORIENTED_EDGE('',*,*,#2505,.F.);
#3380=ORIENTED_EDGE('',*,*,#2507,.T.);
#3381=ORIENTED_EDGE('',*,*,#2508,.T.);
#3382=ORIENTED_EDGE('',*,*,#2509,.F.);
#3383=ORIENTED_EDGE('',*,*,#2508,.F.);
#3384=ORIENTED_EDGE('',*,*,#2510,.T.);
#3385=ORIENTED_EDGE('',*,*,#2511,.T.);
#3386=ORIENTED_EDGE('',*,*,#2512,.F.);
#3387=ORIENTED_EDGE('',*,*,#2511,.F.);
#3388=ORIENTED_EDGE('',*,*,#2513,.F.);
#3389=ORIENTED_EDGE('',*,*,#2514,.T.);
#3390=ORIENTED_EDGE('',*,*,#2515,.T.);
#3391=ORIENTED_EDGE('',*,*,#2514,.F.);
#3392=ORIENTED_EDGE('',*,*,#2513,.T.);
#3393=ORIENTED_EDGE('',*,*,#2512,.T.);
#3394=ORIENTED_EDGE('',*,*,#2509,.T.);
#3395=ORIENTED_EDGE('',*,*,#2506,.T.);
#3396=ORIENTED_EDGE('',*,*,#2503,.T.);
#3397=ORIENTED_EDGE('',*,*,#2500,.T.);
#3398=ORIENTED_EDGE('',*,*,#2497,.T.);
#3399=ORIENTED_EDGE('',*,*,#2494,.T.);
#3400=ORIENTED_EDGE('',*,*,#2491,.T.);
#3401=ORIENTED_EDGE('',*,*,#2488,.T.);
#3402=ORIENTED_EDGE('',*,*,#2485,.T.);
#3403=ORIENTED_EDGE('',*,*,#2482,.T.);
#3404=ORIENTED_EDGE('',*,*,#2479,.T.);
#3405=ORIENTED_EDGE('',*,*,#2476,.T.);
#3406=ORIENTED_EDGE('',*,*,#2515,.F.);
#3407=ORIENTED_EDGE('',*,*,#2510,.F.);
#3408=ORIENTED_EDGE('',*,*,#2507,.F.);
#3409=ORIENTED_EDGE('',*,*,#2504,.F.);
#3410=ORIENTED_EDGE('',*,*,#2501,.F.);
#3411=ORIENTED_EDGE('',*,*,#2498,.F.);
#3412=ORIENTED_EDGE('',*,*,#2495,.F.);
#3413=ORIENTED_EDGE('',*,*,#2492,.F.);
#3414=ORIENTED_EDGE('',*,*,#2489,.F.);
#3415=ORIENTED_EDGE('',*,*,#2486,.F.);
#3416=ORIENTED_EDGE('',*,*,#2483,.F.);
#3417=ORIENTED_EDGE('',*,*,#2480,.F.);
#3418=ORIENTED_EDGE('',*,*,#2477,.F.);
#3419=ORIENTED_EDGE('',*,*,#2474,.F.);
#3420=ORIENTED_EDGE('',*,*,#2516,.T.);
#3421=ORIENTED_EDGE('',*,*,#2517,.T.);
#3422=ORIENTED_EDGE('',*,*,#2518,.T.);
#3423=ORIENTED_EDGE('',*,*,#2517,.F.);
#3424=ORIENTED_EDGE('',*,*,#2519,.T.);
#3425=ORIENTED_EDGE('',*,*,#2520,.F.);
#3426=ORIENTED_EDGE('',*,*,#2521,.T.);
#3427=ORIENTED_EDGE('',*,*,#2519,.F.);
#3428=ORIENTED_EDGE('',*,*,#2516,.F.);
#3429=ORIENTED_EDGE('',*,*,#2521,.F.);
#3430=ORIENTED_EDGE('',*,*,#2522,.T.);
#3431=ORIENTED_EDGE('',*,*,#2523,.T.);
#3432=ORIENTED_EDGE('',*,*,#2524,.T.);
#3433=ORIENTED_EDGE('',*,*,#2525,.T.);
#3434=ORIENTED_EDGE('',*,*,#2523,.F.);
#3435=ORIENTED_EDGE('',*,*,#2525,.F.);
#3436=ORIENTED_EDGE('',*,*,#2526,.T.);
#3437=ORIENTED_EDGE('',*,*,#2527,.T.);
#3438=ORIENTED_EDGE('',*,*,#2526,.F.);
#3439=ORIENTED_EDGE('',*,*,#2524,.F.);
#3440=ORIENTED_EDGE('',*,*,#2528,.F.);
#3441=ORIENTED_EDGE('',*,*,#2529,.F.);
#3442=ORIENTED_EDGE('',*,*,#2530,.T.);
#3443=ORIENTED_EDGE('',*,*,#2531,.T.);
#3444=ORIENTED_EDGE('',*,*,#2532,.T.);
#3445=ORIENTED_EDGE('',*,*,#2530,.F.);
#3446=ORIENTED_EDGE('',*,*,#2533,.F.);
#3447=ORIENTED_EDGE('',*,*,#2534,.T.);
#3448=ORIENTED_EDGE('',*,*,#2528,.T.);
#3449=ORIENTED_EDGE('',*,*,#2529,.T.);
#3450=ORIENTED_EDGE('',*,*,#2534,.F.);
#3451=ORIENTED_EDGE('',*,*,#2527,.F.);
#3452=ORIENTED_EDGE('',*,*,#2533,.T.);
#3453=ORIENTED_EDGE('',*,*,#2518,.F.);
#3454=ORIENTED_EDGE('',*,*,#2535,.T.);
#3455=ORIENTED_EDGE('',*,*,#2522,.F.);
#3456=ORIENTED_EDGE('',*,*,#2535,.F.);
#3457=ORIENTED_EDGE('',*,*,#2520,.T.);
#3458=ORIENTED_EDGE('',*,*,#2536,.F.);
#3459=ORIENTED_EDGE('',*,*,#2532,.F.);
#3460=ORIENTED_EDGE('',*,*,#2537,.T.);
#3461=ORIENTED_EDGE('',*,*,#2536,.T.);
#3462=ORIENTED_EDGE('',*,*,#2537,.F.);
#3463=ORIENTED_EDGE('',*,*,#2531,.F.);
#3464=ORIENTED_EDGE('',*,*,#2538,.T.);
#3465=ORIENTED_EDGE('',*,*,#2539,.T.);
#3466=ORIENTED_EDGE('',*,*,#2540,.F.);
#3467=ORIENTED_EDGE('',*,*,#2539,.F.);
#3468=ORIENTED_EDGE('',*,*,#2541,.T.);
#3469=ORIENTED_EDGE('',*,*,#2542,.T.);
#3470=ORIENTED_EDGE('',*,*,#2543,.F.);
#3471=ORIENTED_EDGE('',*,*,#2542,.F.);
#3472=ORIENTED_EDGE('',*,*,#2544,.T.);
#3473=ORIENTED_EDGE('',*,*,#2545,.T.);
#3474=ORIENTED_EDGE('',*,*,#2546,.F.);
#3475=ORIENTED_EDGE('',*,*,#2545,.F.);
#3476=ORIENTED_EDGE('',*,*,#2547,.T.);
#3477=ORIENTED_EDGE('',*,*,#2548,.T.);
#3478=ORIENTED_EDGE('',*,*,#2549,.F.);
#3479=ORIENTED_EDGE('',*,*,#2548,.F.);
#3480=ORIENTED_EDGE('',*,*,#2550,.T.);
#3481=ORIENTED_EDGE('',*,*,#2551,.T.);
#3482=ORIENTED_EDGE('',*,*,#2552,.F.);
#3483=ORIENTED_EDGE('',*,*,#2551,.F.);
#3484=ORIENTED_EDGE('',*,*,#2553,.T.);
#3485=ORIENTED_EDGE('',*,*,#2554,.T.);
#3486=ORIENTED_EDGE('',*,*,#2555,.F.);
#3487=ORIENTED_EDGE('',*,*,#2554,.F.);
#3488=ORIENTED_EDGE('',*,*,#2556,.T.);
#3489=ORIENTED_EDGE('',*,*,#2557,.T.);
#3490=ORIENTED_EDGE('',*,*,#2558,.F.);
#3491=ORIENTED_EDGE('',*,*,#2557,.F.);
#3492=ORIENTED_EDGE('',*,*,#2559,.T.);
#3493=ORIENTED_EDGE('',*,*,#2560,.T.);
#3494=ORIENTED_EDGE('',*,*,#2561,.F.);
#3495=ORIENTED_EDGE('',*,*,#2560,.F.);
#3496=ORIENTED_EDGE('',*,*,#2562,.T.);
#3497=ORIENTED_EDGE('',*,*,#2563,.T.);
#3498=ORIENTED_EDGE('',*,*,#2564,.F.);
#3499=ORIENTED_EDGE('',*,*,#2563,.F.);
#3500=ORIENTED_EDGE('',*,*,#2565,.T.);
#3501=ORIENTED_EDGE('',*,*,#2566,.T.);
#3502=ORIENTED_EDGE('',*,*,#2567,.F.);
#3503=ORIENTED_EDGE('',*,*,#2566,.F.);
#3504=ORIENTED_EDGE('',*,*,#2568,.T.);
#3505=ORIENTED_EDGE('',*,*,#2569,.T.);
#3506=ORIENTED_EDGE('',*,*,#2570,.F.);
#3507=ORIENTED_EDGE('',*,*,#2569,.F.);
#3508=ORIENTED_EDGE('',*,*,#2571,.T.);
#3509=ORIENTED_EDGE('',*,*,#2572,.T.);
#3510=ORIENTED_EDGE('',*,*,#2573,.F.);
#3511=ORIENTED_EDGE('',*,*,#2572,.F.);
#3512=ORIENTED_EDGE('',*,*,#2574,.T.);
#3513=ORIENTED_EDGE('',*,*,#2575,.T.);
#3514=ORIENTED_EDGE('',*,*,#2576,.F.);
#3515=ORIENTED_EDGE('',*,*,#2575,.F.);
#3516=ORIENTED_EDGE('',*,*,#2577,.F.);
#3517=ORIENTED_EDGE('',*,*,#2578,.T.);
#3518=ORIENTED_EDGE('',*,*,#2579,.T.);
#3519=ORIENTED_EDGE('',*,*,#2578,.F.);
#3520=ORIENTED_EDGE('',*,*,#2579,.F.);
#3521=ORIENTED_EDGE('',*,*,#2574,.F.);
#3522=ORIENTED_EDGE('',*,*,#2571,.F.);
#3523=ORIENTED_EDGE('',*,*,#2568,.F.);
#3524=ORIENTED_EDGE('',*,*,#2565,.F.);
#3525=ORIENTED_EDGE('',*,*,#2562,.F.);
#3526=ORIENTED_EDGE('',*,*,#2559,.F.);
#3527=ORIENTED_EDGE('',*,*,#2556,.F.);
#3528=ORIENTED_EDGE('',*,*,#2553,.F.);
#3529=ORIENTED_EDGE('',*,*,#2550,.F.);
#3530=ORIENTED_EDGE('',*,*,#2547,.F.);
#3531=ORIENTED_EDGE('',*,*,#2544,.F.);
#3532=ORIENTED_EDGE('',*,*,#2541,.F.);
#3533=ORIENTED_EDGE('',*,*,#2538,.F.);
#3534=ORIENTED_EDGE('',*,*,#2577,.T.);
#3535=ORIENTED_EDGE('',*,*,#2576,.T.);
#3536=ORIENTED_EDGE('',*,*,#2573,.T.);
#3537=ORIENTED_EDGE('',*,*,#2570,.T.);
#3538=ORIENTED_EDGE('',*,*,#2567,.T.);
#3539=ORIENTED_EDGE('',*,*,#2564,.T.);
#3540=ORIENTED_EDGE('',*,*,#2561,.T.);
#3541=ORIENTED_EDGE('',*,*,#2558,.T.);
#3542=ORIENTED_EDGE('',*,*,#2555,.T.);
#3543=ORIENTED_EDGE('',*,*,#2552,.T.);
#3544=ORIENTED_EDGE('',*,*,#2549,.T.);
#3545=ORIENTED_EDGE('',*,*,#2546,.T.);
#3546=ORIENTED_EDGE('',*,*,#2543,.T.);
#3547=ORIENTED_EDGE('',*,*,#2540,.T.);
#3548=ORIENTED_EDGE('',*,*,#2580,.F.);
#3549=ORIENTED_EDGE('',*,*,#2581,.F.);
#3550=ORIENTED_EDGE('',*,*,#2582,.T.);
#3551=ORIENTED_EDGE('',*,*,#2583,.F.);
#3552=ORIENTED_EDGE('',*,*,#2582,.F.);
#3553=ORIENTED_EDGE('',*,*,#2580,.T.);
#3554=ORIENTED_EDGE('',*,*,#2581,.T.);
#3555=ORIENTED_EDGE('',*,*,#2584,.T.);
#3556=ORIENTED_EDGE('',*,*,#2585,.T.);
#3557=ORIENTED_EDGE('',*,*,#2584,.F.);
#3558=ORIENTED_EDGE('',*,*,#2586,.F.);
#3559=ORIENTED_EDGE('',*,*,#2587,.T.);
#3560=ORIENTED_EDGE('',*,*,#2588,.F.);
#3561=ORIENTED_EDGE('',*,*,#2589,.F.);
#3562=ORIENTED_EDGE('',*,*,#2587,.F.);
#3563=ORIENTED_EDGE('',*,*,#2590,.F.);
#3564=ORIENTED_EDGE('',*,*,#2591,.T.);
#3565=ORIENTED_EDGE('',*,*,#2588,.T.);
#3566=ORIENTED_EDGE('',*,*,#2589,.T.);
#3567=ORIENTED_EDGE('',*,*,#2591,.F.);
#3568=ORIENTED_EDGE('',*,*,#2592,.T.);
#3569=ORIENTED_EDGE('',*,*,#2593,.T.);
#3570=ORIENTED_EDGE('',*,*,#2594,.F.);
#3571=ORIENTED_EDGE('',*,*,#2595,.F.);
#3572=ORIENTED_EDGE('',*,*,#2593,.F.);
#3573=ORIENTED_EDGE('',*,*,#2596,.T.);
#3574=ORIENTED_EDGE('',*,*,#2592,.F.);
#3575=ORIENTED_EDGE('',*,*,#2597,.T.);
#3576=ORIENTED_EDGE('',*,*,#2598,.T.);
#3577=ORIENTED_EDGE('',*,*,#2597,.F.);
#3578=ORIENTED_EDGE('',*,*,#2596,.F.);
#3579=ORIENTED_EDGE('',*,*,#2590,.T.);
#3580=ORIENTED_EDGE('',*,*,#2598,.F.);
#3581=ORIENTED_EDGE('',*,*,#2583,.T.);
#3582=ORIENTED_EDGE('',*,*,#2599,.T.);
#3583=ORIENTED_EDGE('',*,*,#2586,.T.);
#3584=ORIENTED_EDGE('',*,*,#2599,.F.);
#3585=ORIENTED_EDGE('',*,*,#2585,.F.);
#3586=ORIENTED_EDGE('',*,*,#2600,.T.);
#3587=ORIENTED_EDGE('',*,*,#2600,.F.);
#3588=ORIENTED_EDGE('',*,*,#2601,.T.);
#3589=ORIENTED_EDGE('',*,*,#2594,.T.);
#3590=ORIENTED_EDGE('',*,*,#2595,.T.);
#3591=ORIENTED_EDGE('',*,*,#2601,.F.);
#3592=ORIENTED_EDGE('',*,*,#2602,.F.);
#3593=ORIENTED_EDGE('',*,*,#2603,.F.);
#3594=ORIENTED_EDGE('',*,*,#2604,.T.);
#3595=ORIENTED_EDGE('',*,*,#2605,.F.);
#3596=ORIENTED_EDGE('',*,*,#2604,.F.);
#3597=ORIENTED_EDGE('',*,*,#2606,.F.);
#3598=ORIENTED_EDGE('',*,*,#2607,.T.);
#3599=ORIENTED_EDGE('',*,*,#2608,.F.);
#3600=ORIENTED_EDGE('',*,*,#2609,.F.);
#3601=ORIENTED_EDGE('',*,*,#2607,.F.);
#3602=ORIENTED_EDGE('',*,*,#2606,.T.);
#3603=ORIENTED_EDGE('',*,*,#2605,.T.);
#3604=ORIENTED_EDGE('',*,*,#2610,.T.);
#3605=ORIENTED_EDGE('',*,*,#2611,.T.);
#3606=ORIENTED_EDGE('',*,*,#2612,.F.);
#3607=ORIENTED_EDGE('',*,*,#2611,.F.);
#3608=ORIENTED_EDGE('',*,*,#2613,.T.);
#3609=ORIENTED_EDGE('',*,*,#2614,.F.);
#3610=ORIENTED_EDGE('',*,*,#2615,.T.);
#3611=ORIENTED_EDGE('',*,*,#2616,.T.);
#3612=ORIENTED_EDGE('',*,*,#2617,.T.);
#3613=ORIENTED_EDGE('',*,*,#2615,.F.);
#3614=ORIENTED_EDGE('',*,*,#2614,.T.);
#3615=ORIENTED_EDGE('',*,*,#2612,.T.);
#3616=ORIENTED_EDGE('',*,*,#2602,.T.);
#3617=ORIENTED_EDGE('',*,*,#2603,.T.);
#3618=ORIENTED_EDGE('',*,*,#2618,.T.);
#3619=ORIENTED_EDGE('',*,*,#2613,.F.);
#3620=ORIENTED_EDGE('',*,*,#2610,.F.);
#3621=ORIENTED_EDGE('',*,*,#2618,.F.);
#3622=ORIENTED_EDGE('',*,*,#2617,.F.);
#3623=ORIENTED_EDGE('',*,*,#2619,.T.);
#3624=ORIENTED_EDGE('',*,*,#2608,.T.);
#3625=ORIENTED_EDGE('',*,*,#2609,.T.);
#3626=ORIENTED_EDGE('',*,*,#2619,.F.);
#3627=ORIENTED_EDGE('',*,*,#2616,.F.);
#3628=PLANE('',#4472);
#3629=PLANE('',#4478);
#3630=PLANE('',#4482);
#3631=PLANE('',#4485);
#3632=PLANE('',#4492);
#3633=PLANE('',#4502);
#3634=PLANE('',#4511);
#3635=PLANE('',#4527);
#3636=PLANE('',#4528);
#3637=PLANE('',#4529);
#3638=PLANE('',#4530);
#3639=PLANE('',#4531);
#3640=PLANE('',#4532);
#3641=PLANE('',#4533);
#3642=PLANE('',#4534);
#3643=PLANE('',#4535);
#3644=PLANE('',#4536);
#3645=PLANE('',#4537);
#3646=PLANE('',#4538);
#3647=PLANE('',#4540);
#3648=PLANE('',#4541);
#3649=PLANE('',#4542);
#3650=PLANE('',#4543);
#3651=PLANE('',#4544);
#3652=PLANE('',#4545);
#3653=PLANE('',#4546);
#3654=PLANE('',#4547);
#3655=PLANE('',#4548);
#3656=PLANE('',#4557);
#3657=PLANE('',#4558);
#3658=PLANE('',#4582);
#3659=PLANE('',#4585);
#3660=PLANE('',#4593);
#3661=PLANE('',#4595);
#3662=PLANE('',#4602);
#3663=PLANE('',#4616);
#3664=PLANE('',#4647);
#3665=PLANE('',#4661);
#3666=PLANE('',#4692);
#3667=PLANE('',#4693);
#3668=PLANE('',#4695);
#3669=PLANE('',#4696);
#3670=PLANE('',#4697);
#3671=PLANE('',#4698);
#3672=PLANE('',#4699);
#3673=PLANE('',#4700);
#3674=PLANE('',#4701);
#3675=PLANE('',#4702);
#3676=PLANE('',#4704);
#3677=PLANE('',#4705);
#3678=PLANE('',#4706);
#3679=PLANE('',#4707);
#3680=PLANE('',#4708);
#3681=PLANE('',#4709);
#3682=PLANE('',#4710);
#3683=PLANE('',#4711);
#3684=PLANE('',#4712);
#3685=PLANE('',#4713);
#3686=PLANE('',#4714);
#3687=PLANE('',#4715);
#3688=PLANE('',#4716);
#3689=PLANE('',#4717);
#3690=PLANE('',#4718);
#3691=PLANE('',#4719);
#3692=PLANE('',#4720);
#3693=PLANE('',#4721);
#3694=PLANE('',#4722);
#3695=PLANE('',#4723);
#3696=PLANE('',#4724);
#3697=PLANE('',#4725);
#3698=PLANE('',#4726);
#3699=PLANE('',#4727);
#3700=PLANE('',#4728);
#3701=PLANE('',#4729);
#3702=PLANE('',#4730);
#3703=PLANE('',#4731);
#3704=PLANE('',#4732);
#3705=PLANE('',#4733);
#3706=PLANE('',#4738);
#3707=PLANE('',#4739);
#3708=PLANE('',#4783);
#3709=PLANE('',#4784);
#3710=PLANE('',#4808);
#3711=PLANE('',#4811);
#3712=PLANE('',#4857);
#3713=PLANE('',#4858);
#3714=PLANE('',#4882);
#3715=PLANE('',#4885);
#3716=PLANE('',#4908);
#3717=PLANE('',#4917);
#3718=ADVANCED_FACE('',(#980),#3628,.T.);
#3719=ADVANCED_FACE('',(#981),#892,.T.);
#3720=ADVANCED_FACE('',(#982),#385,.T.);
#3721=ADVANCED_FACE('',(#983,#259),#3629,.T.);
#3722=ADVANCED_FACE('',(#984),#893,.T.);
#3723=ADVANCED_FACE('',(#985),#3630,.T.);
#3724=ADVANCED_FACE('',(#986,#260),#3631,.T.);
#3725=ADVANCED_FACE('',(#987),#894,.F.);
#3726=ADVANCED_FACE('',(#988),#895,.T.);
#3727=ADVANCED_FACE('',(#989,#261),#3632,.F.);
#3728=ADVANCED_FACE('',(#990),#896,.F.);
#3729=ADVANCED_FACE('',(#991),#897,.T.);
#3730=ADVANCED_FACE('',(#992,#262),#3633,.T.);
#3731=ADVANCED_FACE('',(#993),#898,.F.);
#3732=ADVANCED_FACE('',(#994),#899,.T.);
#3733=ADVANCED_FACE('',(#995,#263),#3634,.F.);
#3734=ADVANCED_FACE('',(#996),#69,.F.);
#3735=ADVANCED_FACE('',(#997),#70,.T.);
#3736=ADVANCED_FACE('',(#998),#900,.F.);
#3737=ADVANCED_FACE('',(#999),#901,.T.);
#3738=ADVANCED_FACE('',(#1000,#264),#3635,.T.);
#3739=ADVANCED_FACE('',(#1001),#37,.F.);
#3740=ADVANCED_FACE('',(#1002),#38,.F.);
#3741=ADVANCED_FACE('',(#1003),#39,.F.);
#3742=ADVANCED_FACE('',(#1004),#40,.F.);
#3743=ADVANCED_FACE('',(#1005,#265),#3636,.T.);
#3744=ADVANCED_FACE('',(#1006),#41,.F.);
#3745=ADVANCED_FACE('',(#1007),#42,.F.);
#3746=ADVANCED_FACE('',(#1008),#43,.F.);
#3747=ADVANCED_FACE('',(#1009),#44,.F.);
#3748=ADVANCED_FACE('',(#1010),#3637,.T.);
#3749=ADVANCED_FACE('',(#1011),#3638,.T.);
#3750=ADVANCED_FACE('',(#1012),#3639,.T.);
#3751=ADVANCED_FACE('',(#1013),#3640,.T.);
#3752=ADVANCED_FACE('',(#1014),#3641,.T.);
#3753=ADVANCED_FACE('',(#1015),#3642,.T.);
#3754=ADVANCED_FACE('',(#1016),#3643,.T.);
#3755=ADVANCED_FACE('',(#1017),#3644,.T.);
#3756=ADVANCED_FACE('',(#1018,#266),#3645,.T.);
#3757=ADVANCED_FACE('',(#1019,#267),#3646,.T.);
#3758=ADVANCED_FACE('',(#1020),#3647,.T.);
#3759=ADVANCED_FACE('',(#1021),#3648,.T.);
#3760=ADVANCED_FACE('',(#1022),#3649,.T.);
#3761=ADVANCED_FACE('',(#1023),#3650,.T.);
#3762=ADVANCED_FACE('',(#1024),#3651,.T.);
#3763=ADVANCED_FACE('',(#1025),#3652,.T.);
#3764=ADVANCED_FACE('',(#1026),#3653,.T.);
#3765=ADVANCED_FACE('',(#1027),#3654,.T.);
#3766=ADVANCED_FACE('',(#1028,#268),#3655,.T.);
#3767=ADVANCED_FACE('',(#1029),#902,.F.);
#3768=ADVANCED_FACE('',(#1030),#903,.T.);
#3769=ADVANCED_FACE('',(#1031,#269),#3656,.T.);
#3770=ADVANCED_FACE('',(#1032),#45,.T.);
#3771=ADVANCED_FACE('',(#1033),#46,.T.);
#3772=ADVANCED_FACE('',(#1034),#47,.T.);
#3773=ADVANCED_FACE('',(#1035),#48,.T.);
#3774=ADVANCED_FACE('',(#1036,#270),#3657,.F.);
#3775=ADVANCED_FACE('',(#1037),#49,.F.);
#3776=ADVANCED_FACE('',(#1038),#50,.F.);
#3777=ADVANCED_FACE('',(#1039),#51,.F.);
#3778=ADVANCED_FACE('',(#1040),#52,.F.);
#3779=ADVANCED_FACE('',(#1041),#71,.F.);
#3780=ADVANCED_FACE('',(#1042),#904,.T.);
#3781=ADVANCED_FACE('',(#1043),#72,.F.);
#3782=ADVANCED_FACE('',(#1044),#905,.T.);
#3783=ADVANCED_FACE('',(#1045),#73,.F.);
#3784=ADVANCED_FACE('',(#1046),#906,.F.);
#3785=ADVANCED_FACE('',(#1047,#271),#3658,.T.);
#3786=ADVANCED_FACE('',(#1048),#74,.T.);
#3787=ADVANCED_FACE('',(#1049,#272),#3659,.T.);
#3788=ADVANCED_FACE('',(#1050),#907,.F.);
#3789=ADVANCED_FACE('',(#1051),#908,.T.);
#3790=ADVANCED_FACE('',(#1052,#273),#3660,.T.);
#3791=ADVANCED_FACE('',(#1053,#274),#3661,.F.);
#3792=ADVANCED_FACE('',(#1054),#909,.F.);
#3793=ADVANCED_FACE('',(#1055),#910,.T.);
#3794=ADVANCED_FACE('',(#1056,#275,#276,#277,#278,#279,#280,#281,#282,#283,
#284,#285,#286,#287),#3662,.T.);
#3795=ADVANCED_FACE('',(#1057,#288,#289,#290,#291,#292,#293,#294,#295,#296,
#297,#298,#299,#300),#3663,.F.);
#3796=ADVANCED_FACE('',(#1058),#911,.F.);
#3797=ADVANCED_FACE('',(#1059),#912,.F.);
#3798=ADVANCED_FACE('',(#1060),#913,.F.);
#3799=ADVANCED_FACE('',(#1061),#914,.F.);
#3800=ADVANCED_FACE('',(#1062),#915,.F.);
#3801=ADVANCED_FACE('',(#1063),#916,.F.);
#3802=ADVANCED_FACE('',(#1064),#917,.F.);
#3803=ADVANCED_FACE('',(#1065),#918,.F.);
#3804=ADVANCED_FACE('',(#1066),#919,.F.);
#3805=ADVANCED_FACE('',(#1067),#920,.F.);
#3806=ADVANCED_FACE('',(#1068),#921,.F.);
#3807=ADVANCED_FACE('',(#1069),#922,.F.);
#3808=ADVANCED_FACE('',(#1070),#923,.F.);
#3809=ADVANCED_FACE('',(#1071),#924,.T.);
#3810=ADVANCED_FACE('',(#1072,#301,#302,#303,#304,#305,#306,#307,#308,#309,
#310,#311,#312,#313),#3664,.T.);
#3811=ADVANCED_FACE('',(#1073,#314,#315,#316,#317,#318,#319,#320,#321,#322,
#323,#324,#325,#326),#3665,.F.);
#3812=ADVANCED_FACE('',(#1074),#925,.F.);
#3813=ADVANCED_FACE('',(#1075),#926,.F.);
#3814=ADVANCED_FACE('',(#1076),#927,.F.);
#3815=ADVANCED_FACE('',(#1077),#928,.F.);
#3816=ADVANCED_FACE('',(#1078),#929,.F.);
#3817=ADVANCED_FACE('',(#1079),#930,.F.);
#3818=ADVANCED_FACE('',(#1080),#931,.F.);
#3819=ADVANCED_FACE('',(#1081),#932,.F.);
#3820=ADVANCED_FACE('',(#1082),#933,.F.);
#3821=ADVANCED_FACE('',(#1083),#934,.F.);
#3822=ADVANCED_FACE('',(#1084),#935,.F.);
#3823=ADVANCED_FACE('',(#1085),#936,.F.);
#3824=ADVANCED_FACE('',(#1086),#937,.F.);
#3825=ADVANCED_FACE('',(#1087),#938,.T.);
#3826=ADVANCED_FACE('',(#1088),#3666,.T.);
#3827=ADVANCED_FACE('',(#1089),#3667,.F.);
#3828=ADVANCED_FACE('',(#1090),#53,.T.);
#3829=ADVANCED_FACE('',(#1091),#54,.T.);
#3830=ADVANCED_FACE('',(#1092),#55,.T.);
#3831=ADVANCED_FACE('',(#1093),#56,.T.);
#3832=ADVANCED_FACE('',(#1094),#3668,.T.);
#3833=ADVANCED_FACE('',(#1095),#3669,.F.);
#3834=ADVANCED_FACE('',(#1096),#57,.T.);
#3835=ADVANCED_FACE('',(#1097),#58,.T.);
#3836=ADVANCED_FACE('',(#1098),#59,.T.);
#3837=ADVANCED_FACE('',(#1099),#60,.T.);
#3838=ADVANCED_FACE('',(#1100),#3670,.T.);
#3839=ADVANCED_FACE('',(#1101),#3671,.F.);
#3840=ADVANCED_FACE('',(#1102),#61,.T.);
#3841=ADVANCED_FACE('',(#1103),#62,.T.);
#3842=ADVANCED_FACE('',(#1104),#63,.T.);
#3843=ADVANCED_FACE('',(#1105),#64,.T.);
#3844=ADVANCED_FACE('',(#1106),#3672,.T.);
#3845=ADVANCED_FACE('',(#1107),#3673,.F.);
#3846=ADVANCED_FACE('',(#1108),#65,.T.);
#3847=ADVANCED_FACE('',(#1109),#66,.T.);
#3848=ADVANCED_FACE('',(#1110),#67,.T.);
#3849=ADVANCED_FACE('',(#1111),#68,.T.);
#3850=ADVANCED_FACE('',(#1112),#3674,.T.);
#3851=ADVANCED_FACE('',(#1113),#3675,.F.);
#3852=ADVANCED_FACE('',(#1114),#3676,.F.);
#3853=ADVANCED_FACE('',(#1115),#3677,.T.);
#3854=ADVANCED_FACE('',(#1116),#3678,.F.);
#3855=ADVANCED_FACE('',(#1117),#3679,.T.);
#3856=ADVANCED_FACE('',(#1118),#3680,.F.);
#3857=ADVANCED_FACE('',(#1119),#3681,.T.);
#3858=ADVANCED_FACE('',(#1120),#3682,.F.);
#3859=ADVANCED_FACE('',(#1121),#3683,.T.);
#3860=ADVANCED_FACE('',(#1122),#3684,.F.);
#3861=ADVANCED_FACE('',(#1123),#3685,.T.);
#3862=ADVANCED_FACE('',(#1124),#3686,.F.);
#3863=ADVANCED_FACE('',(#1125),#3687,.T.);
#3864=ADVANCED_FACE('',(#1126),#3688,.F.);
#3865=ADVANCED_FACE('',(#1127),#3689,.T.);
#3866=ADVANCED_FACE('',(#1128),#3690,.F.);
#3867=ADVANCED_FACE('',(#1129),#3691,.T.);
#3868=ADVANCED_FACE('',(#1130),#3692,.F.);
#3869=ADVANCED_FACE('',(#1131),#3693,.T.);
#3870=ADVANCED_FACE('',(#1132),#3694,.F.);
#3871=ADVANCED_FACE('',(#1133),#3695,.T.);
#3872=ADVANCED_FACE('',(#1134),#3696,.F.);
#3873=ADVANCED_FACE('',(#1135),#3697,.T.);
#3874=ADVANCED_FACE('',(#1136),#3698,.F.);
#3875=ADVANCED_FACE('',(#1137),#3699,.T.);
#3876=ADVANCED_FACE('',(#1138),#3700,.F.);
#3877=ADVANCED_FACE('',(#1139),#3701,.T.);
#3878=ADVANCED_FACE('',(#1140),#3702,.F.);
#3879=ADVANCED_FACE('',(#1141),#3703,.T.);
#3880=ADVANCED_FACE('',(#1142),#3704,.F.);
#3881=ADVANCED_FACE('',(#1143),#3705,.T.);
#3882=ADVANCED_FACE('',(#1144),#939,.T.);
#3883=ADVANCED_FACE('',(#1145),#3706,.T.);
#3884=ADVANCED_FACE('',(#1146),#3707,.F.);
#3885=ADVANCED_FACE('',(#1147),#940,.F.);
#3886=ADVANCED_FACE('',(#1148),#941,.F.);
#3887=ADVANCED_FACE('',(#1149),#942,.F.);
#3888=ADVANCED_FACE('',(#1150),#943,.F.);
#3889=ADVANCED_FACE('',(#1151),#944,.F.);
#3890=ADVANCED_FACE('',(#1152),#945,.F.);
#3891=ADVANCED_FACE('',(#1153),#946,.F.);
#3892=ADVANCED_FACE('',(#1154),#947,.F.);
#3893=ADVANCED_FACE('',(#1155),#948,.F.);
#3894=ADVANCED_FACE('',(#1156),#949,.F.);
#3895=ADVANCED_FACE('',(#1157),#950,.F.);
#3896=ADVANCED_FACE('',(#1158),#951,.F.);
#3897=ADVANCED_FACE('',(#1159),#952,.F.);
#3898=ADVANCED_FACE('',(#1160),#953,.T.);
#3899=ADVANCED_FACE('',(#1161,#327,#328,#329,#330,#331,#332,#333,#334,#335,
#336,#337,#338,#339),#3708,.T.);
#3900=ADVANCED_FACE('',(#1162,#340,#341,#342,#343,#344,#345,#346,#347,#348,
#349,#350,#351,#352),#3709,.F.);
#3901=ADVANCED_FACE('',(#1163),#75,.F.);
#3902=ADVANCED_FACE('',(#1164),#954,.T.);
#3903=ADVANCED_FACE('',(#1165),#76,.F.);
#3904=ADVANCED_FACE('',(#1166),#955,.T.);
#3905=ADVANCED_FACE('',(#1167),#77,.F.);
#3906=ADVANCED_FACE('',(#1168),#956,.F.);
#3907=ADVANCED_FACE('',(#1169,#353),#3710,.T.);
#3908=ADVANCED_FACE('',(#1170),#78,.T.);
#3909=ADVANCED_FACE('',(#1171,#354),#3711,.T.);
#3910=ADVANCED_FACE('',(#1172),#957,.F.);
#3911=ADVANCED_FACE('',(#1173),#958,.F.);
#3912=ADVANCED_FACE('',(#1174),#959,.F.);
#3913=ADVANCED_FACE('',(#1175),#960,.F.);
#3914=ADVANCED_FACE('',(#1176),#961,.F.);
#3915=ADVANCED_FACE('',(#1177),#962,.F.);
#3916=ADVANCED_FACE('',(#1178),#963,.F.);
#3917=ADVANCED_FACE('',(#1179),#964,.F.);
#3918=ADVANCED_FACE('',(#1180),#965,.F.);
#3919=ADVANCED_FACE('',(#1181),#966,.F.);
#3920=ADVANCED_FACE('',(#1182),#967,.F.);
#3921=ADVANCED_FACE('',(#1183),#968,.F.);
#3922=ADVANCED_FACE('',(#1184),#969,.F.);
#3923=ADVANCED_FACE('',(#1185),#970,.F.);
#3924=ADVANCED_FACE('',(#1186),#971,.T.);
#3925=ADVANCED_FACE('',(#1187,#355,#356,#357,#358,#359,#360,#361,#362,#363,
#364,#365,#366,#367),#3712,.F.);
#3926=ADVANCED_FACE('',(#1188,#368,#369,#370,#371,#372,#373,#374,#375,#376,
#377,#378,#379,#380),#3713,.T.);
#3927=ADVANCED_FACE('',(#1189),#79,.F.);
#3928=ADVANCED_FACE('',(#1190),#972,.T.);
#3929=ADVANCED_FACE('',(#1191),#80,.F.);
#3930=ADVANCED_FACE('',(#1192),#973,.T.);
#3931=ADVANCED_FACE('',(#1193),#81,.F.);
#3932=ADVANCED_FACE('',(#1194),#974,.F.);
#3933=ADVANCED_FACE('',(#1195,#381),#3714,.F.);
#3934=ADVANCED_FACE('',(#1196),#82,.T.);
#3935=ADVANCED_FACE('',(#1197,#382),#3715,.F.);
#3936=ADVANCED_FACE('',(#1198),#975,.F.);
#3937=ADVANCED_FACE('',(#1199),#976,.F.);
#3938=ADVANCED_FACE('',(#1200),#977,.T.);
#3939=ADVANCED_FACE('',(#1201,#383),#3716,.F.);
#3940=ADVANCED_FACE('',(#1202),#978,.F.);
#3941=ADVANCED_FACE('',(#1203),#979,.T.);
#3942=ADVANCED_FACE('',(#1204,#384),#3717,.T.);
#3943=ADVANCED_FACE('',(#1205),#83,.F.);
#3944=ADVANCED_FACE('',(#1206),#84,.T.);
#3945=CLOSED_SHELL('',(#3718,#3719,#3720,#3721,#3722,#3723));
#3946=CLOSED_SHELL('',(#3724,#3725,#3726,#3727));
#3947=CLOSED_SHELL('',(#3728,#3729,#3730,#3731,#3732,#3733,#3734,#3735));
#3948=CLOSED_SHELL('',(#3736,#3737,#3738,#3739,#3740,#3741,#3742,#3743,
#3744,#3745,#3746,#3747,#3748,#3749,#3750,#3751,#3752,#3753,#3754,#3755,
#3756,#3757));
#3949=CLOSED_SHELL('',(#3758,#3759,#3760,#3761,#3762,#3763,#3764,#3765,
#3766,#3767,#3768,#3769,#3770,#3771,#3772,#3773,#3774,#3775,#3776,#3777,
#3778));
#3950=CLOSED_SHELL('',(#3779,#3780,#3781,#3782,#3783,#3784,#3785,#3786,
#3787,#3788));
#3951=CLOSED_SHELL('',(#3789,#3790,#3791,#3792));
#3952=CLOSED_SHELL('',(#3793,#3794,#3795,#3796,#3797,#3798,#3799,#3800,
#3801,#3802,#3803,#3804,#3805,#3806,#3807,#3808));
#3953=CLOSED_SHELL('',(#3809,#3810,#3811,#3812,#3813,#3814,#3815,#3816,
#3817,#3818,#3819,#3820,#3821,#3822,#3823,#3824));
#3954=CLOSED_SHELL('',(#3825,#3826,#3827));
#3955=CLOSED_SHELL('',(#3828,#3829,#3830,#3831,#3832,#3833));
#3956=CLOSED_SHELL('',(#3834,#3835,#3836,#3837,#3838,#3839));
#3957=CLOSED_SHELL('',(#3840,#3841,#3842,#3843,#3844,#3845));
#3958=CLOSED_SHELL('',(#3846,#3847,#3848,#3849,#3850,#3851));
#3959=CLOSED_SHELL('',(#3852,#3853,#3854,#3855,#3856,#3857));
#3960=CLOSED_SHELL('',(#3858,#3859,#3860,#3861,#3862,#3863));
#3961=CLOSED_SHELL('',(#3864,#3865,#3866,#3867,#3868,#3869));
#3962=CLOSED_SHELL('',(#3870,#3871,#3872,#3873,#3874,#3875));
#3963=CLOSED_SHELL('',(#3876,#3877,#3878,#3879,#3880,#3881));
#3964=CLOSED_SHELL('',(#3882,#3883,#3884));
#3965=CLOSED_SHELL('',(#3885,#3886,#3887,#3888,#3889,#3890,#3891,#3892,
#3893,#3894,#3895,#3896,#3897,#3898,#3899,#3900));
#3966=CLOSED_SHELL('',(#3901,#3902,#3903,#3904,#3905,#3906,#3907,#3908,
#3909,#3910));
#3967=CLOSED_SHELL('',(#3911,#3912,#3913,#3914,#3915,#3916,#3917,#3918,
#3919,#3920,#3921,#3922,#3923,#3924,#3925,#3926));
#3968=CLOSED_SHELL('',(#3927,#3928,#3929,#3930,#3931,#3932,#3933,#3934,
#3935,#3936));
#3969=CLOSED_SHELL('',(#3937,#3938,#3939,#3940,#3941,#3942,#3943,#3944));
#3970=DERIVED_UNIT_ELEMENT(#4007,1.);
#3971=DERIVED_UNIT_ELEMENT(#8317,-3.);
#3972=DERIVED_UNIT_ELEMENT(#4007,1.);
#3973=DERIVED_UNIT_ELEMENT(#8317,-3.);
#3974=DERIVED_UNIT_ELEMENT(#4007,1.);
#3975=DERIVED_UNIT_ELEMENT(#8317,-3.);
#3976=DERIVED_UNIT_ELEMENT(#4007,1.);
#3977=DERIVED_UNIT_ELEMENT(#8317,-3.);
#3978=DERIVED_UNIT_ELEMENT(#4007,1.);
#3979=DERIVED_UNIT_ELEMENT(#8317,-3.);
#3980=DERIVED_UNIT_ELEMENT(#4007,1.);
#3981=DERIVED_UNIT_ELEMENT(#8317,-3.);
#3982=DERIVED_UNIT_ELEMENT(#4007,1.);
#3983=DERIVED_UNIT_ELEMENT(#8317,-3.);
#3984=DERIVED_UNIT_ELEMENT(#4007,1.);
#3985=DERIVED_UNIT_ELEMENT(#8317,-3.);
#3986=DERIVED_UNIT_ELEMENT(#4007,1.);
#3987=DERIVED_UNIT_ELEMENT(#8317,-3.);
#3988=DERIVED_UNIT_ELEMENT(#4007,1.);
#3989=DERIVED_UNIT_ELEMENT(#8317,-3.);
#3990=DERIVED_UNIT_ELEMENT(#4007,1.);
#3991=DERIVED_UNIT_ELEMENT(#8317,-3.);
#3992=DERIVED_UNIT_ELEMENT(#4007,1.);
#3993=DERIVED_UNIT_ELEMENT(#8317,-3.);
#3994=DERIVED_UNIT_ELEMENT(#4007,1.);
#3995=DERIVED_UNIT_ELEMENT(#8317,-3.);
#3996=DERIVED_UNIT_ELEMENT(#4007,1.);
#3997=DERIVED_UNIT_ELEMENT(#8317,-3.);
#3998=DERIVED_UNIT_ELEMENT(#4007,1.);
#3999=DERIVED_UNIT_ELEMENT(#8317,-3.);
#4000=DERIVED_UNIT_ELEMENT(#4007,1.);
#4001=DERIVED_UNIT_ELEMENT(#8317,-3.);
#4002=DERIVED_UNIT_ELEMENT(#4007,1.);
#4003=DERIVED_UNIT_ELEMENT(#8317,-3.);
#4004=DERIVED_UNIT_ELEMENT(#4007,1.);
#4005=DERIVED_UNIT_ELEMENT(#8317,-3.);
#4006=DIMENSIONAL_EXPONENTS(0.,1.,0.,0.,0.,0.,0.);
#4007=(
CONVERSION_BASED_UNIT('gram',#4009)
MASS_UNIT()
NAMED_UNIT(#4006)
);
#4008=(
MASS_UNIT()
NAMED_UNIT(*)
SI_UNIT(.KILO.,.GRAM.)
);
#4009=MASS_MEASURE_WITH_UNIT(MASS_MEASURE(0.001),#4008);
#4010=DERIVED_UNIT((#3970,#3971));
#4011=DERIVED_UNIT((#3972,#3973));
#4012=DERIVED_UNIT((#3974,#3975));
#4013=DERIVED_UNIT((#3976,#3977));
#4014=DERIVED_UNIT((#3978,#3979));
#4015=DERIVED_UNIT((#3980,#3981));
#4016=DERIVED_UNIT((#3982,#3983));
#4017=DERIVED_UNIT((#3984,#3985));
#4018=DERIVED_UNIT((#3986,#3987));
#4019=DERIVED_UNIT((#3988,#3989));
#4020=DERIVED_UNIT((#3990,#3991));
#4021=DERIVED_UNIT((#3992,#3993));
#4022=DERIVED_UNIT((#3994,#3995));
#4023=DERIVED_UNIT((#3996,#3997));
#4024=DERIVED_UNIT((#3998,#3999));
#4025=DERIVED_UNIT((#4000,#4001));
#4026=DERIVED_UNIT((#4002,#4003));
#4027=DERIVED_UNIT((#4004,#4005));
#4028=MEASURE_REPRESENTATION_ITEM('density measure',
POSITIVE_RATIO_MEASURE(7.85),#4010);
#4029=MEASURE_REPRESENTATION_ITEM('density measure',
POSITIVE_RATIO_MEASURE(7.85),#4011);
#4030=MEASURE_REPRESENTATION_ITEM('density measure',
POSITIVE_RATIO_MEASURE(7.85),#4012);
#4031=MEASURE_REPRESENTATION_ITEM('density measure',
POSITIVE_RATIO_MEASURE(7.85),#4013);
#4032=MEASURE_REPRESENTATION_ITEM('density measure',
POSITIVE_RATIO_MEASURE(7.85),#4014);
#4033=MEASURE_REPRESENTATION_ITEM('density measure',
POSITIVE_RATIO_MEASURE(7.85),#4015);
#4034=MEASURE_REPRESENTATION_ITEM('density measure',
POSITIVE_RATIO_MEASURE(7.85),#4016);
#4035=MEASURE_REPRESENTATION_ITEM('density measure',
POSITIVE_RATIO_MEASURE(7.85),#4017);
#4036=MEASURE_REPRESENTATION_ITEM('density measure',
POSITIVE_RATIO_MEASURE(7.85),#4018);
#4037=MEASURE_REPRESENTATION_ITEM('density measure',
POSITIVE_RATIO_MEASURE(7.85),#4019);
#4038=MEASURE_REPRESENTATION_ITEM('density measure',
POSITIVE_RATIO_MEASURE(7.85),#4020);
#4039=MEASURE_REPRESENTATION_ITEM('density measure',
POSITIVE_RATIO_MEASURE(7.85),#4021);
#4040=MEASURE_REPRESENTATION_ITEM('density measure',
POSITIVE_RATIO_MEASURE(7.85),#4022);
#4041=MEASURE_REPRESENTATION_ITEM('density measure',
POSITIVE_RATIO_MEASURE(7.85),#4023);
#4042=MEASURE_REPRESENTATION_ITEM('density measure',
POSITIVE_RATIO_MEASURE(7.85),#4024);
#4043=MEASURE_REPRESENTATION_ITEM('density measure',
POSITIVE_RATIO_MEASURE(7.85),#4025);
#4044=MEASURE_REPRESENTATION_ITEM('density measure',
POSITIVE_RATIO_MEASURE(7.85),#4026);
#4045=MEASURE_REPRESENTATION_ITEM('density measure',
POSITIVE_RATIO_MEASURE(7.85),#4027);
#4046=PROPERTY_DEFINITION_REPRESENTATION(#4136,#4082);
#4047=PROPERTY_DEFINITION_REPRESENTATION(#4137,#4083);
#4048=PROPERTY_DEFINITION_REPRESENTATION(#4138,#4084);
#4049=PROPERTY_DEFINITION_REPRESENTATION(#4139,#4085);
#4050=PROPERTY_DEFINITION_REPRESENTATION(#4140,#4086);
#4051=PROPERTY_DEFINITION_REPRESENTATION(#4141,#4087);
#4052=PROPERTY_DEFINITION_REPRESENTATION(#4142,#4088);
#4053=PROPERTY_DEFINITION_REPRESENTATION(#4143,#4089);
#4054=PROPERTY_DEFINITION_REPRESENTATION(#4144,#4090);
#4055=PROPERTY_DEFINITION_REPRESENTATION(#4145,#4091);
#4056=PROPERTY_DEFINITION_REPRESENTATION(#4146,#4092);
#4057=PROPERTY_DEFINITION_REPRESENTATION(#4147,#4093);
#4058=PROPERTY_DEFINITION_REPRESENTATION(#4148,#4094);
#4059=PROPERTY_DEFINITION_REPRESENTATION(#4149,#4095);
#4060=PROPERTY_DEFINITION_REPRESENTATION(#4150,#4096);
#4061=PROPERTY_DEFINITION_REPRESENTATION(#4151,#4097);
#4062=PROPERTY_DEFINITION_REPRESENTATION(#4152,#4098);
#4063=PROPERTY_DEFINITION_REPRESENTATION(#4153,#4099);
#4064=PROPERTY_DEFINITION_REPRESENTATION(#4154,#4100);
#4065=PROPERTY_DEFINITION_REPRESENTATION(#4155,#4101);
#4066=PROPERTY_DEFINITION_REPRESENTATION(#4156,#4102);
#4067=PROPERTY_DEFINITION_REPRESENTATION(#4157,#4103);
#4068=PROPERTY_DEFINITION_REPRESENTATION(#4158,#4104);
#4069=PROPERTY_DEFINITION_REPRESENTATION(#4159,#4105);
#4070=PROPERTY_DEFINITION_REPRESENTATION(#4160,#4106);
#4071=PROPERTY_DEFINITION_REPRESENTATION(#4161,#4107);
#4072=PROPERTY_DEFINITION_REPRESENTATION(#4162,#4108);
#4073=PROPERTY_DEFINITION_REPRESENTATION(#4163,#4109);
#4074=PROPERTY_DEFINITION_REPRESENTATION(#4164,#4110);
#4075=PROPERTY_DEFINITION_REPRESENTATION(#4165,#4111);
#4076=PROPERTY_DEFINITION_REPRESENTATION(#4166,#4112);
#4077=PROPERTY_DEFINITION_REPRESENTATION(#4167,#4113);
#4078=PROPERTY_DEFINITION_REPRESENTATION(#4168,#4114);
#4079=PROPERTY_DEFINITION_REPRESENTATION(#4169,#4115);
#4080=PROPERTY_DEFINITION_REPRESENTATION(#4170,#4116);
#4081=PROPERTY_DEFINITION_REPRESENTATION(#4171,#4117);
#4082=REPRESENTATION('material name',(#4118),#8296);
#4083=REPRESENTATION('density',(#4028),#8296);
#4084=REPRESENTATION('material name',(#4119),#8297);
#4085=REPRESENTATION('density',(#4029),#8297);
#4086=REPRESENTATION('material name',(#4120),#8298);
#4087=REPRESENTATION('density',(#4030),#8298);
#4088=REPRESENTATION('material name',(#4121),#8299);
#4089=REPRESENTATION('density',(#4031),#8299);
#4090=REPRESENTATION('material name',(#4122),#8300);
#4091=REPRESENTATION('density',(#4032),#8300);
#4092=REPRESENTATION('material name',(#4123),#8301);
#4093=REPRESENTATION('density',(#4033),#8301);
#4094=REPRESENTATION('material name',(#4124),#8303);
#4095=REPRESENTATION('density',(#4034),#8303);
#4096=REPRESENTATION('material name',(#4125),#8304);
#4097=REPRESENTATION('density',(#4035),#8304);
#4098=REPRESENTATION('material name',(#4126),#8305);
#4099=REPRESENTATION('density',(#4036),#8305);
#4100=REPRESENTATION('material name',(#4127),#8306);
#4101=REPRESENTATION('density',(#4037),#8306);
#4102=REPRESENTATION('material name',(#4128),#8307);
#4103=REPRESENTATION('density',(#4038),#8307);
#4104=REPRESENTATION('material name',(#4129),#8308);
#4105=REPRESENTATION('density',(#4039),#8308);
#4106=REPRESENTATION('material name',(#4130),#8309);
#4107=REPRESENTATION('density',(#4040),#8309);
#4108=REPRESENTATION('material name',(#4131),#8310);
#4109=REPRESENTATION('density',(#4041),#8310);
#4110=REPRESENTATION('material name',(#4132),#8311);
#4111=REPRESENTATION('density',(#4042),#8311);
#4112=REPRESENTATION('material name',(#4133),#8312);
#4113=REPRESENTATION('density',(#4043),#8312);
#4114=REPRESENTATION('material name',(#4134),#8313);
#4115=REPRESENTATION('density',(#4044),#8313);
#4116=REPRESENTATION('material name',(#4135),#8314);
#4117=REPRESENTATION('density',(#4045),#8314);
#4118=DESCRIPTIVE_REPRESENTATION_ITEM('Steel','Steel');
#4119=DESCRIPTIVE_REPRESENTATION_ITEM('Steel','Steel');
#4120=DESCRIPTIVE_REPRESENTATION_ITEM('Steel','Steel');
#4121=DESCRIPTIVE_REPRESENTATION_ITEM('Steel','Steel');
#4122=DESCRIPTIVE_REPRESENTATION_ITEM('Steel','Steel');
#4123=DESCRIPTIVE_REPRESENTATION_ITEM('Steel','Steel');
#4124=DESCRIPTIVE_REPRESENTATION_ITEM('Steel','Steel');
#4125=DESCRIPTIVE_REPRESENTATION_ITEM('Steel','Steel');
#4126=DESCRIPTIVE_REPRESENTATION_ITEM('Steel','Steel');
#4127=DESCRIPTIVE_REPRESENTATION_ITEM('Steel','Steel');
#4128=DESCRIPTIVE_REPRESENTATION_ITEM('Steel','Steel');
#4129=DESCRIPTIVE_REPRESENTATION_ITEM('Steel','Steel');
#4130=DESCRIPTIVE_REPRESENTATION_ITEM('Steel','Steel');
#4131=DESCRIPTIVE_REPRESENTATION_ITEM('Steel','Steel');
#4132=DESCRIPTIVE_REPRESENTATION_ITEM('Steel','Steel');
#4133=DESCRIPTIVE_REPRESENTATION_ITEM('Steel','Steel');
#4134=DESCRIPTIVE_REPRESENTATION_ITEM('Steel','Steel');
#4135=DESCRIPTIVE_REPRESENTATION_ITEM('Steel','Steel');
#4136=PROPERTY_DEFINITION('material property','material name',#8408);
#4137=PROPERTY_DEFINITION('material property','density of part',#8408);
#4138=PROPERTY_DEFINITION('material property','material name',#8409);
#4139=PROPERTY_DEFINITION('material property','density of part',#8409);
#4140=PROPERTY_DEFINITION('material property','material name',#8410);
#4141=PROPERTY_DEFINITION('material property','density of part',#8410);
#4142=PROPERTY_DEFINITION('material property','material name',#8411);
#4143=PROPERTY_DEFINITION('material property','density of part',#8411);
#4144=PROPERTY_DEFINITION('material property','material name',#8412);
#4145=PROPERTY_DEFINITION('material property','density of part',#8412);
#4146=PROPERTY_DEFINITION('material property','material name',#8413);
#4147=PROPERTY_DEFINITION('material property','density of part',#8413);
#4148=PROPERTY_DEFINITION('material property','material name',#8415);
#4149=PROPERTY_DEFINITION('material property','density of part',#8415);
#4150=PROPERTY_DEFINITION('material property','material name',#8416);
#4151=PROPERTY_DEFINITION('material property','density of part',#8416);
#4152=PROPERTY_DEFINITION('material property','material name',#8417);
#4153=PROPERTY_DEFINITION('material property','density of part',#8417);
#4154=PROPERTY_DEFINITION('material property','material name',#8418);
#4155=PROPERTY_DEFINITION('material property','density of part',#8418);
#4156=PROPERTY_DEFINITION('material property','material name',#8419);
#4157=PROPERTY_DEFINITION('material property','density of part',#8419);
#4158=PROPERTY_DEFINITION('material property','material name',#8420);
#4159=PROPERTY_DEFINITION('material property','density of part',#8420);
#4160=PROPERTY_DEFINITION('material property','material name',#8421);
#4161=PROPERTY_DEFINITION('material property','density of part',#8421);
#4162=PROPERTY_DEFINITION('material property','material name',#8422);
#4163=PROPERTY_DEFINITION('material property','density of part',#8422);
#4164=PROPERTY_DEFINITION('material property','material name',#8423);
#4165=PROPERTY_DEFINITION('material property','density of part',#8423);
#4166=PROPERTY_DEFINITION('material property','material name',#8424);
#4167=PROPERTY_DEFINITION('material property','density of part',#8424);
#4168=PROPERTY_DEFINITION('material property','material name',#8425);
#4169=PROPERTY_DEFINITION('material property','density of part',#8425);
#4170=PROPERTY_DEFINITION('material property','material name',#8426);
#4171=PROPERTY_DEFINITION('material property','density of part',#8426);
#4172=PRESENTATION_STYLE_ASSIGNMENT((#4191));
#4173=PRESENTATION_STYLE_ASSIGNMENT((#4192));
#4174=PRESENTATION_STYLE_ASSIGNMENT((#4193));
#4175=PRESENTATION_STYLE_ASSIGNMENT((#4194));
#4176=PRESENTATION_STYLE_ASSIGNMENT((#4195));
#4177=PRESENTATION_STYLE_ASSIGNMENT((#4196));
#4178=PRESENTATION_STYLE_ASSIGNMENT((#4197));
#4179=PRESENTATION_STYLE_ASSIGNMENT((#4198));
#4180=PRESENTATION_STYLE_ASSIGNMENT((#4199));
#4181=PRESENTATION_STYLE_ASSIGNMENT((#4200));
#4182=PRESENTATION_STYLE_ASSIGNMENT((#4201));
#4183=PRESENTATION_STYLE_ASSIGNMENT((#4202));
#4184=PRESENTATION_STYLE_ASSIGNMENT((#4203));
#4185=PRESENTATION_STYLE_ASSIGNMENT((#4204));
#4186=PRESENTATION_STYLE_ASSIGNMENT((#4205));
#4187=PRESENTATION_STYLE_ASSIGNMENT((#4206));
#4188=PRESENTATION_STYLE_ASSIGNMENT((#4207));
#4189=PRESENTATION_STYLE_ASSIGNMENT((#4208));
#4190=PRESENTATION_STYLE_ASSIGNMENT((#4209));
#4191=SURFACE_STYLE_USAGE(.BOTH.,#4248);
#4192=SURFACE_STYLE_USAGE(.BOTH.,#4249);
#4193=SURFACE_STYLE_USAGE(.BOTH.,#4250);
#4194=SURFACE_STYLE_USAGE(.BOTH.,#4251);
#4195=SURFACE_STYLE_USAGE(.BOTH.,#4252);
#4196=SURFACE_STYLE_USAGE(.BOTH.,#4253);
#4197=SURFACE_STYLE_USAGE(.BOTH.,#4254);
#4198=SURFACE_STYLE_USAGE(.BOTH.,#4255);
#4199=SURFACE_STYLE_USAGE(.BOTH.,#4256);
#4200=SURFACE_STYLE_USAGE(.BOTH.,#4257);
#4201=SURFACE_STYLE_USAGE(.BOTH.,#4258);
#4202=SURFACE_STYLE_USAGE(.BOTH.,#4259);
#4203=SURFACE_STYLE_USAGE(.BOTH.,#4260);
#4204=SURFACE_STYLE_USAGE(.BOTH.,#4261);
#4205=SURFACE_STYLE_USAGE(.BOTH.,#4262);
#4206=SURFACE_STYLE_USAGE(.BOTH.,#4263);
#4207=SURFACE_STYLE_USAGE(.BOTH.,#4264);
#4208=SURFACE_STYLE_USAGE(.BOTH.,#4265);
#4209=SURFACE_STYLE_USAGE(.BOTH.,#4266);
#4210=SURFACE_STYLE_RENDERING_WITH_PROPERTIES($,#4324,(#4229));
#4211=SURFACE_STYLE_RENDERING_WITH_PROPERTIES($,#4325,(#4230));
#4212=SURFACE_STYLE_RENDERING_WITH_PROPERTIES($,#4326,(#4231));
#4213=SURFACE_STYLE_RENDERING_WITH_PROPERTIES($,#4327,(#4232));
#4214=SURFACE_STYLE_RENDERING_WITH_PROPERTIES($,#4328,(#4233));
#4215=SURFACE_STYLE_RENDERING_WITH_PROPERTIES($,#4329,(#4234));
#4216=SURFACE_STYLE_RENDERING_WITH_PROPERTIES($,#4330,(#4235));
#4217=SURFACE_STYLE_RENDERING_WITH_PROPERTIES($,#4331,(#4236));
#4218=SURFACE_STYLE_RENDERING_WITH_PROPERTIES($,#4332,(#4237));
#4219=SURFACE_STYLE_RENDERING_WITH_PROPERTIES($,#4333,(#4238));
#4220=SURFACE_STYLE_RENDERING_WITH_PROPERTIES($,#4334,(#4239));
#4221=SURFACE_STYLE_RENDERING_WITH_PROPERTIES($,#4335,(#4240));
#4222=SURFACE_STYLE_RENDERING_WITH_PROPERTIES($,#4336,(#4241));
#4223=SURFACE_STYLE_RENDERING_WITH_PROPERTIES($,#4337,(#4242));
#4224=SURFACE_STYLE_RENDERING_WITH_PROPERTIES($,#4338,(#4243));
#4225=SURFACE_STYLE_RENDERING_WITH_PROPERTIES($,#4339,(#4244));
#4226=SURFACE_STYLE_RENDERING_WITH_PROPERTIES($,#4340,(#4245));
#4227=SURFACE_STYLE_RENDERING_WITH_PROPERTIES($,#4341,(#4246));
#4228=SURFACE_STYLE_RENDERING_WITH_PROPERTIES($,#4342,(#4247));
#4229=SURFACE_STYLE_TRANSPARENT(0.);
#4230=SURFACE_STYLE_TRANSPARENT(0.);
#4231=SURFACE_STYLE_TRANSPARENT(0.);
#4232=SURFACE_STYLE_TRANSPARENT(0.);
#4233=SURFACE_STYLE_TRANSPARENT(0.);
#4234=SURFACE_STYLE_TRANSPARENT(0.);
#4235=SURFACE_STYLE_TRANSPARENT(0.);
#4236=SURFACE_STYLE_TRANSPARENT(0.);
#4237=SURFACE_STYLE_TRANSPARENT(0.);
#4238=SURFACE_STYLE_TRANSPARENT(0.);
#4239=SURFACE_STYLE_TRANSPARENT(0.);
#4240=SURFACE_STYLE_TRANSPARENT(0.);
#4241=SURFACE_STYLE_TRANSPARENT(0.);
#4242=SURFACE_STYLE_TRANSPARENT(0.);
#4243=SURFACE_STYLE_TRANSPARENT(0.);
#4244=SURFACE_STYLE_TRANSPARENT(0.);
#4245=SURFACE_STYLE_TRANSPARENT(0.);
#4246=SURFACE_STYLE_TRANSPARENT(0.);
#4247=SURFACE_STYLE_TRANSPARENT(0.);
#4248=SURFACE_SIDE_STYLE('',(#4267,#4210));
#4249=SURFACE_SIDE_STYLE('',(#4268,#4211));
#4250=SURFACE_SIDE_STYLE('',(#4269,#4212));
#4251=SURFACE_SIDE_STYLE('',(#4270,#4213));
#4252=SURFACE_SIDE_STYLE('',(#4271,#4214));
#4253=SURFACE_SIDE_STYLE('',(#4272,#4215));
#4254=SURFACE_SIDE_STYLE('',(#4273,#4216));
#4255=SURFACE_SIDE_STYLE('',(#4274,#4217));
#4256=SURFACE_SIDE_STYLE('',(#4275,#4218));
#4257=SURFACE_SIDE_STYLE('',(#4276,#4219));
#4258=SURFACE_SIDE_STYLE('',(#4277,#4220));
#4259=SURFACE_SIDE_STYLE('',(#4278,#4221));
#4260=SURFACE_SIDE_STYLE('',(#4279,#4222));
#4261=SURFACE_SIDE_STYLE('',(#4280,#4223));
#4262=SURFACE_SIDE_STYLE('',(#4281,#4224));
#4263=SURFACE_SIDE_STYLE('',(#4282,#4225));
#4264=SURFACE_SIDE_STYLE('',(#4283,#4226));
#4265=SURFACE_SIDE_STYLE('',(#4284,#4227));
#4266=SURFACE_SIDE_STYLE('',(#4285,#4228));
#4267=SURFACE_STYLE_FILL_AREA(#4286);
#4268=SURFACE_STYLE_FILL_AREA(#4287);
#4269=SURFACE_STYLE_FILL_AREA(#4288);
#4270=SURFACE_STYLE_FILL_AREA(#4289);
#4271=SURFACE_STYLE_FILL_AREA(#4290);
#4272=SURFACE_STYLE_FILL_AREA(#4291);
#4273=SURFACE_STYLE_FILL_AREA(#4292);
#4274=SURFACE_STYLE_FILL_AREA(#4293);
#4275=SURFACE_STYLE_FILL_AREA(#4294);
#4276=SURFACE_STYLE_FILL_AREA(#4295);
#4277=SURFACE_STYLE_FILL_AREA(#4296);
#4278=SURFACE_STYLE_FILL_AREA(#4297);
#4279=SURFACE_STYLE_FILL_AREA(#4298);
#4280=SURFACE_STYLE_FILL_AREA(#4299);
#4281=SURFACE_STYLE_FILL_AREA(#4300);
#4282=SURFACE_STYLE_FILL_AREA(#4301);
#4283=SURFACE_STYLE_FILL_AREA(#4302);
#4284=SURFACE_STYLE_FILL_AREA(#4303);
#4285=SURFACE_STYLE_FILL_AREA(#4304);
#4286=FILL_AREA_STYLE('',(#4305));
#4287=FILL_AREA_STYLE('',(#4306));
#4288=FILL_AREA_STYLE('',(#4307));
#4289=FILL_AREA_STYLE('',(#4308));
#4290=FILL_AREA_STYLE('',(#4309));
#4291=FILL_AREA_STYLE('',(#4310));
#4292=FILL_AREA_STYLE('',(#4311));
#4293=FILL_AREA_STYLE('',(#4312));
#4294=FILL_AREA_STYLE('',(#4313));
#4295=FILL_AREA_STYLE('',(#4314));
#4296=FILL_AREA_STYLE('',(#4315));
#4297=FILL_AREA_STYLE('',(#4316));
#4298=FILL_AREA_STYLE('',(#4317));
#4299=FILL_AREA_STYLE('',(#4318));
#4300=FILL_AREA_STYLE('',(#4319));
#4301=FILL_AREA_STYLE('',(#4320));
#4302=FILL_AREA_STYLE('',(#4321));
#4303=FILL_AREA_STYLE('',(#4322));
#4304=FILL_AREA_STYLE('',(#4323));
#4305=FILL_AREA_STYLE_COLOUR('',#4324);
#4306=FILL_AREA_STYLE_COLOUR('',#4325);
#4307=FILL_AREA_STYLE_COLOUR('',#4326);
#4308=FILL_AREA_STYLE_COLOUR('',#4327);
#4309=FILL_AREA_STYLE_COLOUR('',#4328);
#4310=FILL_AREA_STYLE_COLOUR('',#4329);
#4311=FILL_AREA_STYLE_COLOUR('',#4330);
#4312=FILL_AREA_STYLE_COLOUR('',#4331);
#4313=FILL_AREA_STYLE_COLOUR('',#4332);
#4314=FILL_AREA_STYLE_COLOUR('',#4333);
#4315=FILL_AREA_STYLE_COLOUR('',#4334);
#4316=FILL_AREA_STYLE_COLOUR('',#4335);
#4317=FILL_AREA_STYLE_COLOUR('',#4336);
#4318=FILL_AREA_STYLE_COLOUR('',#4337);
#4319=FILL_AREA_STYLE_COLOUR('',#4338);
#4320=FILL_AREA_STYLE_COLOUR('',#4339);
#4321=FILL_AREA_STYLE_COLOUR('',#4340);
#4322=FILL_AREA_STYLE_COLOUR('',#4341);
#4323=FILL_AREA_STYLE_COLOUR('',#4342);
#4324=COLOUR_RGB('',0.749019607843137,0.749019607843137,0.749019607843137);
#4325=COLOUR_RGB('',0.768627450980392,0.207843137254902,0.152941176470588);
#4326=COLOUR_RGB('',0.627450980392157,0.627450980392157,0.627450980392157);
#4327=COLOUR_RGB('',0.627450980392157,0.627450980392157,0.627450980392157);
#4328=COLOUR_RGB('',0.627450980392157,0.627450980392157,0.627450980392157);
#4329=COLOUR_RGB('',0.627450980392157,0.627450980392157,0.627450980392157);
#4330=COLOUR_RGB('',0.627450980392157,0.627450980392157,0.627450980392157);
#4331=COLOUR_RGB('',0.72156862745098,0.749019607843137,0.780392156862745);
#4332=COLOUR_RGB('',0.619607843137255,0.658823529411765,0.698039215686274);
#4333=COLOUR_RGB('',0.619607843137255,0.658823529411765,0.698039215686274);
#4334=COLOUR_RGB('',0.72156862745098,0.749019607843137,0.780392156862745);
#4335=COLOUR_RGB('',0.72156862745098,0.749019607843137,0.780392156862745);
#4336=COLOUR_RGB('',0.72156862745098,0.749019607843137,0.780392156862745);
#4337=COLOUR_RGB('',0.850980392156863,0.549019607843137,0.2);
#4338=COLOUR_RGB('',0.627450980392157,0.627450980392157,0.627450980392157);
#4339=COLOUR_RGB('',0.627450980392157,0.627450980392157,0.627450980392157);
#4340=COLOUR_RGB('',0.627450980392157,0.627450980392157,0.627450980392157);
#4341=COLOUR_RGB('',0.627450980392157,0.627450980392157,0.627450980392157);
#4342=COLOUR_RGB('',0.627450980392157,0.627450980392157,0.627450980392157);
#4343=DATE_TIME_ROLE('creation_date');
#4344=DATE_TIME_ROLE('creation_date');
#4345=DATE_TIME_ROLE('creation_date');
#4346=DATE_TIME_ROLE('creation_date');
#4347=DATE_TIME_ROLE('creation_date');
#4348=DATE_TIME_ROLE('creation_date');
#4349=DATE_TIME_ROLE('creation_date');
#4350=DATE_TIME_ROLE('creation_date');
#4351=DATE_TIME_ROLE('creation_date');
#4352=DATE_TIME_ROLE('creation_date');
#4353=DATE_TIME_ROLE('creation_date');
#4354=DATE_TIME_ROLE('creation_date');
#4355=DATE_TIME_ROLE('creation_date');
#4356=DATE_TIME_ROLE('creation_date');
#4357=DATE_TIME_ROLE('creation_date');
#4358=DATE_TIME_ROLE('creation_date');
#4359=DATE_TIME_ROLE('creation_date');
#4360=DATE_TIME_ROLE('creation_date');
#4361=DATE_TIME_ROLE('creation_date');
#4362=DATE_TIME_ROLE('creation_date');
#4363=DATE_TIME_ROLE('creation_date');
#4364=APPLIED_DATE_AND_TIME_ASSIGNMENT(#4385,#4343,(#8406));
#4365=APPLIED_DATE_AND_TIME_ASSIGNMENT(#4386,#4344,(#8407));
#4366=APPLIED_DATE_AND_TIME_ASSIGNMENT(#4387,#4345,(#8408));
#4367=APPLIED_DATE_AND_TIME_ASSIGNMENT(#4388,#4346,(#8409));
#4368=APPLIED_DATE_AND_TIME_ASSIGNMENT(#4389,#4347,(#8410));
#4369=APPLIED_DATE_AND_TIME_ASSIGNMENT(#4390,#4348,(#8411));
#4370=APPLIED_DATE_AND_TIME_ASSIGNMENT(#4391,#4349,(#8412));
#4371=APPLIED_DATE_AND_TIME_ASSIGNMENT(#4392,#4350,(#8413));
#4372=APPLIED_DATE_AND_TIME_ASSIGNMENT(#4393,#4351,(#8414));
#4373=APPLIED_DATE_AND_TIME_ASSIGNMENT(#4394,#4352,(#8415));
#4374=APPLIED_DATE_AND_TIME_ASSIGNMENT(#4395,#4353,(#8416));
#4375=APPLIED_DATE_AND_TIME_ASSIGNMENT(#4396,#4354,(#8417));
#4376=APPLIED_DATE_AND_TIME_ASSIGNMENT(#4397,#4355,(#8418));
#4377=APPLIED_DATE_AND_TIME_ASSIGNMENT(#4398,#4356,(#8419));
#4378=APPLIED_DATE_AND_TIME_ASSIGNMENT(#4399,#4357,(#8420));
#4379=APPLIED_DATE_AND_TIME_ASSIGNMENT(#4400,#4358,(#8421));
#4380=APPLIED_DATE_AND_TIME_ASSIGNMENT(#4401,#4359,(#8422));
#4381=APPLIED_DATE_AND_TIME_ASSIGNMENT(#4402,#4360,(#8423));
#4382=APPLIED_DATE_AND_TIME_ASSIGNMENT(#4403,#4361,(#8424));
#4383=APPLIED_DATE_AND_TIME_ASSIGNMENT(#4404,#4362,(#8425));
#4384=APPLIED_DATE_AND_TIME_ASSIGNMENT(#4405,#4363,(#8426));
#4385=DATE_AND_TIME(#4406,#4427);
#4386=DATE_AND_TIME(#4407,#4428);
#4387=DATE_AND_TIME(#4408,#4429);
#4388=DATE_AND_TIME(#4409,#4430);
#4389=DATE_AND_TIME(#4410,#4431);
#4390=DATE_AND_TIME(#4411,#4432);
#4391=DATE_AND_TIME(#4412,#4433);
#4392=DATE_AND_TIME(#4413,#4434);
#4393=DATE_AND_TIME(#4414,#4435);
#4394=DATE_AND_TIME(#4415,#4436);
#4395=DATE_AND_TIME(#4416,#4437);
#4396=DATE_AND_TIME(#4417,#4438);
#4397=DATE_AND_TIME(#4418,#4439);
#4398=DATE_AND_TIME(#4419,#4440);
#4399=DATE_AND_TIME(#4420,#4441);
#4400=DATE_AND_TIME(#4421,#4442);
#4401=DATE_AND_TIME(#4422,#4443);
#4402=DATE_AND_TIME(#4423,#4444);
#4403=DATE_AND_TIME(#4424,#4445);
#4404=DATE_AND_TIME(#4425,#4446);
#4405=DATE_AND_TIME(#4426,#4447);
#4406=CALENDAR_DATE(2026,13,9);
#4407=CALENDAR_DATE(2026,13,9);
#4408=CALENDAR_DATE(2026,13,9);
#4409=CALENDAR_DATE(2026,13,9);
#4410=CALENDAR_DATE(2026,13,9);
#4411=CALENDAR_DATE(2026,13,9);
#4412=CALENDAR_DATE(2026,13,9);
#4413=CALENDAR_DATE(2026,13,9);
#4414=CALENDAR_DATE(2026,13,9);
#4415=CALENDAR_DATE(2026,13,9);
#4416=CALENDAR_DATE(2026,13,9);
#4417=CALENDAR_DATE(2026,13,9);
#4418=CALENDAR_DATE(2026,13,9);
#4419=CALENDAR_DATE(2026,13,9);
#4420=CALENDAR_DATE(2026,13,9);
#4421=CALENDAR_DATE(2026,13,9);
#4422=CALENDAR_DATE(2026,13,9);
#4423=CALENDAR_DATE(2026,13,9);
#4424=CALENDAR_DATE(2026,13,9);
#4425=CALENDAR_DATE(2026,13,9);
#4426=CALENDAR_DATE(2026,13,9);
#4427=LOCAL_TIME(14,8,42.,#4448);
#4428=LOCAL_TIME(0,0,0.,#4449);
#4429=LOCAL_TIME(0,0,0.,#4450);
#4430=LOCAL_TIME(0,0,0.,#4451);
#4431=LOCAL_TIME(0,0,0.,#4452);
#4432=LOCAL_TIME(0,0,0.,#4453);
#4433=LOCAL_TIME(0,0,0.,#4454);
#4434=LOCAL_TIME(0,0,0.,#4455);
#4435=LOCAL_TIME(0,0,0.,#4456);
#4436=LOCAL_TIME(0,0,0.,#4457);
#4437=LOCAL_TIME(0,0,0.,#4458);
#4438=LOCAL_TIME(0,0,0.,#4459);
#4439=LOCAL_TIME(0,0,0.,#4460);
#4440=LOCAL_TIME(0,0,0.,#4461);
#4441=LOCAL_TIME(0,0,0.,#4462);
#4442=LOCAL_TIME(0,0,0.,#4463);
#4443=LOCAL_TIME(0,0,0.,#4464);
#4444=LOCAL_TIME(0,0,0.,#4465);
#4445=LOCAL_TIME(0,0,0.,#4466);
#4446=LOCAL_TIME(0,0,0.,#4467);
#4447=LOCAL_TIME(0,0,0.,#4468);
#4448=COORDINATED_UNIVERSAL_TIME_OFFSET(0,0,.BEHIND.);
#4449=COORDINATED_UNIVERSAL_TIME_OFFSET(0,0,.BEHIND.);
#4450=COORDINATED_UNIVERSAL_TIME_OFFSET(0,0,.BEHIND.);
#4451=COORDINATED_UNIVERSAL_TIME_OFFSET(0,0,.BEHIND.);
#4452=COORDINATED_UNIVERSAL_TIME_OFFSET(0,0,.BEHIND.);
#4453=COORDINATED_UNIVERSAL_TIME_OFFSET(0,0,.BEHIND.);
#4454=COORDINATED_UNIVERSAL_TIME_OFFSET(0,0,.BEHIND.);
#4455=COORDINATED_UNIVERSAL_TIME_OFFSET(0,0,.BEHIND.);
#4456=COORDINATED_UNIVERSAL_TIME_OFFSET(0,0,.BEHIND.);
#4457=COORDINATED_UNIVERSAL_TIME_OFFSET(0,0,.BEHIND.);
#4458=COORDINATED_UNIVERSAL_TIME_OFFSET(0,0,.BEHIND.);
#4459=COORDINATED_UNIVERSAL_TIME_OFFSET(0,0,.BEHIND.);
#4460=COORDINATED_UNIVERSAL_TIME_OFFSET(0,0,.BEHIND.);
#4461=COORDINATED_UNIVERSAL_TIME_OFFSET(0,0,.BEHIND.);
#4462=COORDINATED_UNIVERSAL_TIME_OFFSET(0,0,.BEHIND.);
#4463=COORDINATED_UNIVERSAL_TIME_OFFSET(0,0,.BEHIND.);
#4464=COORDINATED_UNIVERSAL_TIME_OFFSET(0,0,.BEHIND.);
#4465=COORDINATED_UNIVERSAL_TIME_OFFSET(0,0,.BEHIND.);
#4466=COORDINATED_UNIVERSAL_TIME_OFFSET(0,0,.BEHIND.);
#4467=COORDINATED_UNIVERSAL_TIME_OFFSET(0,0,.BEHIND.);
#4468=COORDINATED_UNIVERSAL_TIME_OFFSET(0,0,.BEHIND.);
#4469=AXIS2_PLACEMENT_3D('',#6111,#4932,#4933);
#4470=AXIS2_PLACEMENT_3D('',#6112,#4934,#4935);
#4471=AXIS2_PLACEMENT_3D('',#6113,#4936,#4937);
#4472=AXIS2_PLACEMENT_3D('',#6114,#4938,#4939);
#4473=AXIS2_PLACEMENT_3D('',#6116,#4940,#4941);
#4474=AXIS2_PLACEMENT_3D('',#6117,#4942,#4943);
#4475=AXIS2_PLACEMENT_3D('',#6119,#4944,#4945);
#4476=AXIS2_PLACEMENT_3D('',#6121,#4947,#4948);
#4477=AXIS2_PLACEMENT_3D('',#6123,#4949,#4950);
#4478=AXIS2_PLACEMENT_3D('',#6125,#4952,#4953);
#4479=AXIS2_PLACEMENT_3D('',#6127,#4954,#4955);
#4480=AXIS2_PLACEMENT_3D('',#6128,#4956,#4957);
#4481=AXIS2_PLACEMENT_3D('',#6130,#4958,#4959);
#4482=AXIS2_PLACEMENT_3D('',#6132,#4961,#4962);
#4483=AXIS2_PLACEMENT_3D('',#6133,#4963,#4964);
#4484=AXIS2_PLACEMENT_3D('',#6134,#4965,#4966);
#4485=AXIS2_PLACEMENT_3D('',#6135,#4967,#4968);
#4486=AXIS2_PLACEMENT_3D('',#6137,#4969,#4970);
#4487=AXIS2_PLACEMENT_3D('',#6139,#4971,#4972);
#4488=AXIS2_PLACEMENT_3D('',#6140,#4973,#4974);
#4489=AXIS2_PLACEMENT_3D('',#6142,#4975,#4976);
#4490=AXIS2_PLACEMENT_3D('',#6144,#4978,#4979);
#4491=AXIS2_PLACEMENT_3D('',#6147,#4981,#4982);
#4492=AXIS2_PLACEMENT_3D('',#6148,#4983,#4984);
#4493=AXIS2_PLACEMENT_3D('',#6149,#4985,#4986);
#4494=AXIS2_PLACEMENT_3D('',#6150,#4987,#4988);
#4495=AXIS2_PLACEMENT_3D('',#6153,#4989,#4990);
#4496=AXIS2_PLACEMENT_3D('',#6156,#4992,#4993);
#4497=AXIS2_PLACEMENT_3D('',#6157,#4994,#4995);
#4498=AXIS2_PLACEMENT_3D('',#6158,#4996,#4997);
#4499=AXIS2_PLACEMENT_3D('',#6160,#4998,#4999);
#4500=AXIS2_PLACEMENT_3D('',#6164,#5001,#5002);
#4501=AXIS2_PLACEMENT_3D('',#6165,#5003,#5004);
#4502=AXIS2_PLACEMENT_3D('',#6166,#5005,#5006);
#4503=AXIS2_PLACEMENT_3D('',#6167,#5007,#5008);
#4504=AXIS2_PLACEMENT_3D('',#6170,#5009,#5010);
#4505=AXIS2_PLACEMENT_3D('',#6171,#5011,#5012);
#4506=AXIS2_PLACEMENT_3D('',#6174,#5014,#5015);
#4507=AXIS2_PLACEMENT_3D('',#6175,#5016,#5017);
#4508=AXIS2_PLACEMENT_3D('',#6177,#5018,#5019);
#4509=AXIS2_PLACEMENT_3D('',#6181,#5021,#5022);
#4510=AXIS2_PLACEMENT_3D('',#6182,#5023,#5024);
#4511=AXIS2_PLACEMENT_3D('',#6183,#5025,#5026);
#4512=AXIS2_PLACEMENT_3D('',#6184,#5027,#5028);
#4513=AXIS2_PLACEMENT_3D('',#6185,#5029,#5030);
#4514=AXIS2_PLACEMENT_3D('',#6186,#5031,#5032);
#4515=AXIS2_PLACEMENT_3D('',#6187,#5033,#5034);
#4516=AXIS2_PLACEMENT_3D('',#6188,#5035,#5036);
#4517=AXIS2_PLACEMENT_3D('',#6189,#5037,#5038);
#4518=AXIS2_PLACEMENT_3D('',#6191,#5039,#5040);
#4519=AXIS2_PLACEMENT_3D('',#6194,#5042,#5043);
#4520=AXIS2_PLACEMENT_3D('',#6195,#5044,#5045);
#4521=AXIS2_PLACEMENT_3D('',#6197,#5046,#5047);
#4522=AXIS2_PLACEMENT_3D('',#6201,#5049,#5050);
#4523=AXIS2_PLACEMENT_3D('',#6203,#5051,#5052);
#4524=AXIS2_PLACEMENT_3D('',#6205,#5053,#5054);
#4525=AXIS2_PLACEMENT_3D('',#6207,#5055,#5056);
#4526=AXIS2_PLACEMENT_3D('',#6208,#5057,#5058);
#4527=AXIS2_PLACEMENT_3D('',#6209,#5059,#5060);
#4528=AXIS2_PLACEMENT_3D('',#6466,#5069,#5070);
#4529=AXIS2_PLACEMENT_3D('',#6639,#5079,#5080);
#4530=AXIS2_PLACEMENT_3D('',#6645,#5084,#5085);
#4531=AXIS2_PLACEMENT_3D('',#6649,#5088,#5089);
#4532=AXIS2_PLACEMENT_3D('',#6653,#5092,#5093);
#4533=AXIS2_PLACEMENT_3D('',#6655,#5095,#5096);
#4534=AXIS2_PLACEMENT_3D('',#6664,#5101,#5102);
#4535=AXIS2_PLACEMENT_3D('',#6670,#5106,#5107);
#4536=AXIS2_PLACEMENT_3D('',#6676,#5111,#5112);
#4537=AXIS2_PLACEMENT_3D('',#6679,#5115,#5116);
#4538=AXIS2_PLACEMENT_3D('',#6680,#5117,#5118);
#4539=AXIS2_PLACEMENT_3D('',#6681,#5119,#5120);
#4540=AXIS2_PLACEMENT_3D('',#6682,#5121,#5122);
#4541=AXIS2_PLACEMENT_3D('',#6691,#5127,#5128);
#4542=AXIS2_PLACEMENT_3D('',#6697,#5132,#5133);
#4543=AXIS2_PLACEMENT_3D('',#6703,#5137,#5138);
#4544=AXIS2_PLACEMENT_3D('',#6706,#5141,#5142);
#4545=AXIS2_PLACEMENT_3D('',#6715,#5147,#5148);
#4546=AXIS2_PLACEMENT_3D('',#6721,#5152,#5153);
#4547=AXIS2_PLACEMENT_3D('',#6727,#5157,#5158);
#4548=AXIS2_PLACEMENT_3D('',#6730,#5161,#5162);
#4549=AXIS2_PLACEMENT_3D('',#6731,#5163,#5164);
#4550=AXIS2_PLACEMENT_3D('',#6754,#5166,#5167);
#4551=AXIS2_PLACEMENT_3D('',#6791,#5168,#5169);
#4552=AXIS2_PLACEMENT_3D('',#6841,#5170,#5171);
#4553=AXIS2_PLACEMENT_3D('',#6842,#5172,#5173);
#4554=AXIS2_PLACEMENT_3D('',#6844,#5174,#5175);
#4555=AXIS2_PLACEMENT_3D('',#6869,#5177,#5178);
#4556=AXIS2_PLACEMENT_3D('',#6920,#5179,#5180);
#4557=AXIS2_PLACEMENT_3D('',#6955,#5181,#5182);
#4558=AXIS2_PLACEMENT_3D('',#7144,#5187,#5188);
#4559=AXIS2_PLACEMENT_3D('',#7341,#5197,#5198);
#4560=AXIS2_PLACEMENT_3D('',#7342,#5199,#5200);
#4561=AXIS2_PLACEMENT_3D('',#7345,#5201,#5202);
#4562=AXIS2_PLACEMENT_3D('',#7347,#5203,#5204);
#4563=AXIS2_PLACEMENT_3D('',#7348,#5205,#5206);
#4564=AXIS2_PLACEMENT_3D('',#7349,#5207,#5208);
#4565=AXIS2_PLACEMENT_3D('',#7350,#5209,#5210);
#4566=AXIS2_PLACEMENT_3D('',#7352,#5211,#5212);
#4567=AXIS2_PLACEMENT_3D('',#7354,#5214,#5215);
#4568=AXIS2_PLACEMENT_3D('',#7356,#5216,#5217);
#4569=AXIS2_PLACEMENT_3D('',#7358,#5218,#5219);
#4570=AXIS2_PLACEMENT_3D('',#7360,#5220,#5221);
#4571=AXIS2_PLACEMENT_3D('',#7361,#5222,#5223);
#4572=AXIS2_PLACEMENT_3D('',#7362,#5224,#5225);
#4573=AXIS2_PLACEMENT_3D('',#7365,#5227,#5228);
#4574=AXIS2_PLACEMENT_3D('',#7366,#5229,#5230);
#4575=AXIS2_PLACEMENT_3D('',#7369,#5231,#5232);
#4576=AXIS2_PLACEMENT_3D('',#7370,#5233,#5234);
#4577=AXIS2_PLACEMENT_3D('',#7372,#5235,#5236);
#4578=AXIS2_PLACEMENT_3D('',#7374,#5237,#5238);
#4579=AXIS2_PLACEMENT_3D('',#7375,#5239,#5240);
#4580=AXIS2_PLACEMENT_3D('',#7376,#5241,#5242);
#4581=AXIS2_PLACEMENT_3D('',#7378,#5243,#5244);
#4582=AXIS2_PLACEMENT_3D('',#7380,#5246,#5247);
#4583=AXIS2_PLACEMENT_3D('',#7381,#5248,#5249);
#4584=AXIS2_PLACEMENT_3D('',#7382,#5250,#5251);
#4585=AXIS2_PLACEMENT_3D('',#7383,#5252,#5253);
#4586=AXIS2_PLACEMENT_3D('',#7385,#5254,#5255);
#4587=AXIS2_PLACEMENT_3D('',#7386,#5256,#5257);
#4588=AXIS2_PLACEMENT_3D('',#7388,#5259,#5260);
#4589=AXIS2_PLACEMENT_3D('',#7389,#5261,#5262);
#4590=AXIS2_PLACEMENT_3D('',#7390,#5263,#5264);
#4591=AXIS2_PLACEMENT_3D('',#7392,#5265,#5266);
#4592=AXIS2_PLACEMENT_3D('',#7395,#5268,#5269);
#4593=AXIS2_PLACEMENT_3D('',#7396,#5270,#5271);
#4594=AXIS2_PLACEMENT_3D('',#7398,#5272,#5273);
#4595=AXIS2_PLACEMENT_3D('',#7399,#5274,#5275);
#4596=AXIS2_PLACEMENT_3D('',#7401,#5276,#5277);
#4597=AXIS2_PLACEMENT_3D('',#7402,#5278,#5279);
#4598=AXIS2_PLACEMENT_3D('',#7404,#5281,#5282);
#4599=AXIS2_PLACEMENT_3D('',#7405,#5283,#5284);
#4600=AXIS2_PLACEMENT_3D('',#7407,#5285,#5286);
#4601=AXIS2_PLACEMENT_3D('',#7410,#5288,#5289);
#4602=AXIS2_PLACEMENT_3D('',#7411,#5290,#5291);
#4603=AXIS2_PLACEMENT_3D('',#7413,#5292,#5293);
#4604=AXIS2_PLACEMENT_3D('',#7415,#5294,#5295);
#4605=AXIS2_PLACEMENT_3D('',#7417,#5296,#5297);
#4606=AXIS2_PLACEMENT_3D('',#7419,#5298,#5299);
#4607=AXIS2_PLACEMENT_3D('',#7421,#5300,#5301);
#4608=AXIS2_PLACEMENT_3D('',#7423,#5302,#5303);
#4609=AXIS2_PLACEMENT_3D('',#7425,#5304,#5305);
#4610=AXIS2_PLACEMENT_3D('',#7427,#5306,#5307);
#4611=AXIS2_PLACEMENT_3D('',#7429,#5308,#5309);
#4612=AXIS2_PLACEMENT_3D('',#7431,#5310,#5311);
#4613=AXIS2_PLACEMENT_3D('',#7433,#5312,#5313);
#4614=AXIS2_PLACEMENT_3D('',#7435,#5314,#5315);
#4615=AXIS2_PLACEMENT_3D('',#7437,#5316,#5317);
#4616=AXIS2_PLACEMENT_3D('',#7438,#5318,#5319);
#4617=AXIS2_PLACEMENT_3D('',#7440,#5320,#5321);
#4618=AXIS2_PLACEMENT_3D('',#7442,#5322,#5323);
#4619=AXIS2_PLACEMENT_3D('',#7444,#5324,#5325);
#4620=AXIS2_PLACEMENT_3D('',#7446,#5326,#5327);
#4621=AXIS2_PLACEMENT_3D('',#7448,#5328,#5329);
#4622=AXIS2_PLACEMENT_3D('',#7450,#5330,#5331);
#4623=AXIS2_PLACEMENT_3D('',#7452,#5332,#5333);
#4624=AXIS2_PLACEMENT_3D('',#7454,#5334,#5335);
#4625=AXIS2_PLACEMENT_3D('',#7456,#5336,#5337);
#4626=AXIS2_PLACEMENT_3D('',#7458,#5338,#5339);
#4627=AXIS2_PLACEMENT_3D('',#7460,#5340,#5341);
#4628=AXIS2_PLACEMENT_3D('',#7462,#5342,#5343);
#4629=AXIS2_PLACEMENT_3D('',#7464,#5344,#5345);
#4630=AXIS2_PLACEMENT_3D('',#7465,#5346,#5347);
#4631=AXIS2_PLACEMENT_3D('',#7467,#5349,#5350);
#4632=AXIS2_PLACEMENT_3D('',#7469,#5352,#5353);
#4633=AXIS2_PLACEMENT_3D('',#7471,#5355,#5356);
#4634=AXIS2_PLACEMENT_3D('',#7473,#5358,#5359);
#4635=AXIS2_PLACEMENT_3D('',#7475,#5361,#5362);
#4636=AXIS2_PLACEMENT_3D('',#7477,#5364,#5365);
#4637=AXIS2_PLACEMENT_3D('',#7479,#5367,#5368);
#4638=AXIS2_PLACEMENT_3D('',#7481,#5370,#5371);
#4639=AXIS2_PLACEMENT_3D('',#7483,#5373,#5374);
#4640=AXIS2_PLACEMENT_3D('',#7485,#5376,#5377);
#4641=AXIS2_PLACEMENT_3D('',#7487,#5379,#5380);
#4642=AXIS2_PLACEMENT_3D('',#7489,#5382,#5383);
#4643=AXIS2_PLACEMENT_3D('',#7491,#5385,#5386);
#4644=AXIS2_PLACEMENT_3D('',#7492,#5387,#5388);
#4645=AXIS2_PLACEMENT_3D('',#7494,#5389,#5390);
#4646=AXIS2_PLACEMENT_3D('',#7497,#5392,#5393);
#4647=AXIS2_PLACEMENT_3D('',#7498,#5394,#5395);
#4648=AXIS2_PLACEMENT_3D('',#7500,#5396,#5397);
#4649=AXIS2_PLACEMENT_3D('',#7502,#5398,#5399);
#4650=AXIS2_PLACEMENT_3D('',#7504,#5400,#5401);
#4651=AXIS2_PLACEMENT_3D('',#7506,#5402,#5403);
#4652=AXIS2_PLACEMENT_3D('',#7508,#5404,#5405);
#4653=AXIS2_PLACEMENT_3D('',#7510,#5406,#5407);
#4654=AXIS2_PLACEMENT_3D('',#7512,#5408,#5409);
#4655=AXIS2_PLACEMENT_3D('',#7514,#5410,#5411);
#4656=AXIS2_PLACEMENT_3D('',#7516,#5412,#5413);
#4657=AXIS2_PLACEMENT_3D('',#7518,#5414,#5415);
#4658=AXIS2_PLACEMENT_3D('',#7520,#5416,#5417);
#4659=AXIS2_PLACEMENT_3D('',#7522,#5418,#5419);
#4660=AXIS2_PLACEMENT_3D('',#7524,#5420,#5421);
#4661=AXIS2_PLACEMENT_3D('',#7525,#5422,#5423);
#4662=AXIS2_PLACEMENT_3D('',#7527,#5424,#5425);
#4663=AXIS2_PLACEMENT_3D('',#7529,#5426,#5427);
#4664=AXIS2_PLACEMENT_3D('',#7531,#5428,#5429);
#4665=AXIS2_PLACEMENT_3D('',#7533,#5430,#5431);
#4666=AXIS2_PLACEMENT_3D('',#7535,#5432,#5433);
#4667=AXIS2_PLACEMENT_3D('',#7537,#5434,#5435);
#4668=AXIS2_PLACEMENT_3D('',#7539,#5436,#5437);
#4669=AXIS2_PLACEMENT_3D('',#7541,#5438,#5439);
#4670=AXIS2_PLACEMENT_3D('',#7543,#5440,#5441);
#4671=AXIS2_PLACEMENT_3D('',#7545,#5442,#5443);
#4672=AXIS2_PLACEMENT_3D('',#7547,#5444,#5445);
#4673=AXIS2_PLACEMENT_3D('',#7549,#5446,#5447);
#4674=AXIS2_PLACEMENT_3D('',#7551,#5448,#5449);
#4675=AXIS2_PLACEMENT_3D('',#7552,#5450,#5451);
#4676=AXIS2_PLACEMENT_3D('',#7554,#5453,#5454);
#4677=AXIS2_PLACEMENT_3D('',#7556,#5456,#5457);
#4678=AXIS2_PLACEMENT_3D('',#7558,#5459,#5460);
#4679=AXIS2_PLACEMENT_3D('',#7560,#5462,#5463);
#4680=AXIS2_PLACEMENT_3D('',#7562,#5465,#5466);
#4681=AXIS2_PLACEMENT_3D('',#7564,#5468,#5469);
#4682=AXIS2_PLACEMENT_3D('',#7566,#5471,#5472);
#4683=AXIS2_PLACEMENT_3D('',#7568,#5474,#5475);
#4684=AXIS2_PLACEMENT_3D('',#7570,#5477,#5478);
#4685=AXIS2_PLACEMENT_3D('',#7572,#5480,#5481);
#4686=AXIS2_PLACEMENT_3D('',#7574,#5483,#5484);
#4687=AXIS2_PLACEMENT_3D('',#7576,#5486,#5487);
#4688=AXIS2_PLACEMENT_3D('',#7578,#5489,#5490);
#4689=AXIS2_PLACEMENT_3D('',#7579,#5491,#5492);
#4690=AXIS2_PLACEMENT_3D('',#7581,#5493,#5494);
#4691=AXIS2_PLACEMENT_3D('',#7584,#5496,#5497);
#4692=AXIS2_PLACEMENT_3D('',#7585,#5498,#5499);
#4693=AXIS2_PLACEMENT_3D('',#7586,#5500,#5501);
#4694=AXIS2_PLACEMENT_3D('',#7587,#5502,#5503);
#4695=AXIS2_PLACEMENT_3D('',#7640,#5512,#5513);
#4696=AXIS2_PLACEMENT_3D('',#7641,#5514,#5515);
#4697=AXIS2_PLACEMENT_3D('',#7694,#5524,#5525);
#4698=AXIS2_PLACEMENT_3D('',#7695,#5526,#5527);
#4699=AXIS2_PLACEMENT_3D('',#7748,#5536,#5537);
#4700=AXIS2_PLACEMENT_3D('',#7749,#5538,#5539);
#4701=AXIS2_PLACEMENT_3D('',#7802,#5548,#5549);
#4702=AXIS2_PLACEMENT_3D('',#7803,#5550,#5551);
#4703=AXIS2_PLACEMENT_3D('',#7804,#5552,#5553);
#4704=AXIS2_PLACEMENT_3D('',#7805,#5554,#5555);
#4705=AXIS2_PLACEMENT_3D('',#7814,#5560,#5561);
#4706=AXIS2_PLACEMENT_3D('',#7823,#5566,#5567);
#4707=AXIS2_PLACEMENT_3D('',#7826,#5570,#5571);
#4708=AXIS2_PLACEMENT_3D('',#7829,#5574,#5575);
#4709=AXIS2_PLACEMENT_3D('',#7830,#5576,#5577);
#4710=AXIS2_PLACEMENT_3D('',#7831,#5578,#5579);
#4711=AXIS2_PLACEMENT_3D('',#7840,#5584,#5585);
#4712=AXIS2_PLACEMENT_3D('',#7849,#5590,#5591);
#4713=AXIS2_PLACEMENT_3D('',#7852,#5594,#5595);
#4714=AXIS2_PLACEMENT_3D('',#7855,#5598,#5599);
#4715=AXIS2_PLACEMENT_3D('',#7856,#5600,#5601);
#4716=AXIS2_PLACEMENT_3D('',#7857,#5602,#5603);
#4717=AXIS2_PLACEMENT_3D('',#7866,#5608,#5609);
#4718=AXIS2_PLACEMENT_3D('',#7875,#5614,#5615);
#4719=AXIS2_PLACEMENT_3D('',#7878,#5618,#5619);
#4720=AXIS2_PLACEMENT_3D('',#7881,#5622,#5623);
#4721=AXIS2_PLACEMENT_3D('',#7882,#5624,#5625);
#4722=AXIS2_PLACEMENT_3D('',#7883,#5626,#5627);
#4723=AXIS2_PLACEMENT_3D('',#7892,#5632,#5633);
#4724=AXIS2_PLACEMENT_3D('',#7901,#5638,#5639);
#4725=AXIS2_PLACEMENT_3D('',#7904,#5642,#5643);
#4726=AXIS2_PLACEMENT_3D('',#7907,#5646,#5647);
#4727=AXIS2_PLACEMENT_3D('',#7908,#5648,#5649);
#4728=AXIS2_PLACEMENT_3D('',#7909,#5650,#5651);
#4729=AXIS2_PLACEMENT_3D('',#7918,#5656,#5657);
#4730=AXIS2_PLACEMENT_3D('',#7927,#5662,#5663);
#4731=AXIS2_PLACEMENT_3D('',#7930,#5666,#5667);
#4732=AXIS2_PLACEMENT_3D('',#7933,#5670,#5671);
#4733=AXIS2_PLACEMENT_3D('',#7934,#5672,#5673);
#4734=AXIS2_PLACEMENT_3D('',#7935,#5674,#5675);
#4735=AXIS2_PLACEMENT_3D('',#7936,#5676,#5677);
#4736=AXIS2_PLACEMENT_3D('',#7938,#5678,#5679);
#4737=AXIS2_PLACEMENT_3D('',#7941,#5681,#5682);
#4738=AXIS2_PLACEMENT_3D('',#7942,#5683,#5684);
#4739=AXIS2_PLACEMENT_3D('',#7943,#5685,#5686);
#4740=AXIS2_PLACEMENT_3D('',#7944,#5687,#5688);
#4741=AXIS2_PLACEMENT_3D('',#7945,#5689,#5690);
#4742=AXIS2_PLACEMENT_3D('',#7947,#5691,#5692);
#4743=AXIS2_PLACEMENT_3D('',#7950,#5694,#5695);
#4744=AXIS2_PLACEMENT_3D('',#7951,#5696,#5697);
#4745=AXIS2_PLACEMENT_3D('',#7953,#5698,#5699);
#4746=AXIS2_PLACEMENT_3D('',#7956,#5701,#5702);
#4747=AXIS2_PLACEMENT_3D('',#7957,#5703,#5704);
#4748=AXIS2_PLACEMENT_3D('',#7959,#5705,#5706);
#4749=AXIS2_PLACEMENT_3D('',#7962,#5708,#5709);
#4750=AXIS2_PLACEMENT_3D('',#7963,#5710,#5711);
#4751=AXIS2_PLACEMENT_3D('',#7965,#5712,#5713);
#4752=AXIS2_PLACEMENT_3D('',#7968,#5715,#5716);
#4753=AXIS2_PLACEMENT_3D('',#7969,#5717,#5718);
#4754=AXIS2_PLACEMENT_3D('',#7971,#5719,#5720);
#4755=AXIS2_PLACEMENT_3D('',#7974,#5722,#5723);
#4756=AXIS2_PLACEMENT_3D('',#7975,#5724,#5725);
#4757=AXIS2_PLACEMENT_3D('',#7977,#5726,#5727);
#4758=AXIS2_PLACEMENT_3D('',#7980,#5729,#5730);
#4759=AXIS2_PLACEMENT_3D('',#7981,#5731,#5732);
#4760=AXIS2_PLACEMENT_3D('',#7983,#5733,#5734);
#4761=AXIS2_PLACEMENT_3D('',#7986,#5736,#5737);
#4762=AXIS2_PLACEMENT_3D('',#7987,#5738,#5739);
#4763=AXIS2_PLACEMENT_3D('',#7989,#5740,#5741);
#4764=AXIS2_PLACEMENT_3D('',#7992,#5743,#5744);
#4765=AXIS2_PLACEMENT_3D('',#7993,#5745,#5746);
#4766=AXIS2_PLACEMENT_3D('',#7995,#5747,#5748);
#4767=AXIS2_PLACEMENT_3D('',#7998,#5750,#5751);
#4768=AXIS2_PLACEMENT_3D('',#7999,#5752,#5753);
#4769=AXIS2_PLACEMENT_3D('',#8001,#5754,#5755);
#4770=AXIS2_PLACEMENT_3D('',#8004,#5757,#5758);
#4771=AXIS2_PLACEMENT_3D('',#8005,#5759,#5760);
#4772=AXIS2_PLACEMENT_3D('',#8007,#5761,#5762);
#4773=AXIS2_PLACEMENT_3D('',#8010,#5764,#5765);
#4774=AXIS2_PLACEMENT_3D('',#8011,#5766,#5767);
#4775=AXIS2_PLACEMENT_3D('',#8013,#5768,#5769);
#4776=AXIS2_PLACEMENT_3D('',#8016,#5771,#5772);
#4777=AXIS2_PLACEMENT_3D('',#8017,#5773,#5774);
#4778=AXIS2_PLACEMENT_3D('',#8019,#5775,#5776);
#4779=AXIS2_PLACEMENT_3D('',#8022,#5778,#5779);
#4780=AXIS2_PLACEMENT_3D('',#8023,#5780,#5781);
#4781=AXIS2_PLACEMENT_3D('',#8025,#5782,#5783);
#4782=AXIS2_PLACEMENT_3D('',#8028,#5785,#5786);
#4783=AXIS2_PLACEMENT_3D('',#8029,#5787,#5788);
#4784=AXIS2_PLACEMENT_3D('',#8030,#5789,#5790);
#4785=AXIS2_PLACEMENT_3D('',#8031,#5791,#5792);
#4786=AXIS2_PLACEMENT_3D('',#8032,#5793,#5794);
#4787=AXIS2_PLACEMENT_3D('',#8035,#5795,#5796);
#4788=AXIS2_PLACEMENT_3D('',#8037,#5797,#5798);
#4789=AXIS2_PLACEMENT_3D('',#8038,#5799,#5800);
#4790=AXIS2_PLACEMENT_3D('',#8039,#5801,#5802);
#4791=AXIS2_PLACEMENT_3D('',#8040,#5803,#5804);
#4792=AXIS2_PLACEMENT_3D('',#8042,#5805,#5806);
#4793=AXIS2_PLACEMENT_3D('',#8044,#5808,#5809);
#4794=AXIS2_PLACEMENT_3D('',#8046,#5810,#5811);
#4795=AXIS2_PLACEMENT_3D('',#8048,#5812,#5813);
#4796=AXIS2_PLACEMENT_3D('',#8050,#5814,#5815);
#4797=AXIS2_PLACEMENT_3D('',#8051,#5816,#5817);
#4798=AXIS2_PLACEMENT_3D('',#8052,#5818,#5819);
#4799=AXIS2_PLACEMENT_3D('',#8055,#5821,#5822);
#4800=AXIS2_PLACEMENT_3D('',#8056,#5823,#5824);
#4801=AXIS2_PLACEMENT_3D('',#8059,#5825,#5826);
#4802=AXIS2_PLACEMENT_3D('',#8060,#5827,#5828);
#4803=AXIS2_PLACEMENT_3D('',#8062,#5829,#5830);
#4804=AXIS2_PLACEMENT_3D('',#8064,#5831,#5832);
#4805=AXIS2_PLACEMENT_3D('',#8065,#5833,#5834);
#4806=AXIS2_PLACEMENT_3D('',#8066,#5835,#5836);
#4807=AXIS2_PLACEMENT_3D('',#8068,#5837,#5838);
#4808=AXIS2_PLACEMENT_3D('',#8070,#5840,#5841);
#4809=AXIS2_PLACEMENT_3D('',#8071,#5842,#5843);
#4810=AXIS2_PLACEMENT_3D('',#8072,#5844,#5845);
#4811=AXIS2_PLACEMENT_3D('',#8073,#5846,#5847);
#4812=AXIS2_PLACEMENT_3D('',#8075,#5848,#5849);
#4813=AXIS2_PLACEMENT_3D('',#8076,#5850,#5851);
#4814=AXIS2_PLACEMENT_3D('',#8078,#5853,#5854);
#4815=AXIS2_PLACEMENT_3D('',#8079,#5855,#5856);
#4816=AXIS2_PLACEMENT_3D('',#8081,#5857,#5858);
#4817=AXIS2_PLACEMENT_3D('',#8084,#5860,#5861);
#4818=AXIS2_PLACEMENT_3D('',#8085,#5862,#5863);
#4819=AXIS2_PLACEMENT_3D('',#8087,#5864,#5865);
#4820=AXIS2_PLACEMENT_3D('',#8090,#5867,#5868);
#4821=AXIS2_PLACEMENT_3D('',#8091,#5869,#5870);
#4822=AXIS2_PLACEMENT_3D('',#8093,#5871,#5872);
#4823=AXIS2_PLACEMENT_3D('',#8096,#5874,#5875);
#4824=AXIS2_PLACEMENT_3D('',#8097,#5876,#5877);
#4825=AXIS2_PLACEMENT_3D('',#8099,#5878,#5879);
#4826=AXIS2_PLACEMENT_3D('',#8102,#5881,#5882);
#4827=AXIS2_PLACEMENT_3D('',#8103,#5883,#5884);
#4828=AXIS2_PLACEMENT_3D('',#8105,#5885,#5886);
#4829=AXIS2_PLACEMENT_3D('',#8108,#5888,#5889);
#4830=AXIS2_PLACEMENT_3D('',#8109,#5890,#5891);
#4831=AXIS2_PLACEMENT_3D('',#8111,#5892,#5893);
#4832=AXIS2_PLACEMENT_3D('',#8114,#5895,#5896);
#4833=AXIS2_PLACEMENT_3D('',#8115,#5897,#5898);
#4834=AXIS2_PLACEMENT_3D('',#8117,#5899,#5900);
#4835=AXIS2_PLACEMENT_3D('',#8120,#5902,#5903);
#4836=AXIS2_PLACEMENT_3D('',#8121,#5904,#5905);
#4837=AXIS2_PLACEMENT_3D('',#8123,#5906,#5907);
#4838=AXIS2_PLACEMENT_3D('',#8126,#5909,#5910);
#4839=AXIS2_PLACEMENT_3D('',#8127,#5911,#5912);
#4840=AXIS2_PLACEMENT_3D('',#8129,#5913,#5914);
#4841=AXIS2_PLACEMENT_3D('',#8132,#5916,#5917);
#4842=AXIS2_PLACEMENT_3D('',#8133,#5918,#5919);
#4843=AXIS2_PLACEMENT_3D('',#8135,#5920,#5921);
#4844=AXIS2_PLACEMENT_3D('',#8138,#5923,#5924);
#4845=AXIS2_PLACEMENT_3D('',#8139,#5925,#5926);
#4846=AXIS2_PLACEMENT_3D('',#8141,#5927,#5928);
#4847=AXIS2_PLACEMENT_3D('',#8144,#5930,#5931);
#4848=AXIS2_PLACEMENT_3D('',#8145,#5932,#5933);
#4849=AXIS2_PLACEMENT_3D('',#8147,#5934,#5935);
#4850=AXIS2_PLACEMENT_3D('',#8150,#5937,#5938);
#4851=AXIS2_PLACEMENT_3D('',#8151,#5939,#5940);
#4852=AXIS2_PLACEMENT_3D('',#8153,#5941,#5942);
#4853=AXIS2_PLACEMENT_3D('',#8156,#5944,#5945);
#4854=AXIS2_PLACEMENT_3D('',#8157,#5946,#5947);
#4855=AXIS2_PLACEMENT_3D('',#8159,#5948,#5949);
#4856=AXIS2_PLACEMENT_3D('',#8162,#5951,#5952);
#4857=AXIS2_PLACEMENT_3D('',#8163,#5953,#5954);
#4858=AXIS2_PLACEMENT_3D('',#8164,#5955,#5956);
#4859=AXIS2_PLACEMENT_3D('',#8165,#5957,#5958);
#4860=AXIS2_PLACEMENT_3D('',#8166,#5959,#5960);
#4861=AXIS2_PLACEMENT_3D('',#8169,#5961,#5962);
#4862=AXIS2_PLACEMENT_3D('',#8170,#5963,#5964);
#4863=AXIS2_PLACEMENT_3D('',#8172,#5965,#5966);
#4864=AXIS2_PLACEMENT_3D('',#8173,#5967,#5968);
#4865=AXIS2_PLACEMENT_3D('',#8174,#5969,#5970);
#4866=AXIS2_PLACEMENT_3D('',#8177,#5972,#5973);
#4867=AXIS2_PLACEMENT_3D('',#8178,#5974,#5975);
#4868=AXIS2_PLACEMENT_3D('',#8180,#5976,#5977);
#4869=AXIS2_PLACEMENT_3D('',#8182,#5978,#5979);
#4870=AXIS2_PLACEMENT_3D('',#8184,#5980,#5981);
#4871=AXIS2_PLACEMENT_3D('',#8185,#5982,#5983);
#4872=AXIS2_PLACEMENT_3D('',#8186,#5984,#5985);
#4873=AXIS2_PLACEMENT_3D('',#8188,#5986,#5987);
#4874=AXIS2_PLACEMENT_3D('',#8190,#5989,#5990);
#4875=AXIS2_PLACEMENT_3D('',#8193,#5991,#5992);
#4876=AXIS2_PLACEMENT_3D('',#8195,#5993,#5994);
#4877=AXIS2_PLACEMENT_3D('',#8197,#5995,#5996);
#4878=AXIS2_PLACEMENT_3D('',#8198,#5997,#5998);
#4879=AXIS2_PLACEMENT_3D('',#8199,#5999,#6000);
#4880=AXIS2_PLACEMENT_3D('',#8200,#6001,#6002);
#4881=AXIS2_PLACEMENT_3D('',#8203,#6004,#6005);
#4882=AXIS2_PLACEMENT_3D('',#8204,#6006,#6007);
#4883=AXIS2_PLACEMENT_3D('',#8205,#6008,#6009);
#4884=AXIS2_PLACEMENT_3D('',#8206,#6010,#6011);
#4885=AXIS2_PLACEMENT_3D('',#8207,#6012,#6013);
#4886=AXIS2_PLACEMENT_3D('',#8209,#6014,#6015);
#4887=AXIS2_PLACEMENT_3D('',#8210,#6016,#6017);
#4888=AXIS2_PLACEMENT_3D('',#8212,#6019,#6020);
#4889=AXIS2_PLACEMENT_3D('',#8213,#6021,#6022);
#4890=AXIS2_PLACEMENT_3D('',#8214,#6023,#6024);
#4891=AXIS2_PLACEMENT_3D('',#8215,#6025,#6026);
#4892=AXIS2_PLACEMENT_3D('',#8216,#6027,#6028);
#4893=AXIS2_PLACEMENT_3D('',#8217,#6029,#6030);
#4894=AXIS2_PLACEMENT_3D('',#8218,#6031,#6032);
#4895=AXIS2_PLACEMENT_3D('',#8219,#6033,#6034);
#4896=AXIS2_PLACEMENT_3D('',#8220,#6035,#6036);
#4897=AXIS2_PLACEMENT_3D('',#8221,#6037,#6038);
#4898=AXIS2_PLACEMENT_3D('',#8222,#6039,#6040);
#4899=AXIS2_PLACEMENT_3D('',#8223,#6041,#6042);
#4900=AXIS2_PLACEMENT_3D('',#8224,#6043,#6044);
#4901=AXIS2_PLACEMENT_3D('',#8227,#6045,#6046);
#4902=AXIS2_PLACEMENT_3D('',#8228,#6047,#6048);
#4903=AXIS2_PLACEMENT_3D('',#8231,#6050,#6051);
#4904=AXIS2_PLACEMENT_3D('',#8232,#6052,#6053);
#4905=AXIS2_PLACEMENT_3D('',#8234,#6054,#6055);
#4906=AXIS2_PLACEMENT_3D('',#8238,#6057,#6058);
#4907=AXIS2_PLACEMENT_3D('',#8239,#6059,#6060);
#4908=AXIS2_PLACEMENT_3D('',#8240,#6061,#6062);
#4909=AXIS2_PLACEMENT_3D('',#8241,#6063,#6064);
#4910=AXIS2_PLACEMENT_3D('',#8244,#6065,#6066);
#4911=AXIS2_PLACEMENT_3D('',#8247,#6068,#6069);
#4912=AXIS2_PLACEMENT_3D('',#8248,#6070,#6071);
#4913=AXIS2_PLACEMENT_3D('',#8249,#6072,#6073);
#4914=AXIS2_PLACEMENT_3D('',#8251,#6074,#6075);
#4915=AXIS2_PLACEMENT_3D('',#8255,#6077,#6078);
#4916=AXIS2_PLACEMENT_3D('',#8256,#6079,#6080);
#4917=AXIS2_PLACEMENT_3D('',#8257,#6081,#6082);
#4918=AXIS2_PLACEMENT_3D('',#8258,#6083,#6084);
#4919=AXIS2_PLACEMENT_3D('',#8259,#6085,#6086);
#4920=AXIS2_PLACEMENT_3D('',#8260,#6087,#6088);
#4921=AXIS2_PLACEMENT_3D('',#8261,#6089,#6090);
#4922=AXIS2_PLACEMENT_3D('',#8262,#6091,#6092);
#4923=AXIS2_PLACEMENT_3D('',#8263,#6093,#6094);
#4924=AXIS2_PLACEMENT_3D('',#8264,#6095,#6096);
#4925=AXIS2_PLACEMENT_3D('',#8265,#6097,#6098);
#4926=AXIS2_PLACEMENT_3D('',#8266,#6099,#6100);
#4927=AXIS2_PLACEMENT_3D('',#8267,#6101,#6102);
#4928=AXIS2_PLACEMENT_3D('',#8268,#6103,#6104);
#4929=AXIS2_PLACEMENT_3D('',#8269,#6105,#6106);
#4930=AXIS2_PLACEMENT_3D('',#8270,#6107,#6108);
#4931=AXIS2_PLACEMENT_3D('',#8271,#6109,#6110);
#4932=DIRECTION('axis',(0.,0.,1.));
#4933=DIRECTION('refdir',(1.,0.,0.));
#4934=DIRECTION('axis',(0.,0.,1.));
#4935=DIRECTION('refdir',(1.,0.,0.));
#4936=DIRECTION('axis',(0.,0.,1.));
#4937=DIRECTION('refdir',(1.,0.,0.));
#4938=DIRECTION('center_axis',(0.,0.,-1.));
#4939=DIRECTION('ref_axis',(-1.,0.,0.));
#4940=DIRECTION('center_axis',(0.,0.,1.));
#4941=DIRECTION('ref_axis',(1.,0.,0.));
#4942=DIRECTION('center_axis',(0.,0.,1.));
#4943=DIRECTION('ref_axis',(0.,-1.,0.));
#4944=DIRECTION('center_axis',(0.,0.,1.));
#4945=DIRECTION('ref_axis',(1.,0.,0.));
#4946=DIRECTION('',(0.,0.,-1.));
#4947=DIRECTION('center_axis',(0.,0.,1.));
#4948=DIRECTION('ref_axis',(0.,-1.,0.));
#4949=DIRECTION('center_axis',(0.,0.,1.));
#4950=DIRECTION('ref_axis',(1.,0.,0.));
#4951=DIRECTION('',(5.47678698264203E-17,-0.447213595499958,-0.894427190999916));
#4952=DIRECTION('center_axis',(0.,0.,1.));
#4953=DIRECTION('ref_axis',(1.,0.,0.));
#4954=DIRECTION('center_axis',(0.,0.,1.));
#4955=DIRECTION('ref_axis',(1.,0.,0.));
#4956=DIRECTION('center_axis',(0.,0.,1.));
#4957=DIRECTION('ref_axis',(0.,-1.,0.));
#4958=DIRECTION('center_axis',(0.,0.,1.));
#4959=DIRECTION('ref_axis',(1.,0.,0.));
#4960=DIRECTION('',(0.,0.,-1.));
#4961=DIRECTION('center_axis',(0.,0.,1.));
#4962=DIRECTION('ref_axis',(1.,0.,0.));
#4963=DIRECTION('',(0.,0.,1.));
#4964=DIRECTION('',(1.,0.,0.));
#4965=DIRECTION('axis',(0.,0.,1.));
#4966=DIRECTION('refdir',(1.,0.,0.));
#4967=DIRECTION('center_axis',(0.912834177233043,0.408330460381385,0.));
#4968=DIRECTION('ref_axis',(-0.408330460381385,0.912834177233043,0.));
#4969=DIRECTION('center_axis',(-0.912834177233043,-0.408330460381385,0.));
#4970=DIRECTION('ref_axis',(-0.408330460381385,0.912834177233043,0.));
#4971=DIRECTION('center_axis',(0.912834177233043,0.408330460381385,0.));
#4972=DIRECTION('ref_axis',(-0.408330460381385,0.912834177233043,0.));
#4973=DIRECTION('center_axis',(0.912834177233043,0.408330460381385,0.));
#4974=DIRECTION('ref_axis',(-0.408330460381385,0.912834177233043,0.));
#4975=DIRECTION('center_axis',(-0.912834177233043,-0.408330460381385,0.));
#4976=DIRECTION('ref_axis',(-0.408330460381385,0.912834177233043,0.));
#4977=DIRECTION('',(0.912834177233043,0.408330460381385,0.));
#4978=DIRECTION('center_axis',(0.912834177233043,0.408330460381385,0.));
#4979=DIRECTION('ref_axis',(-0.408330460381385,0.912834177233043,0.));
#4980=DIRECTION('',(-0.912834177233043,-0.408330460381385,0.));
#4981=DIRECTION('center_axis',(0.912834177233043,0.408330460381385,0.));
#4982=DIRECTION('ref_axis',(-0.408330460381385,0.912834177233043,0.));
#4983=DIRECTION('center_axis',(0.912834177233043,0.408330460381385,0.));
#4984=DIRECTION('ref_axis',(-0.408330460381385,0.912834177233043,0.));
#4985=DIRECTION('axis',(0.,0.,1.));
#4986=DIRECTION('refdir',(1.,0.,0.));
#4987=DIRECTION('center_axis',(0.912834177233043,0.408330460381385,0.));
#4988=DIRECTION('ref_axis',(-0.408330460381385,0.912834177233043,0.));
#4989=DIRECTION('center_axis',(-0.912834177233043,-0.408330460381385,0.));
#4990=DIRECTION('ref_axis',(-0.408330460381385,0.912834177233043,0.));
#4991=DIRECTION('',(0.912834177233043,0.408330460381385,0.));
#4992=DIRECTION('center_axis',(-0.912834177233043,-0.408330460381385,0.));
#4993=DIRECTION('ref_axis',(-0.408330460381385,0.912834177233043,0.));
#4994=DIRECTION('center_axis',(-0.912834177233043,-0.408330460381385,0.));
#4995=DIRECTION('ref_axis',(-0.408330460381385,0.912834177233043,0.));
#4996=DIRECTION('center_axis',(0.912834177233043,0.408330460381385,0.));
#4997=DIRECTION('ref_axis',(-0.408330460381385,0.912834177233043,0.));
#4998=DIRECTION('center_axis',(0.912834177233043,0.408330460381385,0.));
#4999=DIRECTION('ref_axis',(-0.408330460381385,0.912834177233043,0.));
#5000=DIRECTION('',(-0.912834177233043,-0.408330460381385,0.));
#5001=DIRECTION('center_axis',(0.912834177233043,0.408330460381385,0.));
#5002=DIRECTION('ref_axis',(-0.408330460381385,0.912834177233043,0.));
#5003=DIRECTION('center_axis',(0.912834177233043,0.408330460381385,0.));
#5004=DIRECTION('ref_axis',(-0.408330460381385,0.912834177233043,0.));
#5005=DIRECTION('center_axis',(0.912834177233043,0.408330460381385,0.));
#5006=DIRECTION('ref_axis',(-0.408330460381385,0.912834177233043,0.));
#5007=DIRECTION('center_axis',(-1.,0.,0.));
#5008=DIRECTION('ref_axis',(0.,1.,0.));
#5009=DIRECTION('center_axis',(-1.,-2.24207754291971E-44,0.));
#5010=DIRECTION('ref_axis',(-2.24207754291971E-44,1.,0.));
#5011=DIRECTION('center_axis',(-1.,-2.24207754291971E-44,0.));
#5012=DIRECTION('ref_axis',(-2.24207754291971E-44,1.,0.));
#5013=DIRECTION('',(-1.,0.,0.));
#5014=DIRECTION('center_axis',(1.,2.24207754291971E-44,0.));
#5015=DIRECTION('ref_axis',(-2.24207754291971E-44,1.,0.));
#5016=DIRECTION('center_axis',(-1.,0.,0.));
#5017=DIRECTION('ref_axis',(0.,1.,0.));
#5018=DIRECTION('center_axis',(-1.,-2.24207754291971E-44,0.));
#5019=DIRECTION('ref_axis',(-2.24207754291971E-44,1.,0.));
#5020=DIRECTION('',(1.,0.,0.));
#5021=DIRECTION('center_axis',(1.,2.24207754291971E-44,0.));
#5022=DIRECTION('ref_axis',(-2.24207754291971E-44,1.,0.));
#5023=DIRECTION('center_axis',(1.,2.24207754291971E-44,0.));
#5024=DIRECTION('ref_axis',(-2.24207754291971E-44,1.,0.));
#5025=DIRECTION('center_axis',(1.,2.24207754291971E-44,0.));
#5026=DIRECTION('ref_axis',(-2.24207754291971E-44,1.,0.));
#5027=DIRECTION('center_axis',(0.,0.,1.));
#5028=DIRECTION('ref_axis',(1.,0.,0.));
#5029=DIRECTION('center_axis',(0.,0.,1.));
#5030=DIRECTION('ref_axis',(1.,0.,0.));
#5031=DIRECTION('center_axis',(0.,0.,1.));
#5032=DIRECTION('ref_axis',(1.,0.,0.));
#5033=DIRECTION('center_axis',(0.,0.,-1.));
#5034=DIRECTION('ref_axis',(1.,0.,0.));
#5035=DIRECTION('axis',(0.,0.,1.));
#5036=DIRECTION('refdir',(1.,0.,0.));
#5037=DIRECTION('center_axis',(1.,0.,0.));
#5038=DIRECTION('ref_axis',(0.,1.,0.));
#5039=DIRECTION('center_axis',(1.,0.,0.));
#5040=DIRECTION('ref_axis',(0.,1.,0.));
#5041=DIRECTION('',(1.,0.,0.));
#5042=DIRECTION('center_axis',(-1.,0.,0.));
#5043=DIRECTION('ref_axis',(0.,1.,0.));
#5044=DIRECTION('center_axis',(1.,0.,0.));
#5045=DIRECTION('ref_axis',(0.,1.,0.));
#5046=DIRECTION('center_axis',(1.,0.,0.));
#5047=DIRECTION('ref_axis',(0.,1.,0.));
#5048=DIRECTION('',(-1.,0.,0.));
#5049=DIRECTION('center_axis',(-1.,0.,0.));
#5050=DIRECTION('ref_axis',(0.,1.,0.));
#5051=DIRECTION('center_axis',(-1.,0.,0.));
#5052=DIRECTION('ref_axis',(0.,1.,0.));
#5053=DIRECTION('center_axis',(-1.,0.,0.));
#5054=DIRECTION('ref_axis',(0.,1.,0.));
#5055=DIRECTION('center_axis',(-1.,0.,0.));
#5056=DIRECTION('ref_axis',(0.,1.,0.));
#5057=DIRECTION('center_axis',(-1.,0.,0.));
#5058=DIRECTION('ref_axis',(0.,1.,0.));
#5059=DIRECTION('center_axis',(1.,0.,0.));
#5060=DIRECTION('ref_axis',(0.,1.,0.));
#5061=DIRECTION('',(-0.962729371538035,-0.144610420707519,-0.228560677722077));
#5062=DIRECTION('',(-3.19131731753934E-87,0.,1.));
#5063=DIRECTION('',(-0.962160428105385,-0.126374681511362,0.241405779675974));
#5064=DIRECTION('',(-8.18284318476774E-46,1.,1.16006977266955E-15));
#5065=DIRECTION('',(-0.961376312138688,0.153825694257836,0.228239440598488));
#5066=DIRECTION('',(5.34612421404825E-46,0.,-1.));
#5067=DIRECTION('',(-0.96097372570041,0.135633387292583,-0.241108031315869));
#5068=DIRECTION('',(4.88466936358063E-87,-1.,0.));
#5069=DIRECTION('center_axis',(1.,0.,0.));
#5070=DIRECTION('ref_axis',(0.,0.,-1.));
#5071=DIRECTION('',(0.,0.,1.));
#5072=DIRECTION('',(0.963856428796248,0.14571674889401,0.223041282635978));
#5073=DIRECTION('',(0.963082360604996,0.120947736595027,-0.240507820463386));
#5074=DIRECTION('',(0.,1.,0.));
#5075=DIRECTION('',(0.962489931322982,-0.154940995563825,-0.22272498736238));
#5076=DIRECTION('',(0.,0.,-1.));
#5077=DIRECTION('',(0.961942283498624,-0.130230030174495,0.240223193006426));
#5078=DIRECTION('',(0.,-1.,0.));
#5079=DIRECTION('center_axis',(0.,1.16006977266955E-15,-1.));
#5080=DIRECTION('ref_axis',(-8.18284318476774E-46,1.,1.16006977266955E-15));
#5081=DIRECTION('',(8.18284318476774E-46,-1.,-1.16006977266955E-15));
#5082=DIRECTION('',(1.,0.,0.));
#5083=DIRECTION('',(1.,0.,0.));
#5084=DIRECTION('center_axis',(0.,1.,0.));
#5085=DIRECTION('ref_axis',(-3.19131731753934E-87,0.,1.));
#5086=DIRECTION('',(3.19131731753934E-87,0.,-1.));
#5087=DIRECTION('',(1.,0.,0.));
#5088=DIRECTION('center_axis',(0.,0.,1.));
#5089=DIRECTION('ref_axis',(4.88466936358063E-87,-1.,0.));
#5090=DIRECTION('',(-4.88466936358063E-87,1.,0.));
#5091=DIRECTION('',(1.,0.,0.));
#5092=DIRECTION('center_axis',(0.,-1.,0.));
#5093=DIRECTION('ref_axis',(5.34612421404825E-46,0.,-1.));
#5094=DIRECTION('',(-5.34612421404825E-46,0.,1.));
#5095=DIRECTION('center_axis',(0.,1.,0.));
#5096=DIRECTION('ref_axis',(-5.03164631910424E-46,0.,1.));
#5097=DIRECTION('',(5.03164631910424E-46,0.,-1.));
#5098=DIRECTION('',(1.,0.,0.));
#5099=DIRECTION('',(-5.03164631910424E-46,0.,1.));
#5100=DIRECTION('',(1.,0.,0.));
#5101=DIRECTION('center_axis',(0.,0.,-1.));
#5102=DIRECTION('ref_axis',(-4.32720992208725E-87,1.,0.));
#5103=DIRECTION('',(4.32720992208725E-87,-1.,0.));
#5104=DIRECTION('',(-4.32720992208725E-87,1.,0.));
#5105=DIRECTION('',(1.,0.,0.));
#5106=DIRECTION('center_axis',(0.,-1.,0.));
#5107=DIRECTION('ref_axis',(-4.81343716751044E-47,0.,-1.));
#5108=DIRECTION('',(4.81343716751044E-47,0.,1.));
#5109=DIRECTION('',(-4.81343716751044E-47,0.,-1.));
#5110=DIRECTION('',(1.,0.,0.));
#5111=DIRECTION('center_axis',(0.,-9.63447777301831E-16,1.));
#5112=DIRECTION('ref_axis',(7.9424432719949E-46,-1.,-9.63447777301831E-16));
#5113=DIRECTION('',(-7.9424432719949E-46,1.,9.63447777301831E-16));
#5114=DIRECTION('',(7.9424432719949E-46,-1.,-9.63447777301831E-16));
#5115=DIRECTION('center_axis',(-1.,-4.32720992208725E-87,-5.03164631910424E-46));
#5116=DIRECTION('ref_axis',(4.32720992208725E-87,-1.,0.));
#5117=DIRECTION('center_axis',(1.,0.,0.));
#5118=DIRECTION('ref_axis',(0.,0.,-1.));
#5119=DIRECTION('axis',(0.,0.,1.));
#5120=DIRECTION('refdir',(1.,0.,0.));
#5121=DIRECTION('center_axis',(0.,-1.,0.));
#5122=DIRECTION('ref_axis',(-1.,0.,0.));
#5123=DIRECTION('',(-1.,0.,0.));
#5124=DIRECTION('',(0.,0.,-1.));
#5125=DIRECTION('',(-1.,0.,0.));
#5126=DIRECTION('',(0.,0.,-1.));
#5127=DIRECTION('center_axis',(-1.,0.,0.));
#5128=DIRECTION('ref_axis',(0.,1.,0.));
#5129=DIRECTION('',(0.,1.,0.));
#5130=DIRECTION('',(0.,1.,0.));
#5131=DIRECTION('',(0.,0.,-1.));
#5132=DIRECTION('center_axis',(7.34031751818285E-17,1.,0.));
#5133=DIRECTION('ref_axis',(1.,-7.34031751818285E-17,0.));
#5134=DIRECTION('',(1.,-8.07434927000114E-17,0.));
#5135=DIRECTION('',(1.,-7.34031751818285E-17,0.));
#5136=DIRECTION('',(0.,0.,-1.));
#5137=DIRECTION('center_axis',(1.,0.,0.));
#5138=DIRECTION('ref_axis',(0.,-1.,0.));
#5139=DIRECTION('',(0.,-1.,0.));
#5140=DIRECTION('',(0.,-1.,0.));
#5141=DIRECTION('center_axis',(1.,0.,0.));
#5142=DIRECTION('ref_axis',(0.,-1.,0.));
#5143=DIRECTION('',(0.,1.,0.));
#5144=DIRECTION('',(0.,0.,-1.));
#5145=DIRECTION('',(0.,-1.,0.));
#5146=DIRECTION('',(0.,0.,-1.));
#5147=DIRECTION('center_axis',(0.,1.,0.));
#5148=DIRECTION('ref_axis',(1.,0.,0.));
#5149=DIRECTION('',(-1.,0.,0.));
#5150=DIRECTION('',(1.,0.,0.));
#5151=DIRECTION('',(0.,0.,-1.));
#5152=DIRECTION('center_axis',(-1.,1.06752213906265E-17,0.));
#5153=DIRECTION('ref_axis',(1.06752213906265E-17,1.,0.));
#5154=DIRECTION('',(-1.06752213906265E-17,-1.,0.));
#5155=DIRECTION('',(1.06752213906265E-17,1.,0.));
#5156=DIRECTION('',(0.,0.,-1.));
#5157=DIRECTION('center_axis',(2.19122965386544E-17,-1.,0.));
#5158=DIRECTION('ref_axis',(-1.,-2.19122965386544E-17,0.));
#5159=DIRECTION('',(1.,2.19122965386544E-17,0.));
#5160=DIRECTION('',(-1.,-2.19122965386544E-17,0.));
#5161=DIRECTION('center_axis',(0.,0.,-1.));
#5162=DIRECTION('ref_axis',(-1.,0.,0.));
#5163=DIRECTION('center_axis',(0.,0.,1.));
#5164=DIRECTION('ref_axis',(1.,0.,0.));
#5165=DIRECTION('',(0.,0.,1.));
#5166=DIRECTION('center_axis',(0.,0.,-1.));
#5167=DIRECTION('ref_axis',(1.,0.,0.));
#5168=DIRECTION('center_axis',(0.,0.,-1.));
#5169=DIRECTION('ref_axis',(0.554334149096269,0.832294209487075,0.));
#5170=DIRECTION('center_axis',(0.,0.,-1.));
#5171=DIRECTION('ref_axis',(-0.554334149096266,-0.832294209487077,0.));
#5172=DIRECTION('center_axis',(0.,0.,1.));
#5173=DIRECTION('ref_axis',(1.,0.,0.));
#5174=DIRECTION('center_axis',(0.,0.,1.));
#5175=DIRECTION('ref_axis',(1.,0.,0.));
#5176=DIRECTION('',(0.,0.,-1.));
#5177=DIRECTION('center_axis',(0.,0.,1.));
#5178=DIRECTION('ref_axis',(1.,0.,0.));
#5179=DIRECTION('center_axis',(0.,0.,1.));
#5180=DIRECTION('ref_axis',(1.,0.,0.));
#5181=DIRECTION('center_axis',(0.,0.,1.));
#5182=DIRECTION('ref_axis',(1.,0.,0.));
#5183=DIRECTION('',(-0.287998936037695,-0.705084821498425,-0.648006178468763));
#5184=DIRECTION('',(-0.336103137502765,0.681170567163042,-0.650416281616303));
#5185=DIRECTION('',(0.33610076315678,-0.681171081717605,-0.65041696967184));
#5186=DIRECTION('',(0.287996400158964,0.705085477006844,-0.648006592257755));
#5187=DIRECTION('center_axis',(0.,0.,1.));
#5188=DIRECTION('ref_axis',(1.,0.,0.));
#5189=DIRECTION('',(0.,-1.,0.));
#5190=DIRECTION('',(-1.,0.,0.));
#5191=DIRECTION('',(0.,1.,0.));
#5192=DIRECTION('',(1.,0.,0.));
#5193=DIRECTION('',(-0.338356027345813,0.681470439161721,-0.648932384233897));
#5194=DIRECTION('',(-0.289124319187938,-0.706032143259321,-0.646471763295784));
#5195=DIRECTION('',(0.338353662891674,-0.681470957082463,-0.648933073175423));
#5196=DIRECTION('',(0.289121790857605,0.706032799837991,-0.6464721769761));
#5197=DIRECTION('axis',(0.,0.,1.));
#5198=DIRECTION('refdir',(1.,0.,0.));
#5199=DIRECTION('center_axis',(0.,-1.,0.));
#5200=DIRECTION('ref_axis',(0.,0.,-1.));
#5201=DIRECTION('center_axis',(0.,1.,0.));
#5202=DIRECTION('ref_axis',(-1.,0.,1.22464679914735E-16));
#5203=DIRECTION('center_axis',(1.,0.,1.22464679914735E-16));
#5204=DIRECTION('ref_axis',(-1.22464679914735E-16,0.,1.));
#5205=DIRECTION('center_axis',(0.,-1.,0.));
#5206=DIRECTION('ref_axis',(-1.,0.,1.22464679914735E-16));
#5207=DIRECTION('center_axis',(0.,1.,0.));
#5208=DIRECTION('ref_axis',(-1.,0.,1.22464679914735E-16));
#5209=DIRECTION('center_axis',(0.,-1.,0.));
#5210=DIRECTION('ref_axis',(1.,0.,0.));
#5211=DIRECTION('center_axis',(0.,-1.,0.));
#5212=DIRECTION('ref_axis',(1.,0.,0.));
#5213=DIRECTION('',(0.,1.,0.));
#5214=DIRECTION('center_axis',(0.,-1.,0.));
#5215=DIRECTION('ref_axis',(0.,0.,-1.));
#5216=DIRECTION('center_axis',(0.,1.,0.));
#5217=DIRECTION('ref_axis',(-1.,0.,1.22464679914735E-16));
#5218=DIRECTION('center_axis',(1.,0.,1.22464679914735E-16));
#5219=DIRECTION('ref_axis',(-1.22464679914735E-16,0.,1.));
#5220=DIRECTION('center_axis',(0.,-1.,0.));
#5221=DIRECTION('ref_axis',(-1.,0.,1.22464679914735E-16));
#5222=DIRECTION('center_axis',(0.,-1.,0.));
#5223=DIRECTION('ref_axis',(-1.,0.,1.22464679914735E-16));
#5224=DIRECTION('center_axis',(0.,-1.,0.));
#5225=DIRECTION('ref_axis',(1.,0.,0.));
#5226=DIRECTION('',(0.,1.,0.));
#5227=DIRECTION('center_axis',(0.,-1.,0.));
#5228=DIRECTION('ref_axis',(1.,0.,0.));
#5229=DIRECTION('center_axis',(0.,-1.,0.));
#5230=DIRECTION('ref_axis',(0.,0.,-1.));
#5231=DIRECTION('center_axis',(0.,-1.,0.));
#5232=DIRECTION('ref_axis',(1.,0.,0.));
#5233=DIRECTION('center_axis',(0.,-1.,0.));
#5234=DIRECTION('ref_axis',(1.,0.,0.));
#5235=DIRECTION('center_axis',(1.,0.,1.22464679914735E-16));
#5236=DIRECTION('ref_axis',(-1.22464679914735E-16,0.,1.));
#5237=DIRECTION('center_axis',(0.,-1.,0.));
#5238=DIRECTION('ref_axis',(1.,0.,0.));
#5239=DIRECTION('center_axis',(0.,-1.,0.));
#5240=DIRECTION('ref_axis',(1.,0.,0.));
#5241=DIRECTION('center_axis',(0.,-1.,0.));
#5242=DIRECTION('ref_axis',(1.,0.,0.));
#5243=DIRECTION('center_axis',(0.,-1.,0.));
#5244=DIRECTION('ref_axis',(1.,0.,0.));
#5245=DIRECTION('',(0.,-1.,0.));
#5246=DIRECTION('center_axis',(0.,1.,0.));
#5247=DIRECTION('ref_axis',(0.,0.,1.));
#5248=DIRECTION('center_axis',(0.,-1.,0.));
#5249=DIRECTION('ref_axis',(0.,0.,-1.));
#5250=DIRECTION('center_axis',(-1.,0.,-1.22464679914735E-16));
#5251=DIRECTION('ref_axis',(-1.22464679914735E-16,0.,1.));
#5252=DIRECTION('center_axis',(0.,-1.,0.));
#5253=DIRECTION('ref_axis',(0.,0.,-1.));
#5254=DIRECTION('center_axis',(0.,-1.,0.));
#5255=DIRECTION('ref_axis',(1.,0.,0.));
#5256=DIRECTION('center_axis',(0.,-1.,0.));
#5257=DIRECTION('ref_axis',(1.,0.,0.));
#5258=DIRECTION('',(0.,-1.,0.));
#5259=DIRECTION('axis',(0.,0.,1.));
#5260=DIRECTION('refdir',(1.,0.,0.));
#5261=DIRECTION('axis',(0.,0.,1.));
#5262=DIRECTION('refdir',(1.,0.,0.));
#5263=DIRECTION('center_axis',(0.,0.,1.));
#5264=DIRECTION('ref_axis',(1.,0.,0.));
#5265=DIRECTION('center_axis',(0.,0.,1.));
#5266=DIRECTION('ref_axis',(1.,0.,0.));
#5267=DIRECTION('',(0.,0.,-1.));
#5268=DIRECTION('center_axis',(0.,0.,1.));
#5269=DIRECTION('ref_axis',(1.,0.,0.));
#5270=DIRECTION('center_axis',(0.,0.,1.));
#5271=DIRECTION('ref_axis',(1.,0.,0.));
#5272=DIRECTION('center_axis',(0.,0.,1.));
#5273=DIRECTION('ref_axis',(1.,0.,0.));
#5274=DIRECTION('center_axis',(0.,0.,1.));
#5275=DIRECTION('ref_axis',(1.,0.,0.));
#5276=DIRECTION('center_axis',(0.,0.,1.));
#5277=DIRECTION('ref_axis',(1.,0.,0.));
#5278=DIRECTION('center_axis',(0.,0.,1.));
#5279=DIRECTION('ref_axis',(1.,0.,0.));
#5280=DIRECTION('',(0.,0.,1.));
#5281=DIRECTION('axis',(0.,0.,1.));
#5282=DIRECTION('refdir',(1.,0.,0.));
#5283=DIRECTION('center_axis',(0.,0.,1.));
#5284=DIRECTION('ref_axis',(1.,0.,0.));
#5285=DIRECTION('center_axis',(0.,0.,1.));
#5286=DIRECTION('ref_axis',(1.,0.,0.));
#5287=DIRECTION('',(0.,0.,-1.));
#5288=DIRECTION('center_axis',(0.,0.,1.));
#5289=DIRECTION('ref_axis',(1.,0.,0.));
#5290=DIRECTION('center_axis',(0.,0.,1.));
#5291=DIRECTION('ref_axis',(1.,0.,0.));
#5292=DIRECTION('center_axis',(0.,0.,1.));
#5293=DIRECTION('ref_axis',(1.,0.,0.));
#5294=DIRECTION('center_axis',(0.,0.,1.));
#5295=DIRECTION('ref_axis',(1.,0.,0.));
#5296=DIRECTION('center_axis',(0.,0.,1.));
#5297=DIRECTION('ref_axis',(1.,0.,0.));
#5298=DIRECTION('center_axis',(0.,0.,1.));
#5299=DIRECTION('ref_axis',(1.,0.,0.));
#5300=DIRECTION('center_axis',(0.,0.,1.));
#5301=DIRECTION('ref_axis',(1.,0.,0.));
#5302=DIRECTION('center_axis',(0.,0.,1.));
#5303=DIRECTION('ref_axis',(1.,0.,0.));
#5304=DIRECTION('center_axis',(0.,0.,1.));
#5305=DIRECTION('ref_axis',(1.,0.,0.));
#5306=DIRECTION('center_axis',(0.,0.,1.));
#5307=DIRECTION('ref_axis',(1.,0.,0.));
#5308=DIRECTION('center_axis',(0.,0.,1.));
#5309=DIRECTION('ref_axis',(1.,0.,0.));
#5310=DIRECTION('center_axis',(0.,0.,1.));
#5311=DIRECTION('ref_axis',(1.,0.,0.));
#5312=DIRECTION('center_axis',(0.,0.,1.));
#5313=DIRECTION('ref_axis',(1.,0.,0.));
#5314=DIRECTION('center_axis',(0.,0.,1.));
#5315=DIRECTION('ref_axis',(1.,0.,0.));
#5316=DIRECTION('center_axis',(0.,0.,1.));
#5317=DIRECTION('ref_axis',(1.,0.,0.));
#5318=DIRECTION('center_axis',(0.,0.,1.));
#5319=DIRECTION('ref_axis',(1.,0.,0.));
#5320=DIRECTION('center_axis',(0.,0.,1.));
#5321=DIRECTION('ref_axis',(1.,0.,0.));
#5322=DIRECTION('center_axis',(0.,0.,1.));
#5323=DIRECTION('ref_axis',(1.,0.,0.));
#5324=DIRECTION('center_axis',(0.,0.,1.));
#5325=DIRECTION('ref_axis',(1.,0.,0.));
#5326=DIRECTION('center_axis',(0.,0.,1.));
#5327=DIRECTION('ref_axis',(1.,0.,0.));
#5328=DIRECTION('center_axis',(0.,0.,1.));
#5329=DIRECTION('ref_axis',(1.,0.,0.));
#5330=DIRECTION('center_axis',(0.,0.,1.));
#5331=DIRECTION('ref_axis',(1.,0.,0.));
#5332=DIRECTION('center_axis',(0.,0.,1.));
#5333=DIRECTION('ref_axis',(1.,0.,0.));
#5334=DIRECTION('center_axis',(0.,0.,1.));
#5335=DIRECTION('ref_axis',(1.,0.,0.));
#5336=DIRECTION('center_axis',(0.,0.,1.));
#5337=DIRECTION('ref_axis',(1.,0.,0.));
#5338=DIRECTION('center_axis',(0.,0.,1.));
#5339=DIRECTION('ref_axis',(1.,0.,0.));
#5340=DIRECTION('center_axis',(0.,0.,1.));
#5341=DIRECTION('ref_axis',(1.,0.,0.));
#5342=DIRECTION('center_axis',(0.,0.,1.));
#5343=DIRECTION('ref_axis',(1.,0.,0.));
#5344=DIRECTION('center_axis',(0.,0.,1.));
#5345=DIRECTION('ref_axis',(1.,0.,0.));
#5346=DIRECTION('center_axis',(0.,0.,1.));
#5347=DIRECTION('ref_axis',(1.,0.,0.));
#5348=DIRECTION('',(0.,0.,1.));
#5349=DIRECTION('center_axis',(0.,0.,1.));
#5350=DIRECTION('ref_axis',(1.,0.,0.));
#5351=DIRECTION('',(0.,0.,1.));
#5352=DIRECTION('center_axis',(0.,0.,1.));
#5353=DIRECTION('ref_axis',(1.,0.,0.));
#5354=DIRECTION('',(0.,0.,1.));
#5355=DIRECTION('center_axis',(0.,0.,1.));
#5356=DIRECTION('ref_axis',(1.,0.,0.));
#5357=DIRECTION('',(0.,0.,1.));
#5358=DIRECTION('center_axis',(0.,0.,1.));
#5359=DIRECTION('ref_axis',(1.,0.,0.));
#5360=DIRECTION('',(0.,0.,1.));
#5361=DIRECTION('center_axis',(0.,0.,1.));
#5362=DIRECTION('ref_axis',(1.,0.,0.));
#5363=DIRECTION('',(0.,0.,1.));
#5364=DIRECTION('center_axis',(0.,0.,1.));
#5365=DIRECTION('ref_axis',(1.,0.,0.));
#5366=DIRECTION('',(0.,0.,1.));
#5367=DIRECTION('center_axis',(0.,0.,1.));
#5368=DIRECTION('ref_axis',(1.,0.,0.));
#5369=DIRECTION('',(0.,0.,1.));
#5370=DIRECTION('center_axis',(0.,0.,1.));
#5371=DIRECTION('ref_axis',(1.,0.,0.));
#5372=DIRECTION('',(0.,0.,1.));
#5373=DIRECTION('center_axis',(0.,0.,1.));
#5374=DIRECTION('ref_axis',(1.,0.,0.));
#5375=DIRECTION('',(0.,0.,1.));
#5376=DIRECTION('center_axis',(0.,0.,1.));
#5377=DIRECTION('ref_axis',(1.,0.,0.));
#5378=DIRECTION('',(0.,0.,1.));
#5379=DIRECTION('center_axis',(0.,0.,1.));
#5380=DIRECTION('ref_axis',(1.,0.,0.));
#5381=DIRECTION('',(0.,0.,1.));
#5382=DIRECTION('center_axis',(0.,0.,1.));
#5383=DIRECTION('ref_axis',(1.,0.,0.));
#5384=DIRECTION('',(0.,0.,1.));
#5385=DIRECTION('axis',(0.,0.,1.));
#5386=DIRECTION('refdir',(1.,0.,0.));
#5387=DIRECTION('center_axis',(0.,0.,1.));
#5388=DIRECTION('ref_axis',(1.,0.,0.));
#5389=DIRECTION('center_axis',(0.,0.,1.));
#5390=DIRECTION('ref_axis',(1.,0.,0.));
#5391=DIRECTION('',(0.,0.,-1.));
#5392=DIRECTION('center_axis',(0.,0.,1.));
#5393=DIRECTION('ref_axis',(1.,0.,0.));
#5394=DIRECTION('center_axis',(0.,0.,1.));
#5395=DIRECTION('ref_axis',(1.,0.,0.));
#5396=DIRECTION('center_axis',(0.,0.,1.));
#5397=DIRECTION('ref_axis',(1.,0.,0.));
#5398=DIRECTION('center_axis',(0.,0.,1.));
#5399=DIRECTION('ref_axis',(1.,0.,0.));
#5400=DIRECTION('center_axis',(0.,0.,1.));
#5401=DIRECTION('ref_axis',(1.,0.,0.));
#5402=DIRECTION('center_axis',(0.,0.,1.));
#5403=DIRECTION('ref_axis',(1.,0.,0.));
#5404=DIRECTION('center_axis',(0.,0.,1.));
#5405=DIRECTION('ref_axis',(1.,0.,0.));
#5406=DIRECTION('center_axis',(0.,0.,1.));
#5407=DIRECTION('ref_axis',(1.,0.,0.));
#5408=DIRECTION('center_axis',(0.,0.,1.));
#5409=DIRECTION('ref_axis',(1.,0.,0.));
#5410=DIRECTION('center_axis',(0.,0.,1.));
#5411=DIRECTION('ref_axis',(1.,0.,0.));
#5412=DIRECTION('center_axis',(0.,0.,1.));
#5413=DIRECTION('ref_axis',(1.,0.,0.));
#5414=DIRECTION('center_axis',(0.,0.,1.));
#5415=DIRECTION('ref_axis',(1.,0.,0.));
#5416=DIRECTION('center_axis',(0.,0.,1.));
#5417=DIRECTION('ref_axis',(1.,0.,0.));
#5418=DIRECTION('center_axis',(0.,0.,1.));
#5419=DIRECTION('ref_axis',(1.,0.,0.));
#5420=DIRECTION('center_axis',(0.,0.,1.));
#5421=DIRECTION('ref_axis',(1.,0.,0.));
#5422=DIRECTION('center_axis',(0.,0.,1.));
#5423=DIRECTION('ref_axis',(1.,0.,0.));
#5424=DIRECTION('center_axis',(0.,0.,1.));
#5425=DIRECTION('ref_axis',(1.,0.,0.));
#5426=DIRECTION('center_axis',(0.,0.,1.));
#5427=DIRECTION('ref_axis',(1.,0.,0.));
#5428=DIRECTION('center_axis',(0.,0.,1.));
#5429=DIRECTION('ref_axis',(1.,0.,0.));
#5430=DIRECTION('center_axis',(0.,0.,1.));
#5431=DIRECTION('ref_axis',(1.,0.,0.));
#5432=DIRECTION('center_axis',(0.,0.,1.));
#5433=DIRECTION('ref_axis',(1.,0.,0.));
#5434=DIRECTION('center_axis',(0.,0.,1.));
#5435=DIRECTION('ref_axis',(1.,0.,0.));
#5436=DIRECTION('center_axis',(0.,0.,1.));
#5437=DIRECTION('ref_axis',(1.,0.,0.));
#5438=DIRECTION('center_axis',(0.,0.,1.));
#5439=DIRECTION('ref_axis',(1.,0.,0.));
#5440=DIRECTION('center_axis',(0.,0.,1.));
#5441=DIRECTION('ref_axis',(1.,0.,0.));
#5442=DIRECTION('center_axis',(0.,0.,1.));
#5443=DIRECTION('ref_axis',(1.,0.,0.));
#5444=DIRECTION('center_axis',(0.,0.,1.));
#5445=DIRECTION('ref_axis',(1.,0.,0.));
#5446=DIRECTION('center_axis',(0.,0.,1.));
#5447=DIRECTION('ref_axis',(1.,0.,0.));
#5448=DIRECTION('center_axis',(0.,0.,1.));
#5449=DIRECTION('ref_axis',(1.,0.,0.));
#5450=DIRECTION('center_axis',(0.,0.,1.));
#5451=DIRECTION('ref_axis',(1.,0.,0.));
#5452=DIRECTION('',(0.,0.,1.));
#5453=DIRECTION('center_axis',(0.,0.,1.));
#5454=DIRECTION('ref_axis',(1.,0.,0.));
#5455=DIRECTION('',(0.,0.,1.));
#5456=DIRECTION('center_axis',(0.,0.,1.));
#5457=DIRECTION('ref_axis',(1.,0.,0.));
#5458=DIRECTION('',(0.,0.,1.));
#5459=DIRECTION('center_axis',(0.,0.,1.));
#5460=DIRECTION('ref_axis',(1.,0.,0.));
#5461=DIRECTION('',(0.,0.,1.));
#5462=DIRECTION('center_axis',(0.,0.,1.));
#5463=DIRECTION('ref_axis',(1.,0.,0.));
#5464=DIRECTION('',(0.,0.,1.));
#5465=DIRECTION('center_axis',(0.,0.,1.));
#5466=DIRECTION('ref_axis',(1.,0.,0.));
#5467=DIRECTION('',(0.,0.,1.));
#5468=DIRECTION('center_axis',(0.,0.,1.));
#5469=DIRECTION('ref_axis',(1.,0.,0.));
#5470=DIRECTION('',(0.,0.,1.));
#5471=DIRECTION('center_axis',(0.,0.,1.));
#5472=DIRECTION('ref_axis',(1.,0.,0.));
#5473=DIRECTION('',(0.,0.,1.));
#5474=DIRECTION('center_axis',(0.,0.,1.));
#5475=DIRECTION('ref_axis',(1.,0.,0.));
#5476=DIRECTION('',(0.,0.,1.));
#5477=DIRECTION('center_axis',(0.,0.,1.));
#5478=DIRECTION('ref_axis',(1.,0.,0.));
#5479=DIRECTION('',(0.,0.,1.));
#5480=DIRECTION('center_axis',(0.,0.,1.));
#5481=DIRECTION('ref_axis',(1.,0.,0.));
#5482=DIRECTION('',(0.,0.,1.));
#5483=DIRECTION('center_axis',(0.,0.,1.));
#5484=DIRECTION('ref_axis',(1.,0.,0.));
#5485=DIRECTION('',(0.,0.,1.));
#5486=DIRECTION('center_axis',(0.,0.,1.));
#5487=DIRECTION('ref_axis',(1.,0.,0.));
#5488=DIRECTION('',(0.,0.,1.));
#5489=DIRECTION('axis',(0.,0.,1.));
#5490=DIRECTION('refdir',(1.,0.,0.));
#5491=DIRECTION('center_axis',(0.,0.,1.));
#5492=DIRECTION('ref_axis',(1.,0.,0.));
#5493=DIRECTION('center_axis',(0.,0.,1.));
#5494=DIRECTION('ref_axis',(1.,0.,0.));
#5495=DIRECTION('',(0.,0.,-1.));
#5496=DIRECTION('center_axis',(0.,0.,1.));
#5497=DIRECTION('ref_axis',(1.,0.,0.));
#5498=DIRECTION('center_axis',(0.,0.,1.));
#5499=DIRECTION('ref_axis',(1.,0.,0.));
#5500=DIRECTION('center_axis',(0.,0.,1.));
#5501=DIRECTION('ref_axis',(1.,0.,0.));
#5502=DIRECTION('axis',(0.,0.,1.));
#5503=DIRECTION('refdir',(1.,0.,0.));
#5504=DIRECTION('',(0.,0.857167300702122,0.515038074910039));
#5505=DIRECTION('',(0.,0.809016994374913,0.587785252292521));
#5506=DIRECTION('',(0.,-0.515038074910119,0.857167300702073));
#5507=DIRECTION('',(0.,-0.587785252292466,0.809016994374952));
#5508=DIRECTION('',(0.,-0.857167300702122,-0.515038074910039));
#5509=DIRECTION('',(0.,-0.809016994374913,-0.587785252292521));
#5510=DIRECTION('',(0.,0.515038074910119,-0.857167300702073));
#5511=DIRECTION('',(0.,0.587785252292467,-0.809016994374952));
#5512=DIRECTION('center_axis',(-1.,0.,0.));
#5513=DIRECTION('ref_axis',(0.,0.753785955413381,0.657120029691332));
#5514=DIRECTION('center_axis',(-1.,0.,0.));
#5515=DIRECTION('ref_axis',(0.,0.781330826515017,0.624117088003013));
#5516=DIRECTION('',(-0.857167300702122,0.,0.515038074910039));
#5517=DIRECTION('',(-0.809016994374913,0.,0.587785252292521));
#5518=DIRECTION('',(0.515038074910119,0.,0.857167300702073));
#5519=DIRECTION('',(0.587785252292467,0.,0.809016994374952));
#5520=DIRECTION('',(0.857167300702122,0.,-0.515038074910039));
#5521=DIRECTION('',(0.809016994374913,0.,-0.587785252292521));
#5522=DIRECTION('',(-0.515038074910119,0.,-0.857167300702073));
#5523=DIRECTION('',(-0.587785252292466,0.,-0.809016994374952));
#5524=DIRECTION('center_axis',(-1.110223024625E-16,-1.,0.));
#5525=DIRECTION('ref_axis',(-0.753785955413381,8.36870523338889E-17,0.657120029691332));
#5526=DIRECTION('center_axis',(-1.110223024625E-16,-1.,0.));
#5527=DIRECTION('ref_axis',(-0.781330826515017,8.67451473446253E-17,0.624117088003013));
#5528=DIRECTION('',(0.,-0.857167300702122,0.515038074910039));
#5529=DIRECTION('',(0.,-0.809016994374913,0.587785252292521));
#5530=DIRECTION('',(0.,0.515038074910119,0.857167300702073));
#5531=DIRECTION('',(0.,0.587785252292467,0.809016994374952));
#5532=DIRECTION('',(0.,0.857167300702122,-0.515038074910039));
#5533=DIRECTION('',(0.,0.809016994374913,-0.587785252292521));
#5534=DIRECTION('',(0.,-0.515038074910119,-0.857167300702073));
#5535=DIRECTION('',(0.,-0.587785252292466,-0.809016994374952));
#5536=DIRECTION('center_axis',(1.,-1.224646799147E-16,0.));
#5537=DIRECTION('ref_axis',(-9.2312155753896E-17,-0.753785955413381,0.657120029691332));
#5538=DIRECTION('center_axis',(1.,-1.224646799147E-16,0.));
#5539=DIRECTION('ref_axis',(-9.56854295766495E-17,-0.781330826515017,0.624117088003013));
#5540=DIRECTION('',(0.857167300702122,0.,0.515038074910039));
#5541=DIRECTION('',(0.809016994374913,0.,0.587785252292521));
#5542=DIRECTION('',(-0.515038074910119,0.,0.857167300702073));
#5543=DIRECTION('',(-0.587785252292466,0.,0.809016994374952));
#5544=DIRECTION('',(-0.857167300702122,0.,-0.515038074910039));
#5545=DIRECTION('',(-0.809016994374913,0.,-0.587785252292521));
#5546=DIRECTION('',(0.515038074910119,0.,-0.857167300702073));
#5547=DIRECTION('',(0.587785252292467,0.,-0.809016994374952));
#5548=DIRECTION('center_axis',(2.22044604925E-16,1.,0.));
#5549=DIRECTION('ref_axis',(0.753785955413381,-1.67374104667778E-16,0.657120029691332));
#5550=DIRECTION('center_axis',(2.22044604925E-16,1.,0.));
#5551=DIRECTION('ref_axis',(0.781330826515017,-1.73490294689251E-16,0.624117088003013));
#5552=DIRECTION('axis',(0.,0.,1.));
#5553=DIRECTION('refdir',(1.,0.,0.));
#5554=DIRECTION('center_axis',(1.,0.,0.));
#5555=DIRECTION('ref_axis',(0.,0.,1.));
#5556=DIRECTION('',(0.,0.,1.));
#5557=DIRECTION('',(0.,1.,0.));
#5558=DIRECTION('',(0.,0.,1.));
#5559=DIRECTION('',(0.,1.,0.));
#5560=DIRECTION('center_axis',(1.,0.,0.));
#5561=DIRECTION('ref_axis',(0.,0.,1.));
#5562=DIRECTION('',(0.,0.,1.));
#5563=DIRECTION('',(0.,1.,0.));
#5564=DIRECTION('',(0.,0.,1.));
#5565=DIRECTION('',(0.,1.,0.));
#5566=DIRECTION('center_axis',(0.,1.,0.));
#5567=DIRECTION('ref_axis',(0.,0.,1.));
#5568=DIRECTION('',(1.,0.,0.));
#5569=DIRECTION('',(1.,0.,0.));
#5570=DIRECTION('center_axis',(0.,1.,0.));
#5571=DIRECTION('ref_axis',(0.,0.,1.));
#5572=DIRECTION('',(1.,0.,0.));
#5573=DIRECTION('',(1.,0.,0.));
#5574=DIRECTION('center_axis',(0.,0.,1.));
#5575=DIRECTION('ref_axis',(1.,0.,0.));
#5576=DIRECTION('center_axis',(0.,0.,1.));
#5577=DIRECTION('ref_axis',(1.,0.,0.));
#5578=DIRECTION('center_axis',(0.707106781186548,0.707106781186548,0.));
#5579=DIRECTION('ref_axis',(0.,0.,1.));
#5580=DIRECTION('',(0.,0.,1.));
#5581=DIRECTION('',(-0.707106781186548,0.707106781186548,0.));
#5582=DIRECTION('',(0.,0.,1.));
#5583=DIRECTION('',(-0.707106781186548,0.707106781186548,0.));
#5584=DIRECTION('center_axis',(0.707106781186548,0.707106781186548,0.));
#5585=DIRECTION('ref_axis',(0.,0.,1.));
#5586=DIRECTION('',(0.,0.,1.));
#5587=DIRECTION('',(-0.707106781186548,0.707106781186548,0.));
#5588=DIRECTION('',(0.,0.,1.));
#5589=DIRECTION('',(-0.707106781186548,0.707106781186548,0.));
#5590=DIRECTION('center_axis',(-0.707106781186548,0.707106781186548,0.));
#5591=DIRECTION('ref_axis',(0.,0.,1.));
#5592=DIRECTION('',(0.707106781186548,0.707106781186548,0.));
#5593=DIRECTION('',(0.707106781186548,0.707106781186548,0.));
#5594=DIRECTION('center_axis',(-0.707106781186548,0.707106781186548,0.));
#5595=DIRECTION('ref_axis',(0.,0.,1.));
#5596=DIRECTION('',(0.707106781186548,0.707106781186548,0.));
#5597=DIRECTION('',(0.707106781186548,0.707106781186548,0.));
#5598=DIRECTION('center_axis',(0.,0.,1.));
#5599=DIRECTION('ref_axis',(0.707106781186548,0.707106781186548,0.));
#5600=DIRECTION('center_axis',(0.,0.,1.));
#5601=DIRECTION('ref_axis',(0.707106781186548,0.707106781186548,0.));
#5602=DIRECTION('center_axis',(-0.707106781186548,0.707106781186548,0.));
#5603=DIRECTION('ref_axis',(0.,0.,1.));
#5604=DIRECTION('',(0.,0.,1.));
#5605=DIRECTION('',(-0.707106781186548,-0.707106781186548,0.));
#5606=DIRECTION('',(0.,0.,1.));
#5607=DIRECTION('',(-0.707106781186548,-0.707106781186548,0.));
#5608=DIRECTION('center_axis',(-0.707106781186548,0.707106781186548,0.));
#5609=DIRECTION('ref_axis',(0.,0.,1.));
#5610=DIRECTION('',(0.,0.,1.));
#5611=DIRECTION('',(-0.707106781186548,-0.707106781186548,0.));
#5612=DIRECTION('',(0.,0.,1.));
#5613=DIRECTION('',(-0.707106781186548,-0.707106781186548,0.));
#5614=DIRECTION('center_axis',(-0.707106781186548,-0.707106781186548,0.));
#5615=DIRECTION('ref_axis',(0.,0.,1.));
#5616=DIRECTION('',(-0.707106781186548,0.707106781186548,0.));
#5617=DIRECTION('',(-0.707106781186548,0.707106781186548,0.));
#5618=DIRECTION('center_axis',(-0.707106781186548,-0.707106781186548,0.));
#5619=DIRECTION('ref_axis',(0.,0.,1.));
#5620=DIRECTION('',(-0.707106781186548,0.707106781186548,0.));
#5621=DIRECTION('',(-0.707106781186548,0.707106781186548,0.));
#5622=DIRECTION('center_axis',(0.,0.,1.));
#5623=DIRECTION('ref_axis',(-0.707106781186548,0.707106781186548,0.));
#5624=DIRECTION('center_axis',(0.,0.,1.));
#5625=DIRECTION('ref_axis',(-0.707106781186548,0.707106781186548,0.));
#5626=DIRECTION('center_axis',(-0.707106781186548,-0.707106781186548,0.));
#5627=DIRECTION('ref_axis',(0.,0.,1.));
#5628=DIRECTION('',(0.,0.,1.));
#5629=DIRECTION('',(0.707106781186548,-0.707106781186548,0.));
#5630=DIRECTION('',(0.,0.,1.));
#5631=DIRECTION('',(0.707106781186548,-0.707106781186548,0.));
#5632=DIRECTION('center_axis',(-0.707106781186548,-0.707106781186548,0.));
#5633=DIRECTION('ref_axis',(0.,0.,1.));
#5634=DIRECTION('',(0.,0.,1.));
#5635=DIRECTION('',(0.707106781186548,-0.707106781186548,0.));
#5636=DIRECTION('',(0.,0.,1.));
#5637=DIRECTION('',(0.707106781186548,-0.707106781186548,0.));
#5638=DIRECTION('center_axis',(0.707106781186548,-0.707106781186548,0.));
#5639=DIRECTION('ref_axis',(0.,0.,1.));
#5640=DIRECTION('',(-0.707106781186548,-0.707106781186548,0.));
#5641=DIRECTION('',(-0.707106781186548,-0.707106781186548,0.));
#5642=DIRECTION('center_axis',(0.707106781186548,-0.707106781186548,0.));
#5643=DIRECTION('ref_axis',(0.,0.,1.));
#5644=DIRECTION('',(-0.707106781186548,-0.707106781186548,0.));
#5645=DIRECTION('',(-0.707106781186548,-0.707106781186548,0.));
#5646=DIRECTION('center_axis',(0.,0.,1.));
#5647=DIRECTION('ref_axis',(-0.707106781186548,-0.707106781186548,0.));
#5648=DIRECTION('center_axis',(0.,0.,1.));
#5649=DIRECTION('ref_axis',(-0.707106781186548,-0.707106781186548,0.));
#5650=DIRECTION('center_axis',(0.707106781186548,-0.707106781186548,0.));
#5651=DIRECTION('ref_axis',(0.,0.,1.));
#5652=DIRECTION('',(0.,0.,1.));
#5653=DIRECTION('',(0.707106781186548,0.707106781186548,0.));
#5654=DIRECTION('',(0.,0.,1.));
#5655=DIRECTION('',(0.707106781186548,0.707106781186548,0.));
#5656=DIRECTION('center_axis',(0.707106781186548,-0.707106781186548,0.));
#5657=DIRECTION('ref_axis',(0.,0.,1.));
#5658=DIRECTION('',(0.,0.,1.));
#5659=DIRECTION('',(0.707106781186548,0.707106781186548,0.));
#5660=DIRECTION('',(0.,0.,1.));
#5661=DIRECTION('',(0.707106781186548,0.707106781186548,0.));
#5662=DIRECTION('center_axis',(0.707106781186548,0.707106781186548,0.));
#5663=DIRECTION('ref_axis',(0.,0.,1.));
#5664=DIRECTION('',(0.707106781186548,-0.707106781186548,0.));
#5665=DIRECTION('',(0.707106781186548,-0.707106781186548,0.));
#5666=DIRECTION('center_axis',(0.707106781186548,0.707106781186548,0.));
#5667=DIRECTION('ref_axis',(0.,0.,1.));
#5668=DIRECTION('',(0.707106781186548,-0.707106781186548,0.));
#5669=DIRECTION('',(0.707106781186548,-0.707106781186548,0.));
#5670=DIRECTION('center_axis',(0.,0.,1.));
#5671=DIRECTION('ref_axis',(0.707106781186548,-0.707106781186548,0.));
#5672=DIRECTION('center_axis',(0.,0.,1.));
#5673=DIRECTION('ref_axis',(0.707106781186548,-0.707106781186548,0.));
#5674=DIRECTION('axis',(0.,0.,1.));
#5675=DIRECTION('refdir',(1.,0.,0.));
#5676=DIRECTION('center_axis',(0.,0.,1.));
#5677=DIRECTION('ref_axis',(1.,0.,0.));
#5678=DIRECTION('center_axis',(0.,0.,1.));
#5679=DIRECTION('ref_axis',(1.,0.,0.));
#5680=DIRECTION('',(0.,0.,-1.));
#5681=DIRECTION('center_axis',(0.,0.,1.));
#5682=DIRECTION('ref_axis',(1.,0.,0.));
#5683=DIRECTION('center_axis',(0.,0.,1.));
#5684=DIRECTION('ref_axis',(1.,0.,0.));
#5685=DIRECTION('center_axis',(0.,0.,1.));
#5686=DIRECTION('ref_axis',(1.,0.,0.));
#5687=DIRECTION('axis',(0.,0.,1.));
#5688=DIRECTION('refdir',(1.,0.,0.));
#5689=DIRECTION('center_axis',(0.,0.,1.));
#5690=DIRECTION('ref_axis',(-1.,0.,0.));
#5691=DIRECTION('center_axis',(0.,0.,-1.));
#5692=DIRECTION('ref_axis',(-1.,0.,0.));
#5693=DIRECTION('',(0.,0.,1.));
#5694=DIRECTION('center_axis',(0.,0.,-1.));
#5695=DIRECTION('ref_axis',(-1.,0.,0.));
#5696=DIRECTION('center_axis',(0.,0.,1.));
#5697=DIRECTION('ref_axis',(-1.,0.,0.));
#5698=DIRECTION('center_axis',(0.,0.,-1.));
#5699=DIRECTION('ref_axis',(-1.,0.,0.));
#5700=DIRECTION('',(0.,0.,1.));
#5701=DIRECTION('center_axis',(0.,0.,-1.));
#5702=DIRECTION('ref_axis',(-1.,0.,0.));
#5703=DIRECTION('center_axis',(0.,0.,1.));
#5704=DIRECTION('ref_axis',(-1.,0.,0.));
#5705=DIRECTION('center_axis',(0.,0.,-1.));
#5706=DIRECTION('ref_axis',(-1.,0.,0.));
#5707=DIRECTION('',(0.,0.,1.));
#5708=DIRECTION('center_axis',(0.,0.,-1.));
#5709=DIRECTION('ref_axis',(-1.,0.,0.));
#5710=DIRECTION('center_axis',(0.,0.,1.));
#5711=DIRECTION('ref_axis',(-1.,0.,0.));
#5712=DIRECTION('center_axis',(0.,0.,-1.));
#5713=DIRECTION('ref_axis',(-1.,0.,0.));
#5714=DIRECTION('',(0.,0.,1.));
#5715=DIRECTION('center_axis',(0.,0.,-1.));
#5716=DIRECTION('ref_axis',(-1.,0.,0.));
#5717=DIRECTION('center_axis',(0.,0.,1.));
#5718=DIRECTION('ref_axis',(-1.,0.,0.));
#5719=DIRECTION('center_axis',(0.,0.,-1.));
#5720=DIRECTION('ref_axis',(-1.,0.,0.));
#5721=DIRECTION('',(0.,0.,1.));
#5722=DIRECTION('center_axis',(0.,0.,-1.));
#5723=DIRECTION('ref_axis',(-1.,0.,0.));
#5724=DIRECTION('center_axis',(0.,0.,1.));
#5725=DIRECTION('ref_axis',(-1.,0.,0.));
#5726=DIRECTION('center_axis',(0.,0.,-1.));
#5727=DIRECTION('ref_axis',(-1.,0.,0.));
#5728=DIRECTION('',(0.,0.,1.));
#5729=DIRECTION('center_axis',(0.,0.,-1.));
#5730=DIRECTION('ref_axis',(-1.,0.,0.));
#5731=DIRECTION('center_axis',(0.,0.,1.));
#5732=DIRECTION('ref_axis',(-1.,0.,0.));
#5733=DIRECTION('center_axis',(0.,0.,-1.));
#5734=DIRECTION('ref_axis',(-1.,0.,0.));
#5735=DIRECTION('',(0.,0.,1.));
#5736=DIRECTION('center_axis',(0.,0.,-1.));
#5737=DIRECTION('ref_axis',(-1.,0.,0.));
#5738=DIRECTION('center_axis',(0.,0.,1.));
#5739=DIRECTION('ref_axis',(-1.,0.,0.));
#5740=DIRECTION('center_axis',(0.,0.,-1.));
#5741=DIRECTION('ref_axis',(-1.,0.,0.));
#5742=DIRECTION('',(0.,0.,1.));
#5743=DIRECTION('center_axis',(0.,0.,-1.));
#5744=DIRECTION('ref_axis',(-1.,0.,0.));
#5745=DIRECTION('center_axis',(0.,0.,1.));
#5746=DIRECTION('ref_axis',(-1.,0.,0.));
#5747=DIRECTION('center_axis',(0.,0.,-1.));
#5748=DIRECTION('ref_axis',(-1.,0.,0.));
#5749=DIRECTION('',(0.,0.,1.));
#5750=DIRECTION('center_axis',(0.,0.,-1.));
#5751=DIRECTION('ref_axis',(-1.,0.,0.));
#5752=DIRECTION('center_axis',(0.,0.,1.));
#5753=DIRECTION('ref_axis',(-1.,0.,0.));
#5754=DIRECTION('center_axis',(0.,0.,-1.));
#5755=DIRECTION('ref_axis',(-1.,0.,0.));
#5756=DIRECTION('',(0.,0.,1.));
#5757=DIRECTION('center_axis',(0.,0.,-1.));
#5758=DIRECTION('ref_axis',(-1.,0.,0.));
#5759=DIRECTION('center_axis',(0.,0.,1.));
#5760=DIRECTION('ref_axis',(-1.,0.,0.));
#5761=DIRECTION('center_axis',(0.,0.,-1.));
#5762=DIRECTION('ref_axis',(-1.,0.,0.));
#5763=DIRECTION('',(0.,0.,1.));
#5764=DIRECTION('center_axis',(0.,0.,-1.));
#5765=DIRECTION('ref_axis',(-1.,0.,0.));
#5766=DIRECTION('center_axis',(0.,0.,1.));
#5767=DIRECTION('ref_axis',(-1.,0.,0.));
#5768=DIRECTION('center_axis',(0.,0.,-1.));
#5769=DIRECTION('ref_axis',(-1.,0.,0.));
#5770=DIRECTION('',(0.,0.,1.));
#5771=DIRECTION('center_axis',(0.,0.,-1.));
#5772=DIRECTION('ref_axis',(-1.,0.,0.));
#5773=DIRECTION('center_axis',(0.,0.,1.));
#5774=DIRECTION('ref_axis',(-1.,0.,0.));
#5775=DIRECTION('center_axis',(0.,0.,-1.));
#5776=DIRECTION('ref_axis',(-1.,0.,0.));
#5777=DIRECTION('',(0.,0.,1.));
#5778=DIRECTION('center_axis',(0.,0.,-1.));
#5779=DIRECTION('ref_axis',(-1.,0.,0.));
#5780=DIRECTION('center_axis',(0.,0.,1.));
#5781=DIRECTION('ref_axis',(-1.,0.,0.));
#5782=DIRECTION('center_axis',(0.,0.,1.));
#5783=DIRECTION('ref_axis',(-1.,0.,0.));
#5784=DIRECTION('',(0.,0.,-1.));
#5785=DIRECTION('center_axis',(0.,0.,1.));
#5786=DIRECTION('ref_axis',(-1.,0.,0.));
#5787=DIRECTION('center_axis',(0.,0.,1.));
#5788=DIRECTION('ref_axis',(-1.,0.,0.));
#5789=DIRECTION('center_axis',(0.,0.,1.));
#5790=DIRECTION('ref_axis',(-1.,0.,0.));
#5791=DIRECTION('axis',(0.,0.,1.));
#5792=DIRECTION('refdir',(1.,0.,0.));
#5793=DIRECTION('center_axis',(0.,-1.,0.));
#5794=DIRECTION('ref_axis',(0.,0.,-1.));
#5795=DIRECTION('center_axis',(0.,1.,0.));
#5796=DIRECTION('ref_axis',(-1.,0.,1.22464679914735E-16));
#5797=DIRECTION('center_axis',(1.,0.,1.22464679914735E-16));
#5798=DIRECTION('ref_axis',(-1.22464679914735E-16,0.,1.));
#5799=DIRECTION('center_axis',(0.,-1.,0.));
#5800=DIRECTION('ref_axis',(-1.,0.,1.22464679914735E-16));
#5801=DIRECTION('center_axis',(0.,1.,0.));
#5802=DIRECTION('ref_axis',(-1.,0.,1.22464679914735E-16));
#5803=DIRECTION('center_axis',(0.,-1.,0.));
#5804=DIRECTION('ref_axis',(1.,0.,0.));
#5805=DIRECTION('center_axis',(0.,-1.,0.));
#5806=DIRECTION('ref_axis',(1.,0.,0.));
#5807=DIRECTION('',(0.,1.,0.));
#5808=DIRECTION('center_axis',(0.,-1.,0.));
#5809=DIRECTION('ref_axis',(0.,0.,-1.));
#5810=DIRECTION('center_axis',(0.,1.,0.));
#5811=DIRECTION('ref_axis',(-1.,0.,1.22464679914735E-16));
#5812=DIRECTION('center_axis',(1.,0.,1.22464679914735E-16));
#5813=DIRECTION('ref_axis',(-1.22464679914735E-16,0.,1.));
#5814=DIRECTION('center_axis',(0.,-1.,0.));
#5815=DIRECTION('ref_axis',(-1.,0.,1.22464679914735E-16));
#5816=DIRECTION('center_axis',(0.,-1.,0.));
#5817=DIRECTION('ref_axis',(-1.,0.,1.22464679914735E-16));
#5818=DIRECTION('center_axis',(0.,-1.,0.));
#5819=DIRECTION('ref_axis',(1.,0.,0.));
#5820=DIRECTION('',(0.,1.,0.));
#5821=DIRECTION('center_axis',(0.,-1.,0.));
#5822=DIRECTION('ref_axis',(1.,0.,0.));
#5823=DIRECTION('center_axis',(0.,-1.,0.));
#5824=DIRECTION('ref_axis',(0.,0.,-1.));
#5825=DIRECTION('center_axis',(0.,-1.,0.));
#5826=DIRECTION('ref_axis',(1.,0.,0.));
#5827=DIRECTION('center_axis',(0.,-1.,0.));
#5828=DIRECTION('ref_axis',(1.,0.,0.));
#5829=DIRECTION('center_axis',(1.,0.,1.22464679914735E-16));
#5830=DIRECTION('ref_axis',(-1.22464679914735E-16,0.,1.));
#5831=DIRECTION('center_axis',(0.,-1.,0.));
#5832=DIRECTION('ref_axis',(1.,0.,0.));
#5833=DIRECTION('center_axis',(0.,-1.,0.));
#5834=DIRECTION('ref_axis',(1.,0.,0.));
#5835=DIRECTION('center_axis',(0.,-1.,0.));
#5836=DIRECTION('ref_axis',(1.,0.,0.));
#5837=DIRECTION('center_axis',(0.,-1.,0.));
#5838=DIRECTION('ref_axis',(1.,0.,0.));
#5839=DIRECTION('',(0.,-1.,0.));
#5840=DIRECTION('center_axis',(0.,1.,0.));
#5841=DIRECTION('ref_axis',(0.,0.,1.));
#5842=DIRECTION('center_axis',(0.,-1.,0.));
#5843=DIRECTION('ref_axis',(0.,0.,-1.));
#5844=DIRECTION('center_axis',(-1.,0.,-1.22464679914735E-16));
#5845=DIRECTION('ref_axis',(-1.22464679914735E-16,0.,1.));
#5846=DIRECTION('center_axis',(0.,-1.,0.));
#5847=DIRECTION('ref_axis',(0.,0.,-1.));
#5848=DIRECTION('center_axis',(0.,-1.,0.));
#5849=DIRECTION('ref_axis',(1.,0.,0.));
#5850=DIRECTION('center_axis',(0.,-1.,0.));
#5851=DIRECTION('ref_axis',(1.,0.,0.));
#5852=DIRECTION('',(0.,-1.,0.));
#5853=DIRECTION('axis',(0.,0.,1.));
#5854=DIRECTION('refdir',(1.,0.,0.));
#5855=DIRECTION('center_axis',(0.,0.,1.));
#5856=DIRECTION('ref_axis',(-1.,0.,0.));
#5857=DIRECTION('center_axis',(0.,0.,-1.));
#5858=DIRECTION('ref_axis',(-1.,0.,0.));
#5859=DIRECTION('',(0.,0.,1.));
#5860=DIRECTION('center_axis',(0.,0.,-1.));
#5861=DIRECTION('ref_axis',(-1.,0.,0.));
#5862=DIRECTION('center_axis',(0.,0.,1.));
#5863=DIRECTION('ref_axis',(-1.,0.,0.));
#5864=DIRECTION('center_axis',(0.,0.,-1.));
#5865=DIRECTION('ref_axis',(-1.,0.,0.));
#5866=DIRECTION('',(0.,0.,1.));
#5867=DIRECTION('center_axis',(0.,0.,-1.));
#5868=DIRECTION('ref_axis',(-1.,0.,0.));
#5869=DIRECTION('center_axis',(0.,0.,1.));
#5870=DIRECTION('ref_axis',(-1.,0.,0.));
#5871=DIRECTION('center_axis',(0.,0.,-1.));
#5872=DIRECTION('ref_axis',(-1.,0.,0.));
#5873=DIRECTION('',(0.,0.,1.));
#5874=DIRECTION('center_axis',(0.,0.,-1.));
#5875=DIRECTION('ref_axis',(-1.,0.,0.));
#5876=DIRECTION('center_axis',(0.,0.,1.));
#5877=DIRECTION('ref_axis',(-1.,0.,0.));
#5878=DIRECTION('center_axis',(0.,0.,-1.));
#5879=DIRECTION('ref_axis',(-1.,0.,0.));
#5880=DIRECTION('',(0.,0.,1.));
#5881=DIRECTION('center_axis',(0.,0.,-1.));
#5882=DIRECTION('ref_axis',(-1.,0.,0.));
#5883=DIRECTION('center_axis',(0.,0.,1.));
#5884=DIRECTION('ref_axis',(-1.,0.,0.));
#5885=DIRECTION('center_axis',(0.,0.,-1.));
#5886=DIRECTION('ref_axis',(-1.,0.,0.));
#5887=DIRECTION('',(0.,0.,1.));
#5888=DIRECTION('center_axis',(0.,0.,-1.));
#5889=DIRECTION('ref_axis',(-1.,0.,0.));
#5890=DIRECTION('center_axis',(0.,0.,1.));
#5891=DIRECTION('ref_axis',(-1.,0.,0.));
#5892=DIRECTION('center_axis',(0.,0.,-1.));
#5893=DIRECTION('ref_axis',(-1.,0.,0.));
#5894=DIRECTION('',(0.,0.,1.));
#5895=DIRECTION('center_axis',(0.,0.,-1.));
#5896=DIRECTION('ref_axis',(-1.,0.,0.));
#5897=DIRECTION('center_axis',(0.,0.,1.));
#5898=DIRECTION('ref_axis',(-1.,0.,0.));
#5899=DIRECTION('center_axis',(0.,0.,-1.));
#5900=DIRECTION('ref_axis',(-1.,0.,0.));
#5901=DIRECTION('',(0.,0.,1.));
#5902=DIRECTION('center_axis',(0.,0.,-1.));
#5903=DIRECTION('ref_axis',(-1.,0.,0.));
#5904=DIRECTION('center_axis',(0.,0.,1.));
#5905=DIRECTION('ref_axis',(-1.,0.,0.));
#5906=DIRECTION('center_axis',(0.,0.,-1.));
#5907=DIRECTION('ref_axis',(-1.,0.,0.));
#5908=DIRECTION('',(0.,0.,1.));
#5909=DIRECTION('center_axis',(0.,0.,-1.));
#5910=DIRECTION('ref_axis',(-1.,0.,0.));
#5911=DIRECTION('center_axis',(0.,0.,1.));
#5912=DIRECTION('ref_axis',(-1.,0.,0.));
#5913=DIRECTION('center_axis',(0.,0.,-1.));
#5914=DIRECTION('ref_axis',(-1.,0.,0.));
#5915=DIRECTION('',(0.,0.,1.));
#5916=DIRECTION('center_axis',(0.,0.,-1.));
#5917=DIRECTION('ref_axis',(-1.,0.,0.));
#5918=DIRECTION('center_axis',(0.,0.,1.));
#5919=DIRECTION('ref_axis',(-1.,0.,0.));
#5920=DIRECTION('center_axis',(0.,0.,-1.));
#5921=DIRECTION('ref_axis',(-1.,0.,0.));
#5922=DIRECTION('',(0.,0.,1.));
#5923=DIRECTION('center_axis',(0.,0.,-1.));
#5924=DIRECTION('ref_axis',(-1.,0.,0.));
#5925=DIRECTION('center_axis',(0.,0.,1.));
#5926=DIRECTION('ref_axis',(-1.,0.,0.));
#5927=DIRECTION('center_axis',(0.,0.,-1.));
#5928=DIRECTION('ref_axis',(-1.,0.,0.));
#5929=DIRECTION('',(0.,0.,1.));
#5930=DIRECTION('center_axis',(0.,0.,-1.));
#5931=DIRECTION('ref_axis',(-1.,0.,0.));
#5932=DIRECTION('center_axis',(0.,0.,1.));
#5933=DIRECTION('ref_axis',(-1.,0.,0.));
#5934=DIRECTION('center_axis',(0.,0.,-1.));
#5935=DIRECTION('ref_axis',(-1.,0.,0.));
#5936=DIRECTION('',(0.,0.,1.));
#5937=DIRECTION('center_axis',(0.,0.,-1.));
#5938=DIRECTION('ref_axis',(-1.,0.,0.));
#5939=DIRECTION('center_axis',(0.,0.,1.));
#5940=DIRECTION('ref_axis',(-1.,0.,0.));
#5941=DIRECTION('center_axis',(0.,0.,-1.));
#5942=DIRECTION('ref_axis',(-1.,0.,0.));
#5943=DIRECTION('',(0.,0.,1.));
#5944=DIRECTION('center_axis',(0.,0.,-1.));
#5945=DIRECTION('ref_axis',(-1.,0.,0.));
#5946=DIRECTION('center_axis',(0.,0.,1.));
#5947=DIRECTION('ref_axis',(-1.,0.,0.));
#5948=DIRECTION('center_axis',(0.,0.,1.));
#5949=DIRECTION('ref_axis',(-1.,0.,0.));
#5950=DIRECTION('',(0.,0.,-1.));
#5951=DIRECTION('center_axis',(0.,0.,1.));
#5952=DIRECTION('ref_axis',(-1.,0.,0.));
#5953=DIRECTION('center_axis',(0.,0.,1.));
#5954=DIRECTION('ref_axis',(-1.,0.,0.));
#5955=DIRECTION('center_axis',(0.,0.,1.));
#5956=DIRECTION('ref_axis',(-1.,0.,0.));
#5957=DIRECTION('axis',(0.,0.,1.));
#5958=DIRECTION('refdir',(1.,0.,0.));
#5959=DIRECTION('center_axis',(0.,-1.,0.));
#5960=DIRECTION('ref_axis',(0.,0.,1.));
#5961=DIRECTION('center_axis',(0.,-1.,0.));
#5962=DIRECTION('ref_axis',(-1.,0.,-1.22464679914735E-16));
#5963=DIRECTION('center_axis',(0.,-1.,0.));
#5964=DIRECTION('ref_axis',(-1.,0.,-1.22464679914735E-16));
#5965=DIRECTION('center_axis',(-1.,0.,-1.22464679914735E-16));
#5966=DIRECTION('ref_axis',(1.22464679914735E-16,0.,-1.));
#5967=DIRECTION('center_axis',(0.,1.,0.));
#5968=DIRECTION('ref_axis',(-1.,0.,-1.22464679914735E-16));
#5969=DIRECTION('center_axis',(0.,1.,0.));
#5970=DIRECTION('ref_axis',(1.,0.,0.));
#5971=DIRECTION('',(0.,-1.,0.));
#5972=DIRECTION('center_axis',(0.,1.,0.));
#5973=DIRECTION('ref_axis',(1.,0.,0.));
#5974=DIRECTION('center_axis',(0.,-1.,0.));
#5975=DIRECTION('ref_axis',(0.,0.,1.));
#5976=DIRECTION('center_axis',(0.,-1.,0.));
#5977=DIRECTION('ref_axis',(-1.,0.,-1.22464679914735E-16));
#5978=DIRECTION('center_axis',(-1.,0.,-1.22464679914735E-16));
#5979=DIRECTION('ref_axis',(1.22464679914735E-16,0.,-1.));
#5980=DIRECTION('center_axis',(0.,1.,0.));
#5981=DIRECTION('ref_axis',(-1.,0.,-1.22464679914735E-16));
#5982=DIRECTION('center_axis',(0.,1.,0.));
#5983=DIRECTION('ref_axis',(-1.,0.,-1.22464679914735E-16));
#5984=DIRECTION('center_axis',(0.,1.,0.));
#5985=DIRECTION('ref_axis',(1.,0.,0.));
#5986=DIRECTION('center_axis',(0.,1.,0.));
#5987=DIRECTION('ref_axis',(1.,0.,0.));
#5988=DIRECTION('',(0.,-1.,0.));
#5989=DIRECTION('center_axis',(0.,-1.,0.));
#5990=DIRECTION('ref_axis',(0.,0.,1.));
#5991=DIRECTION('center_axis',(0.,1.,0.));
#5992=DIRECTION('ref_axis',(1.,0.,0.));
#5993=DIRECTION('center_axis',(-1.,0.,-1.22464679914735E-16));
#5994=DIRECTION('ref_axis',(1.22464679914735E-16,0.,-1.));
#5995=DIRECTION('center_axis',(0.,1.,0.));
#5996=DIRECTION('ref_axis',(1.,0.,0.));
#5997=DIRECTION('center_axis',(0.,1.,0.));
#5998=DIRECTION('ref_axis',(1.,0.,0.));
#5999=DIRECTION('center_axis',(0.,1.,0.));
#6000=DIRECTION('ref_axis',(1.,0.,0.));
#6001=DIRECTION('center_axis',(0.,1.,0.));
#6002=DIRECTION('ref_axis',(1.,0.,0.));
#6003=DIRECTION('',(0.,1.,0.));
#6004=DIRECTION('center_axis',(0.,1.,0.));
#6005=DIRECTION('ref_axis',(1.,0.,0.));
#6006=DIRECTION('center_axis',(0.,-1.,0.));
#6007=DIRECTION('ref_axis',(0.,0.,-1.));
#6008=DIRECTION('center_axis',(0.,-1.,0.));
#6009=DIRECTION('ref_axis',(0.,0.,1.));
#6010=DIRECTION('center_axis',(1.,0.,1.22464679914735E-16));
#6011=DIRECTION('ref_axis',(1.22464679914735E-16,0.,-1.));
#6012=DIRECTION('center_axis',(0.,1.,0.));
#6013=DIRECTION('ref_axis',(0.,0.,1.));
#6014=DIRECTION('center_axis',(0.,1.,0.));
#6015=DIRECTION('ref_axis',(1.,0.,0.));
#6016=DIRECTION('center_axis',(0.,1.,0.));
#6017=DIRECTION('ref_axis',(1.,0.,0.));
#6018=DIRECTION('',(0.,1.,0.));
#6019=DIRECTION('',(0.,0.,1.));
#6020=DIRECTION('',(1.,-2.03198480960073E-38,0.));
#6021=DIRECTION('',(0.,0.,1.));
#6022=DIRECTION('',(1.,-2.03198480960073E-38,0.));
#6023=DIRECTION('',(0.,0.,1.));
#6024=DIRECTION('',(1.,-2.03198480960073E-38,0.));
#6025=DIRECTION('',(0.,0.,1.));
#6026=DIRECTION('',(1.,-2.03198480960073E-38,0.));
#6027=DIRECTION('',(0.,0.,1.));
#6028=DIRECTION('',(1.,-2.03198480960073E-38,0.));
#6029=DIRECTION('',(0.,0.,1.));
#6030=DIRECTION('',(1.,-2.03198480960073E-38,0.));
#6031=DIRECTION('',(0.,0.,1.));
#6032=DIRECTION('',(1.,-2.03198480960073E-38,0.));
#6033=DIRECTION('',(0.,0.,1.));
#6034=DIRECTION('',(1.,-2.03198480960073E-38,0.));
#6035=DIRECTION('',(0.,-1.,0.));
#6036=DIRECTION('',(1.,0.,0.));
#6037=DIRECTION('',(0.,0.,1.));
#6038=DIRECTION('',(1.,-2.03198480960073E-38,0.));
#6039=DIRECTION('',(0.,1.,0.));
#6040=DIRECTION('',(1.,0.,0.));
#6041=DIRECTION('axis',(0.,0.,1.));
#6042=DIRECTION('refdir',(1.,0.,0.));
#6043=DIRECTION('center_axis',(0.,0.,-1.));
#6044=DIRECTION('ref_axis',(1.,0.,0.));
#6045=DIRECTION('center_axis',(0.,0.,-1.));
#6046=DIRECTION('ref_axis',(1.,0.,0.));
#6047=DIRECTION('center_axis',(0.,0.,-1.));
#6048=DIRECTION('ref_axis',(1.,0.,0.));
#6049=DIRECTION('',(0.,0.,-1.));
#6050=DIRECTION('center_axis',(0.,0.,1.));
#6051=DIRECTION('ref_axis',(1.,0.,0.));
#6052=DIRECTION('center_axis',(0.,0.,-1.));
#6053=DIRECTION('ref_axis',(-1.,0.,0.));
#6054=DIRECTION('center_axis',(0.,0.,-1.));
#6055=DIRECTION('ref_axis',(-1.,0.,0.));
#6056=DIRECTION('',(0.,0.,1.));
#6057=DIRECTION('center_axis',(0.,0.,1.));
#6058=DIRECTION('ref_axis',(-1.,0.,0.));
#6059=DIRECTION('center_axis',(0.,0.,1.));
#6060=DIRECTION('ref_axis',(-1.,0.,0.));
#6061=DIRECTION('center_axis',(0.,0.,1.));
#6062=DIRECTION('ref_axis',(-1.,0.,0.));
#6063=DIRECTION('center_axis',(0.,1.,0.));
#6064=DIRECTION('ref_axis',(1.,0.,0.));
#6065=DIRECTION('center_axis',(0.,-1.,-6.12323399573677E-17));
#6066=DIRECTION('ref_axis',(1.,0.,0.));
#6067=DIRECTION('',(0.,1.,0.));
#6068=DIRECTION('center_axis',(0.,-1.,-6.12323399573677E-17));
#6069=DIRECTION('ref_axis',(1.,0.,0.));
#6070=DIRECTION('center_axis',(0.,-1.,-6.12323399573677E-17));
#6071=DIRECTION('ref_axis',(1.,0.,0.));
#6072=DIRECTION('center_axis',(0.,1.,0.));
#6073=DIRECTION('ref_axis',(-1.,0.,0.));
#6074=DIRECTION('center_axis',(0.,1.,6.12323399573677E-17));
#6075=DIRECTION('ref_axis',(-1.,0.,0.));
#6076=DIRECTION('',(0.,-1.,0.));
#6077=DIRECTION('center_axis',(0.,1.,6.12323399573677E-17));
#6078=DIRECTION('ref_axis',(-1.,0.,0.));
#6079=DIRECTION('center_axis',(0.,1.,6.12323399573677E-17));
#6080=DIRECTION('ref_axis',(-1.,0.,0.));
#6081=DIRECTION('center_axis',(0.,1.,6.12323399573677E-17));
#6082=DIRECTION('ref_axis',(-1.,0.,0.));
#6083=DIRECTION('center_axis',(-1.,0.,0.));
#6084=DIRECTION('ref_axis',(0.,0.,1.));
#6085=DIRECTION('center_axis',(-1.,0.,0.));
#6086=DIRECTION('ref_axis',(0.,0.,1.));
#6087=DIRECTION('center_axis',(-1.,0.,0.));
#6088=DIRECTION('ref_axis',(0.,0.,1.));
#6089=DIRECTION('center_axis',(1.,0.,0.));
#6090=DIRECTION('ref_axis',(0.,0.,1.));
#6091=DIRECTION('',(-8.50052377255942E-47,-6.90253292068385E-31,1.));
#6092=DIRECTION('',(1.,1.30614473485301E-16,1.75162308040602E-46));
#6093=DIRECTION('',(9.98737036584916E-17,-9.97507846162368E-16,1.));
#6094=DIRECTION('',(1.,4.99600361081319E-16,-9.98737036584911E-17));
#6095=DIRECTION('',(0.,0.,1.));
#6096=DIRECTION('',(1.,5.55111512312578E-17,0.));
#6097=DIRECTION('',(0.,0.,1.));
#6098=DIRECTION('',(1.,0.,0.));
#6099=DIRECTION('',(-3.39907768361723E-33,6.12323399573677E-17,1.));
#6100=DIRECTION('',(5.55111512312578E-17,-1.,6.12323399573677E-17));
#6101=DIRECTION('',(-1.69683388918551E-31,-1.40531481016918E-17,1.));
#6102=DIRECTION('',(1.,1.28564045233371E-15,1.87750684600723E-31));
#6103=DIRECTION('',(-0.408330460381386,0.912834177233042,3.94373344980005E-16));
#6104=DIRECTION('',(0.912834177233042,0.408330460381386,-8.47216539913922E-16));
#6105=DIRECTION('',(5.00060591300428E-17,-1.11789945330075E-16,-1.));
#6106=DIRECTION('',(0.408330460381385,-0.912834177233043,1.22464679914735E-16));
#6107=DIRECTION('',(-1.16539925992762E-18,-1.3185237113986E-16,1.));
#6108=DIRECTION('',(1.,-6.85215773010837E-17,1.16539925992761E-18));
#6109=DIRECTION('',(0.912834177233043,0.408330460381384,-7.65988834861009E-16));
#6110=DIRECTION('',(0.408329671876843,-0.912832414509062,-0.00196521920040098));
#6111=CARTESIAN_POINT('',(0.,0.,0.));
#6112=CARTESIAN_POINT('',(0.,0.,0.));
#6113=CARTESIAN_POINT('',(0.,0.,0.));
#6114=CARTESIAN_POINT('Origin',(0.,-50.,0.));
#6115=CARTESIAN_POINT('',(-6.12323399573677E-15,50.,0.));
#6116=CARTESIAN_POINT('Origin',(0.,0.,0.));
#6117=CARTESIAN_POINT('Origin',(0.,0.,100.));
#6118=CARTESIAN_POINT('',(-6.12323399573677E-15,50.,200.));
#6119=CARTESIAN_POINT('Origin',(0.,0.,200.));
#6120=CARTESIAN_POINT('',(-6.12323399573677E-15,50.,100.));
#6121=CARTESIAN_POINT('Origin',(0.,0.,450.));
#6122=CARTESIAN_POINT('',(-3.67394039744206E-14,300.,700.));
#6123=CARTESIAN_POINT('Origin',(0.,0.,700.));
#6124=CARTESIAN_POINT('',(-2.14313189850787E-14,175.,450.));
#6125=CARTESIAN_POINT('Origin',(0.,-50.,700.));
#6126=CARTESIAN_POINT('',(-6.12323399573677E-15,50.,700.));
#6127=CARTESIAN_POINT('Origin',(0.,0.,700.));
#6128=CARTESIAN_POINT('Origin',(0.,0.,850.));
#6129=CARTESIAN_POINT('',(-6.12323399573677E-15,50.,1000.));
#6130=CARTESIAN_POINT('Origin',(0.,0.,1000.));
#6131=CARTESIAN_POINT('',(-6.12323399573677E-15,50.,850.));
#6132=CARTESIAN_POINT('Origin',(0.,0.,1000.));
#6133=CARTESIAN_POINT('',(0.,0.,0.));
#6134=CARTESIAN_POINT('',(0.,0.,0.));
#6135=CARTESIAN_POINT('Origin',(-1302.92840685324,4755.82182813251,5869.50000185825));
#6136=CARTESIAN_POINT('',(-1119.17970869792,4345.04646853384,5869.50000185825));
#6137=CARTESIAN_POINT('Origin',(-1302.92840685324,4755.8218281325,5869.50000185825));
#6138=CARTESIAN_POINT('',(-1120.40470007907,4347.78497106552,5869.50000185825));
#6139=CARTESIAN_POINT('Origin',(-1302.92840685324,4755.8218281325,5869.50000185825));
#6140=CARTESIAN_POINT('Origin',(-5136.83195123202,3040.83389453068,5869.50000185825));
#6141=CARTESIAN_POINT('',(-4954.30824445784,2632.79703746371,5869.50000185825));
#6142=CARTESIAN_POINT('Origin',(-5136.83195123202,3040.83389453068,5869.50000185825));
#6143=CARTESIAN_POINT('',(-4954.30824445784,2632.79703746371,5869.50000185825));
#6144=CARTESIAN_POINT('Origin',(-5136.83195123202,3040.83389453068,5869.50000185825));
#6145=CARTESIAN_POINT('',(-4953.0832530767,2630.05853493201,5869.50000185825));
#6146=CARTESIAN_POINT('',(-4953.0832530767,2630.05853493201,5869.50000185825));
#6147=CARTESIAN_POINT('Origin',(-5136.83195123202,3040.83389453068,5869.50000185825));
#6148=CARTESIAN_POINT('Origin',(-5136.83195123202,3040.83389453068,5869.50000185825));
#6149=CARTESIAN_POINT('',(0.,0.,0.));
#6150=CARTESIAN_POINT('Origin',(-5136.83195123202,3040.83389453068,5869.50000185825));
#6151=CARTESIAN_POINT('',(-5319.3556580062,3448.87075159766,5869.50000185825));
#6152=CARTESIAN_POINT('',(-4954.30824445784,2632.79703746371,5869.50000185825));
#6153=CARTESIAN_POINT('Origin',(-5136.83195123202,3040.83389453068,5869.50000185825));
#6154=CARTESIAN_POINT('',(-4908.66653559619,2653.21356048277,5869.50000185825));
#6155=CARTESIAN_POINT('',(-4954.30824445784,2632.79703746371,5869.50000185825));
#6156=CARTESIAN_POINT('Origin',(-5091.19024237037,3061.25041754975,5869.50000185825));
#6157=CARTESIAN_POINT('Origin',(-5136.83195123202,3040.83389453068,5869.50000185825));
#6158=CARTESIAN_POINT('Origin',(-5136.83195123202,3040.83389453068,5869.50000185825));
#6159=CARTESIAN_POINT('',(-4907.44154421505,2650.47505795108,5869.50000185825));
#6160=CARTESIAN_POINT('Origin',(-5091.19024237037,3061.25041754975,5869.50000185825));
#6161=CARTESIAN_POINT('',(-4953.0832530767,2630.05853493201,5869.50000185825));
#6162=CARTESIAN_POINT('',(-4953.0832530767,2630.05853493201,5869.50000185825));
#6163=CARTESIAN_POINT('',(-5320.58064938734,3451.60925412936,5869.50000185825));
#6164=CARTESIAN_POINT('Origin',(-5136.83195123202,3040.83389453068,5869.50000185825));
#6165=CARTESIAN_POINT('Origin',(-5136.83195123202,3040.83389453068,5869.50000185825));
#6166=CARTESIAN_POINT('Origin',(-5091.19024237037,3061.25041754975,5869.50000185825));
#6167=CARTESIAN_POINT('Origin',(-5688.07807274689,2923.16003379529,5869.50000185825));
#6168=CARTESIAN_POINT('',(-5688.07807274689,3370.1600117144,5869.50000185825));
#6169=CARTESIAN_POINT('',(-5688.07807274689,2476.16005587618,5869.50000185825));
#6170=CARTESIAN_POINT('Origin',(-5688.07807274689,2923.16003379529,5869.50000185825));
#6171=CARTESIAN_POINT('Origin',(-5688.07807274689,2923.16003379529,5869.50000185825));
#6172=CARTESIAN_POINT('',(-5738.07807274689,2476.16005587618,5869.50000185825));
#6173=CARTESIAN_POINT('',(-5688.07807274689,2476.16005587618,5869.50000185825));
#6174=CARTESIAN_POINT('Origin',(-5738.07807274689,2923.16003379529,5869.50000185825));
#6175=CARTESIAN_POINT('Origin',(-5688.07807274689,2923.16003379529,5869.50000185825));
#6176=CARTESIAN_POINT('',(-5738.07807274689,2473.16005587618,5869.50000185825));
#6177=CARTESIAN_POINT('Origin',(-5738.07807274689,2923.16003379529,5869.50000185825));
#6178=CARTESIAN_POINT('',(-5688.07807274689,2473.16005587618,5869.50000185825));
#6179=CARTESIAN_POINT('',(-5688.07807274689,2473.16005587618,5869.50000185825));
#6180=CARTESIAN_POINT('',(-5688.07807274689,3373.1600117144,5869.50000185825));
#6181=CARTESIAN_POINT('Origin',(-5688.07807274689,2923.16003379529,5869.50000185825));
#6182=CARTESIAN_POINT('Origin',(-5688.07807274689,2923.16003379529,5869.50000185825));
#6183=CARTESIAN_POINT('Origin',(-5738.07807274689,2923.16003379529,5869.50000185825));
#6184=CARTESIAN_POINT('Origin',(-5688.07807274689,4273.16003379529,5869.50000185825));
#6185=CARTESIAN_POINT('Origin',(-5688.07807274689,4273.16003379529,5869.50000185825));
#6186=CARTESIAN_POINT('Origin',(-5688.07807274689,4273.16003379529,5869.50000185825));
#6187=CARTESIAN_POINT('Origin',(-5688.07807274689,4273.16003379529,5869.50000185825));
#6188=CARTESIAN_POINT('',(0.,0.,0.));
#6189=CARTESIAN_POINT('Origin',(-6283.57807274689,2923.15885223446,5869.50006718374));
#6190=CARTESIAN_POINT('',(-6283.57807274689,2473.15885223446,5869.50006718374));
#6191=CARTESIAN_POINT('Origin',(-6283.57807274689,2923.15885223446,5869.50006718374));
#6192=CARTESIAN_POINT('',(-6233.57807274689,2473.15885223446,5869.50006718374));
#6193=CARTESIAN_POINT('',(-6283.57807274689,2473.15885223446,5869.50006718374));
#6194=CARTESIAN_POINT('Origin',(-6233.57807274689,2923.15885223446,5869.50006718374));
#6195=CARTESIAN_POINT('Origin',(-6283.57807274689,2923.15885223446,5869.50006718374));
#6196=CARTESIAN_POINT('',(-6233.57807274689,2471.15885223446,5869.50006718374));
#6197=CARTESIAN_POINT('Origin',(-6233.57807274689,2923.15885223446,5869.50006718374));
#6198=CARTESIAN_POINT('',(-6283.57807274689,2471.15885223446,5869.50006718473));
#6199=CARTESIAN_POINT('',(-6283.57807274689,2471.15885223446,5869.50006718374));
#6200=CARTESIAN_POINT('',(-6283.57807274689,2680.96514090395,5487.86384485683));
#6201=CARTESIAN_POINT('Origin',(-6283.57807274689,2923.15885223446,5869.50006718374));
#6202=CARTESIAN_POINT('',(-6283.57807274689,3206.32051010774,5517.1884501308));
#6203=CARTESIAN_POINT('Origin',(-6283.57807274689,2923.15885223446,5869.50006718374));
#6204=CARTESIAN_POINT('',(-6283.57807274689,3165.35256356496,6251.13628951065));
#6205=CARTESIAN_POINT('Origin',(-6283.57807274689,2923.15885223446,5869.50006718374));
#6206=CARTESIAN_POINT('',(-6283.57807274689,2639.99719436117,6221.81168423667));
#6207=CARTESIAN_POINT('Origin',(-6283.57807274689,2923.15885223446,5869.50006718374));
#6208=CARTESIAN_POINT('Origin',(-6283.57807274689,2923.15885223446,5869.50006718374));
#6209=CARTESIAN_POINT('Origin',(-6233.57807274689,2923.15885223446,5869.50006718374));
#6210=CARTESIAN_POINT('Ctrl Pts',(-6283.57807274689,2681.40917955232,5499.47320483724));
#6211=CARTESIAN_POINT('Ctrl Pts',(-6817.07807274689,2601.27278636822,5372.81546989152));
#6212=CARTESIAN_POINT('Ctrl Pts',(-7350.57807274689,2521.13639318411,5246.15773494579));
#6213=CARTESIAN_POINT('Ctrl Pts',(-7884.07807274689,2441.,5119.50000000007));
#6214=CARTESIAN_POINT('Ctrl Pts',(-6283.57807274689,2669.41624710732,5507.30896355106));
#6215=CARTESIAN_POINT('Ctrl Pts',(-6817.07807274689,2593.27749807154,5386.56785980402));
#6216=CARTESIAN_POINT('Ctrl Pts',(-7350.57807274689,2517.13874903577,5265.82675605699));
#6217=CARTESIAN_POINT('Ctrl Pts',(-7884.07807274689,2441.,5145.08565230995));
#6218=CARTESIAN_POINT('Ctrl Pts',(-6283.57807274689,2657.80374670902,5515.72709676193));
#6219=CARTESIAN_POINT('Ctrl Pts',(-6817.07807274689,2585.53583113935,5400.70849938123));
#6220=CARTESIAN_POINT('Ctrl Pts',(-7350.57807274689,2513.26791556967,5285.68990200053));
#6221=CARTESIAN_POINT('Ctrl Pts',(-7884.07807274689,2441.,5170.67130461984));
#6222=CARTESIAN_POINT('Ctrl Pts',(-6283.57807274689,2615.42834060734,5549.71146666352));
#6223=CARTESIAN_POINT('Ctrl Pts',(-6817.07807274689,2557.2855604049,5455.70277684268));
#6224=CARTESIAN_POINT('Ctrl Pts',(-7350.5780727469,2499.14278020245,5361.69408702184));
#6225=CARTESIAN_POINT('Ctrl Pts',(-7884.0780727469,2441.,5267.68539720101));
#6226=CARTESIAN_POINT('Ctrl Pts',(-6283.5780727469,2559.86587852846,5608.27290131314));
#6227=CARTESIAN_POINT('Ctrl Pts',(-6817.0780727469,2520.24391901898,5542.36269345662));
#6228=CARTESIAN_POINT('Ctrl Pts',(-7350.57807274689,2480.62195950949,5476.4524856001));
#6229=CARTESIAN_POINT('Ctrl Pts',(-7884.0780727469,2441.,5410.54227774357));
#6230=CARTESIAN_POINT('Ctrl Pts',(-6283.57807274689,2503.12365213274,5715.24885619305));
#6231=CARTESIAN_POINT('Ctrl Pts',(-6817.07807274689,2482.41576808849,5685.10843698118));
#6232=CARTESIAN_POINT('Ctrl Pts',(-7350.57807274689,2461.70788404425,5654.9680177693));
#6233=CARTESIAN_POINT('Ctrl Pts',(-7884.07807274689,2441.,5624.82759855742));
#6234=CARTESIAN_POINT('Ctrl Pts',(-6283.57807274689,2477.14884977478,5833.52029119774));
#6235=CARTESIAN_POINT('Ctrl Pts',(-6817.07807274689,2465.09923318319,5835.38450058891));
#6236=CARTESIAN_POINT('Ctrl Pts',(-7350.57807274689,2453.04961659159,5837.24870998009));
#6237=CARTESIAN_POINT('Ctrl Pts',(-7884.07807274689,2441.,5839.11291937127));
#6238=CARTESIAN_POINT('Ctrl Pts',(-6283.57807274689,2483.82587809314,5954.42815029108));
#6239=CARTESIAN_POINT('Ctrl Pts',(-6817.07807274689,2469.55058539543,5987.41818025576));
#6240=CARTESIAN_POINT('Ctrl Pts',(-7350.57807274689,2455.27529269771,6020.40821022044));
#6241=CARTESIAN_POINT('Ctrl Pts',(-7884.07807274689,2441.,6053.39824018512));
#6242=CARTESIAN_POINT('Ctrl Pts',(-6283.57807274689,2522.692332466,6069.11298581655));
#6243=CARTESIAN_POINT('Ctrl Pts',(-6817.07807274689,2495.46155497733,6135.30317754402));
#6244=CARTESIAN_POINT('Ctrl Pts',(-7350.57807274689,2468.23077748867,6201.49336927149));
#6245=CARTESIAN_POINT('Ctrl Pts',(-7884.07807274689,2441.,6267.68356099897));
#6246=CARTESIAN_POINT('Ctrl Pts',(-6283.57807274689,2582.73277776163,6157.23719253122));
#6247=CARTESIAN_POINT('Ctrl Pts',(-6817.07807274689,2535.48851850775,6256.95284422213));
#6248=CARTESIAN_POINT('Ctrl Pts',(-7350.57807274689,2488.24425925388,6356.66849591304));
#6249=CARTESIAN_POINT('Ctrl Pts',(-7884.07807274689,2441.,6456.38414760395));
#6250=CARTESIAN_POINT('Ctrl Pts',(-6283.57807274689,2630.983076379,6202.14013974318));
#6251=CARTESIAN_POINT('Ctrl Pts',(-6817.07807274689,2567.65538425266,6325.978857808));
#6252=CARTESIAN_POINT('Ctrl Pts',(-7350.57807274689,2504.32769212633,6449.81757587283));
#6253=CARTESIAN_POINT('Ctrl Pts',(-7884.07807274689,2441.,6573.65629393765));
#6254=CARTESIAN_POINT('Ctrl Pts',(-6283.57807274689,2651.21720687185,6217.93500201714));
#6255=CARTESIAN_POINT('Ctrl Pts',(-6817.07807274689,2581.14480458123,6351.79000134478));
#6256=CARTESIAN_POINT('Ctrl Pts',(-7350.57807274689,2511.07240229062,6485.64500067243));
#6257=CARTESIAN_POINT('Ctrl Pts',(-7884.07807274689,2441.,6619.50000000007));
#6258=CARTESIAN_POINT('',(-6283.57807274689,2681.40917955232,5499.47320483724));
#6259=CARTESIAN_POINT('',(-6283.57807274689,2651.21720687185,6217.93500201714));
#6260=CARTESIAN_POINT('Ctrl Pts',(-6283.57807274689,2681.40917955232,5499.47320483724));
#6261=CARTESIAN_POINT('Ctrl Pts',(-6283.57807274689,2669.41624710732,5507.30896355106));
#6262=CARTESIAN_POINT('Ctrl Pts',(-6283.57807274689,2657.80374670902,5515.72709676193));
#6263=CARTESIAN_POINT('Ctrl Pts',(-6283.57807274689,2615.42834060734,5549.71146666352));
#6264=CARTESIAN_POINT('Ctrl Pts',(-6283.5780727469,2559.86587852846,5608.27290131314));
#6265=CARTESIAN_POINT('Ctrl Pts',(-6283.57807274689,2503.12365213274,5715.24885619305));
#6266=CARTESIAN_POINT('Ctrl Pts',(-6283.57807274689,2477.14884977478,5833.52029119774));
#6267=CARTESIAN_POINT('Ctrl Pts',(-6283.57807274689,2483.82587809314,5954.42815029108));
#6268=CARTESIAN_POINT('Ctrl Pts',(-6283.57807274689,2522.692332466,6069.11298581655));
#6269=CARTESIAN_POINT('Ctrl Pts',(-6283.57807274689,2582.73277776163,6157.23719253122));
#6270=CARTESIAN_POINT('Ctrl Pts',(-6283.57807274689,2630.983076379,6202.14013974318));
#6271=CARTESIAN_POINT('Ctrl Pts',(-6283.57807274689,2651.21720687185,6217.93500201714));
#6272=CARTESIAN_POINT('',(-7884.07807274689,2441.,5119.50000000007));
#6273=CARTESIAN_POINT('',(-6283.57807274689,2681.40917955232,5499.47320483724));
#6274=CARTESIAN_POINT('',(-7884.07807274689,2441.,6619.50000000007));
#6275=CARTESIAN_POINT('',(-7884.07807274689,2441.,5119.50000000007));
#6276=CARTESIAN_POINT('',(-6283.57807274689,2651.21720687185,6217.93500201714));
#6277=CARTESIAN_POINT('Ctrl Pts',(-6283.57807274689,2651.21720687185,6217.93500201714));
#6278=CARTESIAN_POINT('Ctrl Pts',(-6817.07807274689,2581.14480458123,6351.79000134478));
#6279=CARTESIAN_POINT('Ctrl Pts',(-7350.57807274689,2511.07240229062,6485.64500067243));
#6280=CARTESIAN_POINT('Ctrl Pts',(-7884.07807274689,2441.,6619.50000000007));
#6281=CARTESIAN_POINT('Ctrl Pts',(-6283.57807274689,2662.50959344073,6226.74989478769));
#6282=CARTESIAN_POINT('Ctrl Pts',(-6817.07807274689,2597.20134698582,6357.66659652515));
#6283=CARTESIAN_POINT('Ctrl Pts',(-7350.57807274689,2531.89310053092,6488.58329826261));
#6284=CARTESIAN_POINT('Ctrl Pts',(-7884.07807274689,2466.58485407602,6619.50000000007));
#6285=CARTESIAN_POINT('Ctrl Pts',(-6283.57807274689,2674.2293829589,6235.01709287098));
#6286=CARTESIAN_POINT('Ctrl Pts',(-6817.07807274689,2613.54282468995,6363.17806191401));
#6287=CARTESIAN_POINT('Ctrl Pts',(-7350.57807274689,2552.85626642099,6491.33903095704));
#6288=CARTESIAN_POINT('Ctrl Pts',(-7884.07807274689,2492.16970815204,6619.50000000007));
#6289=CARTESIAN_POINT('Ctrl Pts',(-6283.57807274689,2708.38626100136,6256.69370682057));
#6290=CARTESIAN_POINT('Ctrl Pts',(-6817.07807274689,2660.39796128195,6377.6291378804));
#6291=CARTESIAN_POINT('Ctrl Pts',(-7350.57807274689,2612.40966156253,6498.56456894024));
#6292=CARTESIAN_POINT('Ctrl Pts',(-7884.07807274689,2564.42136184312,6619.50000000007));
#6293=CARTESIAN_POINT('Ctrl Pts',(-6283.57807274689,2754.99877061786,6280.77155025804));
#6294=CARTESIAN_POINT('Ctrl Pts',(-6817.07807274689,2722.58416743632,6393.68103350538));
#6295=CARTESIAN_POINT('Ctrl Pts',(-7350.57807274689,2690.16956425478,6506.59051675273));
#6296=CARTESIAN_POINT('Ctrl Pts',(-7884.07807274689,2657.75496107323,6619.50000000007));
#6297=CARTESIAN_POINT('Ctrl Pts',(-6283.5780727469,2830.19249088338,6303.99026428448));
#6298=CARTESIAN_POINT('Ctrl Pts',(-6817.07807274689,2819.38011389506,6409.16017618967));
#6299=CARTESIAN_POINT('Ctrl Pts',(-7350.57807274689,2808.56773690673,6514.33008809487));
#6300=CARTESIAN_POINT('Ctrl Pts',(-7884.07807274689,2797.75535991841,6619.50000000007));
#6301=CARTESIAN_POINT('Ctrl Pts',(-6283.57807274689,2908.30325877991,6313.57349789648));
#6302=CARTESIAN_POINT('Ctrl Pts',(-6817.07807274689,2918.12075877447,6415.54899859768));
#6303=CARTESIAN_POINT('Ctrl Pts',(-7350.57807274689,2927.93825876903,6517.52449929887));
#6304=CARTESIAN_POINT('Ctrl Pts',(-7884.07807274689,2937.75575876358,6619.50000000007));
#6305=CARTESIAN_POINT('Ctrl Pts',(-6283.57807274689,2986.8800183477,6309.23214117179));
#6306=CARTESIAN_POINT('Ctrl Pts',(-6817.07807274689,3017.17206476805,6412.65476078122));
#6307=CARTESIAN_POINT('Ctrl Pts',(-7350.57807274689,3047.46411118841,6516.07738039064));
#6308=CARTESIAN_POINT('Ctrl Pts',(-7884.07807274689,3077.75615760876,6619.50000000007));
#6309=CARTESIAN_POINT('Ctrl Pts',(-6283.57807274689,3063.45711480077,6291.0905268949));
#6310=CARTESIAN_POINT('Ctrl Pts',(-6817.07807274689,3114.89026201849,6400.56035126329));
#6311=CARTESIAN_POINT('Ctrl Pts',(-7350.57807274689,3166.32340923621,6510.03017563168));
#6312=CARTESIAN_POINT('Ctrl Pts',(-7884.07807274689,3217.75655645393,6619.50000000007));
#6313=CARTESIAN_POINT('Ctrl Pts',(-6283.57807274689,3122.44375734979,6265.46048591491));
#6314=CARTESIAN_POINT('Ctrl Pts',(-6817.07807274689,3192.35289509464,6383.47365727663));
#6315=CARTESIAN_POINT('Ctrl Pts',(-7350.57807274689,3262.2620328395,6501.48682863835));
#6316=CARTESIAN_POINT('Ctrl Pts',(-7884.07807274689,3332.17117058435,6619.50000000007));
#6317=CARTESIAN_POINT('Ctrl Pts',(-6283.57807274689,3155.02947148659,6245.9829648653));
#6318=CARTESIAN_POINT('Ctrl Pts',(-6817.07807274689,3236.65930935763,6370.48864324355));
#6319=CARTESIAN_POINT('Ctrl Pts',(-7350.57807274689,3318.28914722867,6494.99432162181));
#6320=CARTESIAN_POINT('Ctrl Pts',(-7884.07807274689,3399.9189850997,6619.50000000007));
#6321=CARTESIAN_POINT('Ctrl Pts',(-6283.57807274689,3164.91086970723,6239.5268094133));
#6322=CARTESIAN_POINT('Ctrl Pts',(-6817.07807274689,3250.27391313815,6366.18453960889));
#6323=CARTESIAN_POINT('Ctrl Pts',(-7350.57807274689,3335.63695656908,6492.84226980448));
#6324=CARTESIAN_POINT('Ctrl Pts',(-7884.07807274689,3421.,6619.50000000007));
#6325=CARTESIAN_POINT('',(-6283.57807274689,3164.91086970723,6239.5268094133));
#6326=CARTESIAN_POINT('Ctrl Pts',(-6283.57807274689,2651.21720687185,6217.93500201714));
#6327=CARTESIAN_POINT('Ctrl Pts',(-6283.57807274689,2662.50959344073,6226.74989478769));
#6328=CARTESIAN_POINT('Ctrl Pts',(-6283.57807274689,2674.2293829589,6235.01709287098));
#6329=CARTESIAN_POINT('Ctrl Pts',(-6283.57807274689,2708.38626100136,6256.69370682057));
#6330=CARTESIAN_POINT('Ctrl Pts',(-6283.57807274689,2754.99877061786,6280.77155025804));
#6331=CARTESIAN_POINT('Ctrl Pts',(-6283.5780727469,2830.19249088338,6303.99026428448));
#6332=CARTESIAN_POINT('Ctrl Pts',(-6283.57807274689,2908.30325877991,6313.57349789648));
#6333=CARTESIAN_POINT('Ctrl Pts',(-6283.57807274689,2986.8800183477,6309.23214117179));
#6334=CARTESIAN_POINT('Ctrl Pts',(-6283.57807274689,3063.45711480077,6291.0905268949));
#6335=CARTESIAN_POINT('Ctrl Pts',(-6283.57807274689,3122.44375734979,6265.46048591491));
#6336=CARTESIAN_POINT('Ctrl Pts',(-6283.57807274689,3155.02947148659,6245.9829648653));
#6337=CARTESIAN_POINT('Ctrl Pts',(-6283.57807274689,3164.91086970723,6239.5268094133));
#6338=CARTESIAN_POINT('',(-7884.07807274689,3421.,6619.50000000007));
#6339=CARTESIAN_POINT('',(-7884.07807274689,2441.,6619.50000000007));
#6340=CARTESIAN_POINT('',(-6283.57807274689,3164.91086970723,6239.5268094133));
#6341=CARTESIAN_POINT('Ctrl Pts',(-6283.57807274689,3164.91086970723,6239.5268094133));
#6342=CARTESIAN_POINT('Ctrl Pts',(-6817.07807274689,3250.27391313815,6366.18453960889));
#6343=CARTESIAN_POINT('Ctrl Pts',(-7350.57807274689,3335.63695656908,6492.84226980448));
#6344=CARTESIAN_POINT('Ctrl Pts',(-7884.07807274689,3421.,6619.50000000007));
#6345=CARTESIAN_POINT('Ctrl Pts',(-6283.57807274689,3176.90380879246,6231.69104798241));
#6346=CARTESIAN_POINT('Ctrl Pts',(-6817.07807274689,3258.26920586164,6352.43214415464));
#6347=CARTESIAN_POINT('Ctrl Pts',(-7350.57807274689,3339.63460293082,6473.17324032688));
#6348=CARTESIAN_POINT('Ctrl Pts',(-7884.07807274689,3421.,6593.91433649911));
#6349=CARTESIAN_POINT('Ctrl Pts',(-6283.57807274689,3188.51631540704,6223.27291134503));
#6350=CARTESIAN_POINT('Ctrl Pts',(-6817.07807274689,3266.01087693803,6338.29149856274));
#6351=CARTESIAN_POINT('Ctrl Pts',(-7350.57807274689,3343.50543846901,6453.31008578044));
#6352=CARTESIAN_POINT('Ctrl Pts',(-7884.07807274689,3421.,6568.32867299815));
#6353=CARTESIAN_POINT('Ctrl Pts',(-6283.57807274689,3230.89172698324,6189.28853705297));
#6354=CARTESIAN_POINT('Ctrl Pts',(-6817.07807274689,3294.26115132216,6283.29721569304));
#6355=CARTESIAN_POINT('Ctrl Pts',(-7350.57807274689,3357.63057566108,6377.30589433312));
#6356=CARTESIAN_POINT('Ctrl Pts',(-7884.07807274689,3421.,6471.31457297319));
#6357=CARTESIAN_POINT('Ctrl Pts',(-6283.57807274689,3286.45416862757,6130.72709838636));
#6358=CARTESIAN_POINT('Ctrl Pts',(-6817.07807274689,3331.30277908505,6196.6372988993));
#6359=CARTESIAN_POINT('Ctrl Pts',(-7350.57807274689,3376.15138954252,6262.54749941224));
#6360=CARTESIAN_POINT('Ctrl Pts',(-7884.07807274689,3421.,6328.45769992519));
#6361=CARTESIAN_POINT('Ctrl Pts',(-6283.57807274689,3343.19638387104,6023.75114940434));
#6362=CARTESIAN_POINT('Ctrl Pts',(-6817.07807274689,3369.13092258069,6053.89156305395));
#6363=CARTESIAN_POINT('Ctrl Pts',(-7350.57807274689,3395.06546129035,6084.03197670356));
#6364=CARTESIAN_POINT('Ctrl Pts',(-7884.07807274689,3421.,6114.17239035317));
#6365=CARTESIAN_POINT('Ctrl Pts',(-6283.57807274689,3369.17117840504,5905.47971925238));
#6366=CARTESIAN_POINT('Ctrl Pts',(-6817.07807274689,3386.44745227003,5903.61550642864));
#6367=CARTESIAN_POINT('Ctrl Pts',(-7350.57807274689,3403.72372613501,5901.75129360491));
#6368=CARTESIAN_POINT('Ctrl Pts',(-7884.07807274689,3421.,5899.88708078117));
#6369=CARTESIAN_POINT('Ctrl Pts',(-6283.57807274689,3362.49415668801,5784.57186502931));
#6370=CARTESIAN_POINT('Ctrl Pts',(-6817.07807274689,3381.99610445867,5751.58183375593));
#6371=CARTESIAN_POINT('Ctrl Pts',(-7350.57807274689,3401.49805222934,5718.59180248254));
#6372=CARTESIAN_POINT('Ctrl Pts',(-7884.07807274689,3421.,5685.60177120916));
#6373=CARTESIAN_POINT('Ctrl Pts',(-6283.57807274689,3323.627703527,5669.88703319368));
#6374=CARTESIAN_POINT('Ctrl Pts',(-6817.07807274689,3356.08513568467,5603.69684267484));
#6375=CARTESIAN_POINT('Ctrl Pts',(-7350.57807274689,3388.54256784233,5537.50665215599));
#6376=CARTESIAN_POINT('Ctrl Pts',(-7884.07807274689,3421.,5471.31646163715));
#6377=CARTESIAN_POINT('Ctrl Pts',(-6283.57807274689,3263.5872625591,5581.7628177101));
#6378=CARTESIAN_POINT('Ctrl Pts',(-6817.07807274689,3316.0581750394,5482.04716888477));
#6379=CARTESIAN_POINT('Ctrl Pts',(-7350.57807274689,3368.5290875197,5382.33152005945));
#6380=CARTESIAN_POINT('Ctrl Pts',(-7884.07807274689,3421.,5282.61587123412));
#6381=CARTESIAN_POINT('Ctrl Pts',(-6283.57807274689,3215.33697264149,5536.85985765043));
#6382=CARTESIAN_POINT('Ctrl Pts',(-6817.07807274689,3283.89131509433,5413.02114421865));
#6383=CARTESIAN_POINT('Ctrl Pts',(-7350.57807274689,3352.44565754716,5289.18243078687));
#6384=CARTESIAN_POINT('Ctrl Pts',(-7884.07807274689,3421.,5165.3437173551));
#6385=CARTESIAN_POINT('Ctrl Pts',(-6283.57807274689,3195.10283907236,5521.0649895525));
#6386=CARTESIAN_POINT('Ctrl Pts',(-6817.07807274689,3270.40189271491,5387.20999303503));
#6387=CARTESIAN_POINT('Ctrl Pts',(-7350.57807274689,3345.70094635745,5253.35499651755));
#6388=CARTESIAN_POINT('Ctrl Pts',(-7884.07807274689,3421.,5119.50000000007));
#6389=CARTESIAN_POINT('',(-6283.57807274689,3195.10283907236,5521.0649895525));
#6390=CARTESIAN_POINT('Ctrl Pts',(-6283.57807274689,3164.91086970723,6239.5268094133));
#6391=CARTESIAN_POINT('Ctrl Pts',(-6283.57807274689,3176.90380879246,6231.69104798241));
#6392=CARTESIAN_POINT('Ctrl Pts',(-6283.57807274689,3188.51631540704,6223.27291134503));
#6393=CARTESIAN_POINT('Ctrl Pts',(-6283.57807274689,3230.89172698324,6189.28853705297));
#6394=CARTESIAN_POINT('Ctrl Pts',(-6283.57807274689,3286.45416862757,6130.72709838636));
#6395=CARTESIAN_POINT('Ctrl Pts',(-6283.57807274689,3343.19638387104,6023.75114940434));
#6396=CARTESIAN_POINT('Ctrl Pts',(-6283.57807274689,3369.17117840504,5905.47971925238));
#6397=CARTESIAN_POINT('Ctrl Pts',(-6283.57807274689,3362.49415668801,5784.57186502931));
#6398=CARTESIAN_POINT('Ctrl Pts',(-6283.57807274689,3323.627703527,5669.88703319368));
#6399=CARTESIAN_POINT('Ctrl Pts',(-6283.57807274689,3263.5872625591,5581.7628177101));
#6400=CARTESIAN_POINT('Ctrl Pts',(-6283.57807274689,3215.33697264149,5536.85985765043));
#6401=CARTESIAN_POINT('Ctrl Pts',(-6283.57807274689,3195.10283907236,5521.0649895525));
#6402=CARTESIAN_POINT('',(-7884.07807274689,3421.,5119.50000000007));
#6403=CARTESIAN_POINT('',(-7884.07807274689,3421.,6619.50000000007));
#6404=CARTESIAN_POINT('',(-6283.57807274689,3195.10283907236,5521.0649895525));
#6405=CARTESIAN_POINT('Ctrl Pts',(-6283.57807274689,3195.10283907236,5521.0649895525));
#6406=CARTESIAN_POINT('Ctrl Pts',(-6817.07807274689,3270.40189271491,5387.20999303503));
#6407=CARTESIAN_POINT('Ctrl Pts',(-7350.57807274689,3345.70094635745,5253.35499651755));
#6408=CARTESIAN_POINT('Ctrl Pts',(-7884.07807274689,3421.,5119.50000000007));
#6409=CARTESIAN_POINT('Ctrl Pts',(-6283.57807274689,3183.81046020647,5512.25010088484));
#6410=CARTESIAN_POINT('Ctrl Pts',(-6817.07807274689,3254.34535998115,5381.33340058992));
#6411=CARTESIAN_POINT('Ctrl Pts',(-7350.57807274689,3324.88025975584,5250.41670029499));
#6412=CARTESIAN_POINT('Ctrl Pts',(-7884.07807274689,3395.41515953052,5119.50000000007));
#6413=CARTESIAN_POINT('Ctrl Pts',(-6283.57807274689,3172.09067815609,5503.982906736));
#6414=CARTESIAN_POINT('Ctrl Pts',(-6817.07807274689,3238.00389179108,5375.82193782402));
#6415=CARTESIAN_POINT('Ctrl Pts',(-7350.57807274689,3303.91710542606,5247.66096891205));
#6416=CARTESIAN_POINT('Ctrl Pts',(-7884.07807274689,3369.83031906104,5119.50000000007));
#6417=CARTESIAN_POINT('Ctrl Pts',(-6283.57807274689,3137.93380658922,5482.30629689592));
#6418=CARTESIAN_POINT('Ctrl Pts',(-6817.07807274689,3191.14876399621,5361.37086459731));
#6419=CARTESIAN_POINT('Ctrl Pts',(-7350.57807274689,3244.36372140319,5240.43543229869));
#6420=CARTESIAN_POINT('Ctrl Pts',(-7884.07807274689,3297.57867881018,5119.50000000007));
#6421=CARTESIAN_POINT('Ctrl Pts',(-6283.57807274689,3091.32129627647,5458.22845085283));
#6422=CARTESIAN_POINT('Ctrl Pts',(-6817.07807274689,3128.96255726678,5345.31896723524));
#6423=CARTESIAN_POINT('Ctrl Pts',(-7350.57807274689,3166.60381825709,5232.40948361766));
#6424=CARTESIAN_POINT('Ctrl Pts',(-7884.07807274689,3204.24507924739,5119.50000000007));
#6425=CARTESIAN_POINT('Ctrl Pts',(-6283.5780727469,3016.1275751692,5435.00973688836));
#6426=CARTESIAN_POINT('Ctrl Pts',(-6817.07807274689,3032.16661008054,5329.83982459226));
#6427=CARTESIAN_POINT('Ctrl Pts',(-7350.57807274689,3048.20564499188,5224.66991229617));
#6428=CARTESIAN_POINT('Ctrl Pts',(-7884.07807274689,3064.24467990322,5119.50000000007));
#6429=CARTESIAN_POINT('Ctrl Pts',(-6283.57807274689,2938.01680642142,5425.4265011324));
#6430=CARTESIAN_POINT('Ctrl Pts',(-6817.07807274689,2933.4259644673,5323.45100075496));
#6431=CARTESIAN_POINT('Ctrl Pts',(-7350.57807274689,2928.83512251318,5221.47550037751));
#6432=CARTESIAN_POINT('Ctrl Pts',(-7884.07807274689,2924.24428055905,5119.50000000007));
#6433=CARTESIAN_POINT('Ctrl Pts',(-6283.57807274689,2859.44004667963,5429.76785868975));
#6434=CARTESIAN_POINT('Ctrl Pts',(-6817.07807274689,2834.37465819138,5326.34523912652));
#6435=CARTESIAN_POINT('Ctrl Pts',(-7350.57807274689,2809.30926970313,5222.9226195633));
#6436=CARTESIAN_POINT('Ctrl Pts',(-7884.07807274689,2784.24388121488,5119.50000000007));
#6437=CARTESIAN_POINT('Ctrl Pts',(-6283.57807274689,2782.86294986122,5447.90947235957));
#6438=CARTESIAN_POINT('Ctrl Pts',(-6817.07807274689,2736.65646053105,5338.43964823973));
#6439=CARTESIAN_POINT('Ctrl Pts',(-7350.57807274689,2690.44997120088,5228.9698241199));
#6440=CARTESIAN_POINT('Ctrl Pts',(-7884.07807274689,2644.24348187071,5119.50000000007));
#6441=CARTESIAN_POINT('Ctrl Pts',(-6283.57807274689,2723.87630153744,5473.53951745329));
#6442=CARTESIAN_POINT('Ctrl Pts',(-6817.07807274689,2659.19381929132,5355.52634496888));
#6443=CARTESIAN_POINT('Ctrl Pts',(-7350.57807274689,2594.5113370452,5237.51317248448));
#6444=CARTESIAN_POINT('Ctrl Pts',(-7884.07807274689,2529.82885479908,5119.50000000007));
#6445=CARTESIAN_POINT('Ctrl Pts',(-6283.57807274689,2691.29058301718,5493.01704462292));
#6446=CARTESIAN_POINT('Ctrl Pts',(-6817.07807274689,2614.88739784774,5368.51136308197));
#6447=CARTESIAN_POINT('Ctrl Pts',(-7350.57807274689,2538.48421267829,5244.00568154102));
#6448=CARTESIAN_POINT('Ctrl Pts',(-7884.07807274689,2462.08102750885,5119.50000000007));
#6449=CARTESIAN_POINT('Ctrl Pts',(-6283.57807274689,2681.40917955232,5499.47320483724));
#6450=CARTESIAN_POINT('Ctrl Pts',(-6817.07807274689,2601.27278636822,5372.81546989152));
#6451=CARTESIAN_POINT('Ctrl Pts',(-7350.57807274689,2521.13639318411,5246.15773494579));
#6452=CARTESIAN_POINT('Ctrl Pts',(-7884.07807274689,2441.,5119.50000000007));
#6453=CARTESIAN_POINT('Ctrl Pts',(-6283.57807274689,3195.10283907236,5521.0649895525));
#6454=CARTESIAN_POINT('Ctrl Pts',(-6283.57807274689,3183.81046020647,5512.25010088484));
#6455=CARTESIAN_POINT('Ctrl Pts',(-6283.57807274689,3172.09067815609,5503.982906736));
#6456=CARTESIAN_POINT('Ctrl Pts',(-6283.57807274689,3137.93380658922,5482.30629689592));
#6457=CARTESIAN_POINT('Ctrl Pts',(-6283.57807274689,3091.32129627647,5458.22845085283));
#6458=CARTESIAN_POINT('Ctrl Pts',(-6283.5780727469,3016.1275751692,5435.00973688836));
#6459=CARTESIAN_POINT('Ctrl Pts',(-6283.57807274689,2938.01680642142,5425.4265011324));
#6460=CARTESIAN_POINT('Ctrl Pts',(-6283.57807274689,2859.44004667963,5429.76785868975));
#6461=CARTESIAN_POINT('Ctrl Pts',(-6283.57807274689,2782.86294986122,5447.90947235957));
#6462=CARTESIAN_POINT('Ctrl Pts',(-6283.57807274689,2723.87630153744,5473.53951745329));
#6463=CARTESIAN_POINT('Ctrl Pts',(-6283.57807274689,2691.29058301718,5493.01704462292));
#6464=CARTESIAN_POINT('Ctrl Pts',(-6283.57807274689,2681.40917955232,5499.47320483724));
#6465=CARTESIAN_POINT('',(-7884.07807274689,3421.,5119.50000000007));
#6466=CARTESIAN_POINT('Origin',(-6283.57807274689,2923.15885223446,5869.50006718374));
#6467=CARTESIAN_POINT('Ctrl Pts',(-7884.07807274689,2439.,5117.49161006775));
#6468=CARTESIAN_POINT('Ctrl Pts',(-7350.57509666385,2519.65684473162,5240.94885537197));
#6469=CARTESIAN_POINT('Ctrl Pts',(-6817.07212058081,2600.31368902531,5364.40609986064));
#6470=CARTESIAN_POINT('Ctrl Pts',(-6283.56914449777,2680.97053375693,5487.86334516487));
#6471=CARTESIAN_POINT('Ctrl Pts',(-7884.07807274689,2439.,5189.1134543309));
#6472=CARTESIAN_POINT('Ctrl Pts',(-7350.57509666385,2508.15080858387,5295.99528716643));
#6473=CARTESIAN_POINT('Ctrl Pts',(-6817.0721205808,2577.30535547938,5402.88408186978));
#6474=CARTESIAN_POINT('Ctrl Pts',(-6283.56914449777,2646.45616402154,5509.76591462764));
#6475=CARTESIAN_POINT('Ctrl Pts',(-7884.07807274689,2439.,5332.3543462131));
#6476=CARTESIAN_POINT('Ctrl Pts',(-7350.57509666385,2487.1366818039,5409.23281159359));
#6477=CARTESIAN_POINT('Ctrl Pts',(-6817.07212058081,2535.27436990782,5486.11039139798));
#6478=CARTESIAN_POINT('Ctrl Pts',(-6283.56914449777,2583.41105170049,5562.98885678833));
#6479=CARTESIAN_POINT('Ctrl Pts',(-7884.07807274689,2439.,5547.21428571436));
#6480=CARTESIAN_POINT('Ctrl Pts',(-7350.57509666385,2463.89756172746,5586.55820869107));
#6481=CARTESIAN_POINT('Ctrl Pts',(-6817.07212058081,2488.79662292603,5625.90454796455));
#6482=CARTESIAN_POINT('Ctrl Pts',(-6283.56914449777,2513.69418463675,5665.2484709143));
#6483=CARTESIAN_POINT('Ctrl Pts',(-7884.07807274689,2439.,5762.0714285715));
#6484=CARTESIAN_POINT('Ctrl Pts',(-7350.57509666385,2450.64442720132,5768.86382210485));
#6485=CARTESIAN_POINT('Ctrl Pts',(-6817.07212058081,2462.29419714134,5775.65585717866));
#6486=CARTESIAN_POINT('Ctrl Pts',(-6283.56914449777,2473.93862428305,5782.44825071601));
#6487=CARTESIAN_POINT('Ctrl Pts',(-7884.0780727469,2439.,5976.92857142865));
#6488=CARTESIAN_POINT('Ctrl Pts',(-7350.57509666386,2448.34544050919,5953.29108611217));
#6489=CARTESIAN_POINT('Ctrl Pts',(-6817.07212058082,2457.68790001546,5929.65387555065));
#6490=CARTESIAN_POINT('Ctrl Pts',(-6283.56914449777,2467.0333405579,5906.01639023112));
#6491=CARTESIAN_POINT('Ctrl Pts',(-7884.0780727469,2439.,6191.78571428579));
#6492=CARTESIAN_POINT('Ctrl Pts',(-7350.57509666386,2457.1683707274,6136.82867216712));
#6493=CARTESIAN_POINT('Ctrl Pts',(-6817.07212058082,2475.34261080064,6081.86853227303));
#6494=CARTESIAN_POINT('Ctrl Pts',(-6283.56914449777,2493.51098146256,6026.91149018893));
#6495=CARTESIAN_POINT('Ctrl Pts',(-7884.07807274689,2439.,6406.644931323));
#6496=CARTESIAN_POINT('Ctrl Pts',(-7350.57509666385,2476.4692082312,6316.52856030422));
#6497=CARTESIAN_POINT('Ctrl Pts',(-6817.07212058082,2513.93593103832,6226.41339766104));
#6498=CARTESIAN_POINT('Ctrl Pts',(-6283.56914449777,2551.40513929725,6136.29702662877));
#6499=CARTESIAN_POINT('Ctrl Pts',(-7884.07807274689,2439.,6549.88510074116));
#6500=CARTESIAN_POINT('Ctrl Pts',(-7350.57509666385,2495.37835251588,6431.99345155933));
#6501=CARTESIAN_POINT('Ctrl Pts',(-6817.07212058081,2551.76075128317,6314.095872337));
#6502=CARTESIAN_POINT('Ctrl Pts',(-6283.56914449777,2608.13910375391,6196.20422322133));
#6503=CARTESIAN_POINT('Ctrl Pts',(-7884.07807274689,2439.,6621.50622254027));
#6504=CARTESIAN_POINT('Ctrl Pts',(-7350.57509666385,2506.00036138708,6488.27470799906));
#6505=CARTESIAN_POINT('Ctrl Pts',(-6817.07212058081,2573.0007224226,6355.04319397308));
#6506=CARTESIAN_POINT('Ctrl Pts',(-6283.56914449777,2640.00108380967,6221.81167943186));
#6507=CARTESIAN_POINT('',(-7884.07807274689,2439.,5117.50000000007));
#6508=CARTESIAN_POINT('',(-7884.07807274689,2439.,6621.50000000007));
#6509=CARTESIAN_POINT('',(-7884.07807274689,2439.,5117.50000000007));
#6510=CARTESIAN_POINT('',(-7884.07807274689,2439.,5117.50000000007));
#6511=CARTESIAN_POINT('',(-7884.07807274689,2439.,6621.50000000007));
#6512=CARTESIAN_POINT('Ctrl Pts',(-7884.07807274689,2438.99626671141,6621.50000000007));
#6513=CARTESIAN_POINT('Ctrl Pts',(-7350.57604865191,2505.99627655422,6488.26961096458));
#6514=CARTESIAN_POINT('Ctrl Pts',(-6817.07402455692,2572.9962863086,6355.0392220201));
#6515=CARTESIAN_POINT('Ctrl Pts',(-6283.57200046194,2639.9962961514,6221.80883298461));
#6516=CARTESIAN_POINT('Ctrl Pts',(-7884.07807274689,2485.85465399808,6621.50000000007));
#6517=CARTESIAN_POINT('Ctrl Pts',(-7350.57604865191,2544.18329585405,6493.85474810269));
#6518=CARTESIAN_POINT('Ctrl Pts',(-6817.07402455692,2602.51304753101,6366.20835383089));
#6519=CARTESIAN_POINT('Ctrl Pts',(-6283.57200046194,2660.84168937856,6238.56310194218));
#6520=CARTESIAN_POINT('Ctrl Pts',(-7884.07807274689,2579.5701841419,6621.50000000007));
#6521=CARTESIAN_POINT('Ctrl Pts',(-7350.57604865191,2621.55125981213,6503.78709634659));
#6522=CARTESIAN_POINT('Ctrl Pts',(-6817.07402455692,2663.53230695903,6386.07337061573));
#6523=CARTESIAN_POINT('Ctrl Pts',(-6283.57200046194,2705.51338262948,6268.36046696847));
#6524=CARTESIAN_POINT('Ctrl Pts',(-7884.07807274689,2720.14285714286,6621.50000000007));
#6525=CARTESIAN_POINT('Ctrl Pts',(-7350.57604865191,2739.88173960167,6514.50823720083));
#6526=CARTESIAN_POINT('Ctrl Pts',(-6817.07402455692,2759.62040605863,6407.51772934288));
#6527=CARTESIAN_POINT('Ctrl Pts',(-6283.57200046195,2779.35928851908,6300.52596653411));
#6528=CARTESIAN_POINT('Ctrl Pts',(-7884.07807274689,2860.71428571429,6621.50000000007));
#6529=CARTESIAN_POINT('Ctrl Pts',(-7350.57604865191,2859.71772627161,6520.7143458013));
#6530=CARTESIAN_POINT('Ctrl Pts',(-6817.07402455693,2858.72109323463,6419.92688960655));
#6531=CARTESIAN_POINT('Ctrl Pts',(-6283.57200046195,2857.72453379252,6319.14123542146));
#6532=CARTESIAN_POINT('Ctrl Pts',(-7884.07807274689,3001.28571428571,6621.50000000007));
#6533=CARTESIAN_POINT('Ctrl Pts',(-7350.57604865191,2980.23889684464,6522.21062229849));
#6534=CARTESIAN_POINT('Ctrl Pts',(-6817.07402455692,2959.19202456081,6422.92264237919));
#6535=CARTESIAN_POINT('Ctrl Pts',(-6283.57200046194,2938.14520712015,6323.63326466701));
#6536=CARTESIAN_POINT('Ctrl Pts',(-7884.07807274689,3141.85714285714,6621.50000000007));
#6537=CARTESIAN_POINT('Ctrl Pts',(-7350.57604865191,3100.60327283244,6518.950292913));
#6538=CARTESIAN_POINT('Ctrl Pts',(-6817.07402455692,3059.34870217123,6416.39843705305));
#6539=CARTESIAN_POINT('Ctrl Pts',(-6283.57200046195,3018.09483215183,6313.84872998228));
#6540=CARTESIAN_POINT('Ctrl Pts',(-7884.07807274689,3282.4298158581,6621.50000000007));
#6541=CARTESIAN_POINT('Ctrl Pts',(-7350.57604865191,3219.97403791569,6511.03508254097));
#6542=CARTESIAN_POINT('Ctrl Pts',(-6817.07402455692,3157.51855472666,6400.5715286165));
#6543=CARTESIAN_POINT('Ctrl Pts',(-6283.57200046194,3095.062776782,6290.10661114707));
#6544=CARTESIAN_POINT('Ctrl Pts',(-7884.07807274689,3376.14534600192,6621.50000000007));
#6545=CARTESIAN_POINT('Ctrl Pts',(-7350.5760486519,3298.35484058551,6502.82180689699));
#6546=CARTESIAN_POINT('Ctrl Pts',(-6817.07402455692,3220.56340119098,6384.14221249108));
#6547=CARTESIAN_POINT('Ctrl Pts',(-6283.57200046194,3142.77289578165,6265.46401939864));
#6548=CARTESIAN_POINT('Ctrl Pts',(-7884.07807274689,3423.00373328859,6621.50000000007));
#6549=CARTESIAN_POINT('Ctrl Pts',(-7350.57604865191,3337.12028386152,6498.0445808428));
#6550=CARTESIAN_POINT('Ctrl Pts',(-6817.07402455692,3251.23683450886,6374.58916179716));
#6551=CARTESIAN_POINT('Ctrl Pts',(-6283.57200046194,3165.35338508178,6251.13374263989));
#6552=CARTESIAN_POINT('',(-7884.07807274689,3423.,6621.50000000007));
#6553=CARTESIAN_POINT('',(-7884.07807274689,2439.,6621.50000000007));
#6554=CARTESIAN_POINT('',(-7884.07807274689,3423.,6621.50000000007));
#6555=CARTESIAN_POINT('Ctrl Pts',(-7884.07807274689,3423.,6621.53045374452));
#6556=CARTESIAN_POINT('Ctrl Pts',(-7350.56727017198,3337.11088970966,6498.06633576859));
#6557=CARTESIAN_POINT('Ctrl Pts',(-6817.05646759707,3251.22178100923,6374.60222075359));
#6558=CARTESIAN_POINT('Ctrl Pts',(-6283.54566502216,3165.33267071883,6251.13810277754));
#6559=CARTESIAN_POINT('Ctrl Pts',(-7884.07807274689,3423.,6549.90125487732));
#6560=CARTESIAN_POINT('Ctrl Pts',(-7350.56727017198,3348.61848132431,6443.01481781225));
#6561=CARTESIAN_POINT('Ctrl Pts',(-6817.05646759707,3274.23322394965,6336.12141787013));
#6562=CARTESIAN_POINT('Ctrl Pts',(-6283.54566502216,3199.85170542537,6229.23498108703));
#6563=CARTESIAN_POINT('Ctrl Pts',(-7884.07807274689,3423.,6406.65300839108));
#6564=CARTESIAN_POINT('Ctrl Pts',(-7350.56727017198,3369.63427885818,6329.77217517586));
#6565=CARTESIAN_POINT('Ctrl Pts',(-6817.05646759707,3316.26753101058,6252.89222124724));
#6566=CARTESIAN_POINT('Ctrl Pts',(-6283.54566502216,3262.90180991034,6176.01138799641));
#6567=CARTESIAN_POINT('Ctrl Pts',(-7884.07807274689,3423.,6191.78571428579));
#6568=CARTESIAN_POINT('Ctrl Pts',(-7350.56727017198,3392.87453533381,6152.44125892351));
#6569=CARTESIAN_POINT('Ctrl Pts',(-6817.05646759708,3362.74753871577,6113.09438551257));
#6570=CARTESIAN_POINT('Ctrl Pts',(-6283.54566502217,3332.62207411162,6073.74993024822));
#6571=CARTESIAN_POINT('Ctrl Pts',(-7884.07807274689,3423.,5976.92857142865));
#6572=CARTESIAN_POINT('Ctrl Pts',(-7350.56727017199,3406.12786428352,5970.13612304086));
#6573=CARTESIAN_POINT('Ctrl Pts',(-6817.05646759707,3389.25034470331,5963.34403550124));
#6574=CARTESIAN_POINT('Ctrl Pts',(-6283.54566502217,3372.37820920486,5956.55158709885));
#6575=CARTESIAN_POINT('Ctrl Pts',(-7884.07807274689,3423.,5762.0714285715));
#6576=CARTESIAN_POINT('Ctrl Pts',(-7350.56727017198,3408.4268847018,5785.70930544005));
#6577=CARTESIAN_POINT('Ctrl Pts',(-6817.05646759708,3393.85671571047,5809.3469156442));
#6578=CARTESIAN_POINT('Ctrl Pts',(-6283.54566502217,3379.28360029295,5832.98479252355));
#6579=CARTESIAN_POINT('Ctrl Pts',(-7884.07807274689,3423.,5547.21428571436));
#6580=CARTESIAN_POINT('Ctrl Pts',(-7350.56727017198,3399.60382505114,5602.17217884318));
#6581=CARTESIAN_POINT('Ctrl Pts',(-6817.05646759707,3376.20174661265,5657.13318184051));
#6582=CARTESIAN_POINT('Ctrl Pts',(-6283.54566502216,3352.80557190286,5712.0910748434));
#6583=CARTESIAN_POINT('Ctrl Pts',(-7884.07807274689,3423.,5332.34699160906));
#6584=CARTESIAN_POINT('Ctrl Pts',(-7350.56727017198,3380.301978829,5422.46605116761));
#6585=CARTESIAN_POINT('Ctrl Pts',(-6817.05646759707,3337.60641986586,5512.58391253188));
#6586=CARTESIAN_POINT('Ctrl Pts',(-6283.54566502216,3294.90839859515,5602.70297213895));
#6587=CARTESIAN_POINT('Ctrl Pts',(-7884.07807274689,3423.,5189.09874512282));
#6588=CARTESIAN_POINT('Ctrl Pts',(-7350.56727017198,3361.39115016291,5306.99530102644));
#6589=CARTESIAN_POINT('Ctrl Pts',(-6817.05646759707,3299.77825322237,5424.89778794817));
#6590=CARTESIAN_POINT('Ctrl Pts',(-6283.54566502216,3238.16940354917,5542.79434361161));
#6591=CARTESIAN_POINT('Ctrl Pts',(-7884.07807274689,3423.,5117.46954625562));
#6592=CARTESIAN_POINT('Ctrl Pts',(-7350.56727017198,3350.76752423921,5250.70825008293));
#6593=CARTESIAN_POINT('Ctrl Pts',(-6817.05646759707,3278.53505019936,5383.94695138812));
#6594=CARTESIAN_POINT('Ctrl Pts',(-6283.54566502216,3206.30257443851,5517.18565521554));
#6595=CARTESIAN_POINT('',(-7884.07807274689,3423.,5117.50000000007));
#6596=CARTESIAN_POINT('',(-7884.07807274689,3423.,6621.50000000007));
#6597=CARTESIAN_POINT('',(-7884.07807274689,3423.,5117.50000000007));
#6598=CARTESIAN_POINT('Ctrl Pts',(-7884.07807274689,3423.00380456617,5117.50000000007));
#6599=CARTESIAN_POINT('Ctrl Pts',(-7350.576010007,3350.77632462469,5250.73045197127));
#6600=CARTESIAN_POINT('Ctrl Pts',(-6817.0739472671,3278.54884477331,5383.96090384971));
#6601=CARTESIAN_POINT('Ctrl Pts',(-6283.57188452721,3206.32136483183,5517.19135582091));
#6602=CARTESIAN_POINT('Ctrl Pts',(-7884.07807274689,3376.14539352031,5117.50000000007));
#6603=CARTESIAN_POINT('Ctrl Pts',(-7350.576010007,3312.58928709501,5245.14531096907));
#6604=CARTESIAN_POINT('Ctrl Pts',(-6817.0739472671,3249.03207084801,5372.7917643129));
#6605=CARTESIAN_POINT('Ctrl Pts',(-6283.57188452721,3185.47596443129,5500.43707527307));
#6606=CARTESIAN_POINT('Ctrl Pts',(-7884.07807274689,3282.4298396173,5117.50000000007));
#6607=CARTESIAN_POINT('Ctrl Pts',(-7350.576010007,3235.22130509161,5235.21295878159));
#6608=CARTESIAN_POINT('Ctrl Pts',(-6817.0739472671,3188.01279867293,5352.92673688922));
#6609=CARTESIAN_POINT('Ctrl Pts',(-6283.57188452721,3140.80426414703,5470.6396956644));
#6610=CARTESIAN_POINT('Ctrl Pts',(-7884.07807274689,3141.85714285714,5117.50000000007));
#6611=CARTESIAN_POINT('Ctrl Pts',(-7350.576010007,3116.89080691334,5224.49181533869));
#6612=CARTESIAN_POINT('Ctrl Pts',(-6817.0739472671,3091.92468568324,5331.48237295208));
#6613=CARTESIAN_POINT('Ctrl Pts',(-6283.57188452722,3066.95834973777,5438.47418830043));
#6614=CARTESIAN_POINT('Ctrl Pts',(-7884.07807274689,3001.28571428571,5117.50000000007));
#6615=CARTESIAN_POINT('Ctrl Pts',(-7350.576010007,2997.05482174539,5218.28570628867));
#6616=CARTESIAN_POINT('Ctrl Pts',(-6817.0739472671,2992.82400088255,5319.07320949283));
#6617=CARTESIAN_POINT('Ctrl Pts',(-6283.57188452721,2988.59310834167,5419.85891576754));
#6618=CARTESIAN_POINT('Ctrl Pts',(-7884.07807274689,2860.71428571429,5117.50000000007));
#6619=CARTESIAN_POINT('Ctrl Pts',(-7350.576010007,2876.53365262472,5216.78942968309));
#6620=CARTESIAN_POINT('Ctrl Pts',(-6817.0739472671,2892.35307218681,5316.07745733749));
#6621=CARTESIAN_POINT('Ctrl Pts',(-6283.57188452721,2908.17243909685,5415.36688703135));
#6622=CARTESIAN_POINT('Ctrl Pts',(-7884.07807274689,2720.14285714286,5117.50000000007));
#6623=CARTESIAN_POINT('Ctrl Pts',(-7350.576010007,2756.16927810065,5220.04975930475));
#6624=CARTESIAN_POINT('Ctrl Pts',(-6817.0739472671,2792.19639719789,5322.6016624709));
#6625=CARTESIAN_POINT('Ctrl Pts',(-6283.57188452721,2828.22281815029,5425.151421759));
#6626=CARTESIAN_POINT('Ctrl Pts',(-7884.07807274689,2579.5701603827,5117.50000000007));
#6627=CARTESIAN_POINT('Ctrl Pts',(-7350.576010007,2636.79849437748,5227.96497158793));
#6628=CARTESIAN_POINT('Ctrl Pts',(-6817.0739472671,2694.02653180183,5338.42857646458));
#6629=CARTESIAN_POINT('Ctrl Pts',(-6283.57188452721,2751.2548657989,5448.893548063));
#6630=CARTESIAN_POINT('Ctrl Pts',(-7884.07807274689,2485.85460647969,5117.50000000007));
#6631=CARTESIAN_POINT('Ctrl Pts',(-7350.576010007,2558.41767325123,5236.17825065358));
#6632=CARTESIAN_POINT('Ctrl Pts',(-6817.0739472671,2630.9816740017,5354.85790261161));
#6633=CARTESIAN_POINT('Ctrl Pts',(-6283.57188452721,2703.54474076601,5473.53615325427));
#6634=CARTESIAN_POINT('Ctrl Pts',(-7884.07807274689,2438.99619543383,5117.50000000007));
#6635=CARTESIAN_POINT('Ctrl Pts',(-7350.576010007,2519.65221133719,5240.95548015605));
#6636=CARTESIAN_POINT('Ctrl Pts',(-6817.0739472671,2600.30822716472,5364.41096019827));
#6637=CARTESIAN_POINT('Ctrl Pts',(-6283.57188452721,2680.96424306808,5487.86644035425));
#6638=CARTESIAN_POINT('',(-7884.07807274689,3423.,5117.50000000007));
#6639=CARTESIAN_POINT('Origin',(-7888.07807274689,2441.,6619.50000000007));
#6640=CARTESIAN_POINT('',(-7888.07807274689,3421.,6619.50000000007));
#6641=CARTESIAN_POINT('',(-7888.07807274689,2441.,6619.50000000007));
#6642=CARTESIAN_POINT('',(-7888.07807274689,2441.,6619.50000000007));
#6643=CARTESIAN_POINT('',(-7888.07807274689,3421.,6619.50000000007));
#6644=CARTESIAN_POINT('',(-7888.07807274689,2441.,6619.50000000007));
#6645=CARTESIAN_POINT('Origin',(-7888.07807274689,2441.,5119.50000000007));
#6646=CARTESIAN_POINT('',(-7888.07807274689,2441.,5119.50000000007));
#6647=CARTESIAN_POINT('',(-7888.07807274689,2441.,5119.50000000007));
#6648=CARTESIAN_POINT('',(-7888.07807274689,2441.,5119.50000000007));
#6649=CARTESIAN_POINT('Origin',(-7888.07807274689,3421.,5119.50000000007));
#6650=CARTESIAN_POINT('',(-7888.07807274689,3421.,5119.50000000007));
#6651=CARTESIAN_POINT('',(-7888.07807274689,3421.,5119.50000000007));
#6652=CARTESIAN_POINT('',(-7888.07807274689,3421.,5119.50000000007));
#6653=CARTESIAN_POINT('Origin',(-7888.07807274689,3421.,6619.50000000007));
#6654=CARTESIAN_POINT('',(-7888.07807274689,3421.,6619.50000000007));
#6655=CARTESIAN_POINT('Origin',(-7888.07807274689,3521.,5019.50000000007));
#6656=CARTESIAN_POINT('',(-7888.07807274689,3521.,6719.50000000007));
#6657=CARTESIAN_POINT('',(-7888.07807274689,3521.,5019.50000000007));
#6658=CARTESIAN_POINT('',(-7888.07807274689,3521.,6719.50000000007));
#6659=CARTESIAN_POINT('',(-7884.07807274689,3521.,6719.50000000007));
#6660=CARTESIAN_POINT('',(-7888.07807274689,3521.,6719.50000000007));
#6661=CARTESIAN_POINT('',(-7884.07807274689,3521.,5019.50000000007));
#6662=CARTESIAN_POINT('',(-7884.07807274689,3521.,6719.50000000007));
#6663=CARTESIAN_POINT('',(-7888.07807274689,3521.,5019.50000000007));
#6664=CARTESIAN_POINT('Origin',(-7888.07807274689,2341.,5019.50000000007));
#6665=CARTESIAN_POINT('',(-7888.07807274689,2341.,5019.50000000007));
#6666=CARTESIAN_POINT('',(-7888.07807274689,3521.,5019.50000000007));
#6667=CARTESIAN_POINT('',(-7884.07807274689,2341.,5019.50000000007));
#6668=CARTESIAN_POINT('',(-7884.07807274689,3521.,5019.50000000007));
#6669=CARTESIAN_POINT('',(-7888.07807274689,2341.,5019.50000000007));
#6670=CARTESIAN_POINT('Origin',(-7888.07807274689,2341.,6719.50000000007));
#6671=CARTESIAN_POINT('',(-7888.07807274689,2341.,6719.50000000007));
#6672=CARTESIAN_POINT('',(-7888.07807274689,2341.,5019.50000000007));
#6673=CARTESIAN_POINT('',(-7884.07807274689,2341.,6719.50000000007));
#6674=CARTESIAN_POINT('',(-7884.07807274689,2341.,5019.50000000007));
#6675=CARTESIAN_POINT('',(-7888.07807274689,2341.,6719.50000000007));
#6676=CARTESIAN_POINT('Origin',(-7888.07807274689,3521.,6719.50000000007));
#6677=CARTESIAN_POINT('',(-7888.07807274689,2341.,6719.50000000007));
#6678=CARTESIAN_POINT('',(-7884.07807274689,2341.,6719.50000000007));
#6679=CARTESIAN_POINT('Origin',(-7888.07807274689,2931.,5869.50000000007));
#6680=CARTESIAN_POINT('Origin',(-7884.07807274689,2931.,5869.50000000007));
#6681=CARTESIAN_POINT('',(0.,0.,0.));
#6682=CARTESIAN_POINT('Origin',(1255.,2535.,505.));
#6683=CARTESIAN_POINT('',(1255.,2535.,505.));
#6684=CARTESIAN_POINT('',(44.9999999999999,2535.,505.));
#6685=CARTESIAN_POINT('',(1255.,2535.,505.));
#6686=CARTESIAN_POINT('',(45.,2535.,405.));
#6687=CARTESIAN_POINT('',(45.,2535.,505.));
#6688=CARTESIAN_POINT('',(1255.,2535.,405.));
#6689=CARTESIAN_POINT('',(1255.,2535.,405.));
#6690=CARTESIAN_POINT('',(1255.,2535.,505.));
#6691=CARTESIAN_POINT('Origin',(1255.,45.0000000000002,505.));
#6692=CARTESIAN_POINT('',(1255.,45.0000000000002,505.));
#6693=CARTESIAN_POINT('',(1255.,45.0000000000002,505.));
#6694=CARTESIAN_POINT('',(1255.,45.0000000000003,405.));
#6695=CARTESIAN_POINT('',(1255.,45.0000000000002,405.));
#6696=CARTESIAN_POINT('',(1255.,45.0000000000002,505.));
#6697=CARTESIAN_POINT('Origin',(45.,45.0000000000003,505.));
#6698=CARTESIAN_POINT('',(45.,45.0000000000003,505.));
#6699=CARTESIAN_POINT('',(45.,45.0000000000003,505.));
#6700=CARTESIAN_POINT('',(45.,45.0000000000003,405.));
#6701=CARTESIAN_POINT('',(45.,45.0000000000003,405.));
#6702=CARTESIAN_POINT('',(45.,45.0000000000003,505.));
#6703=CARTESIAN_POINT('Origin',(45.,2535.,505.));
#6704=CARTESIAN_POINT('',(45.,2535.,505.));
#6705=CARTESIAN_POINT('',(45.,2535.,405.));
#6706=CARTESIAN_POINT('Origin',(1258.,2538.,505.));
#6707=CARTESIAN_POINT('',(1258.,42.0000000000002,505.));
#6708=CARTESIAN_POINT('',(1258.,2538.,505.));
#6709=CARTESIAN_POINT('',(1258.,1914.,505.));
#6710=CARTESIAN_POINT('',(1258.,42.0000000000002,405.));
#6711=CARTESIAN_POINT('',(1258.,42.0000000000002,505.));
#6712=CARTESIAN_POINT('',(1258.,2538.,405.));
#6713=CARTESIAN_POINT('',(1258.,42.0000000000002,405.));
#6714=CARTESIAN_POINT('',(1258.,2538.,505.));
#6715=CARTESIAN_POINT('Origin',(42.,2538.,505.));
#6716=CARTESIAN_POINT('',(42.,2538.,505.));
#6717=CARTESIAN_POINT('',(346.,2538.,505.));
#6718=CARTESIAN_POINT('',(42.,2538.,405.));
#6719=CARTESIAN_POINT('',(1258.,2538.,405.));
#6720=CARTESIAN_POINT('',(42.,2538.,505.));
#6721=CARTESIAN_POINT('Origin',(42.,42.0000000000002,505.));
#6722=CARTESIAN_POINT('',(42.,42.0000000000002,505.));
#6723=CARTESIAN_POINT('',(42.,666.,505.));
#6724=CARTESIAN_POINT('',(42.,42.0000000000002,405.));
#6725=CARTESIAN_POINT('',(42.,2538.,405.));
#6726=CARTESIAN_POINT('',(42.,42.0000000000002,505.));
#6727=CARTESIAN_POINT('Origin',(1258.,42.0000000000002,505.));
#6728=CARTESIAN_POINT('',(954.,42.0000000000002,505.));
#6729=CARTESIAN_POINT('',(42.,42.0000000000002,405.));
#6730=CARTESIAN_POINT('Origin',(650.,1290.,405.));
#6731=CARTESIAN_POINT('Origin',(650.001678861017,1289.99987329052,1305.));
#6732=CARTESIAN_POINT('',(400.550851960375,915.466788652589,1305.));
#6733=CARTESIAN_POINT('',(200.000849384208,1289.99987329831,1304.99343522846));
#6734=CARTESIAN_POINT('Ctrl Pts',(200.000849384208,1289.99987330611,1304.99343522846));
#6735=CARTESIAN_POINT('Ctrl Pts',(200.000849384085,1286.44243715109,1304.99326086989));
#6736=CARTESIAN_POINT('Ctrl Pts',(200.043033761367,1282.88471168852,1304.99333260054));
#6737=CARTESIAN_POINT('Ctrl Pts',(200.30534350805,1271.82758793859,1304.99415015538));
#6738=CARTESIAN_POINT('Ctrl Pts',(200.670779048307,1264.33340333545,1304.99567226769));
#6739=CARTESIAN_POINT('Ctrl Pts',(203.742231926553,1222.75015998893,1304.99761308547));
#6740=CARTESIAN_POINT('Ctrl Pts',(210.139887714848,1189.04606659895,1304.98658100248));
#6741=CARTESIAN_POINT('Ctrl Pts',(222.857942818662,1148.14209684274,1305.00411903933));
#6742=CARTESIAN_POINT('Ctrl Pts',(225.660350876584,1139.96708654677,1305.0077689063));
#6743=CARTESIAN_POINT('Ctrl Pts',(236.926307840965,1109.94971579493,1305.01085906367));
#6744=CARTESIAN_POINT('Ctrl Pts',(246.855396538284,1088.69808933188,1304.98763022543));
#6745=CARTESIAN_POINT('Ctrl Pts',(267.043624492509,1053.03537071203,1304.98913070869));
#6746=CARTESIAN_POINT('Ctrl Pts',(276.580371433494,1038.27468997285,1304.99888186057));
#6747=CARTESIAN_POINT('Ctrl Pts',(302.524996742369,1002.84994309519,1305.01424056691));
#6748=CARTESIAN_POINT('Ctrl Pts',(319.931757118699,982.999958874779,1304.99810223634));
#6749=CARTESIAN_POINT('Ctrl Pts',(358.017058561955,946.575977526075,1304.98965532831));
#6750=CARTESIAN_POINT('Ctrl Pts',(378.621422332056,930.072479254082,1305.));
#6751=CARTESIAN_POINT('Ctrl Pts',(400.550851960376,915.46678865259,1305.00000000001));
#6752=CARTESIAN_POINT('',(200.000849384209,1289.99987329052,1405.));
#6753=CARTESIAN_POINT('',(200.000849384208,1289.99987329052,1305.));
#6754=CARTESIAN_POINT('Origin',(650.001678861017,1289.99987329052,1405.));
#6755=CARTESIAN_POINT('',(458.400644482687,1697.17279743328,1305.));
#6756=CARTESIAN_POINT('Ctrl Pts',(458.400644482685,1697.17279743328,1304.99999999999));
#6757=CARTESIAN_POINT('Ctrl Pts',(447.141444590268,1691.87462012888,1305.));
#6758=CARTESIAN_POINT('Ctrl Pts',(436.106844755403,1686.11170981458,1304.99936547933));
#6759=CARTESIAN_POINT('Ctrl Pts',(414.541911415225,1673.6850797131,1304.9995083742));
#6760=CARTESIAN_POINT('Ctrl Pts',(404.02095628379,1667.02656193279,1305.00022759692));
#6761=CARTESIAN_POINT('Ctrl Pts',(386.969179268341,1655.21690591506,1304.99987980755));
#6762=CARTESIAN_POINT('Ctrl Pts',(380.280736750262,1650.30556321855,1304.99957498669));
#6763=CARTESIAN_POINT('Ctrl Pts',(364.999614985013,1638.42052266505,1304.99954216433));
#6764=CARTESIAN_POINT('Ctrl Pts',(356.520753268086,1631.30922162996,1305.00020037035));
#6765=CARTESIAN_POINT('Ctrl Pts',(337.367515066408,1614.00330143502,1305.00053539123));
#6766=CARTESIAN_POINT('Ctrl Pts',(326.915334491549,1603.58169035169,1304.9989931594));
#6767=CARTESIAN_POINT('Ctrl Pts',(311.325202810693,1586.42865892694,1304.99902376653));
#6768=CARTESIAN_POINT('Ctrl Pts',(305.832859763215,1580.03367151179,1304.99947122142));
#6769=CARTESIAN_POINT('Ctrl Pts',(294.455302683984,1566.00766495328,1304.99943205079));
#6770=CARTESIAN_POINT('Ctrl Pts',(288.628998214325,1558.33420260478,1304.99848965933));
#6771=CARTESIAN_POINT('Ctrl Pts',(280.079958747776,1546.29083238283,1304.99799548467));
#6772=CARTESIAN_POINT('Ctrl Pts',(277.178419698246,1542.05136039826,1304.99798296376));
#6773=CARTESIAN_POINT('Ctrl Pts',(271.333190374784,1533.18899100036,1304.99831289238));
#6774=CARTESIAN_POINT('Ctrl Pts',(268.400080713164,1528.56012017319,1304.998689509));
#6775=CARTESIAN_POINT('Ctrl Pts',(259.042218491321,1513.17769858932,1304.99962187995));
#6776=CARTESIAN_POINT('Ctrl Pts',(252.981865668304,1502.20945888844,1304.9980177908));
#6777=CARTESIAN_POINT('Ctrl Pts',(240.862790186197,1477.9345890441,1304.99667930119));
#6778=CARTESIAN_POINT('Ctrl Pts',(234.978753826913,1464.55662198831,1304.99923195369));
#6779=CARTESIAN_POINT('Ctrl Pts',(227.14462757155,1444.09717396899,1304.99816651307));
#6780=CARTESIAN_POINT('Ctrl Pts',(224.699900205899,1437.21556954689,1304.99720085988));
#6781=CARTESIAN_POINT('Ctrl Pts',(217.870609098762,1416.39932004986,1304.99617705374));
#6782=CARTESIAN_POINT('Ctrl Pts',(213.99596192527,1402.30788817786,1305.00022188716));
#6783=CARTESIAN_POINT('Ctrl Pts',(209.222380180753,1380.9266229715,1304.99959270163));
#6784=CARTESIAN_POINT('Ctrl Pts',(207.805021294591,1373.76251715644,1304.99817442172));
#6785=CARTESIAN_POINT('Ctrl Pts',(204.077478406293,1352.17444731834,1304.99579020631));
#6786=CARTESIAN_POINT('Ctrl Pts',(202.294595852022,1337.66978501226,1304.99924880562));
#6787=CARTESIAN_POINT('Ctrl Pts',(200.407487532825,1312.08716705732,1304.99780070827));
#6788=CARTESIAN_POINT('Ctrl Pts',(200.000849384591,1301.0449145947,1304.99397657272));
#6789=CARTESIAN_POINT('Ctrl Pts',(200.000849384208,1289.99987330611,1304.99343522846));
#6790=CARTESIAN_POINT('',(899.452505761659,1664.53295792845,1305.));
#6791=CARTESIAN_POINT('Origin',(650.001678861016,1289.99987329052,1305.));
#6792=CARTESIAN_POINT('',(841.602713239348,882.826949147753,1305.));
#6793=CARTESIAN_POINT('Ctrl Pts',(899.452505761659,1664.53295792845,1304.99999999999));
#6794=CARTESIAN_POINT('Ctrl Pts',(923.119193051992,1648.77019902484,1304.99999999999));
#6795=CARTESIAN_POINT('Ctrl Pts',(945.238650361126,1630.79963608266,1304.98880960712));
#6796=CARTESIAN_POINT('Ctrl Pts',(972.268802087609,1604.22015994176,1304.99705262308));
#6797=CARTESIAN_POINT('Ctrl Pts',(978.811987047966,1597.36654041304,1305.00048801568));
#6798=CARTESIAN_POINT('Ctrl Pts',(1010.44891918932,1562.06136174206,1305.01656998065));
#6799=CARTESIAN_POINT('Ctrl Pts',(1032.09039019163,1530.72355366587,1304.98047709684));
#6800=CARTESIAN_POINT('Ctrl Pts',(1056.00077026554,1484.58266817458,1304.99346540413));
#6801=CARTESIAN_POINT('Ctrl Pts',(1061.87144900391,1471.82671160597,1305.00371903305));
#6802=CARTESIAN_POINT('Ctrl Pts',(1078.10067479215,1431.72559754,1305.01487158788));
#6803=CARTESIAN_POINT('Ctrl Pts',(1086.3996738648,1403.62981174244,1304.98841989628));
#6804=CARTESIAN_POINT('Ctrl Pts',(1095.20186499395,1357.82853809465,1304.99289289061));
#6805=CARTESIAN_POINT('Ctrl Pts',(1097.4928025468,1340.55299547691,1304.99625786748));
#6806=CARTESIAN_POINT('Ctrl Pts',(1099.33074757433,1315.70031935056,1304.9951155191));
#6807=CARTESIAN_POINT('Ctrl Pts',(1099.69701850729,1308.1995216875,1304.99359429298));
#6808=CARTESIAN_POINT('Ctrl Pts',(1100.22251569981,1286.0912437622,1304.99198299182));
#6809=CARTESIAN_POINT('Ctrl Pts',(1099.85847696063,1271.48175362234,1304.99710084908));
#6810=CARTESIAN_POINT('Ctrl Pts',(1097.71095390707,1242.35055039813,1304.99891987347));
#6811=CARTESIAN_POINT('Ctrl Pts',(1095.92873700076,1227.8457987685,1304.99556838248));
#6812=CARTESIAN_POINT('Ctrl Pts',(1092.20218674868,1206.2575583881,1304.99803100965));
#6813=CARTESIAN_POINT('Ctrl Pts',(1090.78515700021,1199.09338637418,1304.99946213322));
#6814=CARTESIAN_POINT('Ctrl Pts',(1086.01255910186,1177.71190614246,1305.00007336139));
#6815=CARTESIAN_POINT('Ctrl Pts',(1082.13856180634,1163.62030269045,1304.99592145291));
#6816=CARTESIAN_POINT('Ctrl Pts',(1075.31022998916,1142.80374400583,1304.99683952813));
#6817=CARTESIAN_POINT('Ctrl Pts',(1072.86581957179,1135.92202806184,1304.99777838037));
#6818=CARTESIAN_POINT('Ctrl Pts',(1065.03263567972,1115.46222220888,1304.99881574942));
#6819=CARTESIAN_POINT('Ctrl Pts',(1059.14921563484,1102.08398592027,1304.99630996496));
#6820=CARTESIAN_POINT('Ctrl Pts',(1047.03099119528,1077.80802520285,1304.99773786333));
#6821=CARTESIAN_POINT('Ctrl Pts',(1040.97083241165,1066.83899564091,1304.99938740217));
#6822=CARTESIAN_POINT('Ctrl Pts',(1031.61317043022,1051.4554466856,1304.99849320206));
#6823=CARTESIAN_POINT('Ctrl Pts',(1028.68011161453,1046.82623456135,1304.99812540639));
#6824=CARTESIAN_POINT('Ctrl Pts',(1022.83496092009,1037.96320724493,1304.99780995133));
#6825=CARTESIAN_POINT('Ctrl Pts',(1019.93345091341,1033.72341852615,1304.99782827872));
#6826=CARTESIAN_POINT('Ctrl Pts',(1011.38446938992,1021.67914325044,1304.99833822563));
#6827=CARTESIAN_POINT('Ctrl Pts',(1005.55817183852,1014.00509829802,1304.99929019056));
#6828=CARTESIAN_POINT('Ctrl Pts',(994.18057148632,999.978017564215,1304.99935113273));
#6829=CARTESIAN_POINT('Ctrl Pts',(988.68818545049,993.582536726171,1304.99891351838));
#6830=CARTESIAN_POINT('Ctrl Pts',(973.097874927553,976.42817374731,1304.9989091492));
#6831=CARTESIAN_POINT('Ctrl Pts',(962.64551396192,966.005745332784,1305.00046766283));
#6832=CARTESIAN_POINT('Ctrl Pts',(943.491851510959,948.698459336913,1305.00015435161));
#6833=CARTESIAN_POINT('Ctrl Pts',(935.01277398803,941.586594786666,1304.99950206062));
#6834=CARTESIAN_POINT('Ctrl Pts',(919.731218520555,929.700610463336,1304.99954428216));
#6835=CARTESIAN_POINT('Ctrl Pts',(913.042572577153,924.788877364555,1304.99985277255));
#6836=CARTESIAN_POINT('Ctrl Pts',(895.990245149842,912.978282631611,1305.00021045851));
#6837=CARTESIAN_POINT('Ctrl Pts',(885.468923008847,906.319236059641,1304.99949739142));
#6838=CARTESIAN_POINT('Ctrl Pts',(863.901340257619,893.890557828569,1304.99936272005));
#6839=CARTESIAN_POINT('Ctrl Pts',(852.864381362474,888.126287913365,1305.));
#6840=CARTESIAN_POINT('Ctrl Pts',(841.602713239347,882.826949147755,1305.));
#6841=CARTESIAN_POINT('Origin',(650.001678861017,1289.99987329052,1305.));
#6842=CARTESIAN_POINT('Origin',(650.001678861017,1289.99987329052,1305.));
#6843=CARTESIAN_POINT('',(197.000849384209,1289.99987329052,1405.));
#6844=CARTESIAN_POINT('Origin',(650.001678861017,1289.99987329052,1405.));
#6845=CARTESIAN_POINT('',(197.000849384208,1289.99987329627,1304.99348548064));
#6846=CARTESIAN_POINT('',(197.000849384208,1289.99987329052,1305.));
#6847=CARTESIAN_POINT('',(397.787406167843,913.705158795975,1305.));
#6848=CARTESIAN_POINT('Ctrl Pts',(397.787406167844,913.705158795976,1305.));
#6849=CARTESIAN_POINT('Ctrl Pts',(375.674874804752,928.526243972893,1305.));
#6850=CARTESIAN_POINT('Ctrl Pts',(354.911714490648,945.267641857688,1304.9896252215));
#6851=CARTESIAN_POINT('Ctrl Pts',(316.564900859164,982.20383701972,1304.99829690028));
#6852=CARTESIAN_POINT('Ctrl Pts',(299.056399319305,1002.32658301603,1305.01416552289));
#6853=CARTESIAN_POINT('Ctrl Pts',(272.994693876741,1038.22583585744,1304.99844745926));
#6854=CARTESIAN_POINT('Ctrl Pts',(263.425350620416,1053.18099429028,1304.98883122591));
#6855=CARTESIAN_POINT('Ctrl Pts',(243.195633882551,1089.30474644973,1304.98807547249));
#6856=CARTESIAN_POINT('Ctrl Pts',(233.269348959369,1110.8243839605,1305.01148248688));
#6857=CARTESIAN_POINT('Ctrl Pts',(220.386318909795,1145.69801578518,1305.00664653635));
#6858=CARTESIAN_POINT('Ctrl Pts',(216.272862131678,1158.57803067506,1304.99884674857));
#6859=CARTESIAN_POINT('Ctrl Pts',(210.621549829539,1179.45279194448,1304.99223340587));
#6860=CARTESIAN_POINT('Ctrl Pts',(208.712466162639,1187.33836242655,1304.99103446171));
#6861=CARTESIAN_POINT('Ctrl Pts',(202.653128398361,1215.67394419004,1304.99153591909));
#6862=CARTESIAN_POINT('Ctrl Pts',(199.704900188359,1236.35405792663,1304.99696293938));
#6863=CARTESIAN_POINT('Ctrl Pts',(197.641967876762,1264.73859868337,1304.99575975869));
#6864=CARTESIAN_POINT('Ctrl Pts',(197.282013505447,1272.32657386354,1304.9942336108));
#6865=CARTESIAN_POINT('Ctrl Pts',(197.038229354783,1283.27984655935,1304.99343229964));
#6866=CARTESIAN_POINT('Ctrl Pts',(197.000849384123,1286.63999477687,1304.99335190295));
#6867=CARTESIAN_POINT('Ctrl Pts',(197.000849384208,1289.99987330202,1304.99348548064));
#6868=CARTESIAN_POINT('',(842.880051114043,880.112467990355,1305.));
#6869=CARTESIAN_POINT('Origin',(650.001678861017,1289.99987329052,1305.));
#6870=CARTESIAN_POINT('',(902.215951554192,1666.29458778506,1305.));
#6871=CARTESIAN_POINT('Ctrl Pts',(842.880051114042,880.112467990357,1305.));
#6872=CARTESIAN_POINT('Ctrl Pts',(854.192101985368,885.435515077659,1305.));
#6873=CARTESIAN_POINT('Ctrl Pts',(865.278940582351,891.224561031323,1304.99936521594));
#6874=CARTESIAN_POINT('Ctrl Pts',(886.94526714249,903.704928280059,1304.99949793182));
#6875=CARTESIAN_POINT('Ctrl Pts',(897.515451622214,910.390888971602,1305.00020899482));
#6876=CARTESIAN_POINT('Ctrl Pts',(914.648355345071,922.248133295847,1304.99985533362));
#6877=CARTESIAN_POINT('Ctrl Pts',(921.369001164692,927.179005540044,1304.9995474115));
#6878=CARTESIAN_POINT('Ctrl Pts',(936.724676114346,939.110770639008,1304.99950195737));
#6879=CARTESIAN_POINT('Ctrl Pts',(945.245689110536,946.249653570283,1305.00014740308));
#6880=CARTESIAN_POINT('Ctrl Pts',(964.496203879205,963.622005282643,1305.00047105058));
#6881=CARTESIAN_POINT('Ctrl Pts',(975.003140484472,974.083161163306,1304.99891972182));
#6882=CARTESIAN_POINT('Ctrl Pts',(990.677951213545,991.30084969621,1304.99891504406));
#6883=CARTESIAN_POINT('Ctrl Pts',(996.200798916871,997.719873487832,1304.99934707559));
#6884=CARTESIAN_POINT('Ctrl Pts',(1007.64309144519,1011.79852051178,1304.99930302714));
#6885=CARTESIAN_POINT('Ctrl Pts',(1013.50353176912,1019.50075031682,1304.99835932019));
#6886=CARTESIAN_POINT('Ctrl Pts',(1022.10429132838,1031.58929941354,1304.99784345261));
#6887=CARTESIAN_POINT('Ctrl Pts',(1025.02370324998,1035.84468423912,1304.99782062519));
#6888=CARTESIAN_POINT('Ctrl Pts',(1030.90562490254,1044.74035326344,1304.99812649594));
#6889=CARTESIAN_POINT('Ctrl Pts',(1033.85753681171,1049.38663893121,1304.99848901492));
#6890=CARTESIAN_POINT('Ctrl Pts',(1043.27672529328,1064.82703676333,1304.99938816547));
#6891=CARTESIAN_POINT('Ctrl Pts',(1049.37900668514,1075.83681063136,1304.99777984076));
#6892=CARTESIAN_POINT('Ctrl Pts',(1061.60124894352,1100.23227780256,1304.99633233006));
#6893=CARTESIAN_POINT('Ctrl Pts',(1067.54347313163,1113.6910661131,1304.99881290964));
#6894=CARTESIAN_POINT('Ctrl Pts',(1075.45882847243,1134.27577103803,1304.99781727746));
#6895=CARTESIAN_POINT('Ctrl Pts',(1077.92961087287,1141.19978111851,1304.99688258643));
#6896=CARTESIAN_POINT('Ctrl Pts',(1084.83394206529,1162.145099034,1304.99595242502));
#6897=CARTESIAN_POINT('Ctrl Pts',(1088.75439797105,1176.32496177076,1305.00005564855));
#6898=CARTESIAN_POINT('Ctrl Pts',(1093.59011845136,1197.84197346773,1304.99948242133));
#6899=CARTESIAN_POINT('Ctrl Pts',(1095.02708485111,1205.05182578944,1304.99806418848));
#6900=CARTESIAN_POINT('Ctrl Pts',(1098.81009004041,1226.77852123258,1304.9956190237));
#6901=CARTESIAN_POINT('Ctrl Pts',(1100.62542952588,1241.37737131393,1304.99893678215));
#6902=CARTESIAN_POINT('Ctrl Pts',(1102.82992565194,1270.69966684145,1304.99713442089));
#6903=CARTESIAN_POINT('Ctrl Pts',(1103.21778086618,1285.40603144081,1304.99206844978));
#6904=CARTESIAN_POINT('Ctrl Pts',(1102.72018060327,1307.7058281192,1304.99367726756));
#6905=CARTESIAN_POINT('Ctrl Pts',(1102.35930499766,1315.30046482045,1304.99520253364));
#6906=CARTESIAN_POINT('Ctrl Pts',(1100.32315459134,1343.27715877763,1304.99636620657));
#6907=CARTESIAN_POINT('Ctrl Pts',(1097.45955022308,1363.548235501,1304.99128316136));
#6908=CARTESIAN_POINT('Ctrl Pts',(1086.90848269733,1413.53518763689,1304.98976817817));
#6909=CARTESIAN_POINT('Ctrl Pts',(1077.55563342032,1442.79437629857,1305.01688613767));
#6910=CARTESIAN_POINT('Ctrl Pts',(1061.02730928164,1480.74396752337,1304.99719005031));
#6911=CARTESIAN_POINT('Ctrl Pts',(1056.38388080642,1490.44659196421,1304.9915536577));
#6912=CARTESIAN_POINT('Ctrl Pts',(1033.93784790139,1533.35548396423,1304.98176580566));
#6913=CARTESIAN_POINT('Ctrl Pts',(1012.38028436828,1564.42778447333,1305.01603358136));
#6914=CARTESIAN_POINT('Ctrl Pts',(980.944439131289,1599.47548885968,1305.00002819764));
#6915=CARTESIAN_POINT('Ctrl Pts',(974.445790931096,1606.28184514601,1304.99673247672));
#6916=CARTESIAN_POINT('Ctrl Pts',(947.611103895227,1632.68911554221,1304.98895716054));
#6917=CARTESIAN_POINT('Ctrl Pts',(925.674314725239,1650.57144903807,1304.99999999999));
#6918=CARTESIAN_POINT('Ctrl Pts',(902.215951554193,1666.29458778506,1304.99999999999));
#6919=CARTESIAN_POINT('',(457.123306607992,1699.88727859068,1305.));
#6920=CARTESIAN_POINT('Origin',(650.001678861017,1289.99987329052,1305.));
#6921=CARTESIAN_POINT('Ctrl Pts',(197.000849384208,1289.99987330202,1304.99348548064));
#6922=CARTESIAN_POINT('Ctrl Pts',(197.000849384496,1301.33999057023,1304.99393632629));
#6923=CARTESIAN_POINT('Ctrl Pts',(197.426666197017,1312.67703558906,1304.99782252926));
#6924=CARTESIAN_POINT('Ctrl Pts',(199.380713003484,1338.64817429175,1304.99926616437));
#6925=CARTESIAN_POINT('Ctrl Pts',(201.196886841267,1353.24691282101,1304.99584352492));
#6926=CARTESIAN_POINT('Ctrl Pts',(204.981135797863,1374.97339265432,1304.99821148137));
#6927=CARTESIAN_POINT('Ctrl Pts',(206.418514672904,1382.18316178081,1304.99961691699));
#6928=CARTESIAN_POINT('Ctrl Pts',(211.25546751288,1403.69990055455,1305.00020613064));
#6929=CARTESIAN_POINT('Ctrl Pts',(215.176736947692,1417.87954499682,1304.99620997468));
#6930=CARTESIAN_POINT('Ctrl Pts',(222.082269175105,1438.82447224164,1304.99724529348));
#6931=CARTESIAN_POINT('Ctrl Pts',(224.553448452522,1445.74834176634,1304.9982064313));
#6932=CARTESIAN_POINT('Ctrl Pts',(232.469983559155,1466.33259547298,1304.99922804101));
#6933=CARTESIAN_POINT('Ctrl Pts',(238.412979176996,1479.79104461824,1304.99670086199));
#6934=CARTESIAN_POINT('Ctrl Pts',(250.636285724546,1504.18514685959,1304.99805989903));
#6935=CARTESIAN_POINT('Ctrl Pts',(256.738809377396,1515.19393444509,1304.99962247515));
#6936=CARTESIAN_POINT('Ctrl Pts',(266.158248325431,1530.6329248101,1304.99868526385));
#6937=CARTESIAN_POINT('Ctrl Pts',(269.110223849407,1535.27878430776,1304.99831405247));
#6938=CARTESIAN_POINT('Ctrl Pts',(274.992244024329,1544.17363183058,1304.99799395631));
#6939=CARTESIAN_POINT('Ctrl Pts',(277.91169242497,1548.4286211859,1304.99801109792));
#6940=CARTESIAN_POINT('Ctrl Pts',(286.512525100056,1560.51604029075,1304.99851140565));
#6941=CARTESIAN_POINT('Ctrl Pts',(292.372974699769,1568.2175426785,1304.9994454023));
#6942=CARTESIAN_POINT('Ctrl Pts',(303.815214603252,1582.29484842547,1304.999467271));
#6943=CARTESIAN_POINT('Ctrl Pts',(309.33800937796,1588.71325606191,1304.99902547745));
#6944=CARTESIAN_POINT('Ctrl Pts',(325.012599006678,1605.92928160324,1304.99900414312));
#6945=CARTESIAN_POINT('Ctrl Pts',(335.519311992352,1616.38941651242,1305.000539168));
#6946=CARTESIAN_POINT('Ctrl Pts',(354.769300131722,1633.76006163747,1305.00019346718));
#6947=CARTESIAN_POINT('Ctrl Pts',(363.290045047954,1640.89824026463,1304.99954221334));
#6948=CARTESIAN_POINT('Ctrl Pts',(378.645180970181,1652.82882546264,1304.99957834817));
#6949=CARTESIAN_POINT('Ctrl Pts',(385.365573867014,1657.75920949987,1304.99988260862));
#6950=CARTESIAN_POINT('Ctrl Pts',(402.497793082554,1669.61527964151,1305.00022620495));
#6951=CARTESIAN_POINT('Ctrl Pts',(413.067521014223,1676.30057863094,1304.99950891704));
#6952=CARTESIAN_POINT('Ctrl Pts',(434.730510893716,1688.77836735565,1304.99936803623));
#6953=CARTESIAN_POINT('Ctrl Pts',(445.814370196548,1694.56569705696,1305.));
#6954=CARTESIAN_POINT('Ctrl Pts',(457.123306607991,1699.88727859068,1305.));
#6955=CARTESIAN_POINT('Origin',(650.001678861017,1289.99987329052,1405.));
#6956=CARTESIAN_POINT('Ctrl Pts',(458.415959476472,1697.1598901001,1305.01558646798));
#6957=CARTESIAN_POINT('Ctrl Pts',(320.610639603648,1976.44692715562,1038.34372431198));
#6958=CARTESIAN_POINT('Ctrl Pts',(182.805319872816,2255.73396392661,771.671862155992));
#6959=CARTESIAN_POINT('Ctrl Pts',(45.,2535.0210009821,505.));
#6960=CARTESIAN_POINT('Ctrl Pts',(437.916590761669,1687.51522194477,1305.01558646798));
#6961=CARTESIAN_POINT('Ctrl Pts',(306.944527449369,1950.25264236286,1038.34372431198));
#6962=CARTESIAN_POINT('Ctrl Pts',(175.972063327916,2212.99086591963,771.671862155992));
#6963=CARTESIAN_POINT('Ctrl Pts',(45.,2475.72828636902,505.));
#6964=CARTESIAN_POINT('Ctrl Pts',(398.380119770913,1665.12535850183,1305.01558646798));
#6965=CARTESIAN_POINT('Ctrl Pts',(280.586767118759,1895.80021667125,1038.34372431198));
#6966=CARTESIAN_POINT('Ctrl Pts',(162.793352654564,2126.47499930374,771.671862155991));
#6967=CARTESIAN_POINT('Ctrl Pts',(45.,2357.14985747023,505.));
#6968=CARTESIAN_POINT('Ctrl Pts',(344.804137129372,1623.00164141103,1305.01558646798));
#6969=CARTESIAN_POINT('Ctrl Pts',(244.869447079936,1808.42971700176,1038.34372431198));
#6970=CARTESIAN_POINT('Ctrl Pts',(144.934690052045,1993.85763870097,771.671862155992));
#6971=CARTESIAN_POINT('Ctrl Pts',(45.,2179.28571428571,505.));
#6972=CARTESIAN_POINT('Ctrl Pts',(298.17887432442,1573.29825100855,1305.01558646798));
#6973=CARTESIAN_POINT('Ctrl Pts',(213.786144403618,1716.00822478029,1038.34372431198));
#6974=CARTESIAN_POINT('Ctrl Pts',(129.392729947476,1858.71859764128,771.671862155992));
#6975=CARTESIAN_POINT('Ctrl Pts',(45.,2001.42857142857,505.));
#6976=CARTESIAN_POINT('Ctrl Pts',(259.560921629794,1517.14705739558,1305.01558646798));
#6977=CARTESIAN_POINT('Ctrl Pts',(188.040902843886,1619.28856231564,1038.34372431198));
#6978=CARTESIAN_POINT('Ctrl Pts',(116.520018819622,1721.42992365695,771.671862155991));
#6979=CARTESIAN_POINT('Ctrl Pts',(45.,1823.57142857143,505.));
#6980=CARTESIAN_POINT('Ctrl Pts',(229.831184609079,1455.82490247341,1305.01558646798));
#6981=CARTESIAN_POINT('Ctrl Pts',(168.220987742158,1519.12127922676,1038.34372431198));
#6982=CARTESIAN_POINT('Ctrl Pts',(106.610196890064,1582.4179089511,771.671862155992));
#6983=CARTESIAN_POINT('Ctrl Pts',(45.,1645.71428571429,505.));
#6984=CARTESIAN_POINT('Ctrl Pts',(209.664607668915,1390.72838778567,1305.01558646798));
#6985=CARTESIAN_POINT('Ctrl Pts',(154.776729859573,1416.43830402381,1038.34372431198));
#6986=CARTESIAN_POINT('Ctrl Pts',(99.887877847301,1442.14722665771,771.671862155991));
#6987=CARTESIAN_POINT('Ctrl Pts',(45.,1467.85714285714,505.));
#6988=CARTESIAN_POINT('Ctrl Pts',(199.522307910544,1323.33889721414,1305.01558646798));
#6989=CARTESIAN_POINT('Ctrl Pts',(148.014701006939,1312.22578664896,1038.34372431198));
#6990=CARTESIAN_POINT('Ctrl Pts',(96.507606883625,1301.11311054825,771.671862155992));
#6991=CARTESIAN_POINT('Ctrl Pts',(45.,1290.,505.));
#6992=CARTESIAN_POINT('Ctrl Pts',(199.622355056112,1262.76219920554,1305.01558646798));
#6993=CARTESIAN_POINT('Ctrl Pts',(148.082642567782,1219.14383645322,1038.34372431198));
#6994=CARTESIAN_POINT('Ctrl Pts',(96.5397126136977,1175.52312474862,771.671862155992));
#6995=CARTESIAN_POINT('Ctrl Pts',(45.,1131.90476190476,505.));
#6996=CARTESIAN_POINT('Ctrl Pts',(208.275869302616,1195.27535460562,1305.01558646798));
#6997=CARTESIAN_POINT('Ctrl Pts',(153.850038298791,1114.86572499122,1038.34372431198));
#6998=CARTESIAN_POINT('Ctrl Pts',(99.4258309405609,1034.45724861709,771.671862155991));
#6999=CARTESIAN_POINT('Ctrl Pts',(45.,954.047619047619,505.));
#7000=CARTESIAN_POINT('Ctrl Pts',(233.291018612887,1107.70936758328,1305.01558646798));
#7001=CARTESIAN_POINT('Ctrl Pts',(170.528865103605,977.442643861022,1038.34372431198));
#7002=CARTESIAN_POINT('Ctrl Pts',(107.762153686879,847.171485799812,771.671862155992));
#7003=CARTESIAN_POINT('Ctrl Pts',(45.,716.904761904763,505.));
#7004=CARTESIAN_POINT('Ctrl Pts',(295.073981380538,1002.2839738679,1305.01558646798));
#7005=CARTESIAN_POINT('Ctrl Pts',(211.714301467301,801.756955063557,1038.34372431198));
#7006=CARTESIAN_POINT('Ctrl Pts',(128.359679716148,601.235054445552,771.671862155991));
#7007=CARTESIAN_POINT('Ctrl Pts',(45.,400.708035840639,505.));
#7008=CARTESIAN_POINT('Ctrl Pts',(362.853928951812,940.592516821144,1305.01558646798));
#7009=CARTESIAN_POINT('Ctrl Pts',(256.903740624872,681.584639392866,1038.34372431198));
#7010=CARTESIAN_POINT('Ctrl Pts',(150.950188458012,422.566806640318,771.671862155992));
#7011=CARTESIAN_POINT('Ctrl Pts',(45.,163.558928824135,505.));
#7012=CARTESIAN_POINT('Ctrl Pts',(400.563741869287,915.479777131728,1305.01558646798));
#7013=CARTESIAN_POINT('Ctrl Pts',(282.042494402213,625.313601022735,1038.34372431198));
#7014=CARTESIAN_POINT('Ctrl Pts',(163.521247467053,335.147426487992,771.671862155992));
#7015=CARTESIAN_POINT('Ctrl Pts',(45.,44.9812503790602,505.));
#7016=CARTESIAN_POINT('',(400.550851960375,915.466788652589,1305.));
#7017=CARTESIAN_POINT('',(458.400644482687,1697.17279743328,1305.));
#7018=CARTESIAN_POINT('Ctrl Pts',(400.553346921779,915.478755643159,1305.00984663062));
#7019=CARTESIAN_POINT('Ctrl Pts',(282.03359255812,625.319170190338,1038.33989775375));
#7020=CARTESIAN_POINT('Ctrl Pts',(163.513838435321,335.159585452803,771.669948876873));
#7021=CARTESIAN_POINT('Ctrl Pts',(44.9940840716659,45.0000000000003,505.));
#7022=CARTESIAN_POINT('Ctrl Pts',(418.876759170923,903.27418023123,1305.00984663062));
#7023=CARTESIAN_POINT('Ctrl Pts',(313.456989313829,617.185109050974,1038.33989775375));
#7024=CARTESIAN_POINT('Ctrl Pts',(208.034873581665,331.089071351744,771.669948876873));
#7025=CARTESIAN_POINT('Ctrl Pts',(102.615103666826,45.0000000000003,505.));
#7026=CARTESIAN_POINT('Ctrl Pts',(457.32000243819,881.568145177649,1305.00984663062));
#7027=CARTESIAN_POINT('Ctrl Pts',(377.498260681418,602.711326062268,1038.33989775375));
#7028=CARTESIAN_POINT('Ctrl Pts',(297.676912628112,323.856819058466,771.669948876872));
#7029=CARTESIAN_POINT('Ctrl Pts',(217.855170881031,45.0000000000003,505.));
#7030=CARTESIAN_POINT('Ctrl Pts',(539.717534810095,849.825522935183,1305.00984663062));
#7031=CARTESIAN_POINT('Ctrl Pts',(509.256369815717,581.551790800045,1038.33989775375));
#7032=CARTESIAN_POINT('Ctrl Pts',(478.794498345103,313.273732241637,771.669948876872));
#7033=CARTESIAN_POINT('Ctrl Pts',(448.333333333333,45.0000000000002,505.));
#7034=CARTESIAN_POINT('Ctrl Pts',(649.779118504132,833.490075646534,1305.00984663062));
#7035=CARTESIAN_POINT('Ctrl Pts',(678.662552315681,570.658111246084,1038.33989775375));
#7036=CARTESIAN_POINT('Ctrl Pts',(707.54513763791,307.831964257248,771.669948876873));
#7037=CARTESIAN_POINT('Ctrl Pts',(736.428571428571,45.0000000000002,505.));
#7038=CARTESIAN_POINT('Ctrl Pts',(759.857918875735,849.717280310591,1305.00984663062));
#7039=CARTESIAN_POINT('Ctrl Pts',(848.079921983781,581.479920463306,1038.33989775375));
#7040=CARTESIAN_POINT('Ctrl Pts',(936.303778346255,313.237359975304,771.669948876873));
#7041=CARTESIAN_POINT('Ctrl Pts',(1024.52578149992,45.0000000000002,505.));
#7042=CARTESIAN_POINT('Ctrl Pts',(821.679326083906,873.463965811742,1305.00984663062));
#7043=CARTESIAN_POINT('Ctrl Pts',(946.915613199223,597.306299118439,1038.33989775375));
#7044=CARTESIAN_POINT('Ctrl Pts',(1072.14860929887,321.157666470921,771.669948876873));
#7045=CARTESIAN_POINT('Ctrl Pts',(1197.38489633317,45.0000000000002,505.));
#7046=CARTESIAN_POINT('Ctrl Pts',(841.599670243004,882.838223809772,1305.00984663062));
#7047=CARTESIAN_POINT('Ctrl Pts',(979.401752025476,603.558816182379,1038.33989775375));
#7048=CARTESIAN_POINT('Ctrl Pts',(1117.20383414585,324.279407627417,771.669948876873));
#7049=CARTESIAN_POINT('Ctrl Pts',(1255.00591592834,45.0000000000002,505.));
#7050=CARTESIAN_POINT('',(841.602713239348,882.826949147753,1305.));
#7051=CARTESIAN_POINT('Ctrl Pts',(841.573814988262,882.836764515425,1305.01814256134));
#7052=CARTESIAN_POINT('Ctrl Pts',(979.38254345133,603.539019849225,1038.34542837423));
#7053=CARTESIAN_POINT('Ctrl Pts',(1117.19127153695,324.241275943982,771.672714187115));
#7054=CARTESIAN_POINT('Ctrl Pts',(1255.,44.9435312778166,505.));
#7055=CARTESIAN_POINT('Ctrl Pts',(862.077627816835,892.482578472259,1305.01814256134));
#7056=CARTESIAN_POINT('Ctrl Pts',(993.051619805636,629.73800808387,1038.34542837423));
#7057=CARTESIAN_POINT('Ctrl Pts',(1124.02600799323,366.992638895544,771.672714187115));
#7058=CARTESIAN_POINT('Ctrl Pts',(1255.,104.248068470925,505.));
#7059=CARTESIAN_POINT('Ctrl Pts',(901.618510982605,914.873803145117,1305.01814256134));
#7060=CARTESIAN_POINT('Ctrl Pts',(1019.41230496416,684.195287614022,1038.34542837423));
#7061=CARTESIAN_POINT('Ctrl Pts',(1137.2062060136,453.516835477968,771.672714187115));
#7062=CARTESIAN_POINT('Ctrl Pts',(1255.,222.838319949748,505.));
#7063=CARTESIAN_POINT('Ctrl Pts',(955.198191360852,956.999873090046,1305.01814256134));
#7064=CARTESIAN_POINT('Ctrl Pts',(1055.13208499022,771.571286080015,1038.34542837423));
#7065=CARTESIAN_POINT('Ctrl Pts',(1155.06610636484,586.142872716441,771.672714187115));
#7066=CARTESIAN_POINT('Ctrl Pts',(1255.,400.714285714286,505.));
#7067=CARTESIAN_POINT('Ctrl Pts',(1001.82356491788,1006.70286405315,1305.01814256134));
#7068=CARTESIAN_POINT('Ctrl Pts',(1086.21544030677,863.992523533101,1038.34542837423));
#7069=CARTESIAN_POINT('Ctrl Pts',(1170.60812457444,721.281769110251,771.672714187115));
#7070=CARTESIAN_POINT('Ctrl Pts',(1255.,578.571428571429,505.));
#7071=CARTESIAN_POINT('Ctrl Pts',(1040.4416300364,1062.8536299132,1305.01814256134));
#7072=CARTESIAN_POINT('Ctrl Pts',(1111.96076743876,960.711874032638,1038.34542837423));
#7073=CARTESIAN_POINT('Ctrl Pts',(1183.4808625542,858.570327299645,771.672714187114));
#7074=CARTESIAN_POINT('Ctrl Pts',(1255.,756.428571428572,505.));
#7075=CARTESIAN_POINT('Ctrl Pts',(1070.17139594879,1124.17543158021,1305.01814256134));
#7076=CARTESIAN_POINT('Ctrl Pts',(1131.78065775785,1060.87894929345,1038.34542837423));
#7077=CARTESIAN_POINT('Ctrl Pts',(1193.39073815381,997.582196584748,771.672714187115));
#7078=CARTESIAN_POINT('Ctrl Pts',(1255.,934.285714285715,505.));
#7079=CARTESIAN_POINT('Ctrl Pts',(1090.33821659156,1189.27149780094,1305.01814256134));
#7080=CARTESIAN_POINT('Ctrl Pts',(1145.22514449667,1163.56158969261,1038.34542837423));
#7081=CARTESIAN_POINT('Ctrl Pts',(1200.11307204956,1137.85276520205,771.672714187115));
#7082=CARTESIAN_POINT('Ctrl Pts',(1255.,1112.14285714286,505.));
#7083=CARTESIAN_POINT('Ctrl Pts',(1100.48045425143,1256.66064164201,1305.01814256134));
#7084=CARTESIAN_POINT('Ctrl Pts',(1151.98711091098,1267.77386787502,1038.34542837423));
#7085=CARTESIAN_POINT('Ctrl Pts',(1203.49334335968,1278.88677378152,771.672714187115));
#7086=CARTESIAN_POINT('Ctrl Pts',(1255.,1290.,505.));
#7087=CARTESIAN_POINT('Ctrl Pts',(1100.3804007787,1317.23698936085,1305.01814256134));
#7088=CARTESIAN_POINT('Ctrl Pts',(1151.91915659232,1360.85557791986,1038.34542837423));
#7089=CARTESIAN_POINT('Ctrl Pts',(1203.46124403528,1404.47664942362,771.672714187115));
#7090=CARTESIAN_POINT('Ctrl Pts',(1255.,1448.09523809524,505.));
#7091=CARTESIAN_POINT('Ctrl Pts',(1091.72685915223,1384.72347274182,1305.01814256134));
#7092=CARTESIAN_POINT('Ctrl Pts',(1146.15174586511,1465.13344270297,1038.34542837423));
#7093=CARTESIAN_POINT('Ctrl Pts',(1200.57511335602,1545.54241103665,771.672714187114));
#7094=CARTESIAN_POINT('Ctrl Pts',(1255.,1625.95238095238,505.));
#7095=CARTESIAN_POINT('Ctrl Pts',(1066.71160824456,1472.28897528638,1305.01814256134));
#7096=CARTESIAN_POINT('Ctrl Pts',(1129.47284236396,1602.55620025518,1038.34542837423));
#7097=CARTESIAN_POINT('Ctrl Pts',(1192.23876566793,1732.82801291837,771.672714187115));
#7098=CARTESIAN_POINT('Ctrl Pts',(1255.,1863.09523809524,505.));
#7099=CARTESIAN_POINT('Ctrl Pts',(1004.92608902984,1577.71785871741,1305.01814256134));
#7100=CARTESIAN_POINT('Ctrl Pts',(1088.28573559024,1778.2483960093,1038.34542837423));
#7101=CARTESIAN_POINT('Ctrl Pts',(1171.64035366767,1978.77400012496,771.672714187115));
#7102=CARTESIAN_POINT('Ctrl Pts',(1255.,2179.3045371931,505.));
#7103=CARTESIAN_POINT('Ctrl Pts',(937.141226182456,1639.41128848596,1305.01814256134));
#7104=CARTESIAN_POINT('Ctrl Pts',(1043.0930289004,1898.42627915322,1038.34542837423));
#7105=CARTESIAN_POINT('Ctrl Pts',(1149.04819712942,2157.45122612455,771.672714187115));
#7106=CARTESIAN_POINT('Ctrl Pts',(1255.,2416.46621724336,505.));
#7107=CARTESIAN_POINT('Ctrl Pts',(899.426484370486,1664.52517613039,1305.01814256134));
#7108=CARTESIAN_POINT('Ctrl Pts',(1017.95099011459,1954.70227524166,1038.34542837423));
#7109=CARTESIAN_POINT('Ctrl Pts',(1136.47549425597,2244.87936961113,771.672714187115));
#7110=CARTESIAN_POINT('Ctrl Pts',(1255.,2535.05646872218,505.));
#7111=CARTESIAN_POINT('',(899.452505761659,1664.53295792845,1305.));
#7112=CARTESIAN_POINT('Ctrl Pts',(899.449983446028,1664.52091143586,1305.00991725079));
#7113=CARTESIAN_POINT('Ctrl Pts',(1017.96863187052,1954.68060786284,1038.33994483385));
#7114=CARTESIAN_POINT('Ctrl Pts',(1136.48728005366,2244.84030357302,771.669972416927));
#7115=CARTESIAN_POINT('Ctrl Pts',(1255.00592847815,2535.,505.));
#7116=CARTESIAN_POINT('Ctrl Pts',(881.126573467997,1676.72548901065,1305.00991725079));
#7117=CARTESIAN_POINT('Ctrl Pts',(986.545235234405,1962.81467044304,1038.33994483385));
#7118=CARTESIAN_POINT('Ctrl Pts',(1091.96624287516,2248.91081839489,771.669972416928));
#7119=CARTESIAN_POINT('Ctrl Pts',(1197.38490469973,2535.,505.));
#7120=CARTESIAN_POINT('Ctrl Pts',(842.683284591926,1698.43144978995,1305.00991725079));
#7121=CARTESIAN_POINT('Ctrl Pts',(922.503915035056,1977.28837818579,1038.33994483385));
#7122=CARTESIAN_POINT('Ctrl Pts',(1002.3242028676,2256.14307165957,771.669972416927));
#7123=CARTESIAN_POINT('Ctrl Pts',(1082.14483330224,2535.,505.));
#7124=CARTESIAN_POINT('Ctrl Pts',(760.285733323169,1730.17411532643,1305.00991725079));
#7125=CARTESIAN_POINT('Ctrl Pts',(790.74578174978,1998.44795561555,1038.33994483385));
#7126=CARTESIAN_POINT('Ctrl Pts',(821.206618220519,2266.7261596027,771.669972416926));
#7127=CARTESIAN_POINT('Ctrl Pts',(851.666666666667,2535.,505.));
#7128=CARTESIAN_POINT('Ctrl Pts',(650.224198595448,1746.50967822323,1305.00991725079));
#7129=CARTESIAN_POINT('Ctrl Pts',(621.33964297834,2009.34175030191,1038.33994483385));
#7130=CARTESIAN_POINT('Ctrl Pts',(592.455984166303,2272.16792806746,771.669972416927));
#7131=CARTESIAN_POINT('Ctrl Pts',(563.571428571429,2535.,505.));
#7132=CARTESIAN_POINT('Ctrl Pts',(540.145433346188,1730.28250743249,1305.00991725079));
#7133=CARTESIAN_POINT('Ctrl Pts',(451.922302333903,1998.5199755126,1038.33994483385));
#7134=CARTESIAN_POINT('Ctrl Pts',(363.697345374364,2266.76253179375,771.669972416927));
#7135=CARTESIAN_POINT('Ctrl Pts',(275.474214316808,2535.,505.));
#7136=CARTESIAN_POINT('Ctrl Pts',(478.324061853532,1706.5357064815,1305.00991725079));
#7137=CARTESIAN_POINT('Ctrl Pts',(353.086642636434,1982.69348241135,1038.33994483385));
#7138=CARTESIAN_POINT('Ctrl Pts',(227.85251443579,2258.84222429412,771.669972416928));
#7139=CARTESIAN_POINT('Ctrl Pts',(102.615095300283,2535.,505.));
#7140=CARTESIAN_POINT('Ctrl Pts',(458.403719675094,1697.16144676698,1305.00991725079));
#7141=CARTESIAN_POINT('Ctrl Pts',(320.60050373689,1976.44096420148,1038.33994483385));
#7142=CARTESIAN_POINT('Ctrl Pts',(182.797287460065,2255.72048256549,771.669972416927));
#7143=CARTESIAN_POINT('Ctrl Pts',(44.9940715218531,2535.,505.));
#7144=CARTESIAN_POINT('Origin',(650.,1290.,505.));
#7145=CARTESIAN_POINT('',(40.,2540.,505.));
#7146=CARTESIAN_POINT('',(40.,40.,505.));
#7147=CARTESIAN_POINT('',(40.,40.,505.));
#7148=CARTESIAN_POINT('',(1260.,2540.,505.));
#7149=CARTESIAN_POINT('',(40.,2540.,505.));
#7150=CARTESIAN_POINT('',(1260.,40.,505.));
#7151=CARTESIAN_POINT('',(1260.,2540.,505.));
#7152=CARTESIAN_POINT('',(1260.,40.,505.));
#7153=CARTESIAN_POINT('Ctrl Pts',(457.138693216744,1699.87448121541,1305.01546688625));
#7154=CARTESIAN_POINT('Ctrl Pts',(318.092462096952,1979.92337162249,1038.34364459083));
#7155=CARTESIAN_POINT('Ctrl Pts',(179.046231119788,2259.97226174383,771.671822295418));
#7156=CARTESIAN_POINT('Ctrl Pts',(40.,2540.02115215091,505.));
#7157=CARTESIAN_POINT('Ctrl Pts',(436.531173701646,1690.1789200571,1305.01546688625));
#7158=CARTESIAN_POINT('Ctrl Pts',(304.35424958628,1953.61577596516,1038.34364459083));
#7159=CARTESIAN_POINT('Ctrl Pts',(172.176924130885,2217.05343597099,771.671822295419));
#7160=CARTESIAN_POINT('Ctrl Pts',(40.,2480.49029191013,505.));
#7161=CARTESIAN_POINT('Ctrl Pts',(396.784086272933,1667.67524028318,1305.01546688625));
#7162=CARTESIAN_POINT('Ctrl Pts',(277.856077916901,1898.92872609876,1038.34364459083));
#7163=CARTESIAN_POINT('Ctrl Pts',(158.9280083584,2130.1821363329,771.671822295419));
#7164=CARTESIAN_POINT('Ctrl Pts',(40.,2361.43562214554,505.));
#7165=CARTESIAN_POINT('Ctrl Pts',(342.912633008698,1625.34645882033,1305.01546688625));
#7166=CARTESIAN_POINT('Ctrl Pts',(241.941777451987,1811.18340465578,1038.34364459083));
#7167=CARTESIAN_POINT('Ctrl Pts',(140.970855559276,1997.02019702763,771.671822295418));
#7168=CARTESIAN_POINT('Ctrl Pts',(40.,2182.85714285714,505.));
#7169=CARTESIAN_POINT('Ctrl Pts',(296.015704336533,1575.40568679716,1305.01546688625));
#7170=CARTESIAN_POINT('Ctrl Pts',(210.677364045811,1718.36556254356,1038.34364459083));
#7171=CARTESIAN_POINT('Ctrl Pts',(125.338340317149,1861.32583852385,771.671822295418));
#7172=CARTESIAN_POINT('Ctrl Pts',(40.,2004.28571428571,505.));
#7173=CARTESIAN_POINT('Ctrl Pts',(257.153111579196,1518.98705299848,1305.01546688625));
#7174=CARTESIAN_POINT('Ctrl Pts',(184.769029304747,1621.2295110515,1038.34364459083));
#7175=CARTESIAN_POINT('Ctrl Pts',(112.384082307884,1723.47182766673,771.671822295418));
#7176=CARTESIAN_POINT('Ctrl Pts',(40.,1825.71428571429,505.));
#7177=CARTESIAN_POINT('Ctrl Pts',(227.208891902835,1457.36994472491,1305.01546688625));
#7178=CARTESIAN_POINT('Ctrl Pts',(164.806125295863,1520.62749730908,1038.34364459083));
#7179=CARTESIAN_POINT('Ctrl Pts',(102.402766629864,1583.88530454885,771.671822295418));
#7180=CARTESIAN_POINT('Ctrl Pts',(40.,1647.14285714286,505.));
#7181=CARTESIAN_POINT('Ctrl Pts',(206.860991343739,1391.95381200002,1305.01546688625));
#7182=CARTESIAN_POINT('Ctrl Pts',(151.240985983777,1417.49334766306,1038.34364459083));
#7183=CARTESIAN_POINT('Ctrl Pts',(95.62000539767,1443.03189294666,771.671822295418));
#7184=CARTESIAN_POINT('Ctrl Pts',(40.,1468.57142857143,505.));
#7185=CARTESIAN_POINT('Ctrl Pts',(196.573379502564,1324.22320672857,1305.01546688625));
#7186=CARTESIAN_POINT('Ctrl Pts',(144.382080778346,1312.81532604511,1038.34364459083));
#7187=CARTESIAN_POINT('Ctrl Pts',(92.1912987042414,1301.40788066663,771.671822295418));
#7188=CARTESIAN_POINT('Ctrl Pts',(40.,1290.,505.));
#7189=CARTESIAN_POINT('Ctrl Pts',(196.578635402916,1263.32731088795,1305.01546688625));
#7190=CARTESIAN_POINT('Ctrl Pts',(144.386831572451,1219.30893479756,1038.34364459083));
#7191=CARTESIAN_POINT('Ctrl Pts',(92.1918039551139,1175.28821745076,771.671822295418));
#7192=CARTESIAN_POINT('Ctrl Pts',(40.,1131.26984126984,505.));
#7193=CARTESIAN_POINT('Ctrl Pts',(205.159761596179,1195.46961614887,1305.01546688625));
#7194=CARTESIAN_POINT('Ctrl Pts',(150.105964213489,1114.54549727485,1038.34364459083));
#7195=CARTESIAN_POINT('Ctrl Pts',(95.0537973196457,1033.62253152785,771.671822295418));
#7196=CARTESIAN_POINT('Ctrl Pts',(40.,952.698412698413,505.));
#7197=CARTESIAN_POINT('Ctrl Pts',(230.135105984708,1107.39409958578,1305.01546688625));
#7198=CARTESIAN_POINT('Ctrl Pts',(166.758261418323,976.465266197187,1038.34364459083));
#7199=CARTESIAN_POINT('Ctrl Pts',(103.37684474317,845.532008162847,771.671822295418));
#7200=CARTESIAN_POINT('Ctrl Pts',(40.,714.603174603175,505.));
#7201=CARTESIAN_POINT('Ctrl Pts',(291.998310904475,1001.27414454894,1305.01546688625));
#7202=CARTESIAN_POINT('Ctrl Pts',(207.997181203566,799.893836993838,1038.34364459083));
#7203=CARTESIAN_POINT('Ctrl Pts',(124.001129504564,598.518643204258,771.671822295418));
#7204=CARTESIAN_POINT('Ctrl Pts',(40.,397.138335846877,505.));
#7205=CARTESIAN_POINT('Ctrl Pts',(359.964481254324,939.074843921606,1305.01546688625));
#7206=CARTESIAN_POINT('Ctrl Pts',(253.310786810694,679.066072269556,1038.34364459083));
#7207=CARTESIAN_POINT('Ctrl Pts',(146.653694575008,419.047348492517,771.671822295418));
#7208=CARTESIAN_POINT('Ctrl Pts',(40.,159.038576455658,505.));
#7209=CARTESIAN_POINT('Ctrl Pts',(397.798634005814,913.719161812024,1305.01546688625));
#7210=CARTESIAN_POINT('Ctrl Pts',(278.532422541495,622.474919534046,1038.34364459083));
#7211=CARTESIAN_POINT('Ctrl Pts',(159.266211464304,331.230678389992,771.671822295418));
#7212=CARTESIAN_POINT('Ctrl Pts',(40.,39.9864361120588,505.));
#7213=CARTESIAN_POINT('',(457.123306607992,1699.88727859068,1305.));
#7214=CARTESIAN_POINT('',(397.787406167843,913.705158795975,1305.));
#7215=CARTESIAN_POINT('Ctrl Pts',(397.787298918065,913.709863708272,1305.00332856539));
#7216=CARTESIAN_POINT('Ctrl Pts',(278.523191884057,622.47324226792,1038.33555237692));
#7217=CARTESIAN_POINT('Ctrl Pts',(159.259085057852,331.236621440346,771.667776188463));
#7218=CARTESIAN_POINT('Ctrl Pts',(39.9949780238464,40.,505.));
#7219=CARTESIAN_POINT('Ctrl Pts',(416.249479000564,901.335177026703,1305.00332856539));
#7220=CARTESIAN_POINT('Ctrl Pts',(310.197750666082,614.225814253898,1038.33555237693));
#7221=CARTESIAN_POINT('Ctrl Pts',(204.143618465621,327.109362831793,771.667776188462));
#7222=CARTESIAN_POINT('Ctrl Pts',(98.0918901111359,40.,505.));
#7223=CARTESIAN_POINT('Ctrl Pts',(455.00061604927,879.317079856453,1305.00332856539));
#7224=CARTESIAN_POINT('Ctrl Pts',(374.761622051768,599.543934679987,1038.33555237692));
#7225=CARTESIAN_POINT('Ctrl Pts',(294.523034287785,319.773145156863,771.667776188462));
#7226=CARTESIAN_POINT('Ctrl Pts',(214.284040293663,40.,505.));
#7227=CARTESIAN_POINT('Ctrl Pts',(538.111879857367,847.080694620974,1305.00332856539));
#7228=CARTESIAN_POINT('Ctrl Pts',(507.630383679557,578.05526393549,1038.33555237692));
#7229=CARTESIAN_POINT('Ctrl Pts',(477.148162850509,309.02543072212,771.667776188462));
#7230=CARTESIAN_POINT('Ctrl Pts',(446.666666666667,40.,505.));
#7231=CARTESIAN_POINT('Ctrl Pts',(649.202858271864,830.403146328131,1305.00332856539));
#7232=CARTESIAN_POINT('Ctrl Pts',(678.516477152537,566.93345699987,1038.33555237692));
#7233=CARTESIAN_POINT('Ctrl Pts',(707.829238269324,303.469689278984,771.667776188462));
#7234=CARTESIAN_POINT('Ctrl Pts',(737.142857142857,40.,505.));
#7235=CARTESIAN_POINT('Ctrl Pts',(760.352428844539,846.693124692969,1305.00332856539));
#7236=CARTESIAN_POINT('Ctrl Pts',(849.441231019437,577.79718314618,1038.33555237693));
#7237=CARTESIAN_POINT('Ctrl Pts',(938.531919420502,308.895941590893,771.667776188463));
#7238=CARTESIAN_POINT('Ctrl Pts',(1027.6207216111,40.,505.));
#7239=CARTESIAN_POINT('Ctrl Pts',(822.769673935779,870.653337295689,1305.00332856539));
#7240=CARTESIAN_POINT('Ctrl Pts',(949.150268822859,593.765824247888,1038.33555237692));
#7241=CARTESIAN_POINT('Ctrl Pts',(1075.52751502965,316.887512971231,771.667776188463));
#7242=CARTESIAN_POINT('Ctrl Pts',(1201.90810988885,40.,505.));
#7243=CARTESIAN_POINT('Ctrl Pts',(842.880053970615,880.116781481277,1305.00332856539));
#7244=CARTESIAN_POINT('Ctrl Pts',(981.921709875967,600.077854586001,1038.33555237693));
#7245=CARTESIAN_POINT('Ctrl Pts',(1120.96336607079,320.03892689528,771.667776188463));
#7246=CARTESIAN_POINT('Ctrl Pts',(1260.00502197615,40.,505.));
#7247=CARTESIAN_POINT('',(842.880051114043,880.112467990355,1305.));
#7248=CARTESIAN_POINT('Ctrl Pts',(842.860902223374,880.12579375221,1305.01724112997));
#7249=CARTESIAN_POINT('Ctrl Pts',(981.907268214122,600.074079597112,1038.34482741998));
#7250=CARTESIAN_POINT('Ctrl Pts',(1120.95363400926,320.022365836296,771.672413709992));
#7251=CARTESIAN_POINT('Ctrl Pts',(1260.,39.9706516812153,505.));
#7252=CARTESIAN_POINT('Ctrl Pts',(863.469480456651,889.821546426431,1305.01724112997));
#7253=CARTESIAN_POINT('Ctrl Pts',(995.646188069877,626.382712160835,1038.34482741998));
#7254=CARTESIAN_POINT('Ctrl Pts',(1127.82329236968,362.943078278014,771.672413709992));
#7255=CARTESIAN_POINT('Ctrl Pts',(1260.,99.5042439779531,505.));
#7256=CARTESIAN_POINT('Ctrl Pts',(903.217618998757,912.325401364952,1305.01724112997));
#7257=CARTESIAN_POINT('Ctrl Pts',(1022.14504374686,681.070795070421,1038.34482741998));
#7258=CARTESIAN_POINT('Ctrl Pts',(1141.0725752473,449.816252090302,771.672413709992));
#7259=CARTESIAN_POINT('Ctrl Pts',(1260.,218.561645798501,505.));
#7260=CARTESIAN_POINT('Ctrl Pts',(957.089980924973,954.654514819403,1305.01724112997));
#7261=CARTESIAN_POINT('Ctrl Pts',(1058.05994469347,768.8172378708,1038.34482741998));
#7262=CARTESIAN_POINT('Ctrl Pts',(1159.03003622599,582.980134083997,771.672413709992));
#7263=CARTESIAN_POINT('Ctrl Pts',(1260.,397.142857142857,505.));
#7264=CARTESIAN_POINT('Ctrl Pts',(1003.98697514898,1004.5950117242,1305.01724112997));
#7265=CARTESIAN_POINT('Ctrl Pts',(1089.32438053434,861.634908150438,1038.34482741998));
#7266=CARTESIAN_POINT('Ctrl Pts',(1174.66259457978,718.674389305947,771.672413709992));
#7267=CARTESIAN_POINT('Ctrl Pts',(1260.,575.714285714286,505.));
#7268=CARTESIAN_POINT('Ctrl Pts',(1042.84964276544,1061.01333543406,1305.01724112997));
#7269=CARTESIAN_POINT('Ctrl Pts',(1115.23277567402,958.770726006405,1038.34482741998));
#7270=CARTESIAN_POINT('Ctrl Pts',(1187.6168670501,856.528323704441,771.672413709992));
#7271=CARTESIAN_POINT('Ctrl Pts',(1260.,754.285714285714,505.));
#7272=CARTESIAN_POINT('Ctrl Pts',(1072.79386267137,1122.63020350608,1305.01724112997));
#7273=CARTESIAN_POINT('Ctrl Pts',(1135.19563577758,1059.3726073502,1038.34482741998));
#7274=CARTESIAN_POINT('Ctrl Pts',(1197.59822685854,996.114739024743,771.672413709992));
#7275=CARTESIAN_POINT('Ctrl Pts',(1260.,932.857142857143,505.));
#7276=CARTESIAN_POINT('Ctrl Pts',(1093.14198766878,1188.04599637611,1305.01724112997));
#7277=CARTESIAN_POINT('Ctrl Pts',(1148.76099111349,1162.50649435702,1038.34482741998));
#7278=CARTESIAN_POINT('Ctrl Pts',(1204.3809965121,1136.96807340106,771.672413709992));
#7279=CARTESIAN_POINT('Ctrl Pts',(1260.,1111.42857142857,505.));
#7280=CARTESIAN_POINT('Ctrl Pts',(1103.42952768313,1255.77636213973,1305.01724112997));
#7281=CARTESIAN_POINT('Ctrl Pts',(1155.61982733926,1267.18434827724,1038.34482741998));
#7282=CARTESIAN_POINT('Ctrl Pts',(1207.80970036225,1278.59201387631,771.672413709992));
#7283=CARTESIAN_POINT('Ctrl Pts',(1260.,1290.,505.));
#7284=CARTESIAN_POINT('Ctrl Pts',(1103.42426542312,1316.6720019658,1305.01724112997));
#7285=CARTESIAN_POINT('Ctrl Pts',(1155.61506366461,1360.69056212968,1038.34482741998));
#7286=CARTESIAN_POINT('Ctrl Pts',(1207.80920161456,1404.71159845956,771.672413709992));
#7287=CARTESIAN_POINT('Ctrl Pts',(1260.,1448.73015873016,505.));
#7288=CARTESIAN_POINT('Ctrl Pts',(1094.84312067083,1384.52944247607,1305.01724112997));
#7289=CARTESIAN_POINT('Ctrl Pts',(1149.89592196292,1465.45382425058,1038.34482741998));
#7290=CARTESIAN_POINT('Ctrl Pts',(1204.94719877362,1546.37720557018,771.672413709991));
#7291=CARTESIAN_POINT('Ctrl Pts',(1260.,1627.30158730159,505.));
#7292=CARTESIAN_POINT('Ctrl Pts',(1069.86769893725,1472.60461970002,1305.01724112997));
#7293=CARTESIAN_POINT('Ctrl Pts',(1133.24356415069,1603.53382850458,1038.34482741998));
#7294=CARTESIAN_POINT('Ctrl Pts',(1196.62413458376,1734.4676163949,771.672413709992));
#7295=CARTESIAN_POINT('Ctrl Pts',(1260.,1865.39682539683,505.));
#7296=CARTESIAN_POINT('Ctrl Pts',(1008.00343029331,1578.72583527024,1305.01724112997));
#7297=CARTESIAN_POINT('Ctrl Pts',(1092.00396937513,1780.10784105345,1038.34482741998));
#7298=CARTESIAN_POINT('Ctrl Pts',(1175.99946113572,1981.48492005921,771.672413709992));
#7299=CARTESIAN_POINT('Ctrl Pts',(1260.,2182.86692563007,505.));
#7300=CARTESIAN_POINT('Ctrl Pts',(940.035163124658,1640.92592166429,1305.01724112997));
#7301=CARTESIAN_POINT('Ctrl Pts',(1046.68897572307,1900.93794575049,1038.34482741998));
#7302=CARTESIAN_POINT('Ctrl Pts',(1153.34618725509,2160.95992198311,771.672413709992));
#7303=CARTESIAN_POINT('Ctrl Pts',(1260.,2420.97194649824,505.));
#7304=CARTESIAN_POINT('Ctrl Pts',(902.198914032503,1666.2820087337,1305.01724112997));
#7305=CARTESIAN_POINT('Ctrl Pts',(1021.46594296766,1957.5311227466,1038.34482741998));
#7306=CARTESIAN_POINT('Ctrl Pts',(1140.73297106489,2248.78023430599,771.672413709992));
#7307=CARTESIAN_POINT('Ctrl Pts',(1260.,2540.02934831878,505.));
#7308=CARTESIAN_POINT('',(902.215951554192,1666.29458778506,1305.));
#7309=CARTESIAN_POINT('Ctrl Pts',(902.21604032627,1666.28981725594,1305.00338461116));
#7310=CARTESIAN_POINT('Ctrl Pts',(1021.47904117474,1957.52654504239,1038.33558974078));
#7311=CARTESIAN_POINT('Ctrl Pts',(1140.74204181455,2248.76327221355,771.667794870388));
#7312=CARTESIAN_POINT('Ctrl Pts',(1260.00504266302,2540.,505.));
#7313=CARTESIAN_POINT('Ctrl Pts',(883.753861047735,1678.66450660016,1305.00338461116));
#7314=CARTESIAN_POINT('Ctrl Pts',(989.804480629926,1965.77397483008,1038.33558974078));
#7315=CARTESIAN_POINT('Ctrl Pts',(1095.85750407758,2252.8905317101,771.667794870389));
#7316=CARTESIAN_POINT('Ctrl Pts',(1201.90812368011,2540.,505.));
#7317=CARTESIAN_POINT('Ctrl Pts',(845.002674551468,1700.68252735683,1305.00338461116));
#7318=CARTESIAN_POINT('Ctrl Pts',(925.240556400947,1980.45577692528,1038.33558974078));
#7319=CARTESIAN_POINT('Ctrl Pts',(1005.47808475547,2260.22675045081,771.667794870389));
#7320=CARTESIAN_POINT('Ctrl Pts',(1085.71596660197,2540.,505.));
#7321=CARTESIAN_POINT('Ctrl Pts',(761.891387338696,1732.9189569556,1305.00338461116));
#7322=CARTESIAN_POINT('Ctrl Pts',(792.371766405721,2001.94449096058,1038.33558974078));
#7323=CARTESIAN_POINT('Ctrl Pts',(822.852954259467,2270.97446595744,771.667794870388));
#7324=CARTESIAN_POINT('Ctrl Pts',(853.333333333334,2540.,505.));
#7325=CARTESIAN_POINT('Ctrl Pts',(650.800456089693,1749.59662410616,1305.00338461116));
#7326=CARTESIAN_POINT('Ctrl Pts',(621.485715909449,2013.06641636714,1038.33558974078));
#7327=CARTESIAN_POINT('Ctrl Pts',(592.171883029712,2276.5302077898,771.667794870389));
#7328=CARTESIAN_POINT('Ctrl Pts',(562.857142857143,2540.,505.));
#7329=CARTESIAN_POINT('Ctrl Pts',(539.650917050263,1733.3066808767,1305.00338461116));
#7330=CARTESIAN_POINT('Ctrl Pts',(450.560987969693,2002.20272586391,1038.33558974078));
#7331=CARTESIAN_POINT('Ctrl Pts',(361.46920058957,2271.10395496893,771.667794870388));
#7332=CARTESIAN_POINT('Ctrl Pts',(272.379271493278,2540.,505.));
#7333=CARTESIAN_POINT('Ctrl Pts',(477.233705423472,1709.34634919241,1305.00338461116));
#7334=CARTESIAN_POINT('Ctrl Pts',(350.851979485798,1986.23396674512,1038.33558974078));
#7335=CARTESIAN_POINT('Ctrl Pts',(224.473602229229,2263.11238252516,771.667794870389));
#7336=CARTESIAN_POINT('Ctrl Pts',(98.0918763198893,2540.,505.));
#7337=CARTESIAN_POINT('Ctrl Pts',(457.123325827312,1699.88290287299,1305.00338461116));
#7338=CARTESIAN_POINT('Ctrl Pts',(318.080536427424,1979.92193498241,1038.33558974078));
#7339=CARTESIAN_POINT('Ctrl Pts',(179.037746736866,2259.96096789057,771.667794870388));
#7340=CARTESIAN_POINT('Ctrl Pts',(39.9949573369769,2540.,505.));
#7341=CARTESIAN_POINT('',(0.,0.,0.));
#7342=CARTESIAN_POINT('Origin',(0.,-11.5325625946708,0.));
#7343=CARTESIAN_POINT('',(-447.,-11.5325625946708,-5.47417119218867E-14));
#7344=CARTESIAN_POINT('',(-5.47417119218867E-14,-11.5325625946708,447.));
#7345=CARTESIAN_POINT('Origin',(0.,-11.5325625946708,0.));
#7346=CARTESIAN_POINT('',(-5.51373670416112E-14,-6.20984139713043,450.230769230769));
#7347=CARTESIAN_POINT('Origin',(-5.54765000013751E-14,-11.5325625946708,
453.));
#7348=CARTESIAN_POINT('Origin',(0.,-6.20984139713043,0.));
#7349=CARTESIAN_POINT('Origin',(0.,-11.5325625946708,0.));
#7350=CARTESIAN_POINT('Origin',(0.,-53.5,0.));
#7351=CARTESIAN_POINT('',(-447.,-100.,-5.47417119218867E-14));
#7352=CARTESIAN_POINT('Origin',(0.,-100.,0.));
#7353=CARTESIAN_POINT('',(-447.,-53.5,-5.47417119218867E-14));
#7354=CARTESIAN_POINT('Origin',(0.,11.5325625946708,0.));
#7355=CARTESIAN_POINT('',(-5.51373670416112E-14,6.20984139713048,450.230769230769));
#7356=CARTESIAN_POINT('Origin',(0.,6.20984139713048,0.));
#7357=CARTESIAN_POINT('',(-5.47417119218867E-14,11.5325625946708,447.));
#7358=CARTESIAN_POINT('Origin',(-5.54765000013751E-14,11.5325625946708,
453.));
#7359=CARTESIAN_POINT('',(-447.,11.5325625946708,-5.47417119218867E-14));
#7360=CARTESIAN_POINT('Origin',(0.,11.5325625946708,0.));
#7361=CARTESIAN_POINT('Origin',(0.,11.5325625946708,0.));
#7362=CARTESIAN_POINT('Origin',(0.,53.5,0.));
#7363=CARTESIAN_POINT('',(-447.,100.,-5.47417119218867E-14));
#7364=CARTESIAN_POINT('',(-447.,53.5,-5.47417119218867E-14));
#7365=CARTESIAN_POINT('Origin',(0.,100.,0.));
#7366=CARTESIAN_POINT('Origin',(0.,2.66453525910038E-14,0.));
#7367=CARTESIAN_POINT('',(-445.,4.58257569495582,-5.44967825620572E-14));
#7368=CARTESIAN_POINT('',(-5.44967825620572E-14,4.58257569495582,445.));
#7369=CARTESIAN_POINT('Origin',(0.,4.58257569495582,0.));
#7370=CARTESIAN_POINT('Origin',(0.,4.58257569495582,0.));
#7371=CARTESIAN_POINT('',(-5.44967825620572E-14,-4.58257569495579,445.));
#7372=CARTESIAN_POINT('Origin',(-5.47417119218867E-14,2.66453525910038E-14,
447.));
#7373=CARTESIAN_POINT('',(-445.,-4.58257569495579,-5.44967825620572E-14));
#7374=CARTESIAN_POINT('Origin',(0.,-4.58257569495579,0.));
#7375=CARTESIAN_POINT('Origin',(0.,-4.58257569495579,0.));
#7376=CARTESIAN_POINT('Origin',(0.,52.2912878474779,0.));
#7377=CARTESIAN_POINT('',(-445.,100.,-5.44967825620572E-14));
#7378=CARTESIAN_POINT('Origin',(0.,100.,0.));
#7379=CARTESIAN_POINT('',(-445.,52.2912878474779,-5.44967825620572E-14));
#7380=CARTESIAN_POINT('Origin',(447.,100.,0.));
#7381=CARTESIAN_POINT('Origin',(0.,2.66453525910038E-14,0.));
#7382=CARTESIAN_POINT('Origin',(-5.47417119218867E-14,2.66453525910038E-14,
447.));
#7383=CARTESIAN_POINT('Origin',(445.,-100.,0.));
#7384=CARTESIAN_POINT('',(-445.,-100.,-5.44967825620572E-14));
#7385=CARTESIAN_POINT('Origin',(0.,-100.,0.));
#7386=CARTESIAN_POINT('Origin',(0.,-52.2912878474779,0.));
#7387=CARTESIAN_POINT('',(-445.,-52.2912878474779,-5.44967825620572E-14));
#7388=CARTESIAN_POINT('',(0.,0.,0.));
#7389=CARTESIAN_POINT('',(0.,0.,0.));
#7390=CARTESIAN_POINT('Origin',(0.,0.,0.));
#7391=CARTESIAN_POINT('',(-407.,-4.98431247252973E-14,560.));
#7392=CARTESIAN_POINT('Origin',(0.,0.,560.));
#7393=CARTESIAN_POINT('',(-407.,-4.98431247252973E-14,0.));
#7394=CARTESIAN_POINT('',(-407.,-4.98431247252973E-14,0.));
#7395=CARTESIAN_POINT('Origin',(0.,0.,0.));
#7396=CARTESIAN_POINT('Origin',(0.,0.,560.));
#7397=CARTESIAN_POINT('',(-405.,-4.95981953654678E-14,560.));
#7398=CARTESIAN_POINT('Origin',(0.,0.,560.));
#7399=CARTESIAN_POINT('Origin',(0.,0.,0.));
#7400=CARTESIAN_POINT('',(-405.,-4.95981953654678E-14,-1.38777878078145E-16));
#7401=CARTESIAN_POINT('Origin',(0.,0.,0.));
#7402=CARTESIAN_POINT('Origin',(0.,0.,-1.));
#7403=CARTESIAN_POINT('',(-405.,-4.95981953654678E-14,-1.));
#7404=CARTESIAN_POINT('',(0.,0.,0.));
#7405=CARTESIAN_POINT('Origin',(0.,0.,0.));
#7406=CARTESIAN_POINT('',(-442.,-5.4129388522313E-14,2.));
#7407=CARTESIAN_POINT('Origin',(0.,0.,2.));
#7408=CARTESIAN_POINT('',(-442.,-5.4129388522313E-14,0.));
#7409=CARTESIAN_POINT('',(-442.,-5.4129388522313E-14,0.));
#7410=CARTESIAN_POINT('Origin',(0.,0.,0.));
#7411=CARTESIAN_POINT('Origin',(0.,0.,2.));
#7412=CARTESIAN_POINT('',(-220.75,-370.2258601178,2.));
#7413=CARTESIAN_POINT('Origin',(-213.75,-370.2258601178,2.));
#7414=CARTESIAN_POINT('',(-7.00000000000008,-427.5,2.));
#7415=CARTESIAN_POINT('Origin',(-7.853047599532E-14,-427.5,2.));
#7416=CARTESIAN_POINT('',(-377.2258601178,-213.75,2.));
#7417=CARTESIAN_POINT('Origin',(-370.2258601178,-213.75,2.));
#7418=CARTESIAN_POINT('',(206.75,-370.2258601178,2.));
#7419=CARTESIAN_POINT('Origin',(213.75,-370.2258601178,2.));
#7420=CARTESIAN_POINT('',(363.22586011784,-213.75,2.));
#7421=CARTESIAN_POINT('Origin',(370.22586011784,-213.75,2.));
#7422=CARTESIAN_POINT('',(-434.5,5.14963979041468E-14,2.));
#7423=CARTESIAN_POINT('Origin',(-427.5,5.235365066355E-14,2.));
#7424=CARTESIAN_POINT('',(-377.2258601178,213.75,2.));
#7425=CARTESIAN_POINT('Origin',(-370.2258601178,213.75,2.));
#7426=CARTESIAN_POINT('',(-220.75,370.22586011784,2.));
#7427=CARTESIAN_POINT('Origin',(-213.75,370.22586011784,2.));
#7428=CARTESIAN_POINT('',(-405.,-4.95981953654678E-14,2.));
#7429=CARTESIAN_POINT('Origin',(0.,0.,2.));
#7430=CARTESIAN_POINT('',(420.5,-8.57252759403147E-16,2.));
#7431=CARTESIAN_POINT('Origin',(427.5,0.,2.));
#7432=CARTESIAN_POINT('',(363.22586011784,213.75,2.));
#7433=CARTESIAN_POINT('Origin',(370.22586011784,213.75,2.));
#7434=CARTESIAN_POINT('',(-6.99999999999997,427.5,2.));
#7435=CARTESIAN_POINT('Origin',(2.617682533177E-14,427.5,2.));
#7436=CARTESIAN_POINT('',(206.75,370.22586011784,2.));
#7437=CARTESIAN_POINT('Origin',(213.75,370.22586011784,2.));
#7438=CARTESIAN_POINT('Origin',(0.,0.,0.));
#7439=CARTESIAN_POINT('',(-220.75,-370.2258601178,0.));
#7440=CARTESIAN_POINT('Origin',(-213.75,-370.2258601178,0.));
#7441=CARTESIAN_POINT('',(-7.00000000000008,-427.5,0.));
#7442=CARTESIAN_POINT('Origin',(-7.853047599532E-14,-427.5,0.));
#7443=CARTESIAN_POINT('',(-377.2258601178,-213.75,0.));
#7444=CARTESIAN_POINT('Origin',(-370.2258601178,-213.75,0.));
#7445=CARTESIAN_POINT('',(206.75,-370.2258601178,0.));
#7446=CARTESIAN_POINT('Origin',(213.75,-370.2258601178,0.));
#7447=CARTESIAN_POINT('',(363.22586011784,-213.75,0.));
#7448=CARTESIAN_POINT('Origin',(370.22586011784,-213.75,0.));
#7449=CARTESIAN_POINT('',(-434.5,5.14963979041468E-14,0.));
#7450=CARTESIAN_POINT('Origin',(-427.5,5.235365066355E-14,0.));
#7451=CARTESIAN_POINT('',(-377.2258601178,213.75,0.));
#7452=CARTESIAN_POINT('Origin',(-370.2258601178,213.75,0.));
#7453=CARTESIAN_POINT('',(-220.75,370.22586011784,0.));
#7454=CARTESIAN_POINT('Origin',(-213.75,370.22586011784,0.));
#7455=CARTESIAN_POINT('',(-405.,-4.95981953654678E-14,-1.38777878078145E-16));
#7456=CARTESIAN_POINT('Origin',(0.,0.,0.));
#7457=CARTESIAN_POINT('',(420.5,-8.57252759403147E-16,0.));
#7458=CARTESIAN_POINT('Origin',(427.5,0.,0.));
#7459=CARTESIAN_POINT('',(363.22586011784,213.75,0.));
#7460=CARTESIAN_POINT('Origin',(370.22586011784,213.75,0.));
#7461=CARTESIAN_POINT('',(-6.99999999999997,427.5,0.));
#7462=CARTESIAN_POINT('Origin',(2.617682533177E-14,427.5,0.));
#7463=CARTESIAN_POINT('',(206.75,370.22586011784,0.));
#7464=CARTESIAN_POINT('Origin',(213.75,370.22586011784,0.));
#7465=CARTESIAN_POINT('Origin',(-213.75,-370.2258601178,-1.));
#7466=CARTESIAN_POINT('',(-220.75,-370.2258601178,-1.));
#7467=CARTESIAN_POINT('Origin',(-7.853047599532E-14,-427.5,-1.));
#7468=CARTESIAN_POINT('',(-7.00000000000008,-427.5,-1.));
#7469=CARTESIAN_POINT('Origin',(-370.2258601178,-213.75,-1.));
#7470=CARTESIAN_POINT('',(-377.2258601178,-213.75,-1.));
#7471=CARTESIAN_POINT('Origin',(213.75,-370.2258601178,-1.));
#7472=CARTESIAN_POINT('',(206.75,-370.2258601178,-1.));
#7473=CARTESIAN_POINT('Origin',(370.22586011784,-213.75,-1.));
#7474=CARTESIAN_POINT('',(363.22586011784,-213.75,-1.));
#7475=CARTESIAN_POINT('Origin',(-427.5,5.235365066355E-14,-1.));
#7476=CARTESIAN_POINT('',(-434.5,5.14963979041468E-14,-1.));
#7477=CARTESIAN_POINT('Origin',(-370.2258601178,213.75,-1.));
#7478=CARTESIAN_POINT('',(-377.2258601178,213.75,-1.));
#7479=CARTESIAN_POINT('Origin',(-213.75,370.22586011784,-1.));
#7480=CARTESIAN_POINT('',(-220.75,370.22586011784,-1.));
#7481=CARTESIAN_POINT('Origin',(0.,0.,-1.));
#7482=CARTESIAN_POINT('',(-405.,-4.95981953654678E-14,-1.));
#7483=CARTESIAN_POINT('Origin',(427.5,0.,-1.));
#7484=CARTESIAN_POINT('',(420.5,-8.57252759403147E-16,-1.));
#7485=CARTESIAN_POINT('Origin',(370.22586011784,213.75,-1.));
#7486=CARTESIAN_POINT('',(363.22586011784,213.75,-1.));
#7487=CARTESIAN_POINT('Origin',(2.617682533177E-14,427.5,-1.));
#7488=CARTESIAN_POINT('',(-6.99999999999997,427.5,-1.));
#7489=CARTESIAN_POINT('Origin',(213.75,370.22586011784,-1.));
#7490=CARTESIAN_POINT('',(206.75,370.22586011784,-1.));
#7491=CARTESIAN_POINT('',(0.,0.,0.));
#7492=CARTESIAN_POINT('Origin',(0.,0.,558.));
#7493=CARTESIAN_POINT('',(-442.,-5.4129388522313E-14,560.));
#7494=CARTESIAN_POINT('Origin',(0.,0.,560.));
#7495=CARTESIAN_POINT('',(-442.,-5.4129388522313E-14,558.));
#7496=CARTESIAN_POINT('',(-442.,-5.4129388522313E-14,558.));
#7497=CARTESIAN_POINT('Origin',(0.,0.,558.));
#7498=CARTESIAN_POINT('Origin',(0.,0.,560.));
#7499=CARTESIAN_POINT('',(-220.75,-370.2258601178,560.));
#7500=CARTESIAN_POINT('Origin',(-213.75,-370.2258601178,560.));
#7501=CARTESIAN_POINT('',(-7.00000000000008,-427.5,560.));
#7502=CARTESIAN_POINT('Origin',(-7.853047599532E-14,-427.5,560.));
#7503=CARTESIAN_POINT('',(-377.2258601178,-213.75,560.));
#7504=CARTESIAN_POINT('Origin',(-370.2258601178,-213.75,560.));
#7505=CARTESIAN_POINT('',(206.75,-370.2258601178,560.));
#7506=CARTESIAN_POINT('Origin',(213.75,-370.2258601178,560.));
#7507=CARTESIAN_POINT('',(363.22586011784,-213.75,560.));
#7508=CARTESIAN_POINT('Origin',(370.22586011784,-213.75,560.));
#7509=CARTESIAN_POINT('',(-434.5,5.14963979041468E-14,560.));
#7510=CARTESIAN_POINT('Origin',(-427.5,5.235365066355E-14,560.));
#7511=CARTESIAN_POINT('',(-377.2258601178,213.75,560.));
#7512=CARTESIAN_POINT('Origin',(-370.2258601178,213.75,560.));
#7513=CARTESIAN_POINT('',(-220.75,370.22586011784,560.));
#7514=CARTESIAN_POINT('Origin',(-213.75,370.22586011784,560.));
#7515=CARTESIAN_POINT('',(-405.,-4.95981953654678E-14,560.));
#7516=CARTESIAN_POINT('Origin',(0.,0.,560.));
#7517=CARTESIAN_POINT('',(420.5,-8.57252759403147E-16,560.));
#7518=CARTESIAN_POINT('Origin',(427.5,0.,560.));
#7519=CARTESIAN_POINT('',(363.22586011784,213.75,560.));
#7520=CARTESIAN_POINT('Origin',(370.22586011784,213.75,560.));
#7521=CARTESIAN_POINT('',(-6.99999999999997,427.5,560.));
#7522=CARTESIAN_POINT('Origin',(2.617682533177E-14,427.5,560.));
#7523=CARTESIAN_POINT('',(206.75,370.22586011784,560.));
#7524=CARTESIAN_POINT('Origin',(213.75,370.22586011784,560.));
#7525=CARTESIAN_POINT('Origin',(0.,0.,558.));
#7526=CARTESIAN_POINT('',(-220.75,-370.2258601178,558.));
#7527=CARTESIAN_POINT('Origin',(-213.75,-370.2258601178,558.));
#7528=CARTESIAN_POINT('',(-7.00000000000008,-427.5,558.));
#7529=CARTESIAN_POINT('Origin',(-7.853047599532E-14,-427.5,558.));
#7530=CARTESIAN_POINT('',(-377.2258601178,-213.75,558.));
#7531=CARTESIAN_POINT('Origin',(-370.2258601178,-213.75,558.));
#7532=CARTESIAN_POINT('',(206.75,-370.2258601178,558.));
#7533=CARTESIAN_POINT('Origin',(213.75,-370.2258601178,558.));
#7534=CARTESIAN_POINT('',(363.22586011784,-213.75,558.));
#7535=CARTESIAN_POINT('Origin',(370.22586011784,-213.75,558.));
#7536=CARTESIAN_POINT('',(-434.5,5.14963979041468E-14,558.));
#7537=CARTESIAN_POINT('Origin',(-427.5,5.235365066355E-14,558.));
#7538=CARTESIAN_POINT('',(-377.2258601178,213.75,558.));
#7539=CARTESIAN_POINT('Origin',(-370.2258601178,213.75,558.));
#7540=CARTESIAN_POINT('',(-220.75,370.22586011784,558.));
#7541=CARTESIAN_POINT('Origin',(-213.75,370.22586011784,558.));
#7542=CARTESIAN_POINT('',(-405.,-4.95981953654678E-14,558.));
#7543=CARTESIAN_POINT('Origin',(0.,0.,558.));
#7544=CARTESIAN_POINT('',(420.5,-8.57252759403147E-16,558.));
#7545=CARTESIAN_POINT('Origin',(427.5,0.,558.));
#7546=CARTESIAN_POINT('',(363.22586011784,213.75,558.));
#7547=CARTESIAN_POINT('Origin',(370.22586011784,213.75,558.));
#7548=CARTESIAN_POINT('',(-6.99999999999997,427.5,558.));
#7549=CARTESIAN_POINT('Origin',(2.617682533177E-14,427.5,558.));
#7550=CARTESIAN_POINT('',(206.75,370.22586011784,558.));
#7551=CARTESIAN_POINT('Origin',(213.75,370.22586011784,558.));
#7552=CARTESIAN_POINT('Origin',(-213.75,-370.2258601178,557.));
#7553=CARTESIAN_POINT('',(-220.75,-370.2258601178,557.));
#7554=CARTESIAN_POINT('Origin',(-7.853047599532E-14,-427.5,557.));
#7555=CARTESIAN_POINT('',(-7.00000000000008,-427.5,557.));
#7556=CARTESIAN_POINT('Origin',(-370.2258601178,-213.75,557.));
#7557=CARTESIAN_POINT('',(-377.2258601178,-213.75,557.));
#7558=CARTESIAN_POINT('Origin',(213.75,-370.2258601178,557.));
#7559=CARTESIAN_POINT('',(206.75,-370.2258601178,557.));
#7560=CARTESIAN_POINT('Origin',(370.22586011784,-213.75,557.));
#7561=CARTESIAN_POINT('',(363.22586011784,-213.75,557.));
#7562=CARTESIAN_POINT('Origin',(-427.5,5.235365066355E-14,557.));
#7563=CARTESIAN_POINT('',(-434.5,5.14963979041468E-14,557.));
#7564=CARTESIAN_POINT('Origin',(-370.2258601178,213.75,557.));
#7565=CARTESIAN_POINT('',(-377.2258601178,213.75,557.));
#7566=CARTESIAN_POINT('Origin',(-213.75,370.22586011784,557.));
#7567=CARTESIAN_POINT('',(-220.75,370.22586011784,557.));
#7568=CARTESIAN_POINT('Origin',(0.,0.,557.));
#7569=CARTESIAN_POINT('',(-405.,-4.95981953654678E-14,557.));
#7570=CARTESIAN_POINT('Origin',(427.5,0.,557.));
#7571=CARTESIAN_POINT('',(420.5,-8.57252759403147E-16,557.));
#7572=CARTESIAN_POINT('Origin',(370.22586011784,213.75,557.));
#7573=CARTESIAN_POINT('',(363.22586011784,213.75,557.));
#7574=CARTESIAN_POINT('Origin',(2.617682533177E-14,427.5,557.));
#7575=CARTESIAN_POINT('',(-6.99999999999997,427.5,557.));
#7576=CARTESIAN_POINT('Origin',(213.75,370.22586011784,557.));
#7577=CARTESIAN_POINT('',(206.75,370.22586011784,557.));
#7578=CARTESIAN_POINT('',(0.,0.,0.));
#7579=CARTESIAN_POINT('Origin',(0.,0.,350.));
#7580=CARTESIAN_POINT('',(-95.5,-1.16953769318572E-14,460.));
#7581=CARTESIAN_POINT('Origin',(0.,0.,460.));
#7582=CARTESIAN_POINT('',(-95.5,-1.16953769318572E-14,350.));
#7583=CARTESIAN_POINT('',(-95.5,-1.16953769318572E-14,350.));
#7584=CARTESIAN_POINT('Origin',(0.,0.,350.));
#7585=CARTESIAN_POINT('Origin',(0.,0.,460.));
#7586=CARTESIAN_POINT('Origin',(0.,0.,350.));
#7587=CARTESIAN_POINT('',(0.,0.,0.));
#7588=CARTESIAN_POINT('Ctrl Pts',(105.5,-34.45222393231,374.96594822343));
#7589=CARTESIAN_POINT('Ctrl Pts',(247.0324673783,-70.02812175261,350.95749137969));
#7590=CARTESIAN_POINT('Ctrl Pts',(395.,-68.43784599863,350.3327224469));
#7591=CARTESIAN_POINT('Ctrl Pts',(105.5,42.692833130875,421.31937496533));
#7592=CARTESIAN_POINT('Ctrl Pts',(247.0324673783,77.010561609983,449.17105427276));
#7593=CARTESIAN_POINT('Ctrl Pts',(395.,73.140128016978,453.19514159809));
#7594=CARTESIAN_POINT('',(105.5,-34.45222393231,374.96594822343));
#7595=CARTESIAN_POINT('',(105.5,42.692833130875,421.31937496533));
#7596=CARTESIAN_POINT('',(105.5,-34.45222393231,374.96594822343));
#7597=CARTESIAN_POINT('',(395.,73.140128016978,453.19514159809));
#7598=CARTESIAN_POINT('Ctrl Pts',(105.5,42.692833130875,421.31937496533));
#7599=CARTESIAN_POINT('Ctrl Pts',(247.0324673783,77.010561609983,449.17105427276));
#7600=CARTESIAN_POINT('Ctrl Pts',(395.,73.140128016978,453.19514159809));
#7601=CARTESIAN_POINT('',(395.,-68.43784599863,350.3327224469));
#7602=CARTESIAN_POINT('',(395.,-68.43784599863,350.3327224469));
#7603=CARTESIAN_POINT('Ctrl Pts',(105.5,-34.45222393231,374.96594822343));
#7604=CARTESIAN_POINT('Ctrl Pts',(247.0324673783,-70.02812175261,350.95749137969));
#7605=CARTESIAN_POINT('Ctrl Pts',(395.,-68.43784599863,350.3327224469));
#7606=CARTESIAN_POINT('Ctrl Pts',(105.5,42.692833130875,421.31937496533));
#7607=CARTESIAN_POINT('Ctrl Pts',(247.0324673783,77.010561609983,449.17105427276));
#7608=CARTESIAN_POINT('Ctrl Pts',(395.,73.140128016978,453.19514159809));
#7609=CARTESIAN_POINT('Ctrl Pts',(105.5,34.452223932315,435.03405177656));
#7610=CARTESIAN_POINT('Ctrl Pts',(247.0324673783,70.028121752615,459.0425086203));
#7611=CARTESIAN_POINT('Ctrl Pts',(395.,68.437845998638,459.66727755309));
#7612=CARTESIAN_POINT('',(105.5,34.452223932315,435.03405177656));
#7613=CARTESIAN_POINT('',(105.5,42.692833130875,421.31937496533));
#7614=CARTESIAN_POINT('',(395.,68.437845998638,459.66727755309));
#7615=CARTESIAN_POINT('Ctrl Pts',(105.5,34.452223932315,435.03405177656));
#7616=CARTESIAN_POINT('Ctrl Pts',(247.0324673783,70.028121752615,459.0425086203));
#7617=CARTESIAN_POINT('Ctrl Pts',(395.,68.437845998638,459.66727755309));
#7618=CARTESIAN_POINT('',(395.,73.140128016978,453.19514159809));
#7619=CARTESIAN_POINT('Ctrl Pts',(105.5,34.452223932315,435.03405177656));
#7620=CARTESIAN_POINT('Ctrl Pts',(247.0324673783,70.028121752615,459.0425086203));
#7621=CARTESIAN_POINT('Ctrl Pts',(395.,68.437845998638,459.66727755309));
#7622=CARTESIAN_POINT('Ctrl Pts',(105.5,-42.69283313087,388.68062503466));
#7623=CARTESIAN_POINT('Ctrl Pts',(247.0324673783,-77.01056160998,360.82894572723));
#7624=CARTESIAN_POINT('Ctrl Pts',(395.,-73.14012801697,356.8048584019));
#7625=CARTESIAN_POINT('',(105.5,-42.69283313087,388.68062503466));
#7626=CARTESIAN_POINT('',(105.5,34.452223932315,435.03405177656));
#7627=CARTESIAN_POINT('',(395.,-73.14012801697,356.8048584019));
#7628=CARTESIAN_POINT('Ctrl Pts',(105.5,-42.69283313087,388.68062503466));
#7629=CARTESIAN_POINT('Ctrl Pts',(247.0324673783,-77.01056160998,360.82894572723));
#7630=CARTESIAN_POINT('Ctrl Pts',(395.,-73.14012801697,356.8048584019));
#7631=CARTESIAN_POINT('',(395.,68.437845998638,459.66727755309));
#7632=CARTESIAN_POINT('Ctrl Pts',(105.5,-42.69283313087,388.68062503466));
#7633=CARTESIAN_POINT('Ctrl Pts',(247.0324673783,-77.01056160998,360.82894572723));
#7634=CARTESIAN_POINT('Ctrl Pts',(395.,-73.14012801697,356.8048584019));
#7635=CARTESIAN_POINT('Ctrl Pts',(105.5,-34.45222393231,374.96594822343));
#7636=CARTESIAN_POINT('Ctrl Pts',(247.0324673783,-70.02812175261,350.95749137969));
#7637=CARTESIAN_POINT('Ctrl Pts',(395.,-68.43784599863,350.3327224469));
#7638=CARTESIAN_POINT('',(105.5,-42.69283313087,388.68062503466));
#7639=CARTESIAN_POINT('',(395.,-73.14012801697,356.8048584019));
#7640=CARTESIAN_POINT('Origin',(105.5,-34.45222393231,374.96594822343));
#7641=CARTESIAN_POINT('Origin',(395.,-68.43784599863,350.3327224469));
#7642=CARTESIAN_POINT('Ctrl Pts',(34.452223932315,105.5,374.96594822343));
#7643=CARTESIAN_POINT('Ctrl Pts',(70.028121752615,247.0324673783,350.95749137969));
#7644=CARTESIAN_POINT('Ctrl Pts',(68.437845998638,395.,350.3327224469));
#7645=CARTESIAN_POINT('Ctrl Pts',(-42.69283313087,105.5,421.31937496533));
#7646=CARTESIAN_POINT('Ctrl Pts',(-77.01056160998,247.0324673783,449.17105427276));
#7647=CARTESIAN_POINT('Ctrl Pts',(-73.14012801697,395.,453.19514159809));
#7648=CARTESIAN_POINT('',(34.452223932315,105.5,374.96594822343));
#7649=CARTESIAN_POINT('',(-42.69283313087,105.5,421.31937496533));
#7650=CARTESIAN_POINT('',(34.452223932315,105.5,374.96594822343));
#7651=CARTESIAN_POINT('',(-73.14012801697,395.,453.19514159809));
#7652=CARTESIAN_POINT('Ctrl Pts',(-42.69283313087,105.5,421.31937496533));
#7653=CARTESIAN_POINT('Ctrl Pts',(-77.01056160998,247.0324673783,449.17105427276));
#7654=CARTESIAN_POINT('Ctrl Pts',(-73.14012801697,395.,453.19514159809));
#7655=CARTESIAN_POINT('',(68.437845998638,395.,350.3327224469));
#7656=CARTESIAN_POINT('',(68.437845998638,395.,350.3327224469));
#7657=CARTESIAN_POINT('Ctrl Pts',(34.452223932315,105.5,374.96594822343));
#7658=CARTESIAN_POINT('Ctrl Pts',(70.028121752615,247.0324673783,350.95749137969));
#7659=CARTESIAN_POINT('Ctrl Pts',(68.437845998638,395.,350.3327224469));
#7660=CARTESIAN_POINT('Ctrl Pts',(-42.69283313087,105.5,421.31937496533));
#7661=CARTESIAN_POINT('Ctrl Pts',(-77.01056160998,247.0324673783,449.17105427276));
#7662=CARTESIAN_POINT('Ctrl Pts',(-73.14012801697,395.,453.19514159809));
#7663=CARTESIAN_POINT('Ctrl Pts',(-34.45222393231,105.5,435.03405177656));
#7664=CARTESIAN_POINT('Ctrl Pts',(-70.02812175261,247.0324673783,459.0425086203));
#7665=CARTESIAN_POINT('Ctrl Pts',(-68.43784599863,395.,459.66727755309));
#7666=CARTESIAN_POINT('',(-34.45222393231,105.5,435.03405177656));
#7667=CARTESIAN_POINT('',(-42.69283313087,105.5,421.31937496533));
#7668=CARTESIAN_POINT('',(-68.43784599863,395.,459.66727755309));
#7669=CARTESIAN_POINT('Ctrl Pts',(-34.45222393231,105.5,435.03405177656));
#7670=CARTESIAN_POINT('Ctrl Pts',(-70.02812175261,247.0324673783,459.0425086203));
#7671=CARTESIAN_POINT('Ctrl Pts',(-68.43784599863,395.,459.66727755309));
#7672=CARTESIAN_POINT('',(-73.14012801697,395.,453.19514159809));
#7673=CARTESIAN_POINT('Ctrl Pts',(-34.45222393231,105.5,435.03405177656));
#7674=CARTESIAN_POINT('Ctrl Pts',(-70.02812175261,247.0324673783,459.0425086203));
#7675=CARTESIAN_POINT('Ctrl Pts',(-68.43784599863,395.,459.66727755309));
#7676=CARTESIAN_POINT('Ctrl Pts',(42.692833130875,105.5,388.68062503466));
#7677=CARTESIAN_POINT('Ctrl Pts',(77.010561609983,247.0324673783,360.82894572723));
#7678=CARTESIAN_POINT('Ctrl Pts',(73.140128016978,395.,356.8048584019));
#7679=CARTESIAN_POINT('',(42.692833130875,105.5,388.68062503466));
#7680=CARTESIAN_POINT('',(-34.45222393231,105.5,435.03405177656));
#7681=CARTESIAN_POINT('',(73.140128016978,395.,356.8048584019));
#7682=CARTESIAN_POINT('Ctrl Pts',(42.692833130875,105.5,388.68062503466));
#7683=CARTESIAN_POINT('Ctrl Pts',(77.010561609983,247.0324673783,360.82894572723));
#7684=CARTESIAN_POINT('Ctrl Pts',(73.140128016978,395.,356.8048584019));
#7685=CARTESIAN_POINT('',(-68.43784599863,395.,459.66727755309));
#7686=CARTESIAN_POINT('Ctrl Pts',(42.692833130875,105.5,388.68062503466));
#7687=CARTESIAN_POINT('Ctrl Pts',(77.010561609983,247.0324673783,360.82894572723));
#7688=CARTESIAN_POINT('Ctrl Pts',(73.140128016978,395.,356.8048584019));
#7689=CARTESIAN_POINT('Ctrl Pts',(34.452223932315,105.5,374.96594822343));
#7690=CARTESIAN_POINT('Ctrl Pts',(70.028121752615,247.0324673783,350.95749137969));
#7691=CARTESIAN_POINT('Ctrl Pts',(68.437845998638,395.,350.3327224469));
#7692=CARTESIAN_POINT('',(42.692833130875,105.5,388.68062503466));
#7693=CARTESIAN_POINT('',(73.140128016978,395.,356.8048584019));
#7694=CARTESIAN_POINT('Origin',(34.452223932315,105.5,374.96594822343));
#7695=CARTESIAN_POINT('Origin',(68.437845998638,395.,350.3327224469));
#7696=CARTESIAN_POINT('Ctrl Pts',(-105.5,34.452223932315,374.96594822343));
#7697=CARTESIAN_POINT('Ctrl Pts',(-247.0324673783,70.028121752615,350.95749137969));
#7698=CARTESIAN_POINT('Ctrl Pts',(-395.,68.437845998638,350.3327224469));
#7699=CARTESIAN_POINT('Ctrl Pts',(-105.5,-42.69283313087,421.31937496533));
#7700=CARTESIAN_POINT('Ctrl Pts',(-247.0324673783,-77.01056160998,449.17105427276));
#7701=CARTESIAN_POINT('Ctrl Pts',(-395.,-73.14012801697,453.19514159809));
#7702=CARTESIAN_POINT('',(-105.5,34.452223932315,374.96594822343));
#7703=CARTESIAN_POINT('',(-105.5,-42.69283313087,421.31937496533));
#7704=CARTESIAN_POINT('',(-105.5,34.452223932315,374.96594822343));
#7705=CARTESIAN_POINT('',(-395.,-73.14012801697,453.19514159809));
#7706=CARTESIAN_POINT('Ctrl Pts',(-105.5,-42.69283313087,421.31937496533));
#7707=CARTESIAN_POINT('Ctrl Pts',(-247.0324673783,-77.01056160998,449.17105427276));
#7708=CARTESIAN_POINT('Ctrl Pts',(-395.,-73.14012801697,453.19514159809));
#7709=CARTESIAN_POINT('',(-395.,68.437845998638,350.3327224469));
#7710=CARTESIAN_POINT('',(-395.,68.437845998638,350.3327224469));
#7711=CARTESIAN_POINT('Ctrl Pts',(-105.5,34.452223932315,374.96594822343));
#7712=CARTESIAN_POINT('Ctrl Pts',(-247.0324673783,70.028121752615,350.95749137969));
#7713=CARTESIAN_POINT('Ctrl Pts',(-395.,68.437845998638,350.3327224469));
#7714=CARTESIAN_POINT('Ctrl Pts',(-105.5,-42.69283313087,421.31937496533));
#7715=CARTESIAN_POINT('Ctrl Pts',(-247.0324673783,-77.01056160998,449.17105427276));
#7716=CARTESIAN_POINT('Ctrl Pts',(-395.,-73.14012801697,453.19514159809));
#7717=CARTESIAN_POINT('Ctrl Pts',(-105.5,-34.45222393231,435.03405177656));
#7718=CARTESIAN_POINT('Ctrl Pts',(-247.0324673783,-70.02812175261,459.0425086203));
#7719=CARTESIAN_POINT('Ctrl Pts',(-395.,-68.43784599863,459.66727755309));
#7720=CARTESIAN_POINT('',(-105.5,-34.45222393231,435.03405177656));
#7721=CARTESIAN_POINT('',(-105.5,-42.69283313087,421.31937496533));
#7722=CARTESIAN_POINT('',(-395.,-68.43784599863,459.66727755309));
#7723=CARTESIAN_POINT('Ctrl Pts',(-105.5,-34.45222393231,435.03405177656));
#7724=CARTESIAN_POINT('Ctrl Pts',(-247.0324673783,-70.02812175261,459.0425086203));
#7725=CARTESIAN_POINT('Ctrl Pts',(-395.,-68.43784599863,459.66727755309));
#7726=CARTESIAN_POINT('',(-395.,-73.14012801697,453.19514159809));
#7727=CARTESIAN_POINT('Ctrl Pts',(-105.5,-34.45222393231,435.03405177656));
#7728=CARTESIAN_POINT('Ctrl Pts',(-247.0324673783,-70.02812175261,459.0425086203));
#7729=CARTESIAN_POINT('Ctrl Pts',(-395.,-68.43784599863,459.66727755309));
#7730=CARTESIAN_POINT('Ctrl Pts',(-105.5,42.692833130875,388.68062503466));
#7731=CARTESIAN_POINT('Ctrl Pts',(-247.0324673783,77.010561609983,360.82894572723));
#7732=CARTESIAN_POINT('Ctrl Pts',(-395.,73.140128016978,356.8048584019));
#7733=CARTESIAN_POINT('',(-105.5,42.692833130875,388.68062503466));
#7734=CARTESIAN_POINT('',(-105.5,-34.45222393231,435.03405177656));
#7735=CARTESIAN_POINT('',(-395.,73.140128016978,356.8048584019));
#7736=CARTESIAN_POINT('Ctrl Pts',(-105.5,42.692833130875,388.68062503466));
#7737=CARTESIAN_POINT('Ctrl Pts',(-247.0324673783,77.010561609983,360.82894572723));
#7738=CARTESIAN_POINT('Ctrl Pts',(-395.,73.140128016978,356.8048584019));
#7739=CARTESIAN_POINT('',(-395.,-68.43784599863,459.66727755309));
#7740=CARTESIAN_POINT('Ctrl Pts',(-105.5,42.692833130875,388.68062503466));
#7741=CARTESIAN_POINT('Ctrl Pts',(-247.0324673783,77.010561609983,360.82894572723));
#7742=CARTESIAN_POINT('Ctrl Pts',(-395.,73.140128016978,356.8048584019));
#7743=CARTESIAN_POINT('Ctrl Pts',(-105.5,34.452223932315,374.96594822343));
#7744=CARTESIAN_POINT('Ctrl Pts',(-247.0324673783,70.028121752615,350.95749137969));
#7745=CARTESIAN_POINT('Ctrl Pts',(-395.,68.437845998638,350.3327224469));
#7746=CARTESIAN_POINT('',(-105.5,42.692833130875,388.68062503466));
#7747=CARTESIAN_POINT('',(-395.,73.140128016978,356.8048584019));
#7748=CARTESIAN_POINT('Origin',(-105.5,34.452223932315,374.96594822343));
#7749=CARTESIAN_POINT('Origin',(-395.,68.437845998638,350.3327224469));
#7750=CARTESIAN_POINT('Ctrl Pts',(-34.45222393231,-105.5,374.96594822343));
#7751=CARTESIAN_POINT('Ctrl Pts',(-70.02812175261,-247.0324673783,350.95749137969));
#7752=CARTESIAN_POINT('Ctrl Pts',(-68.43784599863,-395.,350.3327224469));
#7753=CARTESIAN_POINT('Ctrl Pts',(42.692833130875,-105.5,421.31937496533));
#7754=CARTESIAN_POINT('Ctrl Pts',(77.010561609983,-247.0324673783,449.17105427276));
#7755=CARTESIAN_POINT('Ctrl Pts',(73.140128016978,-395.,453.19514159809));
#7756=CARTESIAN_POINT('',(-34.45222393231,-105.5,374.96594822343));
#7757=CARTESIAN_POINT('',(42.692833130875,-105.5,421.31937496533));
#7758=CARTESIAN_POINT('',(-34.45222393231,-105.5,374.96594822343));
#7759=CARTESIAN_POINT('',(73.140128016978,-395.,453.19514159809));
#7760=CARTESIAN_POINT('Ctrl Pts',(42.692833130875,-105.5,421.31937496533));
#7761=CARTESIAN_POINT('Ctrl Pts',(77.010561609983,-247.0324673783,449.17105427276));
#7762=CARTESIAN_POINT('Ctrl Pts',(73.140128016978,-395.,453.19514159809));
#7763=CARTESIAN_POINT('',(-68.43784599863,-395.,350.3327224469));
#7764=CARTESIAN_POINT('',(-68.43784599863,-395.,350.3327224469));
#7765=CARTESIAN_POINT('Ctrl Pts',(-34.45222393231,-105.5,374.96594822343));
#7766=CARTESIAN_POINT('Ctrl Pts',(-70.02812175261,-247.0324673783,350.95749137969));
#7767=CARTESIAN_POINT('Ctrl Pts',(-68.43784599863,-395.,350.3327224469));
#7768=CARTESIAN_POINT('Ctrl Pts',(42.692833130875,-105.5,421.31937496533));
#7769=CARTESIAN_POINT('Ctrl Pts',(77.010561609983,-247.0324673783,449.17105427276));
#7770=CARTESIAN_POINT('Ctrl Pts',(73.140128016978,-395.,453.19514159809));
#7771=CARTESIAN_POINT('Ctrl Pts',(34.452223932315,-105.5,435.03405177656));
#7772=CARTESIAN_POINT('Ctrl Pts',(70.028121752615,-247.0324673783,459.0425086203));
#7773=CARTESIAN_POINT('Ctrl Pts',(68.437845998638,-395.,459.66727755309));
#7774=CARTESIAN_POINT('',(34.452223932315,-105.5,435.03405177656));
#7775=CARTESIAN_POINT('',(42.692833130875,-105.5,421.31937496533));
#7776=CARTESIAN_POINT('',(68.437845998638,-395.,459.66727755309));
#7777=CARTESIAN_POINT('Ctrl Pts',(34.452223932315,-105.5,435.03405177656));
#7778=CARTESIAN_POINT('Ctrl Pts',(70.028121752615,-247.0324673783,459.0425086203));
#7779=CARTESIAN_POINT('Ctrl Pts',(68.437845998638,-395.,459.66727755309));
#7780=CARTESIAN_POINT('',(73.140128016978,-395.,453.19514159809));
#7781=CARTESIAN_POINT('Ctrl Pts',(34.452223932315,-105.5,435.03405177656));
#7782=CARTESIAN_POINT('Ctrl Pts',(70.028121752615,-247.0324673783,459.0425086203));
#7783=CARTESIAN_POINT('Ctrl Pts',(68.437845998638,-395.,459.66727755309));
#7784=CARTESIAN_POINT('Ctrl Pts',(-42.69283313087,-105.5,388.68062503466));
#7785=CARTESIAN_POINT('Ctrl Pts',(-77.01056160998,-247.0324673783,360.82894572723));
#7786=CARTESIAN_POINT('Ctrl Pts',(-73.14012801697,-395.,356.8048584019));
#7787=CARTESIAN_POINT('',(-42.69283313087,-105.5,388.68062503466));
#7788=CARTESIAN_POINT('',(34.452223932315,-105.5,435.03405177656));
#7789=CARTESIAN_POINT('',(-73.14012801697,-395.,356.8048584019));
#7790=CARTESIAN_POINT('Ctrl Pts',(-42.69283313087,-105.5,388.68062503466));
#7791=CARTESIAN_POINT('Ctrl Pts',(-77.01056160998,-247.0324673783,360.82894572723));
#7792=CARTESIAN_POINT('Ctrl Pts',(-73.14012801697,-395.,356.8048584019));
#7793=CARTESIAN_POINT('',(68.437845998638,-395.,459.66727755309));
#7794=CARTESIAN_POINT('Ctrl Pts',(-42.69283313087,-105.5,388.68062503466));
#7795=CARTESIAN_POINT('Ctrl Pts',(-77.01056160998,-247.0324673783,360.82894572723));
#7796=CARTESIAN_POINT('Ctrl Pts',(-73.14012801697,-395.,356.8048584019));
#7797=CARTESIAN_POINT('Ctrl Pts',(-34.45222393231,-105.5,374.96594822343));
#7798=CARTESIAN_POINT('Ctrl Pts',(-70.02812175261,-247.0324673783,350.95749137969));
#7799=CARTESIAN_POINT('Ctrl Pts',(-68.43784599863,-395.,350.3327224469));
#7800=CARTESIAN_POINT('',(-42.69283313087,-105.5,388.68062503466));
#7801=CARTESIAN_POINT('',(-73.14012801697,-395.,356.8048584019));
#7802=CARTESIAN_POINT('Origin',(-34.45222393231,-105.5,374.96594822343));
#7803=CARTESIAN_POINT('Origin',(-68.43784599863,-395.,350.3327224469));
#7804=CARTESIAN_POINT('',(0.,0.,0.));
#7805=CARTESIAN_POINT('Origin',(-115.,-90.,239.));
#7806=CARTESIAN_POINT('',(-115.,-90.,239.));
#7807=CARTESIAN_POINT('',(-115.,-90.,251.));
#7808=CARTESIAN_POINT('',(-115.,-90.,239.));
#7809=CARTESIAN_POINT('',(-115.,90.,251.));
#7810=CARTESIAN_POINT('',(-115.,-90.,251.));
#7811=CARTESIAN_POINT('',(-115.,90.,239.));
#7812=CARTESIAN_POINT('',(-115.,90.,239.));
#7813=CARTESIAN_POINT('',(-115.,-90.,239.));
#7814=CARTESIAN_POINT('Origin',(115.,-90.,239.));
#7815=CARTESIAN_POINT('',(115.,-90.,239.));
#7816=CARTESIAN_POINT('',(115.,-90.,251.));
#7817=CARTESIAN_POINT('',(115.,-90.,239.));
#7818=CARTESIAN_POINT('',(115.,90.,239.));
#7819=CARTESIAN_POINT('',(115.,-90.,239.));
#7820=CARTESIAN_POINT('',(115.,90.,251.));
#7821=CARTESIAN_POINT('',(115.,90.,239.));
#7822=CARTESIAN_POINT('',(115.,-90.,251.));
#7823=CARTESIAN_POINT('Origin',(-115.,-90.,239.));
#7824=CARTESIAN_POINT('',(-115.,-90.,239.));
#7825=CARTESIAN_POINT('',(-115.,-90.,251.));
#7826=CARTESIAN_POINT('Origin',(-115.,90.,239.));
#7827=CARTESIAN_POINT('',(-115.,90.,239.));
#7828=CARTESIAN_POINT('',(-115.,90.,251.));
#7829=CARTESIAN_POINT('Origin',(-115.,-90.,239.));
#7830=CARTESIAN_POINT('Origin',(-115.,-90.,251.));
#7831=CARTESIAN_POINT('Origin',(101.11626970967,75.660425586961,237.));
#7832=CARTESIAN_POINT('',(101.11626970967,75.660425586961,237.));
#7833=CARTESIAN_POINT('',(101.11626970967,75.660425586961,253.));
#7834=CARTESIAN_POINT('',(101.11626970967,75.660425586961,237.));
#7835=CARTESIAN_POINT('',(75.660425586961,101.11626970967,253.));
#7836=CARTESIAN_POINT('',(101.11626970967,75.660425586961,253.));
#7837=CARTESIAN_POINT('',(75.660425586961,101.11626970967,237.));
#7838=CARTESIAN_POINT('',(75.660425586961,101.11626970967,237.));
#7839=CARTESIAN_POINT('',(101.11626970967,75.660425586961,237.));
#7840=CARTESIAN_POINT('Origin',(286.37824638055,260.92240225783,237.));
#7841=CARTESIAN_POINT('',(286.37824638055,260.92240225783,237.));
#7842=CARTESIAN_POINT('',(286.37824638055,260.92240225783,253.));
#7843=CARTESIAN_POINT('',(286.37824638055,260.92240225783,237.));
#7844=CARTESIAN_POINT('',(260.92240225783,286.37824638055,237.));
#7845=CARTESIAN_POINT('',(286.37824638055,260.92240225783,237.));
#7846=CARTESIAN_POINT('',(260.92240225783,286.37824638055,253.));
#7847=CARTESIAN_POINT('',(260.92240225783,286.37824638055,237.));
#7848=CARTESIAN_POINT('',(286.37824638055,260.92240225783,253.));
#7849=CARTESIAN_POINT('Origin',(101.11626970967,75.660425586961,237.));
#7850=CARTESIAN_POINT('',(101.11626970967,75.660425586961,237.));
#7851=CARTESIAN_POINT('',(101.11626970967,75.660425586961,253.));
#7852=CARTESIAN_POINT('Origin',(75.660425586961,101.11626970967,237.));
#7853=CARTESIAN_POINT('',(75.660425586961,101.11626970967,237.));
#7854=CARTESIAN_POINT('',(75.660425586961,101.11626970967,253.));
#7855=CARTESIAN_POINT('Origin',(101.11626970967,75.660425586961,237.));
#7856=CARTESIAN_POINT('Origin',(101.11626970967,75.660425586961,253.));
#7857=CARTESIAN_POINT('Origin',(-75.66042558696,101.11626970967,237.));
#7858=CARTESIAN_POINT('',(-75.66042558696,101.11626970967,237.));
#7859=CARTESIAN_POINT('',(-75.66042558696,101.11626970967,253.));
#7860=CARTESIAN_POINT('',(-75.66042558696,101.11626970967,237.));
#7861=CARTESIAN_POINT('',(-101.1162697096,75.660425586961,253.));
#7862=CARTESIAN_POINT('',(-75.66042558696,101.11626970967,253.));
#7863=CARTESIAN_POINT('',(-101.1162697096,75.660425586961,237.));
#7864=CARTESIAN_POINT('',(-101.1162697096,75.660425586961,237.));
#7865=CARTESIAN_POINT('',(-75.66042558696,101.11626970967,237.));
#7866=CARTESIAN_POINT('Origin',(-260.9224022578,286.37824638055,237.));
#7867=CARTESIAN_POINT('',(-260.9224022578,286.37824638055,237.));
#7868=CARTESIAN_POINT('',(-260.9224022578,286.37824638055,253.));
#7869=CARTESIAN_POINT('',(-260.9224022578,286.37824638055,237.));
#7870=CARTESIAN_POINT('',(-286.3782463805,260.92240225783,237.));
#7871=CARTESIAN_POINT('',(-260.9224022578,286.37824638055,237.));
#7872=CARTESIAN_POINT('',(-286.3782463805,260.92240225783,253.));
#7873=CARTESIAN_POINT('',(-286.3782463805,260.92240225783,237.));
#7874=CARTESIAN_POINT('',(-260.9224022578,286.37824638055,253.));
#7875=CARTESIAN_POINT('Origin',(-75.66042558696,101.11626970967,237.));
#7876=CARTESIAN_POINT('',(-75.66042558696,101.11626970967,237.));
#7877=CARTESIAN_POINT('',(-75.66042558696,101.11626970967,253.));
#7878=CARTESIAN_POINT('Origin',(-101.1162697096,75.660425586961,237.));
#7879=CARTESIAN_POINT('',(-101.1162697096,75.660425586961,237.));
#7880=CARTESIAN_POINT('',(-101.1162697096,75.660425586961,253.));
#7881=CARTESIAN_POINT('Origin',(-75.66042558696,101.11626970967,237.));
#7882=CARTESIAN_POINT('Origin',(-75.66042558696,101.11626970967,253.));
#7883=CARTESIAN_POINT('Origin',(-101.1162697096,-75.66042558696,237.));
#7884=CARTESIAN_POINT('',(-101.1162697096,-75.66042558696,237.));
#7885=CARTESIAN_POINT('',(-101.1162697096,-75.66042558696,253.));
#7886=CARTESIAN_POINT('',(-101.1162697096,-75.66042558696,237.));
#7887=CARTESIAN_POINT('',(-75.66042558696,-101.1162697096,253.));
#7888=CARTESIAN_POINT('',(-101.1162697096,-75.66042558696,253.));
#7889=CARTESIAN_POINT('',(-75.66042558696,-101.1162697096,237.));
#7890=CARTESIAN_POINT('',(-75.66042558696,-101.1162697096,237.));
#7891=CARTESIAN_POINT('',(-101.1162697096,-75.66042558696,237.));
#7892=CARTESIAN_POINT('Origin',(-286.3782463805,-260.9224022578,237.));
#7893=CARTESIAN_POINT('',(-286.3782463805,-260.9224022578,237.));
#7894=CARTESIAN_POINT('',(-286.3782463805,-260.9224022578,253.));
#7895=CARTESIAN_POINT('',(-286.3782463805,-260.9224022578,237.));
#7896=CARTESIAN_POINT('',(-260.9224022578,-286.3782463805,237.));
#7897=CARTESIAN_POINT('',(-286.3782463805,-260.9224022578,237.));
#7898=CARTESIAN_POINT('',(-260.9224022578,-286.3782463805,253.));
#7899=CARTESIAN_POINT('',(-260.9224022578,-286.3782463805,237.));
#7900=CARTESIAN_POINT('',(-286.3782463805,-260.9224022578,253.));
#7901=CARTESIAN_POINT('Origin',(-101.1162697096,-75.66042558696,237.));
#7902=CARTESIAN_POINT('',(-101.1162697096,-75.66042558696,237.));
#7903=CARTESIAN_POINT('',(-101.1162697096,-75.66042558696,253.));
#7904=CARTESIAN_POINT('Origin',(-75.66042558696,-101.1162697096,237.));
#7905=CARTESIAN_POINT('',(-75.66042558696,-101.1162697096,237.));
#7906=CARTESIAN_POINT('',(-75.66042558696,-101.1162697096,253.));
#7907=CARTESIAN_POINT('Origin',(-101.1162697096,-75.66042558696,237.));
#7908=CARTESIAN_POINT('Origin',(-101.1162697096,-75.66042558696,253.));
#7909=CARTESIAN_POINT('Origin',(75.660425586961,-101.1162697096,237.));
#7910=CARTESIAN_POINT('',(75.660425586961,-101.1162697096,237.));
#7911=CARTESIAN_POINT('',(75.660425586961,-101.1162697096,253.));
#7912=CARTESIAN_POINT('',(75.660425586961,-101.1162697096,237.));
#7913=CARTESIAN_POINT('',(101.11626970967,-75.66042558696,253.));
#7914=CARTESIAN_POINT('',(75.660425586961,-101.1162697096,253.));
#7915=CARTESIAN_POINT('',(101.11626970967,-75.66042558696,237.));
#7916=CARTESIAN_POINT('',(101.11626970967,-75.66042558696,237.));
#7917=CARTESIAN_POINT('',(75.660425586961,-101.1162697096,237.));
#7918=CARTESIAN_POINT('Origin',(260.92240225783,-286.3782463805,237.));
#7919=CARTESIAN_POINT('',(260.92240225783,-286.3782463805,237.));
#7920=CARTESIAN_POINT('',(260.92240225783,-286.3782463805,253.));
#7921=CARTESIAN_POINT('',(260.92240225783,-286.3782463805,237.));
#7922=CARTESIAN_POINT('',(286.37824638055,-260.9224022578,237.));
#7923=CARTESIAN_POINT('',(260.92240225783,-286.3782463805,237.));
#7924=CARTESIAN_POINT('',(286.37824638055,-260.9224022578,253.));
#7925=CARTESIAN_POINT('',(286.37824638055,-260.9224022578,237.));
#7926=CARTESIAN_POINT('',(260.92240225783,-286.3782463805,253.));
#7927=CARTESIAN_POINT('Origin',(75.660425586961,-101.1162697096,237.));
#7928=CARTESIAN_POINT('',(75.660425586961,-101.1162697096,237.));
#7929=CARTESIAN_POINT('',(75.660425586961,-101.1162697096,253.));
#7930=CARTESIAN_POINT('Origin',(101.11626970967,-75.66042558696,237.));
#7931=CARTESIAN_POINT('',(101.11626970967,-75.66042558696,237.));
#7932=CARTESIAN_POINT('',(101.11626970967,-75.66042558696,253.));
#7933=CARTESIAN_POINT('Origin',(75.660425586961,-101.1162697096,237.));
#7934=CARTESIAN_POINT('Origin',(75.660425586961,-101.1162697096,253.));
#7935=CARTESIAN_POINT('',(0.,0.,0.));
#7936=CARTESIAN_POINT('Origin',(0.,0.,150.));
#7937=CARTESIAN_POINT('',(-10.,-1.22464679914735E-15,340.));
#7938=CARTESIAN_POINT('Origin',(0.,0.,340.));
#7939=CARTESIAN_POINT('',(-10.,-1.22464679914735E-15,150.));
#7940=CARTESIAN_POINT('',(-10.,-1.22464679914735E-15,150.));
#7941=CARTESIAN_POINT('Origin',(0.,0.,150.));
#7942=CARTESIAN_POINT('Origin',(0.,0.,340.));
#7943=CARTESIAN_POINT('Origin',(0.,0.,150.));
#7944=CARTESIAN_POINT('',(0.,0.,0.));
#7945=CARTESIAN_POINT('Origin',(-213.75,370.22586011784,560.));
#7946=CARTESIAN_POINT('',(-206.75,370.22586011784,560.));
#7947=CARTESIAN_POINT('Origin',(-213.75,370.22586011784,560.));
#7948=CARTESIAN_POINT('',(-206.75,370.22586011784,563.));
#7949=CARTESIAN_POINT('',(-206.75,370.22586011784,560.));
#7950=CARTESIAN_POINT('Origin',(-213.75,370.22586011784,563.));
#7951=CARTESIAN_POINT('Origin',(-7.853047599532E-14,-427.5,560.));
#7952=CARTESIAN_POINT('',(6.99999999999992,-427.5,560.));
#7953=CARTESIAN_POINT('Origin',(-7.853047599532E-14,-427.5,560.));
#7954=CARTESIAN_POINT('',(6.99999999999996,-427.5,563.));
#7955=CARTESIAN_POINT('',(6.99999999999992,-427.5,560.));
#7956=CARTESIAN_POINT('Origin',(-7.853047599532E-14,-427.5,563.));
#7957=CARTESIAN_POINT('Origin',(213.75,370.22586011784,560.));
#7958=CARTESIAN_POINT('',(220.75,370.22586011784,560.));
#7959=CARTESIAN_POINT('Origin',(213.75,370.22586011784,560.));
#7960=CARTESIAN_POINT('',(220.75,370.22586011784,563.));
#7961=CARTESIAN_POINT('',(220.75,370.22586011784,560.));
#7962=CARTESIAN_POINT('Origin',(213.75,370.22586011784,563.));
#7963=CARTESIAN_POINT('Origin',(-427.5,5.235365066355E-14,560.));
#7964=CARTESIAN_POINT('',(-420.5,5.32109034229532E-14,560.));
#7965=CARTESIAN_POINT('Origin',(-427.5,5.235365066355E-14,560.));
#7966=CARTESIAN_POINT('',(-420.5,3.5527136788005E-14,563.));
#7967=CARTESIAN_POINT('',(-420.5,5.32109034229532E-14,560.));
#7968=CARTESIAN_POINT('Origin',(-427.5,5.235365066355E-14,563.));
#7969=CARTESIAN_POINT('Origin',(370.22586011784,-213.75,560.));
#7970=CARTESIAN_POINT('',(377.22586011784,-213.75,560.));
#7971=CARTESIAN_POINT('Origin',(370.22586011784,-213.75,560.));
#7972=CARTESIAN_POINT('',(377.22586011784,-213.75,563.));
#7973=CARTESIAN_POINT('',(377.22586011784,-213.75,560.));
#7974=CARTESIAN_POINT('Origin',(370.22586011784,-213.75,563.));
#7975=CARTESIAN_POINT('Origin',(-370.2258601178,-213.75,560.));
#7976=CARTESIAN_POINT('',(-363.2258601178,-213.75,560.));
#7977=CARTESIAN_POINT('Origin',(-370.2258601178,-213.75,560.));
#7978=CARTESIAN_POINT('',(-363.2258601178,-213.75,563.));
#7979=CARTESIAN_POINT('',(-363.2258601178,-213.75,560.));
#7980=CARTESIAN_POINT('Origin',(-370.2258601178,-213.75,563.));
#7981=CARTESIAN_POINT('Origin',(-213.75,-370.2258601178,560.));
#7982=CARTESIAN_POINT('',(-206.75,-370.2258601178,560.));
#7983=CARTESIAN_POINT('Origin',(-213.75,-370.2258601178,560.));
#7984=CARTESIAN_POINT('',(-206.75,-370.2258601178,563.));
#7985=CARTESIAN_POINT('',(-206.75,-370.2258601178,560.));
#7986=CARTESIAN_POINT('Origin',(-213.75,-370.2258601178,563.));
#7987=CARTESIAN_POINT('Origin',(0.,0.,560.));
#7988=CARTESIAN_POINT('',(407.,4.98431247252973E-14,560.));
#7989=CARTESIAN_POINT('Origin',(0.,0.,560.));
#7990=CARTESIAN_POINT('',(407.,3.5527136788005E-14,563.));
#7991=CARTESIAN_POINT('',(407.,4.98431247252973E-14,560.));
#7992=CARTESIAN_POINT('Origin',(0.,0.,563.));
#7993=CARTESIAN_POINT('Origin',(370.22586011784,213.75,560.));
#7994=CARTESIAN_POINT('',(377.22586011784,213.75,560.));
#7995=CARTESIAN_POINT('Origin',(370.22586011784,213.75,560.));
#7996=CARTESIAN_POINT('',(377.22586011784,213.75,563.));
#7997=CARTESIAN_POINT('',(377.22586011784,213.75,560.));
#7998=CARTESIAN_POINT('Origin',(370.22586011784,213.75,563.));
#7999=CARTESIAN_POINT('Origin',(213.75,-370.2258601178,560.));
#8000=CARTESIAN_POINT('',(220.75,-370.2258601178,560.));
#8001=CARTESIAN_POINT('Origin',(213.75,-370.2258601178,560.));
#8002=CARTESIAN_POINT('',(220.75,-370.2258601178,563.));
#8003=CARTESIAN_POINT('',(220.75,-370.2258601178,560.));
#8004=CARTESIAN_POINT('Origin',(213.75,-370.2258601178,563.));
#8005=CARTESIAN_POINT('Origin',(2.617682533177E-14,427.5,560.));
#8006=CARTESIAN_POINT('',(7.00000000000003,427.5,560.));
#8007=CARTESIAN_POINT('Origin',(2.617682533177E-14,427.5,560.));
#8008=CARTESIAN_POINT('',(7.00000000000003,427.5,563.));
#8009=CARTESIAN_POINT('',(7.00000000000003,427.5,560.));
#8010=CARTESIAN_POINT('Origin',(2.617682533177E-14,427.5,563.));
#8011=CARTESIAN_POINT('Origin',(427.5,0.,560.));
#8012=CARTESIAN_POINT('',(434.5,8.57252759403151E-16,560.));
#8013=CARTESIAN_POINT('Origin',(427.5,0.,560.));
#8014=CARTESIAN_POINT('',(434.5,0.,563.));
#8015=CARTESIAN_POINT('',(434.5,8.57252759403151E-16,560.));
#8016=CARTESIAN_POINT('Origin',(427.5,0.,563.));
#8017=CARTESIAN_POINT('Origin',(-370.2258601178,213.75,560.));
#8018=CARTESIAN_POINT('',(-363.2258601178,213.75,560.));
#8019=CARTESIAN_POINT('Origin',(-370.2258601178,213.75,560.));
#8020=CARTESIAN_POINT('',(-363.2258601178,213.75,563.));
#8021=CARTESIAN_POINT('',(-363.2258601178,213.75,560.));
#8022=CARTESIAN_POINT('Origin',(-370.2258601178,213.75,563.));
#8023=CARTESIAN_POINT('Origin',(0.,0.,560.));
#8024=CARTESIAN_POINT('',(450.,7.105427357601E-14,563.));
#8025=CARTESIAN_POINT('Origin',(0.,0.,563.));
#8026=CARTESIAN_POINT('',(450.,5.51091059616309E-14,560.));
#8027=CARTESIAN_POINT('',(450.,5.51091059616309E-14,560.));
#8028=CARTESIAN_POINT('Origin',(0.,0.,560.));
#8029=CARTESIAN_POINT('Origin',(0.,0.,563.));
#8030=CARTESIAN_POINT('Origin',(0.,0.,560.));
#8031=CARTESIAN_POINT('',(0.,0.,0.));
#8032=CARTESIAN_POINT('Origin',(0.,-11.5325625946708,0.));
#8033=CARTESIAN_POINT('',(-447.,-11.5325625946708,-5.47417119218867E-14));
#8034=CARTESIAN_POINT('',(-5.47417119218867E-14,-11.5325625946708,447.));
#8035=CARTESIAN_POINT('Origin',(0.,-11.5325625946708,0.));
#8036=CARTESIAN_POINT('',(-5.51373670416112E-14,-6.20984139713043,450.230769230769));
#8037=CARTESIAN_POINT('Origin',(-5.54765000013751E-14,-11.5325625946708,
453.));
#8038=CARTESIAN_POINT('Origin',(0.,-6.20984139713043,0.));
#8039=CARTESIAN_POINT('Origin',(0.,-11.5325625946708,0.));
#8040=CARTESIAN_POINT('Origin',(0.,-53.5,0.));
#8041=CARTESIAN_POINT('',(-447.,-100.,-5.47417119218867E-14));
#8042=CARTESIAN_POINT('Origin',(0.,-100.,0.));
#8043=CARTESIAN_POINT('',(-447.,-53.5,-5.47417119218867E-14));
#8044=CARTESIAN_POINT('Origin',(0.,11.5325625946708,0.));
#8045=CARTESIAN_POINT('',(-5.51373670416112E-14,6.20984139713048,450.230769230769));
#8046=CARTESIAN_POINT('Origin',(0.,6.20984139713048,0.));
#8047=CARTESIAN_POINT('',(-5.47417119218867E-14,11.5325625946708,447.));
#8048=CARTESIAN_POINT('Origin',(-5.54765000013751E-14,11.5325625946708,
453.));
#8049=CARTESIAN_POINT('',(-447.,11.5325625946708,-5.47417119218867E-14));
#8050=CARTESIAN_POINT('Origin',(0.,11.5325625946708,0.));
#8051=CARTESIAN_POINT('Origin',(0.,11.5325625946708,0.));
#8052=CARTESIAN_POINT('Origin',(0.,53.5,0.));
#8053=CARTESIAN_POINT('',(-447.,100.,-5.47417119218867E-14));
#8054=CARTESIAN_POINT('',(-447.,53.5,-5.47417119218867E-14));
#8055=CARTESIAN_POINT('Origin',(0.,100.,0.));
#8056=CARTESIAN_POINT('Origin',(0.,2.66453525910038E-14,0.));
#8057=CARTESIAN_POINT('',(-445.,4.58257569495582,-5.44967825620572E-14));
#8058=CARTESIAN_POINT('',(-5.44967825620572E-14,4.58257569495582,445.));
#8059=CARTESIAN_POINT('Origin',(0.,4.58257569495582,0.));
#8060=CARTESIAN_POINT('Origin',(0.,4.58257569495582,0.));
#8061=CARTESIAN_POINT('',(-5.44967825620572E-14,-4.58257569495579,445.));
#8062=CARTESIAN_POINT('Origin',(-5.47417119218867E-14,2.66453525910038E-14,
447.));
#8063=CARTESIAN_POINT('',(-445.,-4.58257569495579,-5.44967825620572E-14));
#8064=CARTESIAN_POINT('Origin',(0.,-4.58257569495579,0.));
#8065=CARTESIAN_POINT('Origin',(0.,-4.58257569495579,0.));
#8066=CARTESIAN_POINT('Origin',(0.,52.2912878474779,0.));
#8067=CARTESIAN_POINT('',(-445.,100.,-5.44967825620572E-14));
#8068=CARTESIAN_POINT('Origin',(0.,100.,0.));
#8069=CARTESIAN_POINT('',(-445.,52.2912878474779,-5.44967825620572E-14));
#8070=CARTESIAN_POINT('Origin',(447.,100.,0.));
#8071=CARTESIAN_POINT('Origin',(0.,2.66453525910038E-14,0.));
#8072=CARTESIAN_POINT('Origin',(-5.47417119218867E-14,2.66453525910038E-14,
447.));
#8073=CARTESIAN_POINT('Origin',(445.,-100.,0.));
#8074=CARTESIAN_POINT('',(-445.,-100.,-5.44967825620572E-14));
#8075=CARTESIAN_POINT('Origin',(0.,-100.,0.));
#8076=CARTESIAN_POINT('Origin',(0.,-52.2912878474779,0.));
#8077=CARTESIAN_POINT('',(-445.,-52.2912878474779,-5.44967825620572E-14));
#8078=CARTESIAN_POINT('',(0.,0.,0.));
#8079=CARTESIAN_POINT('Origin',(-213.75,370.22586011784,-560.));
#8080=CARTESIAN_POINT('',(-206.75,370.22586011784,-563.));
#8081=CARTESIAN_POINT('Origin',(-213.75,370.22586011784,-563.));
#8082=CARTESIAN_POINT('',(-206.75,370.22586011784,-560.));
#8083=CARTESIAN_POINT('',(-206.75,370.22586011784,-560.));
#8084=CARTESIAN_POINT('Origin',(-213.75,370.22586011784,-560.));
#8085=CARTESIAN_POINT('Origin',(-7.853047599532E-14,-427.5,-560.));
#8086=CARTESIAN_POINT('',(6.99999999999996,-427.5,-563.));
#8087=CARTESIAN_POINT('Origin',(-7.853047599532E-14,-427.5,-563.));
#8088=CARTESIAN_POINT('',(6.99999999999992,-427.5,-560.));
#8089=CARTESIAN_POINT('',(6.99999999999992,-427.5,-560.));
#8090=CARTESIAN_POINT('Origin',(-7.853047599532E-14,-427.5,-560.));
#8091=CARTESIAN_POINT('Origin',(213.75,370.22586011784,-560.));
#8092=CARTESIAN_POINT('',(220.75,370.22586011784,-563.));
#8093=CARTESIAN_POINT('Origin',(213.75,370.22586011784,-563.));
#8094=CARTESIAN_POINT('',(220.75,370.22586011784,-560.));
#8095=CARTESIAN_POINT('',(220.75,370.22586011784,-560.));
#8096=CARTESIAN_POINT('Origin',(213.75,370.22586011784,-560.));
#8097=CARTESIAN_POINT('Origin',(-427.5,5.235365066355E-14,-560.));
#8098=CARTESIAN_POINT('',(-420.5,3.5527136788005E-14,-563.));
#8099=CARTESIAN_POINT('Origin',(-427.5,5.235365066355E-14,-563.));
#8100=CARTESIAN_POINT('',(-420.5,5.32109034229532E-14,-560.));
#8101=CARTESIAN_POINT('',(-420.5,5.32109034229532E-14,-560.));
#8102=CARTESIAN_POINT('Origin',(-427.5,5.235365066355E-14,-560.));
#8103=CARTESIAN_POINT('Origin',(370.22586011784,-213.75,-560.));
#8104=CARTESIAN_POINT('',(377.22586011784,-213.75,-563.));
#8105=CARTESIAN_POINT('Origin',(370.22586011784,-213.75,-563.));
#8106=CARTESIAN_POINT('',(377.22586011784,-213.75,-560.));
#8107=CARTESIAN_POINT('',(377.22586011784,-213.75,-560.));
#8108=CARTESIAN_POINT('Origin',(370.22586011784,-213.75,-560.));
#8109=CARTESIAN_POINT('Origin',(-370.2258601178,-213.75,-560.));
#8110=CARTESIAN_POINT('',(-363.2258601178,-213.75,-563.));
#8111=CARTESIAN_POINT('Origin',(-370.2258601178,-213.75,-563.));
#8112=CARTESIAN_POINT('',(-363.2258601178,-213.75,-560.));
#8113=CARTESIAN_POINT('',(-363.2258601178,-213.75,-560.));
#8114=CARTESIAN_POINT('Origin',(-370.2258601178,-213.75,-560.));
#8115=CARTESIAN_POINT('Origin',(-213.75,-370.2258601178,-560.));
#8116=CARTESIAN_POINT('',(-206.75,-370.2258601178,-563.));
#8117=CARTESIAN_POINT('Origin',(-213.75,-370.2258601178,-563.));
#8118=CARTESIAN_POINT('',(-206.75,-370.2258601178,-560.));
#8119=CARTESIAN_POINT('',(-206.75,-370.2258601178,-560.));
#8120=CARTESIAN_POINT('Origin',(-213.75,-370.2258601178,-560.));
#8121=CARTESIAN_POINT('Origin',(0.,0.,-560.));
#8122=CARTESIAN_POINT('',(407.,3.5527136788005E-14,-563.));
#8123=CARTESIAN_POINT('Origin',(0.,0.,-563.));
#8124=CARTESIAN_POINT('',(407.,4.98431247252973E-14,-560.));
#8125=CARTESIAN_POINT('',(407.,4.98431247252973E-14,-560.));
#8126=CARTESIAN_POINT('Origin',(0.,0.,-560.));
#8127=CARTESIAN_POINT('Origin',(370.22586011784,213.75,-560.));
#8128=CARTESIAN_POINT('',(377.22586011784,213.75,-563.));
#8129=CARTESIAN_POINT('Origin',(370.22586011784,213.75,-563.));
#8130=CARTESIAN_POINT('',(377.22586011784,213.75,-560.));
#8131=CARTESIAN_POINT('',(377.22586011784,213.75,-560.));
#8132=CARTESIAN_POINT('Origin',(370.22586011784,213.75,-560.));
#8133=CARTESIAN_POINT('Origin',(213.75,-370.2258601178,-560.));
#8134=CARTESIAN_POINT('',(220.75,-370.2258601178,-563.));
#8135=CARTESIAN_POINT('Origin',(213.75,-370.2258601178,-563.));
#8136=CARTESIAN_POINT('',(220.75,-370.2258601178,-560.));
#8137=CARTESIAN_POINT('',(220.75,-370.2258601178,-560.));
#8138=CARTESIAN_POINT('Origin',(213.75,-370.2258601178,-560.));
#8139=CARTESIAN_POINT('Origin',(2.617682533177E-14,427.5,-560.));
#8140=CARTESIAN_POINT('',(7.00000000000003,427.5,-563.));
#8141=CARTESIAN_POINT('Origin',(2.617682533177E-14,427.5,-563.));
#8142=CARTESIAN_POINT('',(7.00000000000003,427.5,-560.));
#8143=CARTESIAN_POINT('',(7.00000000000003,427.5,-560.));
#8144=CARTESIAN_POINT('Origin',(2.617682533177E-14,427.5,-560.));
#8145=CARTESIAN_POINT('Origin',(427.5,0.,-560.));
#8146=CARTESIAN_POINT('',(434.5,0.,-563.));
#8147=CARTESIAN_POINT('Origin',(427.5,0.,-563.));
#8148=CARTESIAN_POINT('',(434.5,8.57252759403151E-16,-560.));
#8149=CARTESIAN_POINT('',(434.5,8.57252759403151E-16,-560.));
#8150=CARTESIAN_POINT('Origin',(427.5,0.,-560.));
#8151=CARTESIAN_POINT('Origin',(-370.2258601178,213.75,-560.));
#8152=CARTESIAN_POINT('',(-363.2258601178,213.75,-563.));
#8153=CARTESIAN_POINT('Origin',(-370.2258601178,213.75,-563.));
#8154=CARTESIAN_POINT('',(-363.2258601178,213.75,-560.));
#8155=CARTESIAN_POINT('',(-363.2258601178,213.75,-560.));
#8156=CARTESIAN_POINT('Origin',(-370.2258601178,213.75,-560.));
#8157=CARTESIAN_POINT('Origin',(0.,0.,-560.));
#8158=CARTESIAN_POINT('',(450.,5.51091059616309E-14,-560.));
#8159=CARTESIAN_POINT('Origin',(0.,0.,-560.));
#8160=CARTESIAN_POINT('',(450.,7.105427357601E-14,-563.));
#8161=CARTESIAN_POINT('',(450.,5.51091059616309E-14,-560.));
#8162=CARTESIAN_POINT('Origin',(0.,0.,-563.));
#8163=CARTESIAN_POINT('Origin',(0.,0.,-563.));
#8164=CARTESIAN_POINT('Origin',(0.,0.,-560.));
#8165=CARTESIAN_POINT('',(0.,0.,0.));
#8166=CARTESIAN_POINT('Origin',(0.,-11.5325625946708,0.));
#8167=CARTESIAN_POINT('',(-447.,-11.5325625946708,5.47417119218867E-14));
#8168=CARTESIAN_POINT('',(5.47417119218867E-14,-11.5325625946708,-447.));
#8169=CARTESIAN_POINT('Origin',(0.,-11.5325625946708,0.));
#8170=CARTESIAN_POINT('Origin',(0.,-11.5325625946708,0.));
#8171=CARTESIAN_POINT('',(-5.51373670416112E-14,-6.20984139713043,-450.230769230769));
#8172=CARTESIAN_POINT('Origin',(5.54765000013751E-14,-11.5325625946708,
-453.));
#8173=CARTESIAN_POINT('Origin',(0.,-6.20984139713043,0.));
#8174=CARTESIAN_POINT('Origin',(0.,-53.5,0.));
#8175=CARTESIAN_POINT('',(-447.,-100.,5.47417119218867E-14));
#8176=CARTESIAN_POINT('',(-447.,-53.5,5.47417119218867E-14));
#8177=CARTESIAN_POINT('Origin',(0.,-100.,0.));
#8178=CARTESIAN_POINT('Origin',(0.,11.5325625946708,0.));
#8179=CARTESIAN_POINT('',(-5.51373670416112E-14,6.20984139713048,-450.230769230769));
#8180=CARTESIAN_POINT('Origin',(0.,6.20984139713048,0.));
#8181=CARTESIAN_POINT('',(5.47417119218867E-14,11.5325625946708,-447.));
#8182=CARTESIAN_POINT('Origin',(5.54765000013751E-14,11.5325625946708,-453.));
#8183=CARTESIAN_POINT('',(-447.,11.5325625946708,5.47417119218867E-14));
#8184=CARTESIAN_POINT('Origin',(0.,11.5325625946708,0.));
#8185=CARTESIAN_POINT('Origin',(0.,11.5325625946708,0.));
#8186=CARTESIAN_POINT('Origin',(0.,53.5,0.));
#8187=CARTESIAN_POINT('',(-447.,100.,5.47417119218867E-14));
#8188=CARTESIAN_POINT('Origin',(0.,100.,0.));
#8189=CARTESIAN_POINT('',(-447.,53.5,5.47417119218867E-14));
#8190=CARTESIAN_POINT('Origin',(0.,2.66453525910038E-14,0.));
#8191=CARTESIAN_POINT('',(-445.,4.58257569495582,5.44967825620572E-14));
#8192=CARTESIAN_POINT('',(5.44967825620572E-14,4.58257569495582,-445.));
#8193=CARTESIAN_POINT('Origin',(0.,4.58257569495582,0.));
#8194=CARTESIAN_POINT('',(5.44967825620572E-14,-4.58257569495579,-445.));
#8195=CARTESIAN_POINT('Origin',(5.47417119218867E-14,2.66453525910038E-14,
-447.));
#8196=CARTESIAN_POINT('',(-445.,-4.58257569495579,5.44967825620572E-14));
#8197=CARTESIAN_POINT('Origin',(0.,-4.58257569495579,0.));
#8198=CARTESIAN_POINT('Origin',(0.,-4.58257569495579,0.));
#8199=CARTESIAN_POINT('Origin',(0.,4.58257569495582,0.));
#8200=CARTESIAN_POINT('Origin',(0.,52.2912878474779,0.));
#8201=CARTESIAN_POINT('',(-445.,100.,5.44967825620572E-14));
#8202=CARTESIAN_POINT('',(-445.,52.2912878474779,5.44967825620572E-14));
#8203=CARTESIAN_POINT('Origin',(0.,100.,0.));
#8204=CARTESIAN_POINT('Origin',(447.,100.,0.));
#8205=CARTESIAN_POINT('Origin',(0.,2.66453525910038E-14,0.));
#8206=CARTESIAN_POINT('Origin',(5.47417119218867E-14,2.66453525910038E-14,
-447.));
#8207=CARTESIAN_POINT('Origin',(445.,-100.,0.));
#8208=CARTESIAN_POINT('',(-445.,-100.,5.44967825620572E-14));
#8209=CARTESIAN_POINT('Origin',(0.,-100.,0.));
#8210=CARTESIAN_POINT('Origin',(0.,-52.2912878474779,0.));
#8211=CARTESIAN_POINT('',(-445.,-52.2912878474779,5.44967825620572E-14));
#8212=CARTESIAN_POINT('',(0.,0.,0.));
#8213=CARTESIAN_POINT('',(0.,0.,0.));
#8214=CARTESIAN_POINT('',(0.,0.,0.));
#8215=CARTESIAN_POINT('',(0.,0.,0.));
#8216=CARTESIAN_POINT('',(0.,0.,0.));
#8217=CARTESIAN_POINT('',(0.,0.,0.));
#8218=CARTESIAN_POINT('',(0.,0.,0.));
#8219=CARTESIAN_POINT('',(0.,0.,0.));
#8220=CARTESIAN_POINT('',(0.,0.,660.));
#8221=CARTESIAN_POINT('',(0.,0.,560.));
#8222=CARTESIAN_POINT('',(0.,0.,-100.));
#8223=CARTESIAN_POINT('',(0.,0.,0.));
#8224=CARTESIAN_POINT('Origin',(650.,1290.,2585.));
#8225=CARTESIAN_POINT('',(650.,1740.,2585.));
#8226=CARTESIAN_POINT('',(200.,1290.,2585.));
#8227=CARTESIAN_POINT('Origin',(650.,1290.,2585.));
#8228=CARTESIAN_POINT('Origin',(650.,1290.,2585.));
#8229=CARTESIAN_POINT('',(200.,1290.,2535.));
#8230=CARTESIAN_POINT('',(200.,1290.,2585.));
#8231=CARTESIAN_POINT('Origin',(650.,1290.,2535.));
#8232=CARTESIAN_POINT('Origin',(650.,1290.,2585.));
#8233=CARTESIAN_POINT('',(1102.,1290.,2535.));
#8234=CARTESIAN_POINT('Origin',(650.,1290.,2535.));
#8235=CARTESIAN_POINT('',(1102.,1290.,2585.));
#8236=CARTESIAN_POINT('',(1102.,1290.,2585.));
#8237=CARTESIAN_POINT('',(650.,1742.,2585.));
#8238=CARTESIAN_POINT('Origin',(650.,1290.,2585.));
#8239=CARTESIAN_POINT('Origin',(650.,1290.,2585.));
#8240=CARTESIAN_POINT('Origin',(650.,1290.,2535.));
#8241=CARTESIAN_POINT('Origin',(650.,2160.,3455.));
#8242=CARTESIAN_POINT('',(650.,2160.,3005.));
#8243=CARTESIAN_POINT('',(200.,2160.,3455.));
#8244=CARTESIAN_POINT('Origin',(650.,2160.,3455.));
#8245=CARTESIAN_POINT('',(200.,2210.,3455.));
#8246=CARTESIAN_POINT('',(200.,2160.,3455.));
#8247=CARTESIAN_POINT('Origin',(650.,2210.,3455.));
#8248=CARTESIAN_POINT('Origin',(650.,2160.,3455.));
#8249=CARTESIAN_POINT('Origin',(650.,2160.,3455.));
#8250=CARTESIAN_POINT('',(1102.,2210.,3455.));
#8251=CARTESIAN_POINT('Origin',(650.,2210.,3455.));
#8252=CARTESIAN_POINT('',(1102.,2160.,3455.));
#8253=CARTESIAN_POINT('',(1102.,2160.,3455.));
#8254=CARTESIAN_POINT('',(650.,2160.,3003.));
#8255=CARTESIAN_POINT('Origin',(650.,2160.,3455.));
#8256=CARTESIAN_POINT('Origin',(650.,2160.,3455.));
#8257=CARTESIAN_POINT('Origin',(650.,2210.,3455.));
#8258=CARTESIAN_POINT('Origin',(650.,2160.,2585.));
#8259=CARTESIAN_POINT('Origin',(650.,2160.,2585.));
#8260=CARTESIAN_POINT('Origin',(650.,2160.,2585.));
#8261=CARTESIAN_POINT('Origin',(650.,2160.,2585.));
#8262=CARTESIAN_POINT('',(-1204.,7606.00000000002,-1380.49999999999));
#8263=CARTESIAN_POINT('',(-338.074873415045,61.2495690572165,5.61328761250479E-12));
#8264=CARTESIAN_POINT('',(-474.999999999999,5.6843418860808E-13,-7.105427357601E-14));
#8265=CARTESIAN_POINT('',(0.,0.,0.));
#8266=CARTESIAN_POINT('',(-6226.50147728329,2923.16003379529,5869.50000185825));
#8267=CARTESIAN_POINT('',(-645.001678861027,4264.00012670952,3438.60000000001));
#8268=CARTESIAN_POINT('',(4.99999999998802,5554.00000000004,4853.60000000001));
#8269=CARTESIAN_POINT('',(-5520.54853350871,3081.66694056882,5869.50000185825));
#8270=CARTESIAN_POINT('',(8769.0907789465,2896.58000909308,6137.547481242));
#8271=CARTESIAN_POINT('',(-3411.28984308109,4734.47335580532,7160.77490329031));
#8272=UNCERTAINTY_MEASURE_WITH_UNIT(LENGTH_MEASURE(0.01),#8316,
'DISTANCE_ACCURACY_VALUE',
'Maximum model space distance between geometric entities at asserted c
onnectivities');
#8273=UNCERTAINTY_MEASURE_WITH_UNIT(LENGTH_MEASURE(0.01),#8316,
'DISTANCE_ACCURACY_VALUE',
'Maximum model space distance between geometric entities at asserted c
onnectivities');
#8274=UNCERTAINTY_MEASURE_WITH_UNIT(LENGTH_MEASURE(0.01),#8316,
'DISTANCE_ACCURACY_VALUE',
'Maximum model space distance between geometric entities at asserted c
onnectivities');
#8275=UNCERTAINTY_MEASURE_WITH_UNIT(LENGTH_MEASURE(0.01),#8316,
'DISTANCE_ACCURACY_VALUE',
'Maximum model space distance between geometric entities at asserted c
onnectivities');
#8276=UNCERTAINTY_MEASURE_WITH_UNIT(LENGTH_MEASURE(0.01),#8316,
'DISTANCE_ACCURACY_VALUE',
'Maximum model space distance between geometric entities at asserted c
onnectivities');
#8277=UNCERTAINTY_MEASURE_WITH_UNIT(LENGTH_MEASURE(0.01),#8316,
'DISTANCE_ACCURACY_VALUE',
'Maximum model space distance between geometric entities at asserted c
onnectivities');
#8278=UNCERTAINTY_MEASURE_WITH_UNIT(LENGTH_MEASURE(0.01),#8316,
'DISTANCE_ACCURACY_VALUE',
'Maximum model space distance between geometric entities at asserted c
onnectivities');
#8279=UNCERTAINTY_MEASURE_WITH_UNIT(LENGTH_MEASURE(0.01),#8316,
'DISTANCE_ACCURACY_VALUE',
'Maximum model space distance between geometric entities at asserted c
onnectivities');
#8280=UNCERTAINTY_MEASURE_WITH_UNIT(LENGTH_MEASURE(0.01),#8316,
'DISTANCE_ACCURACY_VALUE',
'Maximum model space distance between geometric entities at asserted c
onnectivities');
#8281=UNCERTAINTY_MEASURE_WITH_UNIT(LENGTH_MEASURE(0.01),#8316,
'DISTANCE_ACCURACY_VALUE',
'Maximum model space distance between geometric entities at asserted c
onnectivities');
#8282=UNCERTAINTY_MEASURE_WITH_UNIT(LENGTH_MEASURE(0.01),#8316,
'DISTANCE_ACCURACY_VALUE',
'Maximum model space distance between geometric entities at asserted c
onnectivities');
#8283=UNCERTAINTY_MEASURE_WITH_UNIT(LENGTH_MEASURE(0.01),#8316,
'DISTANCE_ACCURACY_VALUE',
'Maximum model space distance between geometric entities at asserted c
onnectivities');
#8284=UNCERTAINTY_MEASURE_WITH_UNIT(LENGTH_MEASURE(0.01),#8316,
'DISTANCE_ACCURACY_VALUE',
'Maximum model space distance between geometric entities at asserted c
onnectivities');
#8285=UNCERTAINTY_MEASURE_WITH_UNIT(LENGTH_MEASURE(0.01),#8316,
'DISTANCE_ACCURACY_VALUE',
'Maximum model space distance between geometric entities at asserted c
onnectivities');
#8286=UNCERTAINTY_MEASURE_WITH_UNIT(LENGTH_MEASURE(0.01),#8316,
'DISTANCE_ACCURACY_VALUE',
'Maximum model space distance between geometric entities at asserted c
onnectivities');
#8287=UNCERTAINTY_MEASURE_WITH_UNIT(LENGTH_MEASURE(0.01),#8316,
'DISTANCE_ACCURACY_VALUE',
'Maximum model space distance between geometric entities at asserted c
onnectivities');
#8288=UNCERTAINTY_MEASURE_WITH_UNIT(LENGTH_MEASURE(0.01),#8316,
'DISTANCE_ACCURACY_VALUE',
'Maximum model space distance between geometric entities at asserted c
onnectivities');
#8289=UNCERTAINTY_MEASURE_WITH_UNIT(LENGTH_MEASURE(0.01),#8316,
'DISTANCE_ACCURACY_VALUE',
'Maximum model space distance between geometric entities at asserted c
onnectivities');
#8290=UNCERTAINTY_MEASURE_WITH_UNIT(LENGTH_MEASURE(0.01),#8316,
'DISTANCE_ACCURACY_VALUE',
'Maximum model space distance between geometric entities at asserted c
onnectivities');
#8291=UNCERTAINTY_MEASURE_WITH_UNIT(LENGTH_MEASURE(0.01),#8316,
'DISTANCE_ACCURACY_VALUE',
'Maximum model space distance between geometric entities at asserted c
onnectivities');
#8292=UNCERTAINTY_MEASURE_WITH_UNIT(LENGTH_MEASURE(0.01),#8316,
'DISTANCE_ACCURACY_VALUE',
'Maximum model space distance between geometric entities at asserted c
onnectivities');
#8293=UNCERTAINTY_MEASURE_WITH_UNIT(LENGTH_MEASURE(0.01),#8316,
'DISTANCE_ACCURACY_VALUE',
'Maximum model space distance between geometric entities at asserted c
onnectivities');
#8294=(
GEOMETRIC_REPRESENTATION_CONTEXT(3)
GLOBAL_UNCERTAINTY_ASSIGNED_CONTEXT((#8272))
GLOBAL_UNIT_ASSIGNED_CONTEXT((#8316,#8318,#8319))
REPRESENTATION_CONTEXT('','3D')
);
#8295=(
GEOMETRIC_REPRESENTATION_CONTEXT(3)
GLOBAL_UNCERTAINTY_ASSIGNED_CONTEXT((#8273))
GLOBAL_UNIT_ASSIGNED_CONTEXT((#8316,#8318,#8319))
REPRESENTATION_CONTEXT('','3D')
);
#8296=(
GEOMETRIC_REPRESENTATION_CONTEXT(3)
GLOBAL_UNCERTAINTY_ASSIGNED_CONTEXT((#8274))
GLOBAL_UNIT_ASSIGNED_CONTEXT((#8316,#8318,#8319))
REPRESENTATION_CONTEXT('','3D')
);
#8297=(
GEOMETRIC_REPRESENTATION_CONTEXT(3)
GLOBAL_UNCERTAINTY_ASSIGNED_CONTEXT((#8275))
GLOBAL_UNIT_ASSIGNED_CONTEXT((#8316,#8318,#8319))
REPRESENTATION_CONTEXT('','3D')
);
#8298=(
GEOMETRIC_REPRESENTATION_CONTEXT(3)
GLOBAL_UNCERTAINTY_ASSIGNED_CONTEXT((#8276))
GLOBAL_UNIT_ASSIGNED_CONTEXT((#8316,#8318,#8319))
REPRESENTATION_CONTEXT('','3D')
);
#8299=(
GEOMETRIC_REPRESENTATION_CONTEXT(3)
GLOBAL_UNCERTAINTY_ASSIGNED_CONTEXT((#8277))
GLOBAL_UNIT_ASSIGNED_CONTEXT((#8316,#8318,#8319))
REPRESENTATION_CONTEXT('','3D')
);
#8300=(
GEOMETRIC_REPRESENTATION_CONTEXT(3)
GLOBAL_UNCERTAINTY_ASSIGNED_CONTEXT((#8278))
GLOBAL_UNIT_ASSIGNED_CONTEXT((#8316,#8318,#8319))
REPRESENTATION_CONTEXT('','3D')
);
#8301=(
GEOMETRIC_REPRESENTATION_CONTEXT(3)
GLOBAL_UNCERTAINTY_ASSIGNED_CONTEXT((#8279))
GLOBAL_UNIT_ASSIGNED_CONTEXT((#8316,#8318,#8319))
REPRESENTATION_CONTEXT('','3D')
);
#8302=(
GEOMETRIC_REPRESENTATION_CONTEXT(3)
GLOBAL_UNCERTAINTY_ASSIGNED_CONTEXT((#8280))
GLOBAL_UNIT_ASSIGNED_CONTEXT((#8316,#8318,#8319))
REPRESENTATION_CONTEXT('','3D')
);
#8303=(
GEOMETRIC_REPRESENTATION_CONTEXT(3)
GLOBAL_UNCERTAINTY_ASSIGNED_CONTEXT((#8281))
GLOBAL_UNIT_ASSIGNED_CONTEXT((#8316,#8318,#8319))
REPRESENTATION_CONTEXT('','3D')
);
#8304=(
GEOMETRIC_REPRESENTATION_CONTEXT(3)
GLOBAL_UNCERTAINTY_ASSIGNED_CONTEXT((#8282))
GLOBAL_UNIT_ASSIGNED_CONTEXT((#8316,#8318,#8319))
REPRESENTATION_CONTEXT('','3D')
);
#8305=(
GEOMETRIC_REPRESENTATION_CONTEXT(3)
GLOBAL_UNCERTAINTY_ASSIGNED_CONTEXT((#8283))
GLOBAL_UNIT_ASSIGNED_CONTEXT((#8316,#8318,#8319))
REPRESENTATION_CONTEXT('','3D')
);
#8306=(
GEOMETRIC_REPRESENTATION_CONTEXT(3)
GLOBAL_UNCERTAINTY_ASSIGNED_CONTEXT((#8284))
GLOBAL_UNIT_ASSIGNED_CONTEXT((#8316,#8318,#8319))
REPRESENTATION_CONTEXT('','3D')
);
#8307=(
GEOMETRIC_REPRESENTATION_CONTEXT(3)
GLOBAL_UNCERTAINTY_ASSIGNED_CONTEXT((#8285))
GLOBAL_UNIT_ASSIGNED_CONTEXT((#8316,#8318,#8319))
REPRESENTATION_CONTEXT('','3D')
);
#8308=(
GEOMETRIC_REPRESENTATION_CONTEXT(3)
GLOBAL_UNCERTAINTY_ASSIGNED_CONTEXT((#8286))
GLOBAL_UNIT_ASSIGNED_CONTEXT((#8316,#8318,#8319))
REPRESENTATION_CONTEXT('','3D')
);
#8309=(
GEOMETRIC_REPRESENTATION_CONTEXT(3)
GLOBAL_UNCERTAINTY_ASSIGNED_CONTEXT((#8287))
GLOBAL_UNIT_ASSIGNED_CONTEXT((#8316,#8318,#8319))
REPRESENTATION_CONTEXT('','3D')
);
#8310=(
GEOMETRIC_REPRESENTATION_CONTEXT(3)
GLOBAL_UNCERTAINTY_ASSIGNED_CONTEXT((#8288))
GLOBAL_UNIT_ASSIGNED_CONTEXT((#8316,#8318,#8319))
REPRESENTATION_CONTEXT('','3D')
);
#8311=(
GEOMETRIC_REPRESENTATION_CONTEXT(3)
GLOBAL_UNCERTAINTY_ASSIGNED_CONTEXT((#8289))
GLOBAL_UNIT_ASSIGNED_CONTEXT((#8316,#8318,#8319))
REPRESENTATION_CONTEXT('','3D')
);
#8312=(
GEOMETRIC_REPRESENTATION_CONTEXT(3)
GLOBAL_UNCERTAINTY_ASSIGNED_CONTEXT((#8290))
GLOBAL_UNIT_ASSIGNED_CONTEXT((#8316,#8318,#8319))
REPRESENTATION_CONTEXT('','3D')
);
#8313=(
GEOMETRIC_REPRESENTATION_CONTEXT(3)
GLOBAL_UNCERTAINTY_ASSIGNED_CONTEXT((#8291))
GLOBAL_UNIT_ASSIGNED_CONTEXT((#8316,#8318,#8319))
REPRESENTATION_CONTEXT('','3D')
);
#8314=(
GEOMETRIC_REPRESENTATION_CONTEXT(3)
GLOBAL_UNCERTAINTY_ASSIGNED_CONTEXT((#8292))
GLOBAL_UNIT_ASSIGNED_CONTEXT((#8316,#8318,#8319))
REPRESENTATION_CONTEXT('','3D')
);
#8315=(
GEOMETRIC_REPRESENTATION_CONTEXT(3)
GLOBAL_UNCERTAINTY_ASSIGNED_CONTEXT((#8293))
GLOBAL_UNIT_ASSIGNED_CONTEXT((#8316,#8318,#8319))
REPRESENTATION_CONTEXT('','3D')
);
#8316=(
LENGTH_UNIT()
NAMED_UNIT(*)
SI_UNIT(.MILLI.,.METRE.)
);
#8317=(
LENGTH_UNIT()
NAMED_UNIT(*)
SI_UNIT(.CENTI.,.METRE.)
);
#8318=(
NAMED_UNIT(*)
PLANE_ANGLE_UNIT()
SI_UNIT($,.RADIAN.)
);
#8319=(
NAMED_UNIT(*)
SI_UNIT($,.STERADIAN.)
SOLID_ANGLE_UNIT()
);
#8320=SHAPE_DEFINITION_REPRESENTATION(#8341,#8384);
#8321=SHAPE_DEFINITION_REPRESENTATION(#8342,#8385);
#8322=SHAPE_DEFINITION_REPRESENTATION(#8343,#8386);
#8323=SHAPE_DEFINITION_REPRESENTATION(#8345,#8387);
#8324=SHAPE_DEFINITION_REPRESENTATION(#8346,#8388);
#8325=SHAPE_DEFINITION_REPRESENTATION(#8347,#8389);
#8326=SHAPE_DEFINITION_REPRESENTATION(#8348,#8390);
#8327=SHAPE_DEFINITION_REPRESENTATION(#8349,#8391);
#8328=SHAPE_DEFINITION_REPRESENTATION(#8350,#8392);
#8329=SHAPE_DEFINITION_REPRESENTATION(#8351,#8393);
#8330=SHAPE_DEFINITION_REPRESENTATION(#8352,#8394);
#8331=SHAPE_DEFINITION_REPRESENTATION(#8353,#8395);
#8332=SHAPE_DEFINITION_REPRESENTATION(#8354,#8396);
#8333=SHAPE_DEFINITION_REPRESENTATION(#8355,#8397);
#8334=SHAPE_DEFINITION_REPRESENTATION(#8356,#8398);
#8335=SHAPE_DEFINITION_REPRESENTATION(#8357,#8399);
#8336=SHAPE_DEFINITION_REPRESENTATION(#8358,#8400);
#8337=SHAPE_DEFINITION_REPRESENTATION(#8359,#8401);
#8338=SHAPE_DEFINITION_REPRESENTATION(#8360,#8402);
#8339=SHAPE_DEFINITION_REPRESENTATION(#8361,#8403);
#8340=SHAPE_DEFINITION_REPRESENTATION(#8373,#8404);
#8341=PRODUCT_DEFINITION_SHAPE('',$,#8406);
#8342=PRODUCT_DEFINITION_SHAPE('',$,#8407);
#8343=PRODUCT_DEFINITION_SHAPE('',$,#8408);
#8344=PRODUCT_DEFINITION_SHAPE($,$,#151);
#8345=PRODUCT_DEFINITION_SHAPE('',$,#8409);
#8346=PRODUCT_DEFINITION_SHAPE('',$,#8410);
#8347=PRODUCT_DEFINITION_SHAPE('',$,#8411);
#8348=PRODUCT_DEFINITION_SHAPE('',$,#8412);
#8349=PRODUCT_DEFINITION_SHAPE('',$,#8413);
#8350=PRODUCT_DEFINITION_SHAPE('',$,#8414);
#8351=PRODUCT_DEFINITION_SHAPE('',$,#8415);
#8352=PRODUCT_DEFINITION_SHAPE('',$,#8416);
#8353=PRODUCT_DEFINITION_SHAPE('',$,#8417);
#8354=PRODUCT_DEFINITION_SHAPE('',$,#8418);
#8355=PRODUCT_DEFINITION_SHAPE('',$,#8419);
#8356=PRODUCT_DEFINITION_SHAPE('',$,#8420);
#8357=PRODUCT_DEFINITION_SHAPE('',$,#8421);
#8358=PRODUCT_DEFINITION_SHAPE('',$,#8422);
#8359=PRODUCT_DEFINITION_SHAPE('',$,#8423);
#8360=PRODUCT_DEFINITION_SHAPE('',$,#8424);
#8361=PRODUCT_DEFINITION_SHAPE('',$,#8425);
#8362=PRODUCT_DEFINITION_SHAPE($,$,#152);
#8363=PRODUCT_DEFINITION_SHAPE($,$,#153);
#8364=PRODUCT_DEFINITION_SHAPE($,$,#154);
#8365=PRODUCT_DEFINITION_SHAPE($,$,#155);
#8366=PRODUCT_DEFINITION_SHAPE($,$,#156);
#8367=PRODUCT_DEFINITION_SHAPE($,$,#157);
#8368=PRODUCT_DEFINITION_SHAPE($,$,#158);
#8369=PRODUCT_DEFINITION_SHAPE($,$,#159);
#8370=PRODUCT_DEFINITION_SHAPE($,$,#160);
#8371=PRODUCT_DEFINITION_SHAPE($,$,#161);
#8372=PRODUCT_DEFINITION_SHAPE($,$,#162);
#8373=PRODUCT_DEFINITION_SHAPE('',$,#8426);
#8374=PRODUCT_DEFINITION_SHAPE($,$,#163);
#8375=PRODUCT_DEFINITION_SHAPE($,$,#164);
#8376=PRODUCT_DEFINITION_SHAPE($,$,#165);
#8377=PRODUCT_DEFINITION_SHAPE($,$,#166);
#8378=PRODUCT_DEFINITION_SHAPE($,$,#167);
#8379=PRODUCT_DEFINITION_SHAPE($,$,#168);
#8380=PRODUCT_DEFINITION_SHAPE($,$,#169);
#8381=PRODUCT_DEFINITION_SHAPE($,$,#170);
#8382=PRODUCT_DEFINITION_SHAPE($,$,#171);
#8383=PRODUCT_DEFINITION_SHAPE($,$,#172);
#8384=SHAPE_REPRESENTATION('',(#4469,#4922,#4923,#4924,#4925,#4926,#4927,
#4928,#4929,#4930,#4931),#8294);
#8385=SHAPE_REPRESENTATION('',(#4470,#4483),#8295);
#8386=SHAPE_REPRESENTATION('',(#4471),#8296);
#8387=SHAPE_REPRESENTATION('',(#4484),#8297);
#8388=SHAPE_REPRESENTATION('',(#4493),#8298);
#8389=SHAPE_REPRESENTATION('',(#4516),#8299);
#8390=SHAPE_REPRESENTATION('',(#4539),#8300);
#8391=SHAPE_REPRESENTATION('',(#4559),#8301);
#8392=SHAPE_REPRESENTATION('',(#4588,#4888,#4889,#4890,#4891,#4892,#4893,
#4894,#4895,#4896,#4897,#4898),#8302);
#8393=SHAPE_REPRESENTATION('',(#4589),#8303);
#8394=SHAPE_REPRESENTATION('',(#4598),#8304);
#8395=SHAPE_REPRESENTATION('',(#4643),#8305);
#8396=SHAPE_REPRESENTATION('',(#4688),#8306);
#8397=SHAPE_REPRESENTATION('',(#4694),#8307);
#8398=SHAPE_REPRESENTATION('',(#4703),#8308);
#8399=SHAPE_REPRESENTATION('',(#4734),#8309);
#8400=SHAPE_REPRESENTATION('',(#4740),#8310);
#8401=SHAPE_REPRESENTATION('',(#4785),#8311);
#8402=SHAPE_REPRESENTATION('',(#4814),#8312);
#8403=SHAPE_REPRESENTATION('',(#4859),#8313);
#8404=SHAPE_REPRESENTATION('',(#4899),#8314);
#8405=PRODUCT_DEFINITION_CONTEXT('part definition',#8470,'design');
#8406=PRODUCT_DEFINITION('ME-026003-V1',
'2026_09_11_@_12-46-19_AHU_AIR_INLET_from_window to filter plenum',#8427,
#8405);
#8407=PRODUCT_DEFINITION('2026-08-26-15-13-51-140','Origin machine',#8428,
#8405);
#8408=PRODUCT_DEFINITION('2026-08-29-13-34-24-545','Component3',#8429,#8405);
#8409=PRODUCT_DEFINITION('2026-09-07-12-59-30-009','tube 900 L 4200',#8430,
#8405);
#8410=PRODUCT_DEFINITION('2026-09-07-12-59-30-010',
'bocht 24.1 90\X\B0 R=1.5D900',#8431,#8405);
#8411=PRODUCT_DEFINITION('2026-09-07-15-32-24-597','boord VKR groot',#8432,
#8405);
#8412=PRODUCT_DEFINITION('2026-09-04-13-54-43-356',
'AIR_INLET 2026_09_07_@_15-31-18_vkr 2500x100_900_1500',#8433,#8405);
#8413=PRODUCT_DEFINITION('2026-09-06-14-03-41-992_1','slider 900',#8434,
#8405);
#8414=PRODUCT_DEFINITION('2026-09-13-13-37-27-129',
'PMA804C_AXIAL_FAN_with duct900 and sliders',#8435,#8405);
#8415=PRODUCT_DEFINITION('2026-09-13-13-37-27-129_1',
'01 PMA 804C casing - ID 810 _ t 2 _ E 560',#8436,#8405);
#8416=PRODUCT_DEFINITION('2026-09-13-13-37-27-129_2',
'02 Flange A - OD 884 _ 12x14 _ PCD 855',#8437,#8405);
#8417=PRODUCT_DEFINITION('2026-09-13-13-37-27-129_3',
'03 Flange B - OD 884 _ 12x14 _ PCD 855',#8438,#8405);
#8418=PRODUCT_DEFINITION('2026-09-13-13-37-27-129_4',
'04 Simplified fan hub - OD 191',#8439,#8405);
#8419=PRODUCT_DEFINITION('2026-09-13-13-37-27-129_5',
'05 Impeller - 790 mm _ 4 blades _ 34 deg - simplified',#8440,#8405);
#8420=PRODUCT_DEFINITION('2026-09-13-13-37-27-129_6',
'06 Motor support frame - simplified coordination geometry',#8441,#8405);
#8421=PRODUCT_DEFINITION('2026-09-13-13-37-27-129_7',
'07 Motor axis reference - replace with imported motor STEP',#8442,#8405);
#8422=PRODUCT_DEFINITION('2026-09-13-13-39-09-696','Component9',#8443,#8405);
#8423=PRODUCT_DEFINITION('2026-09-13-13-39-44-125','slider 900_1',#8444,
#8405);
#8424=PRODUCT_DEFINITION('2026-09-13-13-39-09-696_1',
'Component9(Mirror)',#8445,#8405);
#8425=PRODUCT_DEFINITION('2026-09-13-13-39-44-125_1',
'slider 900(Mirror)',#8446,#8405);
#8426=PRODUCT_DEFINITION('2026-09-04-14-02-01-047',
'Bocht segment ID900 R=1.5D +recht 50',#8447,#8405);
#8427=PRODUCT_DEFINITION_FORMATION('',$,#8472);
#8428=PRODUCT_DEFINITION_FORMATION('',$,#8473);
#8429=PRODUCT_DEFINITION_FORMATION('',$,#8474);
#8430=PRODUCT_DEFINITION_FORMATION('',$,#8475);
#8431=PRODUCT_DEFINITION_FORMATION('',$,#8476);
#8432=PRODUCT_DEFINITION_FORMATION('',$,#8477);
#8433=PRODUCT_DEFINITION_FORMATION('',$,#8478);
#8434=PRODUCT_DEFINITION_FORMATION('',$,#8479);
#8435=PRODUCT_DEFINITION_FORMATION('',$,#8480);
#8436=PRODUCT_DEFINITION_FORMATION('',$,#8481);
#8437=PRODUCT_DEFINITION_FORMATION('',$,#8482);
#8438=PRODUCT_DEFINITION_FORMATION('',$,#8483);
#8439=PRODUCT_DEFINITION_FORMATION('',$,#8484);
#8440=PRODUCT_DEFINITION_FORMATION('',$,#8485);
#8441=PRODUCT_DEFINITION_FORMATION('',$,#8486);
#8442=PRODUCT_DEFINITION_FORMATION('',$,#8487);
#8443=PRODUCT_DEFINITION_FORMATION('',$,#8488);
#8444=PRODUCT_DEFINITION_FORMATION('',$,#8489);
#8445=PRODUCT_DEFINITION_FORMATION('',$,#8490);
#8446=PRODUCT_DEFINITION_FORMATION('',$,#8491);
#8447=PRODUCT_DEFINITION_FORMATION('',$,#8492);
#8448=PRODUCT_RELATED_PRODUCT_CATEGORY(
'2026_09_11_@_12-46-19_AHU_AIR_INLET_from_window to filter plenum',
'2026_09_11_@_12-46-19_AHU_AIR_INLET_from_window to filter plenum',(#8472));
#8449=PRODUCT_RELATED_PRODUCT_CATEGORY('Origin machine',
'Origin machine',(#8473));
#8450=PRODUCT_RELATED_PRODUCT_CATEGORY('Component3','Component3',(#8474));
#8451=PRODUCT_RELATED_PRODUCT_CATEGORY('tube 900 L 4200',
'tube 900 L 4200',(#8475));
#8452=PRODUCT_RELATED_PRODUCT_CATEGORY('bocht 24.1 90\X\B0 R=1.5D900',
'bocht 24.1 90\X\B0 R=1.5D900',(#8476));
#8453=PRODUCT_RELATED_PRODUCT_CATEGORY('boord VKR groot',
'boord VKR groot',(#8477));
#8454=PRODUCT_RELATED_PRODUCT_CATEGORY(
'AIR_INLET 2026_09_07_@_15-31-18_vkr 2500x100_900_1500',
'AIR_INLET 2026_09_07_@_15-31-18_vkr 2500x100_900_1500',(#8478));
#8455=PRODUCT_RELATED_PRODUCT_CATEGORY('slider 900','slider 900',(#8479));
#8456=PRODUCT_RELATED_PRODUCT_CATEGORY(
'PMA804C_AXIAL_FAN_with duct900 and sliders',
'PMA804C_AXIAL_FAN_with duct900 and sliders',(#8480));
#8457=PRODUCT_RELATED_PRODUCT_CATEGORY(
'01 PMA 804C casing - ID 810 _ t 2 _ E 560',
'01 PMA 804C casing - ID 810 _ t 2 _ E 560',(#8481));
#8458=PRODUCT_RELATED_PRODUCT_CATEGORY(
'02 Flange A - OD 884 _ 12x14 _ PCD 855',
'02 Flange A - OD 884 _ 12x14 _ PCD 855',(#8482));
#8459=PRODUCT_RELATED_PRODUCT_CATEGORY(
'03 Flange B - OD 884 _ 12x14 _ PCD 855',
'03 Flange B - OD 884 _ 12x14 _ PCD 855',(#8483));
#8460=PRODUCT_RELATED_PRODUCT_CATEGORY('04 Simplified fan hub - OD 191',
'04 Simplified fan hub - OD 191',(#8484));
#8461=PRODUCT_RELATED_PRODUCT_CATEGORY(
'05 Impeller - 790 mm _ 4 blades _ 34 deg - simplified',
'05 Impeller - 790 mm _ 4 blades _ 34 deg - simplified',(#8485));
#8462=PRODUCT_RELATED_PRODUCT_CATEGORY(
'06 Motor support frame - simplified coordination geometry',
'06 Motor support frame - simplified coordination geometry',(#8486));
#8463=PRODUCT_RELATED_PRODUCT_CATEGORY(
'07 Motor axis reference - replace with imported motor STEP',
'07 Motor axis reference - replace with imported motor STEP',(#8487));
#8464=PRODUCT_RELATED_PRODUCT_CATEGORY('Component9','Component9',(#8488));
#8465=PRODUCT_RELATED_PRODUCT_CATEGORY('slider 900_1','slider 900_1',(#8489));
#8466=PRODUCT_RELATED_PRODUCT_CATEGORY('Component9(Mirror)',
'Component9(Mirror)',(#8490));
#8467=PRODUCT_RELATED_PRODUCT_CATEGORY('slider 900(Mirror)',
'slider 900(Mirror)',(#8491));
#8468=PRODUCT_RELATED_PRODUCT_CATEGORY(
'Bocht segment ID900 R=1.5D +recht 50',
'Bocht segment ID900 R=1.5D +recht 50',(#8492));
#8469=APPLICATION_PROTOCOL_DEFINITION('international standard',
'automotive_design',2009,#8470);
#8470=APPLICATION_CONTEXT(
'Core Data for Automotive Mechanical Design Process');
#8471=PRODUCT_CONTEXT('part definition',#8470,'mechanical');
#8472=PRODUCT('ME-026003-V1',
'2026_09_11_@_12-46-19_AHU_AIR_INLET_from_window to filter plenum',$,(#8471));
#8473=PRODUCT('2026-08-26-15-13-51-140','Origin machine',$,(#8471));
#8474=PRODUCT('2026-08-29-13-34-24-545','Component3',$,(#8471));
#8475=PRODUCT('2026-09-07-12-59-30-009','tube 900 L 4200',$,(#8471));
#8476=PRODUCT('2026-09-07-12-59-30-010','bocht 24.1 90\X\B0 R=1.5D900',
$,(#8471));
#8477=PRODUCT('2026-09-07-15-32-24-597','boord VKR groot',$,(#8471));
#8478=PRODUCT('2026-09-04-13-54-43-356',
'AIR_INLET 2026_09_07_@_15-31-18_vkr 2500x100_900_1500',$,(#8471));
#8479=PRODUCT('2026-09-06-14-03-41-992_1','slider 900',$,(#8471));
#8480=PRODUCT('2026-09-13-13-37-27-129',
'PMA804C_AXIAL_FAN_with duct900 and sliders','FreeCAD Model',(#8471));
#8481=PRODUCT('2026-09-13-13-37-27-129_1',
'01 PMA 804C casing - ID 810 _ t 2 _ E 560','FreeCAD Model',(#8471));
#8482=PRODUCT('2026-09-13-13-37-27-129_2',
'02 Flange A - OD 884 _ 12x14 _ PCD 855','FreeCAD Model',(#8471));
#8483=PRODUCT('2026-09-13-13-37-27-129_3',
'03 Flange B - OD 884 _ 12x14 _ PCD 855','FreeCAD Model',(#8471));
#8484=PRODUCT('2026-09-13-13-37-27-129_4',
'04 Simplified fan hub - OD 191','FreeCAD Model',(#8471));
#8485=PRODUCT('2026-09-13-13-37-27-129_5',
'05 Impeller - 790 mm _ 4 blades _ 34 deg - simplified','FreeCAD Model',
(#8471));
#8486=PRODUCT('2026-09-13-13-37-27-129_6',
'06 Motor support frame - simplified coordination geometry',
'FreeCAD Model',(#8471));
#8487=PRODUCT('2026-09-13-13-37-27-129_7',
'07 Motor axis reference - replace with imported motor STEP',
'FreeCAD Model',(#8471));
#8488=PRODUCT('2026-09-13-13-39-09-696','Component9',$,(#8471));
#8489=PRODUCT('2026-09-13-13-39-44-125','slider 900_1',$,(#8471));
#8490=PRODUCT('2026-09-13-13-39-09-696_1','Component9(Mirror)',$,(#8471));
#8491=PRODUCT('2026-09-13-13-39-44-125_1','slider 900(Mirror)',$,(#8471));
#8492=PRODUCT('2026-09-04-14-02-01-047',
'Bocht segment ID900 R=1.5D +recht 50',$,(#8471));
ENDSEC;
END-ISO-10303-21;
